project_external_id,area_external_id,unit_external_id,source_system,source_instance_id,unit_code,subdivision,subdivision_raw,tower,floor,unit_number,unit_type_raw,gross_area_sqm,net_area_sqm,standard_price_vnd,loan_price_vnd,agency_name,unit_type_normalized,bedrooms,bathrooms,price_per_sqm_gross_vnd,price_per_sqm_net_vnd,area_efficiency_ratio,loan_premium_pct,floor_band,direction,balcony_direction,view,corner_unit_proxy,source_revision,mirrored_revision,mirrored_at,data_profile,agency_name_origin,stacking_price_million_vnd,project_name,project_status,project_launch_date,area_name,area_unit_type,area_bedrooms,area_sqm,area_total_units,area_status,last_sync_batch_id,deal_source_revision,deal_created_at,deal_updated_at,physical_features_origin,crm_signals_origin,price_per_sqm_gross_vnd_source,price_per_sqm_net_vnd_source,area_efficiency_ratio_source,loan_premium_pct_source
P-0001,A-0002,U-0001,mini_crm,mini-crm-dev,A1.06.05,Lusso Saigon,LUSSO,A1,6,5,2 PN,62.32,56.18,3057395419,3357020170,VNL,2PN,2,2,49059618.405006416,54421420.77251691,0.9014762516046213,9.799999997972131,low,Đông,Nam,Hồ bơi,False,1,1,2025-05-31 00:00:00+00:00,demo,synthetic,3057,La Pura,active,2025-06-08 00:00:00+00:00,Lusso Saigon,2 PN,2,56.56,25,active,seed-batch-units-001,1,2025-07-26 02:00:00+00:00,2025-09-05 10:00:00+00:00,synthetic_v1_tower_stack_floor_band,synthetic_v1_causal_funnel,53867461,59754720,0.9015,9.8
P-0001,A-0003,U-0002,mini_crm,mini-crm-dev,A1.06.15,Lusso Saigon,LUSSO,A1,6,15,3 PN,82.85,73.64,4894562022,5374229100,VNL,3PN,3,2,59077393.14423658,66466078.517110266,0.8888352444176223,9.799999996812788,low,Nam,Tây,Nội khu,True,1,1,2025-05-31 00:00:00+00:00,demo,synthetic,4895,La Pura,active,2025-06-08 00:00:00+00:00,Lusso Saigon,3 PN,3,74.82,19,active,seed-batch-units-001,0,1970-01-01 00:00:00+00:00,1970-01-01 00:00:00+00:00,synthetic_v1_tower_stack_floor_band,synthetic_v1_causal_funnel,64866978,72979754,0.8888,9.8
P-0001,A-0002,U-0003,mini_crm,mini-crm-dev,A1.07.03,Lusso Saigon,LUSSO,A1,7,3,2 PN,62.86,56.09,2996732576,3290412368,VNL,2PN,2,2,47673124.02163538,53427216.54483865,0.8923003499840917,9.799999985050384,low,Đông Nam,Tây Nam,Cảnh quan nội khu,False,1,1,2025-05-31 00:00:00+00:00,demo,synthetic,2997,La Pura,active,2025-06-08 00:00:00+00:00,Lusso Saigon,2 PN,2,56.56,25,active,seed-batch-units-001,0,1970-01-01 00:00:00+00:00,1970-01-01 00:00:00+00:00,synthetic_v1_tower_stack_floor_band,synthetic_v1_causal_funnel,52345090,58663084,0.8923,9.8
P-0001,A-0002,U-0004,mini_crm,mini-crm-dev,A1.07.14,Lusso Saigon,LUSSO,A1,7,14,2 PN,62.86,56.09,2893179773,3176711391,VNL,2PN,2,2,46025767.94463888,51581026.43965056,0.8923003499840917,9.800000008502757,low,Bắc,Đông,Cảnh quan nội khu,False,1,1,2025-05-31 00:00:00+00:00,demo,synthetic,2893,La Pura,active,2025-06-08 00:00:00+00:00,Lusso Saigon,2 PN,2,56.56,25,active,seed-batch-units-001,0,1970-01-01 00:00:00+00:00,1970-01-01 00:00:00+00:00,synthetic_v1_tower_stack_floor_band,synthetic_v1_causal_funnel,50536293,56635967,0.8923,9.8
P-0001,A-0002,U-0005,mini_crm,mini-crm-dev,A1.09.03,Lusso Saigon,LUSSO,A1,9,3,2 PN,62.86,56.09,2978973270,3270912651,Cas,2PN,2,2,47390602.44988864,53110594.93670886,0.8923003499840917,9.80000001812705,low,Đông Nam,Tây Nam,Cảnh quan nội khu,False,1,1,2025-05-31 00:00:00+00:00,demo,observed,2979,La Pura,active,2025-06-08 00:00:00+00:00,Lusso Saigon,2 PN,2,56.56,25,active,seed-batch-units-001,1,2025-08-05 02:00:00+00:00,2025-08-18 10:00:00+00:00,synthetic_v1_tower_stack_floor_band,synthetic_v1_causal_funnel,52034881,58315433,0.8923,9.8
P-0001,A-0002,U-0006,mini_crm,mini-crm-dev,A1.11.05,Lusso Saigon,LUSSO,A1,11,5,2 PN,62.19,56.37,3007239668,3301949156,VNL,2PN,2,2,48355678.855121404,53348228.987049855,0.9064158224794983,9.800000017823654,low,Đông,Nam,Hồ bơi,False,1,1,2025-05-31 00:00:00+00:00,demo,synthetic,3007,La Pura,active,2025-06-08 00:00:00+00:00,Lusso Saigon,2 PN,2,56.56,25,active,seed-batch-units-001,1,2025-08-01 02:00:00+00:00,2025-08-28 10:00:00+00:00,synthetic_v1_tower_stack_floor_band,synthetic_v1_causal_funnel,53094535,58576355,0.9064,9.8
P-0001,A-0003,U-0007,mini_crm,mini-crm-dev,A1.13.02,Lusso Saigon,LUSSO,A1,13,2,3 PN,76.31,67.51,4611556229,5063488739,VNL,3PN,3,2,60431873.004848644,68309231.65456969,0.8846809068274145,9.799999990415383,mid,Nam,Tây,Thành phố,True,1,1,2025-05-31 00:00:00+00:00,demo,synthetic,4612,La Pura,active,2025-06-08 00:00:00+00:00,Lusso Saigon,3 PN,3,74.82,19,active,seed-batch-units-001,1,2025-07-13 02:00:00+00:00,2025-07-27 10:00:00+00:00,synthetic_v1_tower_stack_floor_band,synthetic_v1_causal_funnel,66354197,75003536,0.8847,9.8
P-0001,A-0002,U-0008,mini_crm,mini-crm-dev,A1.13.05,Lusso Saigon,LUSSO,A1,13,5,2 PN,62.19,56.37,2989669652,3282657278,VNL,2PN,2,2,48073157.29216916,53036538.08763527,0.9064158224794983,9.800000003478646,mid,Đông,Nam,Toàn cảnh,False,1,1,2025-05-31 00:00:00+00:00,demo,synthetic,2990,La Pura,active,2025-06-08 00:00:00+00:00,Lusso Saigon,2 PN,2,56.56,25,active,seed-batch-units-001,0,1970-01-01 00:00:00+00:00,1970-01-01 00:00:00+00:00,synthetic_v1_tower_stack_floor_band,synthetic_v1_causal_funnel,52784327,58234119,0.9064,9.8
P-0001,A-0002,U-0009,mini_crm,mini-crm-dev,A1.13.06,Lusso Saigon,LUSSO,A1,13,6,2 PN,62.05,56.5,2983098092,3275441705,VNL,2PN,2,2,48075714.61724416,52798196.31858407,0.9105560032232072,9.799999999463644,mid,Tây,Bắc,Sông,False,1,1,2025-05-31 00:00:00+00:00,demo,synthetic,2983,La Pura,active,2025-06-08 00:00:00+00:00,Lusso Saigon,2 PN,2,56.56,25,active,seed-batch-units-001,0,1970-01-01 00:00:00+00:00,1970-01-01 00:00:00+00:00,synthetic_v1_tower_stack_floor_band,synthetic_v1_causal_funnel,52787135,57972420,0.9106,9.8
P-0001,A-0002,U-0010,mini_crm,mini-crm-dev,A1.13.13,Lusso Saigon,LUSSO,A1,13,13,2 PN,63.15,55.79,2878685974,3160797200,VNL,2PN,2,2,45584892.699920826,51598601.43394874,0.883452098178939,9.800000019036464,mid,Tây,Bắc,Cảnh quan nội khu,False,1,1,2025-05-31 00:00:00+00:00,demo,synthetic,2879,La Pura,active,2025-06-08 00:00:00+00:00,Lusso Saigon,2 PN,2,56.56,25,active,seed-batch-units-001,1,2025-07-27 02:00:00+00:00,2025-08-18 10:00:00+00:00,synthetic_v1_tower_stack_floor_band,synthetic_v1_causal_funnel,50052212,56655264,0.8835,9.8
P-0001,A-0003,U-0011,mini_crm,mini-crm-dev,A1.13.15,Lusso Saigon,LUSSO,A1,13,15,3 PN,82.93,74.31,4989688737,5478678233,VNL,3PN,3,2,60167475.42505727,67146934.96164715,0.896056915470879,9.79999999547066,mid,Nam,Tây,Nội khu,True,1,1,2025-05-31 00:00:00+00:00,demo,synthetic,4990,La Pura,active,2025-06-08 00:00:00+00:00,Lusso Saigon,3 PN,3,74.82,19,active,seed-batch-units-001,1,2025-07-24 02:00:00+00:00,2025-09-08 10:00:00+00:00,synthetic_v1_tower_stack_floor_band,synthetic_v1_causal_funnel,66063888,73727335,0.8961,9.8
P-0001,A-0003,U-0012,mini_crm,mini-crm-dev,A1.17.02,Lusso Saigon,LUSSO,A1,17,2,3 PN,76.31,67.51,4659218373,5115821774,VNL,3PN,3,2,61056458.825841956,69015232.8988298,0.8846809068274145,9.800000009572422,mid,Nam,Tây,Thành phố,True,1,1,2025-05-31 00:00:00+00:00,demo,synthetic,4659,La Pura,active,2025-06-08 00:00:00+00:00,Lusso Saigon,3 PN,3,74.82,19,active,seed-batch-units-001,1,2025-08-04 02:00:00+00:00,2025-09-29 10:00:00+00:00,synthetic_v1_tower_stack_floor_band,synthetic_v1_causal_funnel,67039992,75778726,0.8847,9.8
P-0001,A-0005,U-0013,mini_crm,mini-crm-dev,A1.19.05,Lusso Saigon,LUSSO,A1,19,5,Căn hộ Loft,62.19,56.37,3535793361,3882301110,VNL,Loft,2,2,56854693.05354559,62724735.8701437,0.9064158224794983,9.79999998930933,mid,Đông,Nam,Toàn cảnh,False,1,1,2025-05-31 00:00:00+00:00,demo,synthetic,3536,La Pura,active,2025-06-08 00:00:00+00:00,Lusso Saigon,Căn hộ Loft,2,60.1,4,active,seed-batch-units-001,0,1970-01-01 00:00:00+00:00,1970-01-01 00:00:00+00:00,synthetic_v1_tower_stack_floor_band,synthetic_v1_causal_funnel,62426453,68871760,0.9064,9.8
P-0001,A-0005,U-0014,mini_crm,mini-crm-dev,A1.19.10,Lusso Saigon,LUSSO,A1,19,10,Căn hộ Loft,67.79,60.15,4166553799,4574876072,VNL,Loft,2,2,61462661.144711606,69269389.84206152,0.8872990116536361,9.800000016752454,mid,Đông,Nam,Thành phố,False,1,1,2025-05-31 00:00:00+00:00,demo,synthetic,4167,La Pura,active,2025-06-08 00:00:00+00:00,Lusso Saigon,Căn hộ Loft,2,60.1,4,active,seed-batch-units-001,0,1970-01-01 00:00:00+00:00,1970-01-01 00:00:00+00:00,synthetic_v1_tower_stack_floor_band,synthetic_v1_causal_funnel,67486002,76057790,0.8873,9.8
P-0001,A-0002,U-0015,mini_crm,mini-crm-dev,A1.22.05,Lusso Saigon,LUSSO,A1,22,5,2 PN,61.98,56.56,2901014223,3185313616,Cas,2PN,2,2,46805650.580832526,51290916.24823196,0.9125524362697646,9.79999997056202,mid,Đông,Nam,Toàn cảnh,False,1,1,2025-05-31 00:00:00+00:00,demo,observed,2901,La Pura,active,2025-06-08 00:00:00+00:00,Lusso Saigon,2 PN,2,56.56,25,active,seed-batch-units-001,0,1970-01-01 00:00:00+00:00,1970-01-01 00:00:00+00:00,synthetic_v1_tower_stack_floor_band,synthetic_v1_causal_funnel,51392604,56317426,0.9126,9.8
P-0001,A-0003,U-0016,mini_crm,mini-crm-dev,A1.23.02,Lusso Saigon,LUSSO,A1,23,2,3 PN,76.39,68.12,4735406084,5199475880,VNL,3PN,3,2,61989868.8833617,69515650.08807985,0.8917397565126326,9.799999995100737,mid,Nam,Tây,Thành phố,True,1,1,2025-05-31 00:00:00+00:00,demo,synthetic,4735,La Pura,active,2025-06-08 00:00:00+00:00,Lusso Saigon,3 PN,3,74.82,19,active,seed-batch-units-001,1,2025-07-16 02:00:00+00:00,2025-08-02 10:00:00+00:00,synthetic_v1_tower_stack_floor_band,synthetic_v1_causal_funnel,68064876,76328184,0.8917,9.8
P-0001,A-0003,U-0017,mini_crm,mini-crm-dev,A1.25.15,Lusso Saigon,LUSSO,A1,25,15,3 PN,83.01,74.82,5149798922,5654479216,VNL,3PN,3,2,62038295.65112637,68829175.6482224,0.9013371882905673,9.79999999308711,mid,Nam,Tây,Nội khu,True,1,1,2025-05-31 00:00:00+00:00,demo,synthetic,5150,La Pura,active,2025-06-08 00:00:00+00:00,Lusso Saigon,3 PN,3,74.82,19,active,seed-batch-units-001,0,1970-01-01 00:00:00+00:00,1970-01-01 00:00:00+00:00,synthetic_v1_tower_stack_floor_band,synthetic_v1_causal_funnel,68118049,75574435,0.9013,9.8
P-0001,A-0003,U-0018,mini_crm,mini-crm-dev,A1.28.15,Lusso Saigon,LUSSO,A1,28,15,3 PN,83.01,74.82,5188684074,5697175113,VNL,3PN,3,2,62506735.01987712,69348891.65998396,0.9013371882905673,9.799999995143278,high,Nam,Tây,Thành phố,True,1,1,2025-05-31 00:00:00+00:00,demo,synthetic,5189,La Pura,active,2025-06-08 00:00:00+00:00,Lusso Saigon,3 PN,3,74.82,19,active,seed-batch-units-001,1,2025-07-12 02:00:00+00:00,2025-07-17 10:00:00+00:00,synthetic_v1_tower_stack_floor_band,synthetic_v1_causal_funnel,68632395,76145083,0.9013,9.8
P-0001,A-0002,U-0019,mini_crm,mini-crm-dev,A1.29.05,Lusso Saigon,LUSSO,A1,29,5,2 PN,61.98,56.56,2839726820,3118020048,AKH,2PN,2,2,45816825.10487254,50207334.15841584,0.9125524362697646,9.799999987322725,high,Đông,Nam,Toàn cảnh,False,1,1,2025-05-31 00:00:00+00:00,demo,observed,2840,La Pura,active,2025-06-08 00:00:00+00:00,Lusso Saigon,2 PN,2,56.56,25,active,seed-batch-units-001,0,1970-01-01 00:00:00+00:00,1970-01-01 00:00:00+00:00,synthetic_v1_tower_stack_floor_band,synthetic_v1_causal_funnel,50306874,55127653,0.9126,9.8
P-0001,A-0002,U-0020,mini_crm,mini-crm-dev,A1.32.14,Lusso Saigon,LUSSO,A1,32,14,2 PN,62.86,57.1,2671188454,2932964922,VSH,2PN,2,2,42494248.393254854,46780883.60770578,0.9083678014635699,9.799999981581232,high,Bắc,Đông,Hồ bơi,False,1,1,2025-05-31 00:00:00+00:00,demo,observed,2671,La Pura,active,2025-06-08 00:00:00+00:00,Lusso Saigon,2 PN,2,56.56,25,active,seed-batch-units-001,1,2025-07-17 02:00:00+00:00,2025-07-28 10:00:00+00:00,synthetic_v1_tower_stack_floor_band,synthetic_v1_causal_funnel,46658685,51365410,0.9084,9.8
P-0001,A-0003,U-0021,mini_crm,mini-crm-dev,A1.34.02,Lusso Saigon,LUSSO,A1,34,2,3 PN,76.39,68.56,4866614389,5343542600,VNL,3PN,3,2,63707479.8926561,70983290.38798133,0.897499672732033,9.80000001804129,high,Nam,Tây,Thành phố,True,1,1,2025-05-31 00:00:00+00:00,demo,synthetic,4867,La Pura,active,2025-06-08 00:00:00+00:00,Lusso Saigon,3 PN,3,74.82,19,active,seed-batch-units-001,1,2025-07-26 02:00:00+00:00,2025-08-22 10:00:00+00:00,synthetic_v1_tower_stack_floor_band,synthetic_v1_causal_funnel,69950813,77939653,0.8975,9.8
P-0001,A-0003,U-0022,mini_crm,mini-crm-dev,A1.35.15,Lusso Saigon,LUSSO,A1,35,15,3 PN,83.01,75.24,5279416095,5796798872,VNL,3PN,3,2,63599760.20961329,70167678.03030303,0.9063968196602817,9.79999999412814,high,Nam,Tây,Thành phố,True,1,1,2025-05-31 00:00:00+00:00,demo,synthetic,5279,La Pura,active,2025-06-08 00:00:00+00:00,Lusso Saigon,3 PN,3,74.82,19,active,seed-batch-units-001,0,1970-01-01 00:00:00+00:00,1970-01-01 00:00:00+00:00,synthetic_v1_tower_stack_floor_band,synthetic_v1_causal_funnel,69832537,77044110,0.9064,9.8
P-0001,A-0002,U-0023,mini_crm,mini-crm-dev,A1.37.05,Lusso Saigon,LUSSO,A1,37,5,2 PN,61.92,56.8,2767071106,3038244074,HBL,2PN,2,2,44687840.85917313,48716040.59859155,0.9173126614987079,9.799999985977953,high,Đông,Nam,Toàn cảnh,False,1,1,2025-05-31 00:00:00+00:00,demo,observed,2767,La Pura,active,2025-06-08 00:00:00+00:00,Lusso Saigon,2 PN,2,56.56,25,active,seed-batch-units-001,0,1970-01-01 00:00:00+00:00,1970-01-01 00:00:00+00:00,synthetic_v1_tower_stack_floor_band,synthetic_v1_causal_funnel,49067249,53490213,0.9173,9.8
P-0001,A-0003,U-0024,mini_crm,mini-crm-dev,A2.05.02,Lusso Saigon,LUSSO,A2,5,2,3 PN,82.85,73.64,4889514574,5368687002,AKH,3PN,3,2,59016470.416415215,66397536.31178707,0.8888352444176223,9.799999994846115,low,Nam,Tây,Hồ bơi,True,1,1,2025-05-31 00:00:00+00:00,demo,synthetic,4890,La Pura,active,2025-06-08 00:00:00+00:00,Lusso Saigon,3 PN,3,74.82,19,active,seed-batch-units-001,0,1970-01-01 00:00:00+00:00,1970-01-01 00:00:00+00:00,synthetic_v1_tower_stack_floor_band,synthetic_v1_causal_funnel,64800085,72904495,0.8888,9.8
P-0001,A-0001,U-0025,mini_crm,mini-crm-dev,A2.05.11,Lusso Saigon,LUSSO,A2,5,11,1 PN+,56.85,51.66,2982907435,3275232364,AKH,1PN+,1,1,52469787.774846084,57741142.76035618,0.908707124010554,9.800000012404006,low,Đông Bắc,Đông Nam,Cảnh quan nội khu,False,1,1,2025-05-31 00:00:00+00:00,demo,synthetic,2983,La Pura,active,2025-06-08 00:00:00+00:00,Lusso Saigon,1 PN+,1,51.66,7,active,seed-batch-units-001,0,1970-01-01 00:00:00+00:00,1970-01-01 00:00:00+00:00,synthetic_v1_tower_stack_floor_band,synthetic_v1_causal_funnel,57611827,63399775,0.9087,9.8
P-0001,A-0002,U-0026,mini_crm,mini-crm-dev,A2.05.12,Lusso Saigon,LUSSO,A2,5,12,2 PN,66.45,59.61,3419980863,3755138988,AKH,2PN,2,2,51466980.63205417,57372602.96930046,0.8970654627539503,9.80000001245621,low,Nam,Tây,Nội khu,False,1,1,2025-05-31 00:00:00+00:00,demo,synthetic,3420,La Pura,active,2025-06-08 00:00:00+00:00,Lusso Saigon,2 PN,2,56.56,25,active,seed-batch-units-001,1,2025-07-26 02:00:00+00:00,2025-08-01 10:00:00+00:00,synthetic_v1_tower_stack_floor_band,synthetic_v1_causal_funnel,56510745,62995118,0.8971,9.8
P-0001,A-0002,U-0027,mini_crm,mini-crm-dev,A2.05.13,Lusso Saigon,LUSSO,A2,5,13,2 PN,66.45,59.61,3365247458,3695041709,AKH,2PN,2,2,50643302.60346124,56454411.30682772,0.8970654627539503,9.800000003446998,low,Bắc,Đông,Nội khu,False,1,1,2025-05-31 00:00:00+00:00,demo,synthetic,3365,La Pura,active,2025-06-08 00:00:00+00:00,Lusso Saigon,2 PN,2,56.56,25,active,seed-batch-units-001,1,2025-07-24 02:00:00+00:00,2025-09-02 10:00:00+00:00,synthetic_v1_tower_stack_floor_band,synthetic_v1_causal_funnel,55606346,61986944,0.8971,9.8
P-0001,A-0002,U-0028,mini_crm,mini-crm-dev,A2.05.14,Lusso Saigon,LUSSO,A2,5,14,2 PN,67.04,59.77,3394501146,3727162258,AKH,2PN,2,2,50633966.97494033,56792724.54408566,0.8915572792362768,9.799999990926501,low,Tây Nam,Tây Bắc,Hồ bơi,False,1,1,2025-05-31 00:00:00+00:00,demo,synthetic,3395,La Pura,active,2025-06-08 00:00:00+00:00,Lusso Saigon,2 PN,2,56.56,25,active,seed-batch-units-001,0,1970-01-01 00:00:00+00:00,1970-01-01 00:00:00+00:00,synthetic_v1_tower_stack_floor_band,synthetic_v1_causal_funnel,55596096,62358412,0.8916,9.8
P-0001,A-0001,U-0029,mini_crm,mini-crm-dev,A2.06.11,Lusso Saigon,LUSSO,A2,6,11,1 PN+,56.85,51.66,2990938111,3284050045,AKH,1PN+,1,1,52611048.566402815,57896595.25745258,0.908707124010554,9.799999970644661,low,Đông Bắc,Đông Nam,Cảnh quan nội khu,False,1,1,2025-05-31 00:00:00+00:00,demo,synthetic,2991,La Pura,active,2025-06-08 00:00:00+00:00,Lusso Saigon,1 PN+,1,51.66,7,active,seed-batch-units-001,1,2025-07-21 02:00:00+00:00,2025-07-24 10:00:00+00:00,synthetic_v1_tower_stack_floor_band,synthetic_v1_causal_funnel,57766931,63570462,0.9087,9.8
P-0001,A-0002,U-0030,mini_crm,mini-crm-dev,A2.06.13,Lusso Saigon,LUSSO,A2,6,13,2 PN,66.45,59.61,3374634237,3705348392,AKH,2PN,2,2,50784563.386004515,56611881.17765476,0.8970654627539503,9.799999993302979,low,Bắc,Đông,Nội khu,False,1,1,2025-05-31 00:00:00+00:00,demo,synthetic,3375,La Pura,active,2025-06-08 00:00:00+00:00,Lusso Saigon,2 PN,2,56.56,25,active,seed-batch-units-001,1,2025-07-31 02:00:00+00:00,2025-08-11 10:00:00+00:00,synthetic_v1_tower_stack_floor_band,synthetic_v1_causal_funnel,55761451,62159846,0.8971,9.8
P-0001,A-0001,U-0031,mini_crm,mini-crm-dev,A2.07.11,Lusso Saigon,LUSSO,A2,7,11,1 PN+,56.85,51.66,2998968786,3292867727,AKH,1PN+,1,1,52752309.34036939,58052047.73519164,0.908707124010554,9.799999999066346,low,Đông Bắc,Đông Nam,Cảnh quan nội khu,False,1,1,2025-05-31 00:00:00+00:00,demo,synthetic,2999,La Pura,active,2025-06-08 00:00:00+00:00,Lusso Saigon,1 PN+,1,51.66,7,active,seed-batch-units-001,1,2025-07-30 02:00:00+00:00,2025-09-13 10:00:00+00:00,synthetic_v1_tower_stack_floor_band,synthetic_v1_causal_funnel,57922036,63741148,0.9087,9.8
P-0001,A-0002,U-0032,mini_crm,mini-crm-dev,A2.07.13,Lusso Saigon,LUSSO,A2,7,13,2 PN,66.45,59.61,3384021016,3715655075,AKH,2PN,2,2,50925824.16854778,56769351.0484818,0.8970654627539503,9.799999983215233,low,Bắc,Đông,Nội khu,False,1,1,2025-05-31 00:00:00+00:00,demo,synthetic,3384,La Pura,active,2025-06-08 00:00:00+00:00,Lusso Saigon,2 PN,2,56.56,25,active,seed-batch-units-001,1,2025-08-13 02:00:00+00:00,2025-09-22 10:00:00+00:00,synthetic_v1_tower_stack_floor_band,synthetic_v1_causal_funnel,55916555,62332747,0.8971,9.8
P-0001,A-0003,U-0033,mini_crm,mini-crm-dev,A2.07.15,Lusso Saigon,LUSSO,A2,7,15,3 PN,88.96,79.59,5502234542,6041453527,AKH,3PN,3,2,61850658.07104317,69132234.47669305,0.8946717625899282,9.799999997891765,low,Bắc,Đông,Cảnh quan nội khu,True,1,1,2025-05-31 00:00:00+00:00,demo,synthetic,5502,La Pura,active,2025-06-08 00:00:00+00:00,Lusso Saigon,3 PN,3,74.82,19,active,seed-batch-units-001,1,2025-07-31 02:00:00+00:00,2025-08-10 10:00:00+00:00,synthetic_v1_tower_stack_floor_band,synthetic_v1_causal_funnel,67912023,75907193,0.8947,9.8
P-0001,A-0002,U-0034,mini_crm,mini-crm-dev,A2.08.04,Lusso Saigon,LUSSO,A2,8,4,2 PN,63.1,55.43,2920694854,3206922949,AKH,2PN,2,2,46286764.72266244,52691590.36622767,0.8784469096671949,9.799999976307008,low,Nam,Tây,Hồ bơi,False,1,1,2025-05-31 00:00:00+00:00,demo,synthetic,2921,La Pura,active,2025-06-08 00:00:00+00:00,Lusso Saigon,2 PN,2,56.56,25,active,seed-batch-units-001,1,2025-07-14 02:00:00+00:00,2025-07-16 10:00:00+00:00,synthetic_v1_tower_stack_floor_band,synthetic_v1_causal_funnel,50822868,57855366,0.8784,9.8
P-0001,A-0001,U-0035,mini_crm,mini-crm-dev,A2.09.11,Lusso Saigon,LUSSO,A2,9,11,1 PN+,56.85,51.66,3015030137,3310503090,AKH,1PN+,1,1,53034830.9058927,58362952.710027106,0.908707124010554,9.79999998587079,low,Đông Bắc,Đông Nam,Cảnh quan nội khu,False,1,1,2025-05-31 00:00:00+00:00,demo,synthetic,3015,La Pura,active,2025-06-08 00:00:00+00:00,Lusso Saigon,1 PN+,1,51.66,7,active,seed-batch-units-001,0,1970-01-01 00:00:00+00:00,1970-01-01 00:00:00+00:00,synthetic_v1_tower_stack_floor_band,synthetic_v1_causal_funnel,58232244,64082522,0.9087,9.8
P-0001,A-0002,U-0036,mini_crm,mini-crm-dev,A2.10.04,Lusso Saigon,LUSSO,A2,10,4,2 PN,63.1,55.43,2902867743,3187348782,AKH,2PN,2,2,46004243.153724246,52369975.5186722,0.8784469096671949,9.800000006407457,low,Nam,Tây,Hồ bơi,False,1,1,2025-05-31 00:00:00+00:00,demo,synthetic,2903,La Pura,active,2025-06-08 00:00:00+00:00,Lusso Saigon,2 PN,2,56.56,25,active,seed-batch-units-001,0,1970-01-01 00:00:00+00:00,1970-01-01 00:00:00+00:00,synthetic_v1_tower_stack_floor_band,synthetic_v1_causal_funnel,50512659,57502233,0.8784,9.8
P-0001,A-0003,U-0037,mini_crm,mini-crm-dev,A2.12.02,Lusso Saigon,LUSSO,A2,12,2,3 PN,82.93,74.31,4984636415,5473130783,AKH,3PN,3,2,60106552.69504401,67078945.16215853,0.896056915470879,9.799999986558698,low,Nam,Tây,Hồ bơi,True,1,1,2025-05-31 00:00:00+00:00,demo,synthetic,4985,La Pura,active,2025-06-08 00:00:00+00:00,Lusso Saigon,3 PN,3,74.82,19,active,seed-batch-units-001,0,1970-01-01 00:00:00+00:00,1970-01-01 00:00:00+00:00,synthetic_v1_tower_stack_floor_band,synthetic_v1_causal_funnel,65996995,73652682,0.8961,9.8
P-0001,A-0003,U-0038,mini_crm,mini-crm-dev,A2.12.15,Lusso Saigon,LUSSO,A2,12,15,3 PN,89.04,80.29,5549344207,6093179940,AKH,3PN,3,2,62324171.237646,69116256.1589239,0.9017295597484277,9.800000012866384,low,Bắc,Đông,Cảnh quan nội khu,True,1,1,2025-05-31 00:00:00+00:00,demo,synthetic,5549,La Pura,active,2025-06-08 00:00:00+00:00,Lusso Saigon,3 PN,3,74.82,19,active,seed-batch-units-001,1,2025-07-25 02:00:00+00:00,2025-08-23 10:00:00+00:00,synthetic_v1_tower_stack_floor_band,synthetic_v1_causal_funnel,68431940,75889649,0.9017,9.8
P-0001,A-0002,U-0039,mini_crm,mini-crm-dev,A2.13.03,Lusso Saigon,LUSSO,A2,13,3,2 PN,62.86,56.44,2839567669,3117845300,AKH,2PN,2,2,45172886.87559656,50311262.73919206,0.8978682787146038,9.799999980208254,mid,Nam,Tây,Sông,False,1,1,2025-05-31 00:00:00+00:00,demo,synthetic,2840,La Pura,active,2025-06-08 00:00:00+00:00,Lusso Saigon,2 PN,2,56.56,25,active,seed-batch-units-001,0,1970-01-01 00:00:00+00:00,1970-01-01 00:00:00+00:00,synthetic_v1_tower_stack_floor_band,synthetic_v1_causal_funnel,49599830,55241766,0.8979,9.8
P-0001,A-0001,U-0040,mini_crm,mini-crm-dev,A2.13.11,Lusso Saigon,LUSSO,A2,13,11,1 PN+,56.85,51.99,3047152839,3345773817,AKH,1PN+,1,1,53599874.036939315,58610364.281592615,0.9145118733509235,9.79999999271451,mid,Đông Bắc,Đông Nam,Hồ bơi,False,1,1,2025-05-31 00:00:00+00:00,demo,synthetic,3047,La Pura,active,2025-06-08 00:00:00+00:00,Lusso Saigon,1 PN+,1,51.66,7,active,seed-batch-units-001,1,2025-08-11 02:00:00+00:00,2025-10-07 10:00:00+00:00,synthetic_v1_tower_stack_floor_band,synthetic_v1_causal_funnel,58852662,64354180,0.9145,9.8
P-0001,A-0005,U-0041,mini_crm,mini-crm-dev,A2.19.07,Lusso Saigon,LUSSO,A2,19,7,Căn hộ Loft,67.79,60.15,4146259545,4552592980,AKH,Loft,2,2,61163291.70969169,68931995.76059851,0.8872990116536361,9.79999999011157,mid,Bắc,Đông,Nội khu,False,1,1,2025-05-31 00:00:00+00:00,demo,synthetic,4146,La Pura,active,2025-06-08 00:00:00+00:00,Lusso Saigon,Căn hộ Loft,2,60.1,4,active,seed-batch-units-001,0,1970-01-01 00:00:00+00:00,1970-01-01 00:00:00+00:00,synthetic_v1_tower_stack_floor_band,synthetic_v1_causal_funnel,67157294,75687331,0.8873,9.8
P-0001,A-0005,U-0042,mini_crm,mini-crm-dev,A2.19.13,Lusso Saigon,LUSSO,A2,19,13,Căn hộ Loft,66.45,60.05,4210156322,4622751642,AKH,Loft,2,2,63358259.17231,70110846.32805996,0.9036869826937546,9.800000010545928,mid,Bắc,Đông,Nội khu,False,1,1,2025-05-31 00:00:00+00:00,demo,synthetic,4210,La Pura,active,2025-06-08 00:00:00+00:00,Lusso Saigon,Căn hộ Loft,2,60.1,4,active,seed-batch-units-001,0,1970-01-01 00:00:00+00:00,1970-01-01 00:00:00+00:00,synthetic_v1_tower_stack_floor_band,synthetic_v1_causal_funnel,69567369,76981709,0.9037,9.8
P-0001,A-0003,U-0043,mini_crm,mini-crm-dev,A2.21.02,Lusso Saigon,LUSSO,A2,21,2,3 PN,83.01,74.82,5105856574,5606230518,AKH,3PN,3,2,61508933.550174676,68241868.1368618,0.9013371882905673,9.799999995064491,mid,Nam,Tây,Hồ bơi,True,1,1,2025-05-31 00:00:00+00:00,demo,synthetic,5106,La Pura,active,2025-06-08 00:00:00+00:00,Lusso Saigon,3 PN,3,74.82,19,active,seed-batch-units-001,0,1970-01-01 00:00:00+00:00,1970-01-01 00:00:00+00:00,synthetic_v1_tower_stack_floor_band,synthetic_v1_causal_funnel,67536809,74929571,0.9013,9.8
P-0001,A-0001,U-0044,mini_crm,mini-crm-dev,A2.22.11,Lusso Saigon,LUSSO,A2,22,11,1 PN+,56.85,52.17,3119428918,3425132952,MEGA REALTY,1PN+,1,1,54871221.07299912,59793538.77707495,0.9176781002638522,9.800000001154057,mid,Đông Bắc,Đông Nam,Hồ bơi,False,1,1,2025-05-31 00:00:00+00:00,demo,observed,3119,La Pura,active,2025-06-08 00:00:00+00:00,Lusso Saigon,1 PN+,1,51.66,7,active,seed-batch-units-001,0,1970-01-01 00:00:00+00:00,1970-01-01 00:00:00+00:00,synthetic_v1_tower_stack_floor_band,synthetic_v1_causal_funnel,60248601,65653306,0.9177,9.8
P-0001,A-0003,U-0045,mini_crm,mini-crm-dev,A2.26.02,Lusso Saigon,LUSSO,A2,26,2,3 PN,83.01,74.82,5145511766,5649771919,AKH,3PN,3,2,61986649.39163956,68771876.04918471,0.9013371882905673,9.79999999867846,high,Nam,Tây,Toàn cảnh,True,1,1,2025-05-31 00:00:00+00:00,demo,synthetic,5146,La Pura,active,2025-06-08 00:00:00+00:00,Lusso Saigon,3 PN,3,74.82,19,active,seed-batch-units-001,1,2025-07-24 02:00:00+00:00,2025-09-08 10:00:00+00:00,synthetic_v1_tower_stack_floor_band,synthetic_v1_causal_funnel,68061341,75511520,0.9013,9.8
P-0001,A-0001,U-0046,mini_crm,mini-crm-dev,A2.29.11,Lusso Saigon,LUSSO,A2,29,11,1 PN+,56.85,52.17,3175643647,3486856724,AKH,1PN+,1,1,55860046.56112577,60871068.564308986,0.9176781002638522,9.79999998721519,high,Đông Bắc,Đông Nam,Hồ bơi,False,1,1,2025-05-31 00:00:00+00:00,demo,synthetic,3176,La Pura,active,2025-06-08 00:00:00+00:00,Lusso Saigon,1 PN+,1,51.66,7,active,seed-batch-units-001,1,2025-07-24 02:00:00+00:00,2025-08-03 10:00:00+00:00,synthetic_v1_tower_stack_floor_band,synthetic_v1_causal_funnel,61334331,66836433,0.9177,9.8
P-0001,A-0004,U-0047,mini_crm,mini-crm-dev,A2.31.10,Lusso Saigon,LUSSO,A2,31,10,4 PN,126.79,114.68,7284460421,7998337542,AKH,4PN,4,3,57452957.02342456,63519885.080223225,0.9044877356258381,9.799999996458213,high,Tây Nam,Tây Bắc,Hồ bơi,False,1,1,2025-05-31 00:00:00+00:00,demo,synthetic,7284,La Pura,active,2025-06-08 00:00:00+00:00,Lusso Saigon,4 PN,4,114.68,3,active,seed-batch-units-001,1,2025-07-06 02:00:00+00:00,2025-08-11 10:00:00+00:00,synthetic_v1_tower_stack_floor_band,synthetic_v1_causal_funnel,63083347,69744834,0.9045,9.8
P-0001,A-0003,U-0048,mini_crm,mini-crm-dev,A2.31.15,Lusso Saigon,LUSSO,A2,31,15,3 PN,87.09,80.36,5044265135,5538603118,AKH,3PN,3,2,57920141.635090135,62770845.38327526,0.9227236192444597,9.799999995440366,high,Bắc,Đông,Hồ bơi,True,1,1,2025-05-31 00:00:00+00:00,demo,synthetic,5044,La Pura,active,2025-06-08 00:00:00+00:00,Lusso Saigon,3 PN,3,74.82,19,active,seed-batch-units-001,1,2025-07-14 02:00:00+00:00,2025-08-19 10:00:00+00:00,synthetic_v1_tower_stack_floor_band,synthetic_v1_causal_funnel,63596316,68922388,0.9227,9.8
P-0001,A-0002,U-0049,mini_crm,mini-crm-dev,A2.33.04,Lusso Saigon,LUSSO,A2,33,4,2 PN,63.1,56.75,2697855969,2962245854,MKL,2PN,2,2,42755245.15055467,47539312.22907489,0.8993660855784469,9.800000001408527,high,Nam,Tây,Toàn cảnh,False,1,1,2025-05-31 00:00:00+00:00,demo,observed,2698,La Pura,active,2025-06-08 00:00:00+00:00,Lusso Saigon,2 PN,2,56.56,25,active,seed-batch-units-001,0,1970-01-01 00:00:00+00:00,1970-01-01 00:00:00+00:00,synthetic_v1_tower_stack_floor_band,synthetic_v1_causal_funnel,46945259,52198165,0.8994,9.8
P-0001,A-0003,U-0050,mini_crm,mini-crm-dev,A2.33.15,Lusso Saigon,LUSSO,A2,33,15,3 PN,87.09,80.36,5046791913,5541377520,AKH,3PN,3,2,57949155.04650362,62802288.61373818,0.9227236192444597,9.799999990607896,high,Bắc,Đông,Hồ bơi,True,1,1,2025-05-31 00:00:00+00:00,demo,synthetic,5047,La Pura,active,2025-06-08 00:00:00+00:00,Lusso Saigon,3 PN,3,74.82,19,active,seed-batch-units-001,1,2025-07-17 02:00:00+00:00,2025-07-19 10:00:00+00:00,synthetic_v1_tower_stack_floor_band,synthetic_v1_causal_funnel,63628172,68956913,0.9227,9.8
P-0001,A-0002,U-0051,mini_crm,mini-crm-dev,A2.34.12,Lusso Saigon,LUSSO,A2,34,12,2 PN,66.45,60.75,3692197454,4054032805,AKH,2PN,2,2,55563543.325808875,60776912.82304527,0.9142212189616252,9.800000013758744,high,Nam,Tây,Sông,False,1,1,2025-05-31 00:00:00+00:00,demo,synthetic,3692,La Pura,active,2025-06-08 00:00:00+00:00,Lusso Saigon,2 PN,2,56.56,25,active,seed-batch-units-001,0,1970-01-01 00:00:00+00:00,1970-01-01 00:00:00+00:00,synthetic_v1_tower_stack_floor_band,synthetic_v1_causal_funnel,61008771,66733050,0.9142,9.8
P-0001,A-0002,U-0052,mini_crm,mini-crm-dev,A2.34.03,Lusso Saigon,LUSSO,A2,34,3,2 PN,62.86,57.1,2653094960,2913098266,Azh,2PN,2,2,42206410.43588928,46464009.807355516,0.9083678014635699,9.799999996984655,high,Nam,Tây,Sông,False,1,1,2025-05-31 00:00:00+00:00,demo,observed,2653,La Pura,active,2025-06-08 00:00:00+00:00,Lusso Saigon,2 PN,2,56.56,25,active,seed-batch-units-001,0,1970-01-01 00:00:00+00:00,1970-01-01 00:00:00+00:00,synthetic_v1_tower_stack_floor_band,synthetic_v1_causal_funnel,46342639,51017483,0.9084,9.8
P-0001,A-0002,U-0053,mini_crm,mini-crm-dev,A2.34.04,Lusso Saigon,LUSSO,A2,34,4,2 PN,63.1,56.75,2688942414,2952458770,HANA,2PN,2,2,42613984.374009505,47382245.18061674,0.8993660855784469,9.799999978727696,high,Nam,Tây,Toàn cảnh,False,1,1,2025-05-31 00:00:00+00:00,demo,observed,2689,La Pura,active,2025-06-08 00:00:00+00:00,Lusso Saigon,2 PN,2,56.56,25,active,seed-batch-units-001,0,1970-01-01 00:00:00+00:00,1970-01-01 00:00:00+00:00,synthetic_v1_tower_stack_floor_band,synthetic_v1_causal_funnel,46790155,52025705,0.8994,9.8
P-0001,A-0003,U-0054,mini_crm,mini-crm-dev,A2.35.02,Lusso Saigon,LUSSO,A2,35,2,3 PN,83.01,75.24,5287320617,5805478037,AKH,3PN,3,2,63694983.94169377,70272735.47315258,0.9063968196602817,9.799999991186462,high,Nam,Tây,Toàn cảnh,True,1,1,2025-05-31 00:00:00+00:00,demo,synthetic,5287,La Pura,active,2025-06-08 00:00:00+00:00,Lusso Saigon,3 PN,3,74.82,19,active,seed-batch-units-001,1,2025-08-03 02:00:00+00:00,2025-08-14 10:00:00+00:00,synthetic_v1_tower_stack_floor_band,synthetic_v1_causal_funnel,69937092,77159464,0.9064,9.8
P-0001,A-0003,U-0055,mini_crm,mini-crm-dev,A2.37.15,Lusso Saigon,LUSSO,A2,37,15,3 PN,87.09,80.36,5125857904,5628191978,AKH,3PN,3,2,58857020.36973246,63786185.96316575,0.9227236192444597,9.799999988450715,high,Bắc,Đông,Hồ bơi,True,1,1,2025-05-31 00:00:00+00:00,demo,synthetic,5126,La Pura,active,2025-06-08 00:00:00+00:00,Lusso Saigon,3 PN,3,74.82,19,active,seed-batch-units-001,0,1970-01-01 00:00:00+00:00,1970-01-01 00:00:00+00:00,synthetic_v1_tower_stack_floor_band,synthetic_v1_causal_funnel,64625008,70037232,0.9227,9.8
P-0001,A-0006,U-0056,mini_crm,mini-crm-dev,A2.38.14,Lusso Saigon,LUSSO,A2,38,14,Sky villa,153.11,139.11,10491682407,11519867283,AKH,SkyVilla,4,4,68523822.13441317,75420044.61936596,0.9085624714257723,9.800000001086575,high,Tây Nam,Tây Bắc,Toàn cảnh,False,1,1,2025-05-31 00:00:00+00:00,demo,synthetic,10492,La Pura,active,2025-06-08 00:00:00+00:00,Lusso Saigon,Sky villa,4,139.11,1,active,seed-batch-units-001,1,2025-06-25 02:00:00+00:00,2025-06-28 10:00:00+00:00,synthetic_v1_tower_stack_floor_band,synthetic_v1_causal_funnel,75239157,82811209,0.9086,9.8
P-0001,A-0002,U-0057,mini_crm,mini-crm-dev,A2.39.04,Lusso Saigon,LUSSO,A2,39,4,2 PN,63.1,56.75,2644374637,2903523351,AKH,2PN,2,2,41907680.459587954,46596909.9030837,0.8993660855784469,9.79999998389033,high,Nam,Tây,Toàn cảnh,False,1,1,2025-05-31 00:00:00+00:00,demo,synthetic,2644,La Pura,active,2025-06-08 00:00:00+00:00,Lusso Saigon,2 PN,2,56.56,25,active,seed-batch-units-001,1,2025-07-25 02:00:00+00:00,2025-08-01 10:00:00+00:00,synthetic_v1_tower_stack_floor_band,synthetic_v1_causal_funnel,46014633,51163407,0.8994,9.8
P-0001,A-0004,U-0058,mini_crm,mini-crm-dev,A2.32.10,Lusso Saigon,LUSSO,A2,32,10,4 PN,126.79,114.68,7302278449,8017901737,VNL,4PN,4,3,57593488.83192681,63675256.792814784,0.9044877356258381,9.799999999972611,high,Tây Nam,Tây Bắc,Hồ bơi,False,1,1,2025-05-31 00:00:00+00:00,demo,observed,7302,La Pura,active,2025-06-08 00:00:00+00:00,Lusso Saigon,4 PN,4,114.68,3,active,seed-batch-units-001,1,2025-07-22 02:00:00+00:00,2025-09-12 10:00:00+00:00,synthetic_v1_tower_stack_floor_band,synthetic_v1_causal_funnel,63237651,69915432,0.9045,9.8
P-0001,A-0004,U-0059,mini_crm,mini-crm-dev,A2.36.10,Lusso Saigon,LUSSO,A2,36,10,4 PN,126.79,114.68,7373550562,8096158517,AKH,4PN,4,3,58155616.073822856,64296743.65190094,0.9044877356258381,9.79999999896929,high,Tây Nam,Tây Bắc,Hồ bơi,False,1,1,2025-05-31 00:00:00+00:00,demo,synthetic,7374,La Pura,active,2025-06-08 00:00:00+00:00,Lusso Saigon,4 PN,4,114.68,3,active,seed-batch-units-001,0,1970-01-01 00:00:00+00:00,1970-01-01 00:00:00+00:00,synthetic_v1_tower_stack_floor_band,synthetic_v1_causal_funnel,63854866,70597825,0.9045,9.8
P-0001,A-0009,U-0060,mini_crm,mini-crm-dev,B2.05.03,Lusso d'Arte,Lusso d'Arte,B2,5,3,2 PN,67.04,59.77,3359893439,3689162996,HBL,2PN,2,2,50117742.22852028,56213709.87117282,0.8915572792362768,9.799999999345218,low,Đông Nam,Tây Nam,Nội khu,True,1,1,2025-05-31 00:00:00+00:00,demo,synthetic,3360,La Pura,active,2025-06-08 00:00:00+00:00,Lusso d'Arte,2 PN,2,60.13,45,active,seed-batch-units-001,1,2025-08-29 02:00:00+00:00,2025-09-11 10:00:00+00:00,synthetic_v1_tower_stack_floor_band,synthetic_v1_causal_funnel,55029281,61722653,0.8916,9.8
P-0001,A-0008,U-0061,mini_crm,mini-crm-dev,B2.05.12,Lusso d'Arte,Lusso d'Arte,B2,5,12,1 PN+,55.86,49.72,2694612019,2958683997,HBL,1PN+,1,1,48238668.43895453,54195736.50442478,0.8900823487289653,9.800000005121332,low,Đông Nam,Tây Nam,Nội khu,False,1,1,2025-05-31 00:00:00+00:00,demo,synthetic,2695,La Pura,active,2025-06-08 00:00:00+00:00,Lusso d'Arte,1 PN+,1,50.14,6,active,seed-batch-units-001,0,1970-01-01 00:00:00+00:00,1970-01-01 00:00:00+00:00,synthetic_v1_tower_stack_floor_band,synthetic_v1_causal_funnel,52966058,59506919,0.8901,9.8
P-0001,A-0009,U-0062,mini_crm,mini-crm-dev,B2.05.14,Lusso d'Arte,Lusso d'Arte,B2,5,14,2 PN,62.86,56.09,3057575701,3357218120,HBL,2PN,2,2,48641038.8323258,54511957.58602246,0.8923003499840917,9.800000009877106,low,Tây,Bắc,Nội khu,True,1,1,2025-05-31 00:00:00+00:00,demo,synthetic,3058,La Pura,active,2025-06-08 00:00:00+00:00,Lusso d'Arte,2 PN,2,60.13,45,active,seed-batch-units-001,1,2025-08-26 02:00:00+00:00,2025-09-06 10:00:00+00:00,synthetic_v1_tower_stack_floor_band,synthetic_v1_causal_funnel,53407861,59854129,0.8923,9.8
P-0001,A-0009,U-0063,mini_crm,mini-crm-dev,B2.06.03,Lusso d'Arte,Lusso d'Arte,B2,6,3,2 PN,67.04,59.77,3370082373,3700350445,HBL,2PN,2,2,50269725.134248205,56384178.90245943,0.8915572792362768,9.799999983561234,low,Đông Nam,Tây Nam,Nội khu,True,1,1,2025-05-31 00:00:00+00:00,demo,synthetic,3370,La Pura,active,2025-06-08 00:00:00+00:00,Lusso d'Arte,2 PN,2,60.13,45,active,seed-batch-units-001,0,1970-01-01 00:00:00+00:00,1970-01-01 00:00:00+00:00,synthetic_v1_tower_stack_floor_band,synthetic_v1_causal_funnel,55196158,61909828,0.8916,9.8
P-0001,A-0009,U-0064,mini_crm,mini-crm-dev,B2.06.04,Lusso d'Arte,Lusso d'Arte,B2,6,4,2 PN,66.45,59.61,3340980371,3668396447,HBL,2PN,2,2,50278109.42061701,56047313.72252978,0.8970654627539503,9.799999989284583,low,Đông,Nam,Nội khu,False,1,1,2025-05-31 00:00:00+00:00,demo,synthetic,3341,La Pura,active,2025-06-08 00:00:00+00:00,Lusso d'Arte,2 PN,2,60.13,45,active,seed-batch-units-001,0,1970-01-01 00:00:00+00:00,1970-01-01 00:00:00+00:00,synthetic_v1_tower_stack_floor_band,synthetic_v1_causal_funnel,55205364,61539950,0.8971,9.8
P-0001,A-0008,U-0065,mini_crm,mini-crm-dev,B2.06.06,Lusso d'Arte,Lusso d'Arte,B2,6,6,1 PN+,56.85,51.66,3069950439,3370805582,HBL,1PN+,1,1,54000887.22955145,59426063.47270616,0.908707124010554,9.799999999283376,low,Tây Bắc,Đông Bắc,Cảnh quan nội khu,False,1,1,2025-05-31 00:00:00+00:00,demo,synthetic,3070,La Pura,active,2025-06-08 00:00:00+00:00,Lusso d'Arte,1 PN+,1,50.14,6,active,seed-batch-units-001,0,1970-01-01 00:00:00+00:00,1970-01-01 00:00:00+00:00,synthetic_v1_tower_stack_floor_band,synthetic_v1_causal_funnel,59292974,65249818,0.9087,9.8
P-0001,A-0009,U-0066,mini_crm,mini-crm-dev,B2.06.07,Lusso d'Arte,Lusso d'Arte,B2,6,7,2 PN,69.94,61.5,4119624624,4523347837,HBL,2PN,2,2,58902268.00114384,66985766.24390244,0.879325135830712,9.799999996310344,low,Tây,Bắc,Hồ bơi,False,1,1,2025-05-31 00:00:00+00:00,demo,synthetic,4120,La Pura,active,2025-06-08 00:00:00+00:00,Lusso d'Arte,2 PN,2,60.13,45,active,seed-batch-units-001,0,1970-01-01 00:00:00+00:00,1970-01-01 00:00:00+00:00,synthetic_v1_tower_stack_floor_band,synthetic_v1_causal_funnel,64674690,73550371,0.8793,9.8
P-0001,A-0009,U-0067,mini_crm,mini-crm-dev,B2.06.10,Lusso d'Arte,Lusso d'Arte,B2,6,10,2 PN,67.79,59.71,3716535356,4080755821,HBL,2PN,2,2,54824241.86458179,62243097.57159605,0.8808083788169346,9.80000000301356,low,Tây,Bắc,Cảnh quan nội khu,False,1,1,2025-05-31 00:00:00+00:00,demo,synthetic,3717,La Pura,active,2025-06-08 00:00:00+00:00,Lusso d'Arte,2 PN,2,60.13,45,active,seed-batch-units-001,0,1970-01-01 00:00:00+00:00,1970-01-01 00:00:00+00:00,synthetic_v1_tower_stack_floor_band,synthetic_v1_causal_funnel,60197018,68342921,0.8808,9.8
P-0001,A-0009,U-0068,mini_crm,mini-crm-dev,B2.06.13,Lusso d'Arte,Lusso d'Arte,B2,6,13,2 PN,63.1,55.43,3059422228,3359245606,HBL,2PN,2,2,48485296.79873217,55194339.31084251,0.8784469096671949,9.799999988756047,low,Đông Nam,Tây Nam,Nội khu,False,1,1,2025-05-31 00:00:00+00:00,demo,synthetic,3059,La Pura,active,2025-06-08 00:00:00+00:00,Lusso d'Arte,2 PN,2,60.13,45,active,seed-batch-units-001,1,2025-08-29 02:00:00+00:00,2025-10-23 10:00:00+00:00,synthetic_v1_tower_stack_floor_band,synthetic_v1_causal_funnel,53236856,60603385,0.8784,9.8
P-0001,A-0009,U-0069,mini_crm,mini-crm-dev,B2.07.05,Lusso d'Arte,Lusso d'Arte,B2,7,5,2 PN,66.45,59.61,3411735876,3746085992,HBL,2PN,2,2,51342902.57336343,57234287.46854555,0.8970654627539503,9.80000000445521,low,Nam,Tây,Hồ bơi,False,1,1,2025-05-31 00:00:00+00:00,demo,synthetic,3412,La Pura,active,2025-06-08 00:00:00+00:00,Lusso d'Arte,2 PN,2,60.13,45,active,seed-batch-units-001,0,1970-01-01 00:00:00+00:00,1970-01-01 00:00:00+00:00,synthetic_v1_tower_stack_floor_band,synthetic_v1_causal_funnel,56374507,62843248,0.8971,9.8
P-0001,A-0007,U-0070,mini_crm,mini-crm-dev,B2.07.08,Lusso d'Arte,Lusso d'Arte,B2,7,8,1 PN,43.09,38.19,2333798473,2562510724,HBL,1PN,1,1,54161022.812717564,61110198.297983766,0.8862845207704803,9.800000027680197,low,Bắc,Đông,Nội khu,False,1,1,2025-05-31 00:00:00+00:00,demo,synthetic,2334,La Pura,active,2025-06-08 00:00:00+00:00,Lusso d'Arte,1 PN,1,38.19,1,active,seed-batch-units-001,0,1970-01-01 00:00:00+00:00,1970-01-01 00:00:00+00:00,synthetic_v1_tower_stack_floor_band,synthetic_v1_causal_funnel,59468803,67098998,0.8863,9.8
P-0001,A-0009,U-0071,mini_crm,mini-crm-dev,B2.07.10,Lusso d'Arte,Lusso d'Arte,B2,7,10,2 PN,67.79,59.71,3706232435,4069443213,HBL,2PN,2,2,54672258.961498745,62070548.23312678,0.8808083788169346,9.799999983001605,low,Tây,Bắc,Cảnh quan nội khu,False,1,1,2025-05-31 00:00:00+00:00,demo,synthetic,3706,La Pura,active,2025-06-08 00:00:00+00:00,Lusso d'Arte,2 PN,2,60.13,45,active,seed-batch-units-001,0,1970-01-01 00:00:00+00:00,1970-01-01 00:00:00+00:00,synthetic_v1_tower_stack_floor_band,synthetic_v1_causal_funnel,60030140,68153462,0.8808,9.8
P-0001,A-0009,U-0072,mini_crm,mini-crm-dev,B2.09.04,Lusso d'Arte,Lusso d'Arte,B2,9,4,2 PN,66.45,59.61,3371278163,3701663423,HBL,2PN,2,2,50734058.13393529,56555580.65760779,0.8970654627539503,9.80000000077122,low,Đông,Nam,Nội khu,False,1,1,2025-05-31 00:00:00+00:00,demo,synthetic,3371,La Pura,active,2025-06-08 00:00:00+00:00,Lusso d'Arte,2 PN,2,60.13,45,active,seed-batch-units-001,1,2025-08-21 02:00:00+00:00,2025-08-25 10:00:00+00:00,synthetic_v1_tower_stack_floor_band,synthetic_v1_causal_funnel,55705996,62098028,0.8971,9.8
P-0001,A-0008,U-0073,mini_crm,mini-crm-dev,B2.09.06,Lusso d'Arte,Lusso d'Arte,B2,9,6,1 PN+,56.85,51.66,3095871123,3399266493,HBL,1PN+,1,1,54456835.93667546,59927818.87340302,0.908707124010554,9.79999999825574,low,Tây Bắc,Đông Bắc,Cảnh quan nội khu,False,1,1,2025-05-31 00:00:00+00:00,demo,synthetic,3096,La Pura,active,2025-06-08 00:00:00+00:00,Lusso d'Arte,1 PN+,1,50.14,6,active,seed-batch-units-001,0,1970-01-01 00:00:00+00:00,1970-01-01 00:00:00+00:00,synthetic_v1_tower_stack_floor_band,synthetic_v1_causal_funnel,59793606,65800745,0.9087,9.8
P-0001,A-0009,U-0074,mini_crm,mini-crm-dev,B2.09.07,Lusso d'Arte,Lusso d'Arte,B2,9,7,2 PN,69.94,61.5,4151513677,4558362018,HBL,2PN,2,2,59358216.71432657,67504287.43089432,0.879325135830712,9.800000015753291,low,Tây,Bắc,Hồ bơi,False,1,1,2025-05-31 00:00:00+00:00,demo,synthetic,4152,La Pura,active,2025-06-08 00:00:00+00:00,Lusso d'Arte,2 PN,2,60.13,45,active,seed-batch-units-001,1,2025-08-27 02:00:00+00:00,2025-09-12 10:00:00+00:00,synthetic_v1_tower_stack_floor_band,synthetic_v1_causal_funnel,65175322,74119708,0.8793,9.8
P-0001,A-0009,U-0075,mini_crm,mini-crm-dev,B2.10.03,Lusso d'Arte,Lusso d'Arte,B2,10,3,2 PN,67.04,59.77,3410838109,3745100244,HBL,2PN,2,2,50877656.757159896,57066055.02760582,0.8915572792362768,9.800000009323222,low,Đông Nam,Tây Nam,Nội khu,True,1,1,2025-05-31 00:00:00+00:00,demo,synthetic,3411,La Pura,active,2025-06-08 00:00:00+00:00,Lusso d'Arte,2 PN,2,60.13,45,active,seed-batch-units-001,1,2025-08-23 02:00:00+00:00,2025-09-22 10:00:00+00:00,synthetic_v1_tower_stack_floor_band,synthetic_v1_causal_funnel,55863667,62658528,0.8916,9.8
P-0001,A-0009,U-0076,mini_crm,mini-crm-dev,B2.10.13,Lusso d'Arte,Lusso d'Arte,B2,10,13,2 PN,63.1,55.43,3021061743,3317125793,HBL,2PN,2,2,47877365.182250395,54502286.54158398,0.8784469096671949,9.79999997305583,low,Đông Nam,Tây Nam,Nội khu,False,1,1,2025-05-31 00:00:00+00:00,demo,synthetic,3021,La Pura,active,2025-06-08 00:00:00+00:00,Lusso d'Arte,2 PN,2,60.13,45,active,seed-batch-units-001,0,1970-01-01 00:00:00+00:00,1970-01-01 00:00:00+00:00,synthetic_v1_tower_stack_floor_band,synthetic_v1_causal_funnel,52569347,59843511,0.8784,9.8
P-0001,A-0009,U-0077,mini_crm,mini-crm-dev,B2.11.05,Lusso d'Arte,Lusso d'Arte,B2,11,5,2 PN,66.45,60.05,3452132932,3790441960,HBL,2PN,2,2,51950834.19112114,57487642.497918405,0.9036869826937546,9.800000019234485,low,Nam,Tây,Hồ bơi,False,1,1,2025-05-31 00:00:00+00:00,demo,synthetic,3452,La Pura,active,2025-06-08 00:00:00+00:00,Lusso d'Arte,2 PN,2,60.13,45,active,seed-batch-units-001,1,2025-08-19 02:00:00+00:00,2025-10-05 10:00:00+00:00,synthetic_v1_tower_stack_floor_band,synthetic_v1_causal_funnel,57042016,63121431,0.9037,9.8
P-0001,A-0009,U-0078,mini_crm,mini-crm-dev,B2.11.07,Lusso d'Arte,Lusso d'Arte,B2,11,7,2 PN,69.94,61.81,4172773046,4581704805,HBL,2PN,2,2,59662182.52788104,67509675.55411746,0.8837575064340865,9.80000001179072,low,Tây,Bắc,Hồ bơi,False,1,1,2025-05-31 00:00:00+00:00,demo,synthetic,4173,La Pura,active,2025-06-08 00:00:00+00:00,Lusso d'Arte,2 PN,2,60.13,45,active,seed-batch-units-001,1,2025-08-14 02:00:00+00:00,2025-09-27 10:00:00+00:00,synthetic_v1_tower_stack_floor_band,synthetic_v1_causal_funnel,65509076,74125624,0.8838,9.8
P-0001,A-0008,U-0079,mini_crm,mini-crm-dev,B2.12.11,Lusso d'Arte,Lusso d'Arte,B2,12,11,1 PN+,56.01,50.04,2642103526,2901029671,HBL,1PN+,1,1,47171996.5363328,52799830.655475624,0.8934118907337976,9.79999997925895,low,Tây Bắc,Đông Bắc,Nội khu,False,1,1,2025-05-31 00:00:00+00:00,demo,synthetic,2642,La Pura,active,2025-06-08 00:00:00+00:00,Lusso d'Arte,1 PN+,1,50.14,6,active,seed-batch-units-001,1,2025-08-18 02:00:00+00:00,2025-09-30 10:00:00+00:00,synthetic_v1_tower_stack_floor_band,synthetic_v1_causal_funnel,51794852,57974214,0.8934,9.8
P-0001,A-0009,U-0080,mini_crm,mini-crm-dev,B2.13.03,Lusso d'Arte,Lusso d'Arte,B2,13,3,2 PN,67.04,60.13,3441404911,3778662592,HBL,2PN,2,2,51333605.47434367,57232744.237485446,0.8969272076372314,9.799999991921904,mid,Đông Nam,Tây Nam,Nội khu,True,1,1,2025-05-31 00:00:00+00:00,demo,synthetic,3441,La Pura,active,2025-06-08 00:00:00+00:00,Lusso d'Arte,2 PN,2,60.13,45,active,seed-batch-units-001,0,1970-01-01 00:00:00+00:00,1970-01-01 00:00:00+00:00,synthetic_v1_tower_stack_floor_band,synthetic_v1_causal_funnel,56364299,62841553,0.8969,9.8
P-0001,A-0009,U-0081,mini_crm,mini-crm-dev,B2.13.04,Lusso d'Arte,Lusso d'Arte,B2,13,4,2 PN,66.45,60.05,3411675220,3746019391,HBL,2PN,2,2,51341989.76674191,56813908.742714405,0.9036869826937546,9.799999983585776,mid,Đông,Nam,Nội khu,False,1,1,2025-05-31 00:00:00+00:00,demo,synthetic,3412,La Pura,active,2025-06-08 00:00:00+00:00,Lusso d'Arte,2 PN,2,60.13,45,active,seed-batch-units-001,1,2025-08-23 02:00:00+00:00,2025-09-22 10:00:00+00:00,synthetic_v1_tower_stack_floor_band,synthetic_v1_causal_funnel,56373505,62381672,0.9037,9.8
P-0001,A-0009,U-0082,mini_crm,mini-crm-dev,B2.13.09,Lusso d'Arte,Lusso d'Arte,B2,13,9,2 PN,67.79,60.15,3644414907,4001567568,HBL,2PN,2,2,53760361.51349756,60588776.508728184,0.8872990116536361,9.800000003128075,mid,Đông,Nam,Thành phố,False,1,1,2025-05-31 00:00:00+00:00,demo,synthetic,3644,La Pura,active,2025-06-08 00:00:00+00:00,Lusso d'Arte,2 PN,2,60.13,45,active,seed-batch-units-001,0,1970-01-01 00:00:00+00:00,1970-01-01 00:00:00+00:00,synthetic_v1_tower_stack_floor_band,synthetic_v1_causal_funnel,59028877,66526477,0.8873,9.8
P-0001,A-0009,U-0083,mini_crm,mini-crm-dev,B2.13.12,Lusso d'Arte,Lusso d'Arte,B2,13,12,2 PN,63.1,55.93,3049889705,3348778896,HBL,2PN,2,2,48334226.703645006,54530479.25978902,0.8863708399366085,9.799999997049074,mid,Đông Nam,Tây Nam,Thành phố,False,1,1,2025-05-31 00:00:00+00:00,demo,synthetic,3050,La Pura,active,2025-06-08 00:00:00+00:00,Lusso d'Arte,2 PN,2,60.13,45,active,seed-batch-units-001,0,1970-01-01 00:00:00+00:00,1970-01-01 00:00:00+00:00,synthetic_v1_tower_stack_floor_band,synthetic_v1_causal_funnel,53070981,59874466,0.8864,9.8
P-0001,A-0009,U-0084,mini_crm,mini-crm-dev,B2.16.13,Lusso d'Arte,Lusso d'Arte,B2,16,13,2 PN,62.86,56.44,2952485601,3241829189,HBL,2PN,2,2,46969226.86923322,52311934.81573352,0.8978682787146038,9.799999969584949,mid,Đông Nam,Tây Nam,Nội khu,False,1,1,2025-05-31 00:00:00+00:00,demo,synthetic,2952,La Pura,active,2025-06-08 00:00:00+00:00,Lusso d'Arte,2 PN,2,60.13,45,active,seed-batch-units-001,1,2025-08-14 02:00:00+00:00,2025-08-24 10:00:00+00:00,synthetic_v1_tower_stack_floor_band,synthetic_v1_causal_funnel,51572211,57438504,0.8979,9.8
P-0001,A-0009,U-0085,mini_crm,mini-crm-dev,B2.17.03,Lusso d'Arte,Lusso d'Arte,B2,17,3,2 PN,67.04,60.13,3482160647,3823412390,HBL,2PN,2,2,51941537.097255364,57910537.95110594,0.8969272076372314,9.799999988340574,mid,Đông Nam,Tây Nam,Nội khu,True,1,1,2025-05-31 00:00:00+00:00,demo,synthetic,3482,La Pura,active,2025-06-08 00:00:00+00:00,Lusso d'Arte,2 PN,2,60.13,45,active,seed-batch-units-001,1,2025-08-15 02:00:00+00:00,2025-09-27 10:00:00+00:00,synthetic_v1_tower_stack_floor_band,synthetic_v1_causal_funnel,57031808,63585771,0.8969,9.8
P-0001,A-0009,U-0086,mini_crm,mini-crm-dev,B2.17.04,Lusso d'Arte,Lusso d'Arte,B2,17,4,2 PN,66.45,60.05,3452072276,3790375359,HBL,2PN,2,2,51949921.384499624,57486632.40632806,0.9036869826937546,9.79999999860953,mid,Đông,Nam,Nội khu,False,1,1,2025-05-31 00:00:00+00:00,demo,synthetic,3452,La Pura,active,2025-06-08 00:00:00+00:00,Lusso d'Arte,2 PN,2,60.13,45,active,seed-batch-units-001,0,1970-01-01 00:00:00+00:00,1970-01-01 00:00:00+00:00,synthetic_v1_tower_stack_floor_band,synthetic_v1_causal_funnel,57041014,63120322,0.9037,9.8
P-0001,A-0010,U-0087,mini_crm,mini-crm-dev,B2.17.06,Lusso d'Arte,Lusso d'Arte,B2,17,6,4 PN,126.79,113.72,6320900271,6940348497,HBL,4PN,4,3,49853302.87088887,55583013.28702075,0.8969161605804874,9.799999991172143,mid,Tây Bắc,Đông Bắc,Cảnh quan nội khu,False,1,1,2025-05-31 00:00:00+00:00,demo,synthetic,6321,La Pura,active,2025-06-08 00:00:00+00:00,Lusso d'Arte,4 PN,4,114.21,4,active,seed-batch-units-001,0,1970-01-01 00:00:00+00:00,1970-01-01 00:00:00+00:00,synthetic_v1_tower_stack_floor_band,synthetic_v1_causal_funnel,54738927,61030149,0.8969,9.8
P-0001,A-0008,U-0088,mini_crm,mini-crm-dev,B2.17.11,Lusso d'Arte,Lusso d'Arte,B2,17,11,1 PN+,56.01,50.04,2599540713,2854295703,HBL,1PN+,1,1,46412082.00321371,51949254.85611511,0.8934118907337976,9.80000000484701,mid,Tây Bắc,Đông Bắc,Nội khu,False,1,1,2025-05-31 00:00:00+00:00,demo,synthetic,2600,La Pura,active,2025-06-08 00:00:00+00:00,Lusso d'Arte,1 PN+,1,50.14,6,active,seed-batch-units-001,0,1970-01-01 00:00:00+00:00,1970-01-01 00:00:00+00:00,synthetic_v1_tower_stack_floor_band,synthetic_v1_causal_funnel,50960466,57040282,0.8934,9.8
P-0001,A-0011,U-0089,mini_crm,mini-crm-dev,B2.19.05,Lusso d'Arte,Lusso d'Arte,B2,19,5,Căn hộ Loft,66.45,60.05,4139224689,4544868709,HBL,Loft,2,2,62290815.48532731,68929636.78601167,0.9036869826937546,9.800000011548056,mid,Nam,Tây,Hồ bơi,False,1,1,2025-05-31 00:00:00+00:00,demo,synthetic,4139,La Pura,active,2025-06-08 00:00:00+00:00,Lusso d'Arte,Căn hộ Loft,2,60.05,5,active,seed-batch-units-001,0,1970-01-01 00:00:00+00:00,1970-01-01 00:00:00+00:00,synthetic_v1_tower_stack_floor_band,synthetic_v1_causal_funnel,68395315,75684741,0.9037,9.8
P-0001,A-0011,U-0090,mini_crm,mini-crm-dev,B2.19.08,Lusso d'Arte,Lusso d'Arte,B2,19,8,Căn hộ Loft,48.26,43.54,2969240168,3260225704,HBL,Loft,2,2,61525904.84873602,68195685.98989435,0.9021964359718193,9.799999984373105,mid,Bắc,Đông,Nội khu,False,1,1,2025-05-31 00:00:00+00:00,demo,synthetic,2969,La Pura,active,2025-06-08 00:00:00+00:00,Lusso d'Arte,Căn hộ Loft,2,60.05,5,active,seed-batch-units-001,1,2025-08-31 02:00:00+00:00,2025-09-11 10:00:00+00:00,synthetic_v1_tower_stack_floor_band,synthetic_v1_causal_funnel,67555444,74878863,0.9022,9.8
P-0001,A-0011,U-0091,mini_crm,mini-crm-dev,B2.19.09,Lusso d'Arte,Lusso d'Arte,B2,19,9,Căn hộ Loft,67.79,60.15,4195886496,4607083373,HBL,Loft,2,2,61895360.61365983,69757048.97755611,0.8872990116536361,9.800000009342485,mid,Đông,Nam,Thành phố,False,1,1,2025-05-31 00:00:00+00:00,demo,synthetic,4196,La Pura,active,2025-06-08 00:00:00+00:00,Lusso d'Arte,Căn hộ Loft,2,60.05,5,active,seed-batch-units-001,0,1970-01-01 00:00:00+00:00,1970-01-01 00:00:00+00:00,synthetic_v1_tower_stack_floor_band,synthetic_v1_causal_funnel,67961106,76593240,0.8873,9.8
P-0001,A-0011,U-0092,mini_crm,mini-crm-dev,B2.19.10,Lusso d'Arte,Lusso d'Arte,B2,19,10,Căn hộ Loft,67.23,60.57,3609915521,3963687242,HBL,Loft,2,2,53695009.98066339,59599067.5416873,0.9009370816599732,9.799999998393314,mid,Tây,Bắc,Cảnh quan nội khu,False,1,1,2025-05-31 00:00:00+00:00,demo,synthetic,3610,La Pura,active,2025-06-08 00:00:00+00:00,Lusso d'Arte,Căn hộ Loft,2,60.05,5,active,seed-batch-units-001,0,1970-01-01 00:00:00+00:00,1970-01-01 00:00:00+00:00,synthetic_v1_tower_stack_floor_band,synthetic_v1_causal_funnel,58957121,65439776,0.9009,9.8
P-0001,A-0011,U-0093,mini_crm,mini-crm-dev,B2.19.13,Lusso d'Arte,Lusso d'Arte,B2,19,13,Căn hộ Loft,62.86,56.44,3417600039,3752524842,HBL,Loft,2,2,54368438.41870824,60552800.124025516,0.8978682787146038,9.799999975948035,mid,Đông Nam,Tây Nam,Nội khu,False,1,1,2025-05-31 00:00:00+00:00,demo,synthetic,3418,La Pura,active,2025-06-08 00:00:00+00:00,Lusso d'Arte,Căn hộ Loft,2,60.05,5,active,seed-batch-units-001,0,1970-01-01 00:00:00+00:00,1970-01-01 00:00:00+00:00,synthetic_v1_tower_stack_floor_band,synthetic_v1_causal_funnel,59696545,66486975,0.8979,9.8
P-0001,A-0010,U-0094,mini_crm,mini-crm-dev,B2.22.06,Lusso d'Arte,Lusso d'Arte,B2,22,6,4 PN,126.79,114.21,6406929980,7034809118,HBL,4PN,4,3,50531824.11862134,56097802.11890378,0.9007808186765517,9.799999999375677,mid,Tây Bắc,Đông Bắc,Cảnh quan nội khu,False,1,1,2025-05-31 00:00:00+00:00,demo,synthetic,6407,La Pura,active,2025-06-08 00:00:00+00:00,Lusso d'Arte,4 PN,4,114.21,4,active,seed-batch-units-001,0,1970-01-01 00:00:00+00:00,1970-01-01 00:00:00+00:00,synthetic_v1_tower_stack_floor_band,synthetic_v1_causal_funnel,55483943,61595387,0.9008,9.8
P-0001,A-0009,U-0095,mini_crm,mini-crm-dev,B2.23.05,Lusso d'Arte,Lusso d'Arte,B2,23,5,2 PN,66.45,60.42,3573324102,3923509864,HBL,2PN,2,2,53774629.0744921,59141411.81727905,0.909255079006772,9.80000000011194,mid,Nam,Tây,Hồ bơi,False,1,1,2025-05-31 00:00:00+00:00,demo,synthetic,3573,La Pura,active,2025-06-08 00:00:00+00:00,Lusso d'Arte,2 PN,2,60.13,45,active,seed-batch-units-001,1,2025-08-09 02:00:00+00:00,2025-08-26 10:00:00+00:00,synthetic_v1_tower_stack_floor_band,synthetic_v1_causal_funnel,59044543,64937270,0.9093,9.8
P-0001,A-0009,U-0096,mini_crm,mini-crm-dev,B2.23.12,Lusso d'Arte,Lusso d'Arte,B2,23,12,2 PN,63.1,56.34,2953988491,3243479363,AUH,2PN,2,2,46814397.638668776,52431460.6141285,0.8928684627575277,9.7999999960054,mid,Đông Nam,Tây Nam,Thành phố,False,1,1,2025-05-31 00:00:00+00:00,demo,observed,2954,La Pura,active,2025-06-08 00:00:00+00:00,Lusso d'Arte,2 PN,2,60.13,45,active,seed-batch-units-001,1,2025-08-19 02:00:00+00:00,2025-09-13 10:00:00+00:00,synthetic_v1_tower_stack_floor_band,synthetic_v1_causal_funnel,51402209,57569744,0.8929,9.8
P-0001,A-0009,U-0097,mini_crm,mini-crm-dev,B2.25.09,Lusso d'Arte,Lusso d'Arte,B2,25,9,2 PN,67.79,60.29,3520779853,3865816278,HBL,2PN,2,2,51936566.64699808,58397410.068004645,0.8893642130107684,9.799999983128737,mid,Đông,Nam,Thành phố,False,1,1,2025-05-31 00:00:00+00:00,demo,synthetic,3521,La Pura,active,2025-06-08 00:00:00+00:00,Lusso d'Arte,2 PN,2,60.13,45,active,seed-batch-units-001,1,2025-08-15 02:00:00+00:00,2025-08-29 10:00:00+00:00,synthetic_v1_tower_stack_floor_band,synthetic_v1_causal_funnel,57026350,64120356,0.8894,9.8
P-0001,A-0009,U-0098,mini_crm,mini-crm-dev,B2.25.13,Lusso d'Arte,Lusso d'Arte,B2,25,13,2 PN,62.86,56.85,2866502791,3147420065,HBL,2PN,2,2,45601380.703149855,50422212.6824978,0.904390709513204,9.800000016814915,mid,Đông Nam,Tây Nam,Nội khu,False,1,1,2025-05-31 00:00:00+00:00,demo,synthetic,2867,La Pura,active,2025-06-08 00:00:00+00:00,Lusso d'Arte,2 PN,2,60.13,45,active,seed-batch-units-001,1,2025-09-03 02:00:00+00:00,2025-11-02 10:00:00+00:00,synthetic_v1_tower_stack_floor_band,synthetic_v1_causal_funnel,50070316,55363590,0.9044,9.8
P-0001,A-0009,U-0099,mini_crm,mini-crm-dev,B2.26.03,Lusso d'Arte,Lusso d'Arte,B2,26,3,2 PN,67.04,60.51,3573861053,3924099437,HBL,2PN,2,2,53309383.24880668,59062321.15352835,0.9025954653937946,9.80000002255264,high,Đông Nam,Tây Nam,Thành phố,True,1,1,2025-05-31 00:00:00+00:00,demo,synthetic,3574,La Pura,active,2025-06-08 00:00:00+00:00,Lusso d'Arte,2 PN,2,60.13,45,active,seed-batch-units-001,0,1970-01-01 00:00:00+00:00,1970-01-01 00:00:00+00:00,synthetic_v1_tower_stack_floor_band,synthetic_v1_causal_funnel,58533703,64850429,0.9026,9.8
P-0001,A-0009,U-0100,mini_crm,mini-crm-dev,B2.26.04,Lusso d'Arte,Lusso d'Arte,B2,26,4,2 PN,66.45,60.42,3542965653,3890176287,HBL,2PN,2,2,53317767.53950338,58638954.86593843,0.909255079006772,9.80000000016935,high,Đông,Nam,Sông,False,1,1,2025-05-31 00:00:00+00:00,demo,synthetic,3543,La Pura,active,2025-06-08 00:00:00+00:00,Lusso d'Arte,2 PN,2,60.13,45,active,seed-batch-units-001,0,1970-01-01 00:00:00+00:00,1970-01-01 00:00:00+00:00,synthetic_v1_tower_stack_floor_band,synthetic_v1_causal_funnel,58542909,64385572,0.9093,9.8
P-0001,A-0009,U-0101,mini_crm,mini-crm-dev,B2.28.03,Lusso d'Arte,Lusso d'Arte,B2,28,3,2 PN,67.04,60.51,3594238921,3946474336,HBL,2PN,2,2,53613349.06026252,59399089.75375971,0.9025954653937946,9.800000020644148,high,Đông Nam,Tây Nam,Thành phố,True,1,1,2025-05-31 00:00:00+00:00,demo,synthetic,3594,La Pura,active,2025-06-08 00:00:00+00:00,Lusso d'Arte,2 PN,2,60.13,45,active,seed-batch-units-001,1,2025-08-17 02:00:00+00:00,2025-10-01 10:00:00+00:00,synthetic_v1_tower_stack_floor_band,synthetic_v1_causal_funnel,58867457,65220201,0.9026,9.8
P-0001,A-0009,U-0102,mini_crm,mini-crm-dev,B2.28.05,Lusso d'Arte,Lusso d'Arte,B2,28,5,2 PN,66.45,60.42,3623820422,3978954824,HBL,2PN,2,2,54534543.59668924,59977166.865276396,0.909255079006772,9.8000000177713,high,Nam,Tây,Toàn cảnh,False,1,1,2025-05-31 00:00:00+00:00,demo,synthetic,3624,La Pura,active,2025-06-08 00:00:00+00:00,Lusso d'Arte,2 PN,2,60.13,45,active,seed-batch-units-001,0,1970-01-01 00:00:00+00:00,1970-01-01 00:00:00+00:00,synthetic_v1_tower_stack_floor_band,synthetic_v1_causal_funnel,59878929,65854929,0.9093,9.8
P-0001,A-0010,U-0103,mini_crm,mini-crm-dev,B2.29.06,Lusso d'Arte,Lusso d'Arte,B2,29,6,4 PN,126.79,114.21,6527371573,7167053987,HBL,4PN,4,3,51481753.86860162,57152364.70536731,0.9007808186765517,9.799999997640704,high,Tây Bắc,Đông Bắc,Hồ bơi,False,1,1,2025-05-31 00:00:00+00:00,demo,synthetic,6527,La Pura,active,2025-06-08 00:00:00+00:00,Lusso d'Arte,4 PN,4,114.21,4,active,seed-batch-units-001,0,1970-01-01 00:00:00+00:00,1970-01-01 00:00:00+00:00,synthetic_v1_tower_stack_floor_band,synthetic_v1_causal_funnel,56526966,62753296,0.9008,9.8
P-0001,A-0009,U-0104,mini_crm,mini-crm-dev,B2.29.13,Lusso d'Arte,Lusso d'Arte,B2,29,13,2 PN,62.86,56.85,2828288209,3105460454,HBL,2PN,2,2,44993449.07731467,49750012.471416004,0.904390709513204,9.800000018314964,high,Đông Nam,Tây Nam,Thành phố,False,1,1,2025-05-31 00:00:00+00:00,demo,synthetic,2828,La Pura,active,2025-06-08 00:00:00+00:00,Lusso d'Arte,2 PN,2,60.13,45,active,seed-batch-units-001,0,1970-01-01 00:00:00+00:00,1970-01-01 00:00:00+00:00,synthetic_v1_tower_stack_floor_band,synthetic_v1_causal_funnel,49402807,54625514,0.9044,9.8
P-0001,A-0009,U-0105,mini_crm,mini-crm-dev,B2.31.03,Lusso d'Arte,Lusso d'Arte,B2,31,3,2 PN,67.04,60.76,3624805723,3980036684,HBL,2PN,2,2,54069297.77744629,59657763.70967742,0.906324582338902,9.800000004027803,high,Đông Nam,Tây Nam,Thành phố,True,1,1,2025-05-31 00:00:00+00:00,demo,synthetic,3625,La Pura,active,2025-06-08 00:00:00+00:00,Lusso d'Arte,2 PN,2,60.13,45,active,seed-batch-units-001,0,1970-01-01 00:00:00+00:00,1970-01-01 00:00:00+00:00,synthetic_v1_tower_stack_floor_band,synthetic_v1_causal_funnel,59368089,65504225,0.9063,9.8
P-0001,A-0009,U-0106,mini_crm,mini-crm-dev,B2.31.04,Lusso d'Arte,Lusso d'Arte,B2,31,4,2 PN,66.45,60.75,3593461974,3945621247,HBL,2PN,2,2,54077682.07674944,59151637.43209877,0.9142212189616252,9.7999999874216,high,Đông,Nam,Sông,False,1,1,2025-05-31 00:00:00+00:00,demo,synthetic,3593,La Pura,active,2025-06-08 00:00:00+00:00,Lusso d'Arte,2 PN,2,60.13,45,active,seed-batch-units-001,1,2025-08-18 02:00:00+00:00,2025-09-13 10:00:00+00:00,synthetic_v1_tower_stack_floor_band,synthetic_v1_causal_funnel,59377295,64948498,0.9142,9.8
P-0001,A-0009,U-0107,mini_crm,mini-crm-dev,B2.31.09,Lusso d'Arte,Lusso d'Arte,B2,31,9,2 PN,67.79,60.58,3458962326,3797940634,HBL,2PN,2,2,51024669.213748336,57097430.274017826,0.8936421301076853,9.80000000150334,high,Đông,Nam,Thành phố,False,1,1,2025-05-31 00:00:00+00:00,demo,synthetic,3459,La Pura,active,2025-06-08 00:00:00+00:00,Lusso d'Arte,2 PN,2,60.13,45,active,seed-batch-units-001,1,2025-09-03 02:00:00+00:00,2025-09-19 10:00:00+00:00,synthetic_v1_tower_stack_floor_band,synthetic_v1_causal_funnel,56025087,62692978,0.8936,9.8
P-0001,A-0008,U-0108,mini_crm,mini-crm-dev,B2.31.11,Lusso d'Arte,Lusso d'Arte,B2,31,11,1 PN+,56.15,50.24,2486419101,2730088173,HBL,1PN+,1,1,44281729.3143366,49490826.054936305,0.894746215494212,9.800000004102285,high,Tây Bắc,Đông Bắc,Thành phố,False,1,1,2025-05-31 00:00:00+00:00,demo,synthetic,2486,La Pura,active,2025-06-08 00:00:00+00:00,Lusso d'Arte,1 PN+,1,50.14,6,active,seed-batch-units-001,0,1970-01-01 00:00:00+00:00,1970-01-01 00:00:00+00:00,synthetic_v1_tower_stack_floor_band,synthetic_v1_causal_funnel,48621339,54340927,0.8947,9.8
P-0001,A-0009,U-0109,mini_crm,mini-crm-dev,B2.32.04,Lusso d'Arte,Lusso d'Arte,B2,32,4,2 PN,66.45,60.75,3603561238,3956710239,HBL,2PN,2,2,54229664.98118886,59317880.46090535,0.9142212189616252,9.799999991008894,high,Đông,Nam,Sông,False,1,1,2025-05-31 00:00:00+00:00,demo,synthetic,3604,La Pura,active,2025-06-08 00:00:00+00:00,Lusso d'Arte,2 PN,2,60.13,45,active,seed-batch-units-001,1,2025-08-08 02:00:00+00:00,2025-09-13 10:00:00+00:00,synthetic_v1_tower_stack_floor_band,synthetic_v1_causal_funnel,59544172,65131033,0.9142,9.8
P-0001,A-0009,U-0110,mini_crm,mini-crm-dev,B2.32.05,Lusso d'Arte,Lusso d'Arte,B2,32,5,2 PN,66.45,60.75,3664217479,4023310791,HBL,2PN,2,2,55142475.22949586,60316337.10288066,0.9142212189616252,9.79999997429192,high,Nam,Tây,Toàn cảnh,False,1,1,2025-05-31 00:00:00+00:00,demo,synthetic,3664,La Pura,active,2025-06-08 00:00:00+00:00,Lusso d'Arte,2 PN,2,60.13,45,active,seed-batch-units-001,0,1970-01-01 00:00:00+00:00,1970-01-01 00:00:00+00:00,synthetic_v1_tower_stack_floor_band,synthetic_v1_causal_funnel,60546438,66227338,0.9142,9.8
P-0001,A-0009,U-0111,mini_crm,mini-crm-dev,B2.32.09,Lusso d'Arte,Lusso d'Arte,B2,32,9,2 PN,67.79,60.58,3448659404,3786628026,HBL,2PN,2,2,50872686.295913845,56927358.930340044,0.8936421301076853,9.800000011830685,high,Đông,Nam,Thành phố,False,1,1,2025-05-31 00:00:00+00:00,demo,synthetic,3449,La Pura,active,2025-06-08 00:00:00+00:00,Lusso d'Arte,2 PN,2,60.13,45,active,seed-batch-units-001,0,1970-01-01 00:00:00+00:00,1970-01-01 00:00:00+00:00,synthetic_v1_tower_stack_floor_band,synthetic_v1_causal_funnel,55858210,62506240,0.8936,9.8
P-0001,A-0009,U-0112,mini_crm,mini-crm-dev,B2.33.03,Lusso d'Arte,Lusso d'Arte,B2,33,3,2 PN,67.04,60.76,3645183592,4002411583,HBL,2PN,2,2,54373263.60381861,59993146.67544437,0.906324582338902,9.799999972127605,high,Đông Nam,Tây Nam,Thành phố,True,1,1,2025-05-31 00:00:00+00:00,demo,synthetic,3645,La Pura,active,2025-06-08 00:00:00+00:00,Lusso d'Arte,2 PN,2,60.13,45,active,seed-batch-units-001,1,2025-08-17 02:00:00+00:00,2025-08-22 10:00:00+00:00,synthetic_v1_tower_stack_floor_band,synthetic_v1_causal_funnel,59701843,65872475,0.9063,9.8
P-0001,A-0009,U-0113,mini_crm,mini-crm-dev,B2.33.05,Lusso d'Arte,Lusso d'Arte,B2,33,5,2 PN,66.45,60.75,3674316743,4034399783,HBL,2PN,2,2,55294458.13393529,60482580.131687246,0.9142212189616252,9.799999977846221,high,Nam,Tây,Toàn cảnh,False,1,1,2025-05-31 00:00:00+00:00,demo,synthetic,3674,La Pura,active,2025-06-08 00:00:00+00:00,Lusso d'Arte,2 PN,2,60.13,45,active,seed-batch-units-001,1,2025-08-24 02:00:00+00:00,2025-10-15 10:00:00+00:00,synthetic_v1_tower_stack_floor_band,synthetic_v1_causal_funnel,60713315,66409873,0.9142,9.8
P-0001,A-0010,U-0114,mini_crm,mini-crm-dev,B2.33.06,Lusso d'Arte,Lusso d'Arte,B2,33,6,4 PN,126.79,114.8,6596195341,7242622484,HBL,4PN,4,3,52024570.87309725,57458147.56968641,0.9054341825065068,9.799999993663015,high,Tây Bắc,Đông Bắc,Hồ bơi,False,1,1,2025-05-31 00:00:00+00:00,demo,synthetic,6596,La Pura,active,2025-06-08 00:00:00+00:00,Lusso d'Arte,4 PN,4,114.21,4,active,seed-batch-units-001,0,1970-01-01 00:00:00+00:00,1970-01-01 00:00:00+00:00,synthetic_v1_tower_stack_floor_band,synthetic_v1_causal_funnel,57122979,63089046,0.9054,9.8
P-0001,A-0009,U-0115,mini_crm,mini-crm-dev,B2.35.13,Lusso d'Arte,Lusso d'Arte,B2,35,13,2 PN,62.86,57.1,2770966336,3042521037,HBL,2PN,2,2,44081551.63856188,48528307.11033275,0.9083678014635699,9.800000002598372,high,Đông Nam,Tây Nam,Thành phố,False,1,1,2025-05-31 00:00:00+00:00,demo,synthetic,2771,La Pura,active,2025-06-08 00:00:00+00:00,Lusso d'Arte,2 PN,2,60.13,45,active,seed-batch-units-001,1,2025-08-11 02:00:00+00:00,2025-08-14 10:00:00+00:00,synthetic_v1_tower_stack_floor_band,synthetic_v1_causal_funnel,48401544,53284081,0.9084,9.8
P-0001,A-0009,U-0116,mini_crm,mini-crm-dev,B2.36.12,Lusso d'Arte,Lusso d'Arte,B2,36,12,2 PN,63.1,56.75,2829316913,3106589971,HBL,2PN,2,2,44838619.85736925,49855804.63436123,0.8993660855784469,9.80000001859106,high,Đông Nam,Tây Nam,Thành phố,False,1,1,2025-05-31 00:00:00+00:00,demo,synthetic,2829,La Pura,active,2025-06-08 00:00:00+00:00,Lusso d'Arte,2 PN,2,60.13,45,active,seed-batch-units-001,1,2025-08-27 02:00:00+00:00,2025-09-28 10:00:00+00:00,synthetic_v1_tower_stack_floor_band,synthetic_v1_causal_funnel,49232805,54741673,0.8994,9.8
P-0001,A-0009,U-0117,mini_crm,mini-crm-dev,B2.37.03,Lusso d'Arte,Lusso d'Arte,B2,37,3,2 PN,67.04,60.76,3685939328,4047161382,HBL,2PN,2,2,54981195.2267303,60663912.574061885,0.906324582338902,9.799999996093261,high,Đông Nam,Tây Nam,Thành phố,True,1,1,2025-05-31 00:00:00+00:00,demo,synthetic,3686,La Pura,active,2025-06-08 00:00:00+00:00,Lusso d'Arte,2 PN,2,60.13,45,active,seed-batch-units-001,1,2025-08-13 02:00:00+00:00,2025-09-03 10:00:00+00:00,synthetic_v1_tower_stack_floor_band,synthetic_v1_causal_funnel,60369352,66608976,0.9063,9.8
P-0001,A-0009,U-0118,mini_crm,mini-crm-dev,B2.37.04,Lusso d'Arte,Lusso d'Arte,B2,37,4,2 PN,66.45,60.75,3654057558,4012155199,HBL,2PN,2,2,54989579.503386006,60149095.60493827,0.9142212189616252,9.80000000864792,high,Đông,Nam,Sông,False,1,1,2025-05-31 00:00:00+00:00,demo,synthetic,3654,La Pura,active,2025-06-08 00:00:00+00:00,Lusso d'Arte,2 PN,2,60.13,45,active,seed-batch-units-001,1,2025-08-18 02:00:00+00:00,2025-09-13 10:00:00+00:00,synthetic_v1_tower_stack_floor_band,synthetic_v1_causal_funnel,60378558,66043707,0.9142,9.8
P-0001,A-0009,U-0119,mini_crm,mini-crm-dev,B2.37.05,Lusso d'Arte,Lusso d'Arte,B2,37,5,2 PN,66.45,60.75,3714713799,4078755751,HBL,2PN,2,2,55902389.751693,61147552.24691358,0.9142212189616252,9.799999991870168,high,Nam,Tây,Toàn cảnh,False,1,1,2025-05-31 00:00:00+00:00,demo,synthetic,3715,La Pura,active,2025-06-08 00:00:00+00:00,Lusso d'Arte,2 PN,2,60.13,45,active,seed-batch-units-001,0,1970-01-01 00:00:00+00:00,1970-01-01 00:00:00+00:00,synthetic_v1_tower_stack_floor_band,synthetic_v1_causal_funnel,61380824,67140012,0.9142,9.8
P-0001,A-0009,U-0120,mini_crm,mini-crm-dev,B2.39.09,Lusso d'Arte,Lusso d'Arte,B2,39,9,2 PN,67.79,60.58,3376538956,3707439774,HBL,2PN,2,2,49808805.959581055,55736859.62363817,0.8936421301076853,9.80000000924023,high,Đông,Nam,Thành phố,False,1,1,2025-05-31 00:00:00+00:00,demo,synthetic,3377,La Pura,active,2025-06-08 00:00:00+00:00,Lusso d'Arte,2 PN,2,60.13,45,active,seed-batch-units-001,1,2025-08-17 02:00:00+00:00,2025-09-10 10:00:00+00:00,synthetic_v1_tower_stack_floor_band,synthetic_v1_causal_funnel,54690069,61199072,0.8936,9.8
P-0001,A-0012,U-0121,mini_crm,mini-crm-dev,A3.04.02,Risa,Risa,A3,4,2,1 PN,46.59,41.52,2638787404,2746977688,HBL,1PN,1,1,56638493.32474779,63554609.922928706,0.8911783644558918,4.100000016522741,low,Đông Nam,Tây Nam,Hồ bơi,True,1,1,2025-05-31 00:00:00+00:00,demo,synthetic,2639,La Pura,active,2025-06-08 00:00:00+00:00,Risa,1 PN,1,44.73,29,active,seed-batch-units-001,0,1970-01-01 00:00:00+00:00,1970-01-01 00:00:00+00:00,synthetic_v1_tower_stack_floor_band,synthetic_v1_causal_funnel,58960672,66160349,0.8912,4.1
P-0001,A-0014,U-0122,mini_crm,mini-crm-dev,A3.04.03,Risa,Risa,A3,4,3,2 PN + 2 WC,76.91,69.16,4090286699,4257988454,HBL,2PN+2WC,2,2,53182768.15758679,59142375.636205904,0.8992328695878299,4.100000008336824,low,Đông Bắc,Đông Nam,Cảnh quan nội khu,False,1,1,2025-05-31 00:00:00+00:00,demo,synthetic,4090,La Pura,active,2025-06-08 00:00:00+00:00,Risa,2 PN + 2 WC,2,65.76,39,active,seed-batch-units-001,0,1970-01-01 00:00:00+00:00,1970-01-01 00:00:00+00:00,synthetic_v1_tower_stack_floor_band,synthetic_v1_causal_funnel,55363262,61567213,0.8992,4.1
P-0001,A-0018,U-0123,mini_crm,mini-crm-dev,A3.04.06,Risa,Risa,A3,4,6,RISA,55.33,48.23,2960033479,3081394852,HBL,RISA,2,2,53497803.705042474,61373283.827493265,0.8716790168082414,4.100000012195808,low,Đông Bắc,Đông Nam,Nội khu,False,1,1,2025-05-31 00:00:00+00:00,demo,synthetic,2960,La Pura,active,2025-06-08 00:00:00+00:00,Risa,RISA,2,49.01,14,active,seed-batch-units-001,0,1970-01-01 00:00:00+00:00,1970-01-01 00:00:00+00:00,synthetic_v1_tower_stack_floor_band,synthetic_v1_causal_funnel,55691214,63889588,0.8717,4.1
P-0001,A-0018,U-0124,mini_crm,mini-crm-dev,A3.04.09,Risa,Risa,A3,4,9,RISA,56.92,51.3,3217090315,3348991018,HBL,RISA,2,2,56519506.58819395,62711312.18323587,0.9012649332396345,4.100000002642139,low,Nam,Tây,Nội khu,False,1,1,2025-05-31 00:00:00+00:00,demo,synthetic,3217,La Pura,active,2025-06-08 00:00:00+00:00,Risa,RISA,2,49.01,14,active,seed-batch-units-001,1,2025-08-15 02:00:00+00:00,2025-08-23 10:00:00+00:00,synthetic_v1_tower_stack_floor_band,synthetic_v1_causal_funnel,58836806,65282476,0.9013,4.1
P-0001,A-0014,U-0125,mini_crm,mini-crm-dev,A3.04.11,Risa,Risa,A3,4,11,2 PN + 2 WC,66.14,59.32,3539386682,3684501536,HBL,2PN+2WC,2,2,53513557.33293015,59665992.61631827,0.8968853946174781,4.100000001073632,low,Đông,Nam,Cảnh quan nội khu,False,1,1,2025-05-31 00:00:00+00:00,demo,synthetic,3539,La Pura,active,2025-06-08 00:00:00+00:00,Risa,2 PN + 2 WC,2,65.76,39,active,seed-batch-units-001,0,1970-01-01 00:00:00+00:00,1970-01-01 00:00:00+00:00,synthetic_v1_tower_stack_floor_band,synthetic_v1_causal_funnel,55707613,62112298,0.8969,4.1
P-0001,A-0014,U-0126,mini_crm,mini-crm-dev,A3.04.12,Risa,Risa,A3,4,12,2 PN + 2 WC,66.14,59.32,3539386682,3684501536,HBL,2PN+2WC,2,2,53513557.33293015,59665992.61631827,0.8968853946174781,4.100000001073632,low,Tây Bắc,Đông Bắc,Nội khu,False,1,1,2025-05-31 00:00:00+00:00,demo,synthetic,3539,La Pura,active,2025-06-08 00:00:00+00:00,Risa,2 PN + 2 WC,2,65.76,39,active,seed-batch-units-001,1,2025-08-06 02:00:00+00:00,2025-08-29 10:00:00+00:00,synthetic_v1_tower_stack_floor_band,synthetic_v1_causal_funnel,55707613,62112298,0.8969,4.1
P-0001,A-0014,U-0127,mini_crm,mini-crm-dev,A3.04.13,Risa,Risa,A3,4,13,2 PN + 2 WC,66.21,59.34,3483899578,3626739460,HBL,2PN+2WC,2,2,52618933.363540255,58710811.8975396,0.896239238785682,4.099999979964979,low,Tây Nam,Tây Bắc,Nội khu,False,1,1,2025-05-31 00:00:00+00:00,demo,synthetic,3484,La Pura,active,2025-06-08 00:00:00+00:00,Risa,2 PN + 2 WC,2,65.76,39,active,seed-batch-units-001,0,1970-01-01 00:00:00+00:00,1970-01-01 00:00:00+00:00,synthetic_v1_tower_stack_floor_band,synthetic_v1_causal_funnel,54776310,61117955,0.8962,4.1
P-0001,A-0014,U-0128,mini_crm,mini-crm-dev,A3.04.14,Risa,Risa,A3,4,14,2 PN + 2 WC,67.25,59.52,3776463222,3931298214,HBL,2PN+2WC,2,2,56155586.94423792,63448642.84274193,0.8850557620817844,4.09999999729906,low,Tây,Bắc,Nội khu,False,1,1,2025-05-31 00:00:00+00:00,demo,synthetic,3776,La Pura,active,2025-06-08 00:00:00+00:00,Risa,2 PN + 2 WC,2,65.76,39,active,seed-batch-units-001,1,2025-08-24 02:00:00+00:00,2025-09-09 10:00:00+00:00,synthetic_v1_tower_stack_floor_band,synthetic_v1_causal_funnel,58457966,66050037,0.8851,4.1
P-0001,A-0014,U-0129,mini_crm,mini-crm-dev,A3.05.03,Risa,Risa,A3,5,3,2 PN + 2 WC,76.91,69.16,4152776704,4323040549,HBL,2PN+2WC,2,2,53995276.34897933,60045932.67784847,0.8992328695878299,4.100000003274918,low,Đông Bắc,Đông Nam,Cảnh quan nội khu,False,1,1,2025-05-31 00:00:00+00:00,demo,synthetic,4153,La Pura,active,2025-06-08 00:00:00+00:00,Risa,2 PN + 2 WC,2,65.76,39,active,seed-batch-units-001,1,2025-08-11 02:00:00+00:00,2025-09-30 10:00:00+00:00,synthetic_v1_tower_stack_floor_band,synthetic_v1_causal_funnel,56209083,62507816,0.8992,4.1
P-0001,A-0014,U-0130,mini_crm,mini-crm-dev,A3.05.04,Risa,Risa,A3,5,4,2 PN + 2 WC,76.91,69.16,3824438228,3981240196,HBL,2PN+2WC,2,2,49726150.40956963,55298412.78195489,0.8992328695878299,4.100000017048256,low,Bắc,Đông,Nội khu,False,1,1,2025-05-31 00:00:00+00:00,demo,synthetic,3824,La Pura,active,2025-06-08 00:00:00+00:00,Risa,2 PN + 2 WC,2,65.76,39,active,seed-batch-units-001,1,2025-08-01 02:00:00+00:00,2025-08-20 10:00:00+00:00,synthetic_v1_tower_stack_floor_band,synthetic_v1_causal_funnel,51764923,57565648,0.8992,4.1
P-0001,A-0014,U-0131,mini_crm,mini-crm-dev,A3.05.11,Risa,Risa,A3,5,11,2 PN + 2 WC,66.14,59.32,3603690864,3751442190,HBL,2PN+2WC,2,2,54485800.786211066,60750014.5650708,0.8968853946174781,4.100000015983613,low,Đông,Nam,Cảnh quan nội khu,False,1,1,2025-05-31 00:00:00+00:00,demo,synthetic,3604,La Pura,active,2025-06-08 00:00:00+00:00,Risa,2 PN + 2 WC,2,65.76,39,active,seed-batch-units-001,0,1970-01-01 00:00:00+00:00,1970-01-01 00:00:00+00:00,synthetic_v1_tower_stack_floor_band,synthetic_v1_causal_funnel,56719719,63240765,0.8969,4.1
P-0001,A-0014,U-0132,mini_crm,mini-crm-dev,A3.05.12,Risa,Risa,A3,5,12,2 PN + 2 WC,66.14,59.32,3603690864,3751442190,HBL,2PN+2WC,2,2,54485800.786211066,60750014.5650708,0.8968853946174781,4.100000015983613,low,Tây Bắc,Đông Bắc,Nội khu,False,1,1,2025-05-31 00:00:00+00:00,demo,synthetic,3604,La Pura,active,2025-06-08 00:00:00+00:00,Risa,2 PN + 2 WC,2,65.76,39,active,seed-batch-units-001,1,2025-08-11 02:00:00+00:00,2025-09-08 10:00:00+00:00,synthetic_v1_tower_stack_floor_band,synthetic_v1_causal_funnel,56719719,63240765,0.8969,4.1
P-0001,A-0012,U-0133,mini_crm,mini-crm-dev,A3.06.02,Risa,Risa,A3,6,2,1 PN,46.59,41.52,2672921128,2782510894,HBL,1PN,1,1,57371133.891393,64376713.10211945,0.8911783644558918,4.099999990721762,low,Đông Nam,Tây Nam,Hồ bơi,True,1,1,2025-05-31 00:00:00+00:00,demo,synthetic,2673,La Pura,active,2025-06-08 00:00:00+00:00,Risa,1 PN,1,44.73,29,active,seed-batch-units-001,1,2025-08-10 02:00:00+00:00,2025-08-22 10:00:00+00:00,synthetic_v1_tower_stack_floor_band,synthetic_v1_causal_funnel,59723350,67016158,0.8912,4.1
P-0001,A-0014,U-0134,mini_crm,mini-crm-dev,A3.07.08,Risa,Risa,A3,7,8,2 PN + 2 WC,70.15,62.33,4450859034,4633344254,HBL,2PN+2WC,2,2,63447741.04062722,71407974.23391625,0.8885245901639344,4.099999991147777,low,Nam,Tây,Nội khu,False,1,1,2025-05-31 00:00:00+00:00,demo,synthetic,4451,La Pura,active,2025-06-08 00:00:00+00:00,Risa,2 PN + 2 WC,2,65.76,39,active,seed-batch-units-001,0,1970-01-01 00:00:00+00:00,1970-01-01 00:00:00+00:00,synthetic_v1_tower_stack_floor_band,synthetic_v1_causal_funnel,66049098,74335701,0.8885,4.1
P-0001,A-0014,U-0135,mini_crm,mini-crm-dev,A3.09.08,Risa,Risa,A3,9,8,2 PN + 2 WC,70.15,62.33,4462064463,4645009106,HBL,2PN+2WC,2,2,63607476.30791161,71587750.08824001,0.8885245901639344,4.10000000038099,low,Nam,Tây,Nội khu,False,1,1,2025-05-31 00:00:00+00:00,demo,synthetic,4462,La Pura,active,2025-06-08 00:00:00+00:00,Risa,2 PN + 2 WC,2,65.76,39,active,seed-batch-units-001,1,2025-08-15 02:00:00+00:00,2025-08-25 10:00:00+00:00,synthetic_v1_tower_stack_floor_band,synthetic_v1_causal_funnel,66215383,74522848,0.8885,4.1
P-0001,A-0014,U-0136,mini_crm,mini-crm-dev,A3.13.08,Risa,Risa,A3,13,8,2 PN + 2 WC,70.15,62.8,4327974912,4505421883,HBL,2PN+2WC,2,2,61696007.29864576,68916797.96178344,0.8952245188880968,4.099999990942646,mid,Nam,Tây,Sông,False,1,1,2025-05-31 00:00:00+00:00,demo,synthetic,4328,La Pura,active,2025-06-08 00:00:00+00:00,Risa,2 PN + 2 WC,2,65.76,39,active,seed-batch-units-001,1,2025-07-29 02:00:00+00:00,2025-08-02 10:00:00+00:00,synthetic_v1_tower_stack_floor_band,synthetic_v1_causal_funnel,64225544,71742387,0.8952,4.1
P-0001,A-0014,U-0137,mini_crm,mini-crm-dev,A3.14.08,Risa,Risa,A3,14,8,2 PN + 2 WC,70.15,62.8,4427477873,4609004465,HBL,2PN+2WC,2,2,63114438.674269415,70501240.01592357,0.8952245188880968,4.099999982089125,mid,Nam,Tây,Sông,False,1,1,2025-05-31 00:00:00+00:00,demo,synthetic,4427,La Pura,active,2025-06-08 00:00:00+00:00,Risa,2 PN + 2 WC,2,65.76,39,active,seed-batch-units-001,1,2025-08-13 02:00:00+00:00,2025-10-05 10:00:00+00:00,synthetic_v1_tower_stack_floor_band,synthetic_v1_causal_funnel,65702131,73391791,0.8952,4.1
P-0001,A-0016,U-0138,mini_crm,mini-crm-dev,A3.19.04,Risa,Risa,A3,19,4,Căn hộ Loft,76.91,69.48,4701472650,4894233029,HBL,Loft,2,2,61129536.47120011,67666560.880829,0.9033935769080744,4.100000007444476,mid,Bắc,Đông,Sông,False,1,1,2025-05-31 00:00:00+00:00,demo,synthetic,4701,La Pura,active,2025-06-08 00:00:00+00:00,Risa,Căn hộ Loft,2,56.13,19,active,seed-batch-units-001,0,1970-01-01 00:00:00+00:00,1970-01-01 00:00:00+00:00,synthetic_v1_tower_stack_floor_band,synthetic_v1_causal_funnel,63635847,70440890,0.9034,4.1
P-0001,A-0016,U-0139,mini_crm,mini-crm-dev,A3.19.06,Risa,Risa,A3,19,6,Căn hộ Loft,55.33,48.68,3705666724,3857599060,HBL,Loft,2,2,66973915.12741732,76122981.18323746,0.879812036869691,4.100000008527481,mid,Đông Bắc,Đông Nam,Sông,False,1,1,2025-05-31 00:00:00+00:00,demo,synthetic,3706,La Pura,active,2025-06-08 00:00:00+00:00,Risa,Căn hộ Loft,2,56.13,19,active,seed-batch-units-001,0,1970-01-01 00:00:00+00:00,1970-01-01 00:00:00+00:00,synthetic_v1_tower_stack_floor_band,synthetic_v1_causal_funnel,69719846,79244023,0.8798,4.1
P-0001,A-0016,U-0140,mini_crm,mini-crm-dev,A3.19.09,Risa,Risa,A3,19,9,Căn hộ Loft,56.92,51.67,4012559653,4177074599,HBL,Loft,2,2,70494723.34855938,77657434.73969421,0.907765284609979,4.100000005657237,mid,Nam,Tây,Thành phố,False,1,1,2025-05-31 00:00:00+00:00,demo,synthetic,4013,La Pura,active,2025-06-08 00:00:00+00:00,Risa,Căn hộ Loft,2,56.13,19,active,seed-batch-units-001,0,1970-01-01 00:00:00+00:00,1970-01-01 00:00:00+00:00,synthetic_v1_tower_stack_floor_band,synthetic_v1_causal_funnel,73385007,80841390,0.9078,4.1
P-0001,A-0016,U-0141,mini_crm,mini-crm-dev,A3.19.11,Risa,Risa,A3,19,11,Căn hộ Loft,66.21,59.8,4406687362,4587361544,HBL,Loft,2,2,66556220.540703826,73690424.11371239,0.9031868297840205,4.10000000358546,mid,Đông,Nam,Cảnh quan nội khu,False,1,1,2025-05-31 00:00:00+00:00,demo,synthetic,4407,La Pura,active,2025-06-08 00:00:00+00:00,Risa,Căn hộ Loft,2,56.13,19,active,seed-batch-units-001,0,1970-01-01 00:00:00+00:00,1970-01-01 00:00:00+00:00,synthetic_v1_tower_stack_floor_band,synthetic_v1_causal_funnel,69285026,76711732,0.9032,4.1
P-0001,A-0016,U-0142,mini_crm,mini-crm-dev,A3.19.13,Risa,Risa,A3,19,13,Căn hộ Loft,66.27,59.81,4376549082,4555987594,HBL,Loft,2,2,66041181.25848801,73174203.00953017,0.9025199939640864,4.099999991728643,mid,Tây Nam,Tây Bắc,Nội khu,False,1,1,2025-05-31 00:00:00+00:00,demo,synthetic,4377,La Pura,active,2025-06-08 00:00:00+00:00,Risa,Căn hộ Loft,2,56.13,19,active,seed-batch-units-001,1,2025-07-31 02:00:00+00:00,2025-09-09 10:00:00+00:00,synthetic_v1_tower_stack_floor_band,synthetic_v1_causal_funnel,68748870,76174345,0.9025,4.1
P-0001,A-0016,U-0143,mini_crm,mini-crm-dev,A3.19.16,Risa,Risa,A3,19,16,Căn hộ Loft,53.94,48.96,3576139897,3722761633,HBL,Loft,2,2,66298477.88283278,73042073.05964053,0.9076751946607342,4.100000006235774,mid,Nam,Tây,Thành phố,False,1,1,2025-05-31 00:00:00+00:00,demo,synthetic,3576,La Pura,active,2025-06-08 00:00:00+00:00,Risa,Căn hộ Loft,2,56.13,19,active,seed-batch-units-001,1,2025-08-18 02:00:00+00:00,2025-09-22 10:00:00+00:00,synthetic_v1_tower_stack_floor_band,synthetic_v1_causal_funnel,69016715,76036798,0.9077,4.1
P-0001,A-0016,U-0144,mini_crm,mini-crm-dev,A3.19.17,Risa,Risa,A3,19,17,Căn hộ Loft,53.94,48.96,3548462413,3693949372,HBL,Loft,2,2,65785361.75380052,72476764.97140522,0.9076751946607342,4.100000001888142,mid,Tây Nam,Tây Bắc,Nội khu,False,1,1,2025-05-31 00:00:00+00:00,demo,synthetic,3548,La Pura,active,2025-06-08 00:00:00+00:00,Risa,Căn hộ Loft,2,56.13,19,active,seed-batch-units-001,1,2025-07-31 02:00:00+00:00,2025-09-06 10:00:00+00:00,synthetic_v1_tower_stack_floor_band,synthetic_v1_causal_funnel,68482562,75448312,0.9077,4.1
P-0001,A-0016,U-0145,mini_crm,mini-crm-dev,A3.19.18,Risa,Risa,A3,19,18,Căn hộ Loft,62.73,56.49,3717543651,3869962941,HBL,Loft,2,2,59262612.003825925,65808880.35050451,0.9005260640841704,4.10000000831194,mid,Tây Nam,Tây Bắc,Sông,True,1,1,2025-05-31 00:00:00+00:00,demo,synthetic,3718,La Pura,active,2025-06-08 00:00:00+00:00,Risa,Căn hộ Loft,2,56.13,19,active,seed-batch-units-001,1,2025-08-05 02:00:00+00:00,2025-08-19 10:00:00+00:00,synthetic_v1_tower_stack_floor_band,synthetic_v1_causal_funnel,61692379,68507044,0.9005,4.1
P-0001,A-0014,U-0146,mini_crm,mini-crm-dev,A3.27.04,Risa,Risa,A3,27,4,2 PN + 2 WC,76.91,69.8,3959575866,4121918477,HBL,2PN+2WC,2,2,51483238.40852945,56727447.93696275,0.9075542842283189,4.100000012476084,high,Bắc,Đông,Sông,False,1,1,2025-05-31 00:00:00+00:00,demo,synthetic,3960,La Pura,active,2025-06-08 00:00:00+00:00,Risa,2 PN + 2 WC,2,65.76,39,active,seed-batch-units-001,0,1970-01-01 00:00:00+00:00,1970-01-01 00:00:00+00:00,synthetic_v1_tower_stack_floor_band,synthetic_v1_causal_funnel,53594051,59053273,0.9076,4.1
P-0001,A-0014,U-0147,mini_crm,mini-crm-dev,A3.32.04,Risa,Risa,A3,32,4,2 PN + 2 WC,76.91,69.8,3990288966,4153890813,HBL,2PN+2WC,2,2,51882576.596021324,57167463.69627507,0.9075542842283189,4.099999984813129,high,Bắc,Đông,Sông,False,1,1,2025-05-31 00:00:00+00:00,demo,synthetic,3990,La Pura,active,2025-06-08 00:00:00+00:00,Risa,2 PN + 2 WC,2,65.76,39,active,seed-batch-units-001,1,2025-08-13 02:00:00+00:00,2025-10-04 10:00:00+00:00,synthetic_v1_tower_stack_floor_band,synthetic_v1_causal_funnel,54009762,59511330,0.9076,4.1
P-0001,A-0012,U-0148,mini_crm,mini-crm-dev,A3.33.02,Risa,Risa,A3,33,2,1 PN,46.59,42.18,2572453232,2677923815,HBL,1PN,1,1,55214707.705516204,60987511.427216694,0.9053444945267224,4.100000018970219,high,Đông Nam,Tây Nam,Toàn cảnh,True,1,1,2025-05-31 00:00:00+00:00,demo,synthetic,2572,La Pura,active,2025-06-08 00:00:00+00:00,Risa,1 PN,1,44.73,29,active,seed-batch-units-001,1,2025-08-10 02:00:00+00:00,2025-09-03 10:00:00+00:00,synthetic_v1_tower_stack_floor_band,synthetic_v1_causal_funnel,57478511,63487999,0.9053,4.1
P-0001,A-0014,U-0149,mini_crm,mini-crm-dev,A3.34.03,Risa,Risa,A3,34,3,2 PN + 2 WC,76.91,69.96,3974640727,4137600997,HBL,2PN+2WC,2,2,51679114.900533095,56813046.412235565,0.909634637888441,4.100000004855785,high,Đông Bắc,Đông Nam,Hồ bơi,False,1,1,2025-05-31 00:00:00+00:00,demo,synthetic,3975,La Pura,active,2025-06-08 00:00:00+00:00,Risa,2 PN + 2 WC,2,65.76,39,active,seed-batch-units-001,1,2025-08-10 02:00:00+00:00,2025-09-28 10:00:00+00:00,synthetic_v1_tower_stack_floor_band,synthetic_v1_causal_funnel,53797959,59142381,0.9096,4.1
P-0001,A-0014,U-0150,mini_crm,mini-crm-dev,A3.34.04,Risa,Risa,A3,34,4,2 PN + 2 WC,76.91,69.8,4002574205,4166679748,HBL,2PN+2WC,2,2,52042311.858015865,57343469.98567335,0.9075542842283189,4.100000014865433,high,Bắc,Đông,Sông,False,1,1,2025-05-31 00:00:00+00:00,demo,synthetic,4003,La Pura,active,2025-06-08 00:00:00+00:00,Risa,2 PN + 2 WC,2,65.76,39,active,seed-batch-units-001,1,2025-07-29 02:00:00+00:00,2025-09-04 10:00:00+00:00,synthetic_v1_tower_stack_floor_band,synthetic_v1_causal_funnel,54176047,59694552,0.9076,4.1
P-0001,A-0014,U-0151,mini_crm,mini-crm-dev,A3.37.03,Risa,Risa,A3,37,3,2 PN + 2 WC,76.91,69.96,3956212867,4118417595,HBL,2PN+2WC,2,2,51439511.988037966,56549640.75185821,0.909634637888441,4.100000011450344,high,Đông Bắc,Đông Nam,Hồ bơi,False,1,1,2025-05-31 00:00:00+00:00,demo,synthetic,3956,La Pura,active,2025-06-08 00:00:00+00:00,Risa,2 PN + 2 WC,2,65.76,39,active,seed-batch-units-001,1,2025-07-26 02:00:00+00:00,2025-08-09 10:00:00+00:00,synthetic_v1_tower_stack_floor_band,synthetic_v1_causal_funnel,53548532,58868176,0.9096,4.1
P-0001,A-0012,U-0152,mini_crm,mini-crm-dev,A3.37.05,Risa,Risa,A3,37,5,1 PN,46.73,42.01,2604197295,2710969384,HBL,1PN,1,1,55728596.08388616,61989937.99095454,0.8989942221271132,4.099999996352043,high,Đông,Nam,Sông,False,1,1,2025-05-31 00:00:00+00:00,demo,synthetic,2604,La Pura,active,2025-06-08 00:00:00+00:00,Risa,1 PN,1,44.73,29,active,seed-batch-units-001,0,1970-01-01 00:00:00+00:00,1970-01-01 00:00:00+00:00,synthetic_v1_tower_stack_floor_band,synthetic_v1_causal_funnel,58013469,64531525,0.899,4.1
P-0001,A-0012,U-0153,mini_crm,mini-crm-dev,A3.38.02,Risa,Risa,A3,38,2,1 PN,46.59,42.18,2553848066,2658555837,HBL,1PN,1,1,54815369.52135651,60546421.66903746,0.9053444945267224,4.100000011512039,high,Đông Nam,Tây Nam,Toàn cảnh,True,1,1,2025-05-31 00:00:00+00:00,demo,synthetic,2554,La Pura,active,2025-06-08 00:00:00+00:00,Risa,1 PN,1,44.73,29,active,seed-batch-units-001,1,2025-08-22 02:00:00+00:00,2025-10-17 10:00:00+00:00,synthetic_v1_tower_stack_floor_band,synthetic_v1_causal_funnel,57062800,63028825,0.9053,4.1
P-0001,A-0014,U-0154,mini_crm,mini-crm-dev,A3.38.03,Risa,Risa,A3,38,3,2 PN + 2 WC,76.91,69.96,3950070248,4112023128,HBL,2PN+2WC,2,2,51359644.363541804,56461838.87935964,0.909634637888441,4.099999995746911,high,Đông Bắc,Đông Nam,Hồ bơi,False,1,1,2025-05-31 00:00:00+00:00,demo,synthetic,3950,La Pura,active,2025-06-08 00:00:00+00:00,Risa,2 PN + 2 WC,2,65.76,39,active,seed-batch-units-001,0,1970-01-01 00:00:00+00:00,1970-01-01 00:00:00+00:00,synthetic_v1_tower_stack_floor_band,synthetic_v1_causal_funnel,53465390,58776774,0.9096,4.1
P-0001,A-0012,U-0155,mini_crm,mini-crm-dev,A3.39.02,Risa,Risa,A3,39,2,1 PN,46.59,42.18,2550127033,2654682241,HBL,1PN,1,1,54735501.88881734,60458203.722143196,0.9053444945267224,4.0999999861575525,high,Đông Nam,Tây Nam,Toàn cảnh,True,1,1,2025-05-31 00:00:00+00:00,demo,synthetic,2550,La Pura,active,2025-06-08 00:00:00+00:00,Risa,1 PN,1,44.73,29,active,seed-batch-units-001,1,2025-08-15 02:00:00+00:00,2025-10-03 10:00:00+00:00,synthetic_v1_tower_stack_floor_band,synthetic_v1_causal_funnel,56979657,62936990,0.9053,4.1
P-0001,A-0014,U-0156,mini_crm,mini-crm-dev,A3.39.04,Risa,Risa,A3,39,4,2 PN + 2 WC,76.91,69.8,4033287305,4198652084,HBL,2PN+2WC,2,2,52441650.04550774,57783485.74498568,0.9075542842283189,4.099999987479196,high,Bắc,Đông,Sông,False,1,1,2025-05-31 00:00:00+00:00,demo,synthetic,4033,La Pura,active,2025-06-08 00:00:00+00:00,Risa,2 PN + 2 WC,2,65.76,39,active,seed-batch-units-001,0,1970-01-01 00:00:00+00:00,1970-01-01 00:00:00+00:00,synthetic_v1_tower_stack_floor_band,synthetic_v1_causal_funnel,54591758,60152609,0.9076,4.1
P-0001,A-0018,U-0157,mini_crm,mini-crm-dev,A3.39.09,Risa,Risa,A3,39,9,RISA,56.92,52.41,3426996652,3567503515,HBL,RISA,2,2,60207249.683766685,65388220.79755772,0.9207659873506675,4.100000007820259,high,Nam,Tây,Thành phố,False,1,1,2025-05-31 00:00:00+00:00,demo,synthetic,3427,La Pura,active,2025-06-08 00:00:00+00:00,Risa,RISA,2,49.01,14,active,seed-batch-units-001,1,2025-07-23 02:00:00+00:00,2025-08-01 10:00:00+00:00,synthetic_v1_tower_stack_floor_band,synthetic_v1_causal_funnel,62675747,68069138,0.9208,4.1
P-0001,A-0018,U-0158,mini_crm,mini-crm-dev,A4.04.01,Risa,Risa,A4,4,1,RISA,55.21,48.23,3126347510,3254527758,AUH,RISA,2,2,56626471.83481253,64821636.11859839,0.8735736279659482,4.100000002878758,low,Đông Nam,Tây Nam,Nội khu,True,1,1,2025-05-31 00:00:00+00:00,demo,synthetic,3126,La Pura,active,2025-06-08 00:00:00+00:00,Risa,RISA,2,49.01,14,active,seed-batch-units-001,1,2025-08-14 02:00:00+00:00,2025-09-13 10:00:00+00:00,synthetic_v1_tower_stack_floor_band,synthetic_v1_causal_funnel,58948157,67479323,0.8736,4.1
P-0001,A-0014,U-0159,mini_crm,mini-crm-dev,A4.04.03,Risa,Risa,A4,4,3,2 PN + 2 WC,72.66,65.11,3697271477,3848859607,AUH,2PN+2WC,2,2,50884551.018442065,56785001.95054523,0.8960913845306909,4.099999984934836,low,Bắc,Đông,Cảnh quan nội khu,False,1,1,2025-05-31 00:00:00+00:00,demo,synthetic,3697,La Pura,active,2025-06-08 00:00:00+00:00,Risa,2 PN + 2 WC,2,65.76,39,active,seed-batch-units-001,1,2025-08-06 02:00:00+00:00,2025-08-30 10:00:00+00:00,synthetic_v1_tower_stack_floor_band,synthetic_v1_causal_funnel,52970818,59113187,0.8961,4.1
P-0001,A-0014,U-0160,mini_crm,mini-crm-dev,A4.04.04,Risa,Risa,A4,4,4,2 PN + 2 WC,72.66,65.11,3975666856,4138669197,AUH,2PN+2WC,2,2,54716031.59922929,61060771.86300108,0.8960913845306909,4.099999997585311,low,Tây Bắc,Đông Bắc,Nội khu,False,1,1,2025-05-31 00:00:00+00:00,demo,synthetic,3976,La Pura,active,2025-06-08 00:00:00+00:00,Risa,2 PN + 2 WC,2,65.76,39,active,seed-batch-units-001,0,1970-01-01 00:00:00+00:00,1970-01-01 00:00:00+00:00,synthetic_v1_tower_stack_floor_band,synthetic_v1_causal_funnel,56959389,63564264,0.8961,4.1
P-0001,A-0014,U-0161,mini_crm,mini-crm-dev,A4.04.20,Risa,Risa,A4,4,20,2 PN + 2 WC,71.81,63.25,3933372294,4094640558,AUH,2PN+2WC,2,2,54774715.13716752,62187704.25296443,0.8807965464419997,4.0999999986271325,low,Đông,Nam,Nội khu,False,1,1,2025-05-31 00:00:00+00:00,demo,synthetic,3933,La Pura,active,2025-06-08 00:00:00+00:00,Risa,2 PN + 2 WC,2,65.76,39,active,seed-batch-units-001,1,2025-08-02 02:00:00+00:00,2025-08-10 10:00:00+00:00,synthetic_v1_tower_stack_floor_band,synthetic_v1_causal_funnel,57020478,64737400,0.8808,4.1
P-0001,A-0015,U-0162,mini_crm,mini-crm-dev,A4.04.21,Risa,Risa,A4,4,21,3 PN,85.54,75.84,5793188768,6030709507,AUH,3PN,3,2,67724909.60953939,76386982.70042194,0.8866027589431844,4.099999991576315,low,Đông Bắc,Đông Nam,Nội khu,False,1,1,2025-05-31 00:00:00+00:00,demo,synthetic,5793,La Pura,active,2025-06-08 00:00:00+00:00,Risa,3 PN,3,75.84,8,active,seed-batch-units-001,1,2025-07-22 02:00:00+00:00,2025-08-07 10:00:00+00:00,synthetic_v1_tower_stack_floor_band,synthetic_v1_causal_funnel,70501631,79518849,0.8866,4.1
P-0001,A-0012,U-0163,mini_crm,mini-crm-dev,A4.05.02,Risa,Risa,A4,5,2,1 PN,49.76,44.56,2769253120,2882792498,AUH,1PN,1,1,55652192.926045015,62146614.00359066,0.8954983922829582,4.100000002888866,low,Đông,Nam,Hồ bơi,False,1,1,2025-05-31 00:00:00+00:00,demo,synthetic,2769,La Pura,active,2025-06-08 00:00:00+00:00,Risa,1 PN,1,44.73,29,active,seed-batch-units-001,1,2025-08-16 02:00:00+00:00,2025-08-24 10:00:00+00:00,synthetic_v1_tower_stack_floor_band,synthetic_v1_causal_funnel,57933933,64694625,0.8955,4.1
P-0001,A-0015,U-0164,mini_crm,mini-crm-dev,A4.05.21,Risa,Risa,A4,5,21,3 PN,85.54,75.84,5944360356,6188079130,AUH,3PN,3,2,69492171.56885667,78380278.9556962,0.8866027589431844,4.09999998997369,low,Đông Bắc,Đông Nam,Nội khu,False,1,1,2025-05-31 00:00:00+00:00,demo,synthetic,5944,La Pura,active,2025-06-08 00:00:00+00:00,Risa,3 PN,3,75.84,8,active,seed-batch-units-001,1,2025-08-12 02:00:00+00:00,2025-09-18 10:00:00+00:00,synthetic_v1_tower_stack_floor_band,synthetic_v1_causal_funnel,72341351,81593870,0.8866,4.1
P-0001,A-0012,U-0165,mini_crm,mini-crm-dev,A4.06.02,Risa,Risa,A4,6,2,1 PN,49.76,44.56,2773558842,2887274754,AUH,1PN,1,1,55738722.70900322,62243241.51705565,0.8954983922829582,4.0999999811794146,low,Đông,Nam,Hồ bơi,False,1,1,2025-05-31 00:00:00+00:00,demo,synthetic,2774,La Pura,active,2025-06-08 00:00:00+00:00,Risa,1 PN,1,44.73,29,active,seed-batch-units-001,0,1970-01-01 00:00:00+00:00,1970-01-01 00:00:00+00:00,synthetic_v1_tower_stack_floor_band,synthetic_v1_causal_funnel,58024010,64795214,0.8955,4.1
P-0001,A-0014,U-0166,mini_crm,mini-crm-dev,A4.06.04,Risa,Risa,A4,6,4,2 PN + 2 WC,72.66,65.11,4068465315,4235272393,AUH,2PN+2WC,2,2,55993191.78364988,62486028.49024727,0.8960913845306909,4.10000000208924,low,Tây Bắc,Đông Bắc,Nội khu,False,1,1,2025-05-31 00:00:00+00:00,demo,synthetic,4068,La Pura,active,2025-06-08 00:00:00+00:00,Risa,2 PN + 2 WC,2,65.76,39,active,seed-batch-units-001,1,2025-08-04 02:00:00+00:00,2025-08-18 10:00:00+00:00,synthetic_v1_tower_stack_floor_band,synthetic_v1_causal_funnel,58288913,65047956,0.8961,4.1
P-0001,A-0012,U-0167,mini_crm,mini-crm-dev,A4.06.05,Risa,Risa,A4,6,5,1 PN,49.61,44.55,3010476178,3133905701,AUH,1PN,1,1,60682849.78834912,67575222.85072953,0.8980044345898004,4.099999990101233,low,Bắc,Đông,Nội khu,False,1,1,2025-05-31 00:00:00+00:00,demo,synthetic,3010,La Pura,active,2025-06-08 00:00:00+00:00,Risa,1 PN,1,44.73,29,active,seed-batch-units-001,0,1970-01-01 00:00:00+00:00,1970-01-01 00:00:00+00:00,synthetic_v1_tower_stack_floor_band,synthetic_v1_causal_funnel,63170847,70345807,0.898,4.1
P-0001,A-0012,U-0168,mini_crm,mini-crm-dev,A4.07.02,Risa,Risa,A4,7,2,1 PN,49.76,44.56,2777864564,2891757011,AUH,1PN,1,1,55825252.49196142,62339869.03052064,0.8954983922829582,4.099999995536139,low,Đông,Nam,Hồ bơi,False,1,1,2025-05-31 00:00:00+00:00,demo,synthetic,2778,La Pura,active,2025-06-08 00:00:00+00:00,Risa,1 PN,1,44.73,29,active,seed-batch-units-001,1,2025-08-08 02:00:00+00:00,2025-08-12 10:00:00+00:00,synthetic_v1_tower_stack_floor_band,synthetic_v1_causal_funnel,58114088,64895804,0.8955,4.1
P-0001,A-0014,U-0169,mini_crm,mini-crm-dev,A4.07.04,Risa,Risa,A4,7,4,2 PN + 2 WC,72.66,65.11,4062178062,4228727362,AUH,2PN+2WC,2,2,55906662.01486375,62389464.93626171,0.8960913845306909,4.099999986657404,low,Tây Bắc,Đông Bắc,Nội khu,False,1,1,2025-05-31 00:00:00+00:00,demo,synthetic,4062,La Pura,active,2025-06-08 00:00:00+00:00,Risa,2 PN + 2 WC,2,65.76,39,active,seed-batch-units-001,0,1970-01-01 00:00:00+00:00,1970-01-01 00:00:00+00:00,synthetic_v1_tower_stack_floor_band,synthetic_v1_causal_funnel,58198835,64947433,0.8961,4.1
P-0001,A-0015,U-0170,mini_crm,mini-crm-dev,A4.08.21,Risa,Risa,A4,8,21,3 PN,85.54,75.84,5969896418,6214662171,AUH,3PN,3,2,69790699.29857376,78716988.63396624,0.8866027589431844,4.099999997688402,low,Đông Bắc,Đông Nam,Nội khu,False,1,1,2025-05-31 00:00:00+00:00,demo,synthetic,5970,La Pura,active,2025-06-08 00:00:00+00:00,Risa,3 PN,3,75.84,8,active,seed-batch-units-001,1,2025-07-27 02:00:00+00:00,2025-08-09 10:00:00+00:00,synthetic_v1_tower_stack_floor_band,synthetic_v1_causal_funnel,72652118,81944385,0.8866,4.1
P-0001,A-0015,U-0171,mini_crm,mini-crm-dev,A4.09.21,Risa,Risa,A4,9,21,3 PN,85.54,75.84,5978408439,6223523185,AUH,3PN,3,2,69890208.54570961,78829225.19778481,0.8866027589431844,4.100000000016727,low,Đông Bắc,Đông Nam,Nội khu,False,1,1,2025-05-31 00:00:00+00:00,demo,synthetic,5978,La Pura,active,2025-06-08 00:00:00+00:00,Risa,3 PN,3,75.84,8,active,seed-batch-units-001,0,1970-01-01 00:00:00+00:00,1970-01-01 00:00:00+00:00,synthetic_v1_tower_stack_floor_band,synthetic_v1_causal_funnel,72755707,82061223,0.8866,4.1
P-0001,A-0018,U-0172,mini_crm,mini-crm-dev,A4.10.01,Risa,Risa,A4,10,1,RISA,55.21,48.23,3235077997,3367716195,AUH,RISA,2,2,58595870.259011045,67076052.18743521,0.8735736279659482,4.100000003802072,low,Đông Nam,Tây Nam,Nội khu,True,1,1,2025-05-31 00:00:00+00:00,demo,synthetic,3235,La Pura,active,2025-06-08 00:00:00+00:00,Risa,RISA,2,49.01,14,active,seed-batch-units-001,1,2025-08-04 02:00:00+00:00,2025-08-24 10:00:00+00:00,synthetic_v1_tower_stack_floor_band,synthetic_v1_causal_funnel,60998301,69826170,0.8736,4.1
P-0001,A-0012,U-0173,mini_crm,mini-crm-dev,A4.10.05,Risa,Risa,A4,10,5,1 PN,49.61,44.55,2993305209,3116030722,AUH,1PN,1,1,60336730.67929853,67189791.44781145,0.8980044345898004,4.099999980990913,low,Bắc,Đông,Nội khu,False,1,1,2025-05-31 00:00:00+00:00,demo,synthetic,2993,La Pura,active,2025-06-08 00:00:00+00:00,Risa,1 PN,1,44.73,29,active,seed-batch-units-001,0,1970-01-01 00:00:00+00:00,1970-01-01 00:00:00+00:00,synthetic_v1_tower_stack_floor_band,synthetic_v1_causal_funnel,62810537,69944573,0.898,4.1
P-0001,A-0015,U-0174,mini_crm,mini-crm-dev,A4.10.21,Risa,Risa,A4,10,21,3 PN,85.54,75.84,5986920460,6232384199,AUH,3PN,3,2,69989717.79284544,78941461.76160337,0.8866027589431844,4.100000002338431,low,Đông Bắc,Đông Nam,Nội khu,False,1,1,2025-05-31 00:00:00+00:00,demo,synthetic,5987,La Pura,active,2025-06-08 00:00:00+00:00,Risa,3 PN,3,75.84,8,active,seed-batch-units-001,0,1970-01-01 00:00:00+00:00,1970-01-01 00:00:00+00:00,synthetic_v1_tower_stack_floor_band,synthetic_v1_causal_funnel,72859296,82178062,0.8866,4.1
P-0001,A-0012,U-0175,mini_crm,mini-crm-dev,A4.11.05,Risa,Risa,A4,11,5,1 PN,49.61,44.73,2989012466,3111561978,AUH,1PN,1,1,60250200.88691796,66823439.88374693,0.9016327353356177,4.100000029909544,low,Bắc,Đông,Nội khu,False,1,1,2025-05-31 00:00:00+00:00,demo,synthetic,2989,La Pura,active,2025-06-08 00:00:00+00:00,Risa,1 PN,1,44.73,29,active,seed-batch-units-001,0,1970-01-01 00:00:00+00:00,1970-01-01 00:00:00+00:00,synthetic_v1_tower_stack_floor_band,synthetic_v1_causal_funnel,62720459,69563201,0.9016,4.1
P-0001,A-0012,U-0176,mini_crm,mini-crm-dev,A4.12.05,Risa,Risa,A4,12,5,1 PN,49.61,44.73,2984719724,3107093233,AUH,1PN,1,1,60163671.11469462,66727469.79655713,0.9016327353356177,4.100000010587259,low,Bắc,Đông,Nội khu,False,1,1,2025-05-31 00:00:00+00:00,demo,synthetic,2985,La Pura,active,2025-06-08 00:00:00+00:00,Risa,1 PN,1,44.73,29,active,seed-batch-units-001,0,1970-01-01 00:00:00+00:00,1970-01-01 00:00:00+00:00,synthetic_v1_tower_stack_floor_band,synthetic_v1_causal_funnel,62630382,69463296,0.9016,4.1
P-0001,A-0012,U-0177,mini_crm,mini-crm-dev,A4.13.02,Risa,Risa,A4,13,2,1 PN,49.76,44.8,2731535960,2843528934,AUH,1PN,1,1,54894211.414790995,60971784.821428575,0.9003215434083601,4.099999986820602,mid,Đông,Nam,Toàn cảnh,False,1,1,2025-05-31 00:00:00+00:00,demo,synthetic,2732,La Pura,active,2025-06-08 00:00:00+00:00,Risa,1 PN,1,44.73,29,active,seed-batch-units-001,0,1970-01-01 00:00:00+00:00,1970-01-01 00:00:00+00:00,synthetic_v1_tower_stack_floor_band,synthetic_v1_causal_funnel,57144874,63471628,0.9003,4.1
P-0001,A-0014,U-0178,mini_crm,mini-crm-dev,A4.13.03,Risa,Risa,A4,13,3,2 PN + 2 WC,72.66,65.44,3753856760,3907764887,AUH,2PN+2WC,2,2,51663319.02009359,57363336.79706602,0.9006330856041839,4.099999995737718,mid,Bắc,Đông,Hồ bơi,False,1,1,2025-05-31 00:00:00+00:00,demo,synthetic,3754,La Pura,active,2025-06-08 00:00:00+00:00,Risa,2 PN + 2 WC,2,65.76,39,active,seed-batch-units-001,0,1970-01-01 00:00:00+00:00,1970-01-01 00:00:00+00:00,synthetic_v1_tower_stack_floor_band,synthetic_v1_causal_funnel,53781515,59715234,0.9006,4.1
P-0001,A-0012,U-0179,mini_crm,mini-crm-dev,A4.13.05,Risa,Risa,A4,13,5,1 PN,49.61,44.73,2908481580,3027729325,AUH,1PN,1,1,58626921.58838944,65023062.37424548,0.9016327353356177,4.100000007564084,mid,Bắc,Đông,Nội khu,False,1,1,2025-05-31 00:00:00+00:00,demo,synthetic,2908,La Pura,active,2025-06-08 00:00:00+00:00,Risa,1 PN,1,44.73,29,active,seed-batch-units-001,0,1970-01-01 00:00:00+00:00,1970-01-01 00:00:00+00:00,synthetic_v1_tower_stack_floor_band,synthetic_v1_causal_funnel,61030625,67689008,0.9016,4.1
P-0001,A-0017,U-0180,mini_crm,mini-crm-dev,A4.14.01,Risa,Risa,A4,14,1,Căn hộ sân vườn,187.66,171.82,13979975574,14553154573,AUH,Garden,2,2,74496299.55238196,81364076.20765918,0.9155920281359906,4.1000000033333395,mid,Đông Nam,Tây Nam,Sông,True,1,1,2025-05-31 00:00:00+00:00,demo,synthetic,13980,La Pura,active,2025-06-08 00:00:00+00:00,Risa,Căn hộ sân vườn,2,168.86,4,active,seed-batch-units-001,1,2025-07-16 02:00:00+00:00,2025-08-01 10:00:00+00:00,synthetic_v1_tower_stack_floor_band,synthetic_v1_causal_funnel,77550648,84700003,0.9156,4.1
P-0001,A-0017,U-0181,mini_crm,mini-crm-dev,A4.14.02,Risa,Risa,A4,14,2,Căn hộ sân vườn,179.08,165.22,12585243437,13101238418,AUH,Garden,2,2,70277213.74246146,76172639.12964532,0.9226044226044225,4.100000000659502,mid,Đông,Nam,Toàn cảnh,False,1,1,2025-05-31 00:00:00+00:00,demo,synthetic,12585,La Pura,active,2025-06-08 00:00:00+00:00,Risa,Căn hộ sân vườn,2,168.86,4,active,seed-batch-units-001,1,2025-06-30 02:00:00+00:00,2025-07-16 10:00:00+00:00,synthetic_v1_tower_stack_floor_band,synthetic_v1_causal_funnel,73158580,79295717,0.9226,4.1
P-0001,A-0015,U-0182,mini_crm,mini-crm-dev,A4.15.19,Risa,Risa,A4,15,19,3 PN,85.54,76.2,6029480564,6276689267,AUH,3PN,3,2,70487264.01683423,79127041.5223097,0.8908113163432312,4.0999999979434385,mid,Đông Nam,Tây Nam,Cảnh quan nội khu,False,1,1,2025-05-31 00:00:00+00:00,demo,synthetic,6029,La Pura,active,2025-06-08 00:00:00+00:00,Risa,3 PN,3,75.84,8,active,seed-batch-units-001,0,1970-01-01 00:00:00+00:00,1970-01-01 00:00:00+00:00,synthetic_v1_tower_stack_floor_band,synthetic_v1_causal_funnel,73377242,82371250,0.8908,4.1
P-0001,A-0018,U-0183,mini_crm,mini-crm-dev,A4.17.01,Risa,Risa,A4,17,1,RISA,55.21,48.68,3268519161,3402528446,AUH,RISA,2,2,59201578.71762362,67142957.2925226,0.8817243253033871,4.099999981612468,mid,Đông Nam,Tây Nam,Sông,True,1,1,2025-05-31 00:00:00+00:00,demo,synthetic,3269,La Pura,active,2025-06-08 00:00:00+00:00,Risa,RISA,2,49.01,14,active,seed-batch-units-001,0,1970-01-01 00:00:00+00:00,1970-01-01 00:00:00+00:00,synthetic_v1_tower_stack_floor_band,synthetic_v1_causal_funnel,61628843,69895819,0.8817,4.1
P-0001,A-0015,U-0184,mini_crm,mini-crm-dev,A4.17.21,Risa,Risa,A4,17,21,3 PN,85.54,76.2,6046504606,6294411295,AUH,3PN,3,2,70686282.51110591,79350454.14698163,0.8908113163432312,4.100000002546926,mid,Đông Bắc,Đông Nam,Sông,False,1,1,2025-05-31 00:00:00+00:00,demo,synthetic,6047,La Pura,active,2025-06-08 00:00:00+00:00,Risa,3 PN,3,75.84,8,active,seed-batch-units-001,1,2025-08-10 02:00:00+00:00,2025-08-20 10:00:00+00:00,synthetic_v1_tower_stack_floor_band,synthetic_v1_causal_funnel,73584420,82603823,0.8908,4.1
P-0001,A-0016,U-0185,mini_crm,mini-crm-dev,A4.19.01,Risa,Risa,A4,19,1,Căn hộ Loft,55.21,48.68,3908356928,4068599562,AUH,Loft,2,2,70790743.12624525,80286707.64174199,0.8817243253033871,4.099999998771862,mid,Đông Nam,Tây Nam,Sông,True,1,1,2025-05-31 00:00:00+00:00,demo,synthetic,3908,La Pura,active,2025-06-08 00:00:00+00:00,Risa,Căn hộ Loft,2,56.13,19,active,seed-batch-units-001,1,2025-07-29 02:00:00+00:00,2025-08-14 10:00:00+00:00,synthetic_v1_tower_stack_floor_band,synthetic_v1_causal_funnel,73693164,83578463,0.8817,4.1
P-0001,A-0016,U-0186,mini_crm,mini-crm-dev,A4.19.03,Risa,Risa,A4,19,3,Căn hộ Loft,72.66,65.44,4654880662,4845730770,AUH,Loft,2,2,64063868.180567026,71132039.45599023,0.9006330856041839,4.100000018432266,mid,Bắc,Đông,Hồ bơi,False,1,1,2025-05-31 00:00:00+00:00,demo,synthetic,4655,La Pura,active,2025-06-08 00:00:00+00:00,Risa,Căn hộ Loft,2,56.13,19,active,seed-batch-units-001,0,1970-01-01 00:00:00+00:00,1970-01-01 00:00:00+00:00,synthetic_v1_tower_stack_floor_band,synthetic_v1_causal_funnel,66690487,74048453,0.9006,4.1
P-0001,A-0014,U-0187,mini_crm,mini-crm-dev,A4.19.04,Risa,Risa,A4,19,4,2 PN + 2 WC,72.66,65.44,3986731017,4150186989,AUH,2PN+2WC,2,2,54868304.66556565,60921928.743887536,0.9006330856041839,4.100000007600212,mid,Tây Bắc,Đông Bắc,Thành phố,False,1,1,2025-05-31 00:00:00+00:00,demo,synthetic,3987,La Pura,active,2025-06-08 00:00:00+00:00,Risa,2 PN + 2 WC,2,65.76,39,active,seed-batch-units-001,1,2025-07-28 02:00:00+00:00,2025-08-13 10:00:00+00:00,synthetic_v1_tower_stack_floor_band,synthetic_v1_causal_funnel,57117905,63419728,0.9006,4.1
P-0001,A-0012,U-0188,mini_crm,mini-crm-dev,A4.19.05,Risa,Risa,A4,19,5,1 PN,49.61,44.73,2954670528,3075812020,AUH,1PN,1,1,59557962.668816775,66055679.14151577,0.9016327353356177,4.100000011913342,mid,Bắc,Đông,Nội khu,False,1,1,2025-05-31 00:00:00+00:00,demo,synthetic,2955,La Pura,active,2025-06-08 00:00:00+00:00,Risa,1 PN,1,44.73,29,active,seed-batch-units-001,0,1970-01-01 00:00:00+00:00,1970-01-01 00:00:00+00:00,synthetic_v1_tower_stack_floor_band,synthetic_v1_causal_funnel,61999839,68763962,0.9016,4.1
P-0001,A-0016,U-0189,mini_crm,mini-crm-dev,A4.19.07,Risa,Risa,A4,19,7,Căn hộ Loft,62.79,56.55,3764381009,3918720631,AUH,Loft,2,2,59951919.238732286,66567303.4305924,0.9006211180124223,4.100000016762384,mid,Tây,Bắc,Sông,False,1,1,2025-05-31 00:00:00+00:00,demo,synthetic,3764,La Pura,active,2025-06-08 00:00:00+00:00,Risa,Căn hộ Loft,2,56.13,19,active,seed-batch-units-001,0,1970-01-01 00:00:00+00:00,1970-01-01 00:00:00+00:00,synthetic_v1_tower_stack_floor_band,synthetic_v1_causal_funnel,62409948,69296563,0.9006,4.1
P-0001,A-0016,U-0190,mini_crm,mini-crm-dev,A4.19.09,Risa,Risa,A4,19,9,Căn hộ Loft,53.94,48.96,3508512062,3652361057,AUH,Loft,2,2,65044717.50092696,71660785.58006535,0.9076751946607342,4.100000013053967,mid,Nam,Tây,Hồ bơi,False,1,1,2025-05-31 00:00:00+00:00,demo,synthetic,3509,La Pura,active,2025-06-08 00:00:00+00:00,Risa,Căn hộ Loft,2,56.13,19,active,seed-batch-units-001,1,2025-08-04 02:00:00+00:00,2025-08-12 10:00:00+00:00,synthetic_v1_tower_stack_floor_band,synthetic_v1_causal_funnel,67711551,74598878,0.9077,4.1
P-0001,A-0016,U-0191,mini_crm,mini-crm-dev,A4.19.10,Risa,Risa,A4,19,10,Căn hộ Loft,67.25,59.46,4246089479,4420179147,AUH,Loft,2,2,63138877.01115242,71410855.68449378,0.8841635687732342,4.099999984950859,mid,Bắc,Đông,Toàn cảnh,False,1,1,2025-05-31 00:00:00+00:00,demo,synthetic,4246,La Pura,active,2025-06-08 00:00:00+00:00,Risa,Căn hộ Loft,2,56.13,19,active,seed-batch-units-001,1,2025-08-05 02:00:00+00:00,2025-09-19 10:00:00+00:00,synthetic_v1_tower_stack_floor_band,synthetic_v1_causal_funnel,65727571,74338701,0.8842,4.1
P-0001,A-0016,U-0192,mini_crm,mini-crm-dev,A4.19.15,Risa,Risa,A4,19,15,Căn hộ Loft,62.08,56.13,3671638418,3822175593,AUH,Loft,2,2,59143660.08376289,65413119.86460003,0.9041559278350516,4.09999999624146,mid,Đông Nam,Tây Nam,Sông,False,1,1,2025-05-31 00:00:00+00:00,demo,synthetic,3672,La Pura,active,2025-06-08 00:00:00+00:00,Risa,Căn hộ Loft,2,56.13,19,active,seed-batch-units-001,1,2025-08-04 02:00:00+00:00,2025-08-10 10:00:00+00:00,synthetic_v1_tower_stack_floor_band,synthetic_v1_causal_funnel,61568550,68095058,0.9042,4.1
P-0001,A-0016,U-0193,mini_crm,mini-crm-dev,A4.19.16,Risa,Risa,A4,19,16,Căn hộ Loft,62.08,56.13,3602615693,3750322937,AUH,Loft,2,2,58031824.95167526,64183425.850703724,0.9041559278350516,4.100000016293716,mid,Bắc,Đông,Hồ bơi,False,1,1,2025-05-31 00:00:00+00:00,demo,synthetic,3603,La Pura,active,2025-06-08 00:00:00+00:00,Risa,Căn hộ Loft,2,56.13,19,active,seed-batch-units-001,0,1970-01-01 00:00:00+00:00,1970-01-01 00:00:00+00:00,synthetic_v1_tower_stack_floor_band,synthetic_v1_causal_funnel,60411130,66814946,0.9042,4.1
P-0001,A-0016,U-0194,mini_crm,mini-crm-dev,A4.19.18,Risa,Risa,A4,19,18,Căn hộ Loft,53.55,48.56,3305545182,3441072534,AUH,Loft,2,2,61728201.34453782,68071358.77265239,0.9068160597572363,4.0999999860234855,mid,Đông,Nam,Toàn cảnh,False,1,1,2025-05-31 00:00:00+00:00,demo,synthetic,3306,La Pura,active,2025-06-08 00:00:00+00:00,Risa,Căn hộ Loft,2,56.13,19,active,seed-batch-units-001,0,1970-01-01 00:00:00+00:00,1970-01-01 00:00:00+00:00,synthetic_v1_tower_stack_floor_band,synthetic_v1_causal_funnel,64259058,70862284,0.9068,4.1
P-0001,A-0016,U-0195,mini_crm,mini-crm-dev,A4.19.19,Risa,Risa,A4,19,19,Căn hộ Loft,53.55,48.56,3335314568,3472062466,AUH,Loft,2,2,62284118.9169001,68684402.14168039,0.9068160597572363,4.100000021347312,mid,Đông Nam,Tây Nam,Cảnh quan nội khu,False,1,1,2025-05-31 00:00:00+00:00,demo,synthetic,3335,La Pura,active,2025-06-08 00:00:00+00:00,Risa,Căn hộ Loft,2,56.13,19,active,seed-batch-units-001,1,2025-08-11 02:00:00+00:00,2025-09-28 10:00:00+00:00,synthetic_v1_tower_stack_floor_band,synthetic_v1_causal_funnel,64837768,71500463,0.9068,4.1
P-0001,A-0016,U-0196,mini_crm,mini-crm-dev,A4.19.22,Risa,Risa,A4,19,22,Căn hộ Loft,62.71,56.79,4123858505,4292936703,AUH,Loft,2,2,65760779.8596715,72615927.1878852,0.9055971934300749,4.09999998290436,mid,Tây Bắc,Đông Bắc,Hồ bơi,False,1,1,2025-05-31 00:00:00+00:00,demo,synthetic,4124,La Pura,active,2025-06-08 00:00:00+00:00,Risa,Căn hộ Loft,2,56.13,19,active,seed-batch-units-001,1,2025-08-06 02:00:00+00:00,2025-08-16 10:00:00+00:00,synthetic_v1_tower_stack_floor_band,synthetic_v1_causal_funnel,68456972,75593180,0.9056,4.1
P-0001,A-0016,U-0197,mini_crm,mini-crm-dev,A4.19.23,Risa,Risa,A4,19,23,Căn hộ Loft,63.41,56.87,3410430370,3550258015,AUH,Loft,2,2,53783793.88109131,59968882.89080359,0.8968616937391579,4.099999995015292,mid,Nam,Tây,Nội khu,True,1,1,2025-05-31 00:00:00+00:00,demo,synthetic,3410,La Pura,active,2025-06-08 00:00:00+00:00,Risa,Căn hộ Loft,2,56.13,19,active,seed-batch-units-001,1,2025-08-10 02:00:00+00:00,2025-09-06 10:00:00+00:00,synthetic_v1_tower_stack_floor_band,synthetic_v1_causal_funnel,55988929,62427607,0.8969,4.1
P-0001,A-0012,U-0198,mini_crm,mini-crm-dev,A4.24.02,Risa,Risa,A4,24,2,1 PN,49.76,45.04,2851061834,2967955369,AUH,1PN,1,1,57296258.72186495,63300662.38898757,0.9051446945337621,4.099999993195517,mid,Đông,Nam,Toàn cảnh,False,1,1,2025-05-31 00:00:00+00:00,demo,synthetic,2851,La Pura,active,2025-06-08 00:00:00+00:00,Risa,1 PN,1,44.73,29,active,seed-batch-units-001,1,2025-08-13 02:00:00+00:00,2025-09-10 10:00:00+00:00,synthetic_v1_tower_stack_floor_band,synthetic_v1_causal_funnel,59645405,65895990,0.9051,4.1
P-0001,A-0012,U-0199,mini_crm,mini-crm-dev,A4.26.05,Risa,Risa,A4,26,5,1 PN,49.61,45.2,2924621332,3044530806,AUH,1PN,1,1,58952254.222938925,64704011.7699115,0.9111066317274744,4.099999979074214,high,Bắc,Đông,Thành phố,False,1,1,2025-05-31 00:00:00+00:00,demo,synthetic,2925,La Pura,active,2025-06-08 00:00:00+00:00,Risa,1 PN,1,44.73,29,active,seed-batch-units-001,1,2025-08-13 02:00:00+00:00,2025-09-10 10:00:00+00:00,synthetic_v1_tower_stack_floor_band,synthetic_v1_causal_funnel,61369297,67356876,0.9111,4.1
P-0001,A-0018,U-0200,mini_crm,mini-crm-dev,A4.27.01,Risa,Risa,A4,27,1,RISA,55.24,49.01,3317984892,3454022273,AUH,RISA,2,2,60064896.66908038,67700161.02836156,0.8872194062273714,4.100000012899396,high,Đông Nam,Tây Nam,Sông,True,1,1,2025-05-31 00:00:00+00:00,demo,synthetic,3318,La Pura,active,2025-06-08 00:00:00+00:00,Risa,RISA,2,49.01,14,active,seed-batch-units-001,1,2025-08-06 02:00:00+00:00,2025-08-29 10:00:00+00:00,synthetic_v1_tower_stack_floor_band,synthetic_v1_causal_funnel,62527557,70475868,0.8872,4.1
P-0001,A-0014,U-0201,mini_crm,mini-crm-dev,A4.27.04,Risa,Risa,A4,27,4,2 PN + 2 WC,72.66,65.92,3425159502,3565591042,AUH,2PN+2WC,2,2,47139547.23369116,51959337.10558252,0.9072391962565374,4.100000012203811,high,Tây Bắc,Đông Bắc,Thành phố,False,1,1,2025-05-31 00:00:00+00:00,demo,synthetic,3425,La Pura,active,2025-06-08 00:00:00+00:00,Risa,2 PN + 2 WC,2,65.76,39,active,seed-batch-units-001,1,2025-08-19 02:00:00+00:00,2025-10-14 10:00:00+00:00,synthetic_v1_tower_stack_floor_band,synthetic_v1_causal_funnel,49072269,54089670,0.9072,4.1
P-0001,A-0012,U-0202,mini_crm,mini-crm-dev,A4.27.05,Risa,Risa,A4,27,5,1 PN,49.61,45.2,2920328589,3040062062,AUH,1PN,1,1,58865724.43055835,64609039.57964601,0.9111066317274744,4.100000029140556,high,Bắc,Đông,Thành phố,False,1,1,2025-05-31 00:00:00+00:00,demo,synthetic,2920,La Pura,active,2025-06-08 00:00:00+00:00,Risa,1 PN,1,44.73,29,active,seed-batch-units-001,0,1970-01-01 00:00:00+00:00,1970-01-01 00:00:00+00:00,synthetic_v1_tower_stack_floor_band,synthetic_v1_causal_funnel,61279219,67258010,0.9111,4.1
P-0001,A-0017,U-0203,mini_crm,mini-crm-dev,A4.28.01,Risa,Risa,A4,28,1,Căn hộ sân vườn,187.69,172.5,14556684950,15153509033,AUH,Garden,2,2,77557061.91059726,84386579.42028986,0.9190686770738985,4.100000000343485,high,Đông Nam,Tây Nam,Sông,True,1,1,2025-05-31 00:00:00+00:00,demo,synthetic,14557,La Pura,active,2025-06-08 00:00:00+00:00,Risa,Căn hộ sân vườn,2,168.86,4,active,seed-batch-units-001,0,1970-01-01 00:00:00+00:00,1970-01-01 00:00:00+00:00,synthetic_v1_tower_stack_floor_band,synthetic_v1_causal_funnel,80736901,87846429,0.9191,4.1
P-0001,A-0017,U-0204,mini_crm,mini-crm-dev,A4.28.02,Risa,Risa,A4,28,2,Căn hộ sân vườn,178.92,165.9,12026471706,12519557046,AUH,Garden,2,2,67217033.90342052,72492294.7920434,0.9272300469483569,4.100000000449009,high,Đông,Nam,Toàn cảnh,False,1,1,2025-05-31 00:00:00+00:00,demo,synthetic,12026,La Pura,active,2025-06-08 00:00:00+00:00,Risa,Căn hộ sân vườn,2,168.86,4,active,seed-batch-units-001,0,1970-01-01 00:00:00+00:00,1970-01-01 00:00:00+00:00,synthetic_v1_tower_stack_floor_band,synthetic_v1_causal_funnel,69972932,75464479,0.9272,4.1
P-0001,A-0015,U-0205,mini_crm,mini-crm-dev,A4.29.19,Risa,Risa,A4,29,19,3 PN,85.54,76.72,6148648856,6400743459,AUH,3PN,3,2,71880393.45335515,80144015.32846716,0.8968903436988542,4.0999999984386815,high,Đông Nam,Tây Nam,Hồ bơi,False,1,1,2025-05-31 00:00:00+00:00,demo,synthetic,6149,La Pura,active,2025-06-08 00:00:00+00:00,Risa,3 PN,3,75.84,8,active,seed-batch-units-001,0,1970-01-01 00:00:00+00:00,1970-01-01 00:00:00+00:00,synthetic_v1_tower_stack_floor_band,synthetic_v1_causal_funnel,74827490,83429920,0.8969,4.1
P-0001,A-0018,U-0206,mini_crm,mini-crm-dev,A4.31.01,Risa,Risa,A4,31,1,RISA,55.24,49.01,3337104512,3473925797,AUH,RISA,2,2,60411015.78566256,68090277.73923689,0.8872194062273714,4.100000000239729,high,Đông Nam,Tây Nam,Sông,True,1,1,2025-05-31 00:00:00+00:00,demo,synthetic,3337,La Pura,active,2025-06-08 00:00:00+00:00,Risa,RISA,2,49.01,14,active,seed-batch-units-001,1,2025-08-15 02:00:00+00:00,2025-10-06 10:00:00+00:00,synthetic_v1_tower_stack_floor_band,synthetic_v1_causal_funnel,62887867,70881979,0.8872,4.1
P-0001,A-0012,U-0207,mini_crm,mini-crm-dev,A4.31.02,Risa,Risa,A4,31,2,1 PN,49.76,45.04,2881201886,2999331164,AUH,1PN,1,1,57901967.16237942,63969846.49200711,0.9051446945337621,4.100000023393015,high,Đông,Nam,Toàn cảnh,False,1,1,2025-05-31 00:00:00+00:00,demo,synthetic,2881,La Pura,active,2025-06-08 00:00:00+00:00,Risa,1 PN,1,44.73,29,active,seed-batch-units-001,1,2025-08-20 02:00:00+00:00,2025-10-14 10:00:00+00:00,synthetic_v1_tower_stack_floor_band,synthetic_v1_causal_funnel,60275948,66592610,0.9051,4.1
P-0001,A-0012,U-0208,mini_crm,mini-crm-dev,A4.31.05,Risa,Risa,A4,31,5,1 PN,49.61,45.2,2903157620,3022187083,AUH,1PN,1,1,58519605.32150776,64229150.88495575,0.9111066317274744,4.100000019978247,high,Bắc,Đông,Thành phố,False,1,1,2025-05-31 00:00:00+00:00,demo,synthetic,2903,La Pura,active,2025-06-08 00:00:00+00:00,Risa,1 PN,1,44.73,29,active,seed-batch-units-001,1,2025-08-14 02:00:00+00:00,2025-10-02 10:00:00+00:00,synthetic_v1_tower_stack_floor_band,synthetic_v1_causal_funnel,60918909,66862546,0.9111,4.1
P-0001,A-0018,U-0209,mini_crm,mini-crm-dev,A4.32.01,Risa,Risa,A4,32,1,RISA,55.24,49.01,3341884417,3478901678,AUH,RISA,2,2,60497545.56480811,68187806.91695572,0.8872194062273714,4.099999997097446,high,Đông Nam,Tây Nam,Sông,True,1,1,2025-05-31 00:00:00+00:00,demo,synthetic,3342,La Pura,active,2025-06-08 00:00:00+00:00,Risa,RISA,2,49.01,14,active,seed-batch-units-001,0,1970-01-01 00:00:00+00:00,1970-01-01 00:00:00+00:00,synthetic_v1_tower_stack_floor_band,synthetic_v1_causal_funnel,62977945,70983507,0.8872,4.1
P-0001,A-0014,U-0210,mini_crm,mini-crm-dev,A4.33.04,Risa,Risa,A4,33,4,2 PN + 2 WC,72.66,65.92,3898709465,4058556553,AUH,2PN+2WC,2,2,53656887.764932565,59143044.06856796,0.9072391962565374,4.099999998332782,high,Tây Bắc,Đông Bắc,Thành phố,False,1,1,2025-05-31 00:00:00+00:00,demo,synthetic,3899,La Pura,active,2025-06-08 00:00:00+00:00,Risa,2 PN + 2 WC,2,65.76,39,active,seed-batch-units-001,1,2025-08-18 02:00:00+00:00,2025-10-13 10:00:00+00:00,synthetic_v1_tower_stack_floor_band,synthetic_v1_causal_funnel,55856820,61567909,0.9072,4.1
P-0001,A-0012,U-0211,mini_crm,mini-crm-dev,A4.33.05,Risa,Risa,A4,33,5,1 PN,49.61,45.2,2894572136,3013249593,AUH,1PN,1,1,58346545.777061075,64039206.548672564,0.9111066317274744,4.099999980100686,high,Bắc,Đông,Thành phố,False,1,1,2025-05-31 00:00:00+00:00,demo,synthetic,2895,La Pura,active,2025-06-08 00:00:00+00:00,Risa,1 PN,1,44.73,29,active,seed-batch-units-001,0,1970-01-01 00:00:00+00:00,1970-01-01 00:00:00+00:00,synthetic_v1_tower_stack_floor_band,synthetic_v1_causal_funnel,60738754,66664814,0.9111,4.1
P-0001,A-0014,U-0212,mini_crm,mini-crm-dev,A4.34.03,Risa,Risa,A4,34,3,2 PN + 2 WC,72.66,65.76,3991262055,4154903799,AUH,2PN+2WC,2,2,54930664.120561525,60694374.31569342,0.9050371593724196,4.099999993611044,high,Bắc,Đông,Hồ bơi,False,1,1,2025-05-31 00:00:00+00:00,demo,synthetic,3991,La Pura,active,2025-06-08 00:00:00+00:00,Risa,2 PN + 2 WC,2,65.76,39,active,seed-batch-units-001,1,2025-08-07 02:00:00+00:00,2025-08-20 10:00:00+00:00,synthetic_v1_tower_stack_floor_band,synthetic_v1_causal_funnel,57182821,63182844,0.905,4.1
P-0001,A-0012,U-0213,mini_crm,mini-crm-dev,A4.34.05,Risa,Risa,A4,34,5,1 PN,49.61,45.2,2890279393,3008780848,AUH,1PN,1,1,58260015.98468051,63944234.35840707,0.9111066317274744,4.099999996090344,high,Bắc,Đông,Thành phố,False,1,1,2025-05-31 00:00:00+00:00,demo,synthetic,2890,La Pura,active,2025-06-08 00:00:00+00:00,Risa,1 PN,1,44.73,29,active,seed-batch-units-001,1,2025-08-04 02:00:00+00:00,2025-08-06 10:00:00+00:00,synthetic_v1_tower_stack_floor_band,synthetic_v1_causal_funnel,60648677,66565948,0.9111,4.1
P-0001,A-0018,U-0214,mini_crm,mini-crm-dev,A4.35.01,Risa,Risa,A4,35,1,RISA,55.24,49.01,3356224132,3493829322,AUH,RISA,2,2,60757134.90224475,68480394.45011222,0.8872194062273714,4.100000017519688,high,Đông Nam,Tây Nam,Sông,True,1,1,2025-05-31 00:00:00+00:00,demo,synthetic,3356,La Pura,active,2025-06-08 00:00:00+00:00,Risa,RISA,2,49.01,14,active,seed-batch-units-001,0,1970-01-01 00:00:00+00:00,1970-01-01 00:00:00+00:00,synthetic_v1_tower_stack_floor_band,synthetic_v1_causal_funnel,63248177,71288091,0.8872,4.1
P-0001,A-0014,U-0215,mini_crm,mini-crm-dev,A4.35.04,Risa,Risa,A4,35,4,2 PN + 2 WC,72.66,65.92,3886134958,4045466491,AUH,2PN+2WC,2,2,53483828.21359758,58952290.018203884,0.9072391962565374,4.099999992846363,high,Tây Bắc,Đông Bắc,Thành phố,False,1,1,2025-05-31 00:00:00+00:00,demo,synthetic,3886,La Pura,active,2025-06-08 00:00:00+00:00,Risa,2 PN + 2 WC,2,65.76,39,active,seed-batch-units-001,0,1970-01-01 00:00:00+00:00,1970-01-01 00:00:00+00:00,synthetic_v1_tower_stack_floor_band,synthetic_v1_causal_funnel,55676665,61369334,0.9072,4.1
P-0001,A-0012,U-0216,mini_crm,mini-crm-dev,A4.35.05,Risa,Risa,A4,35,5,1 PN,49.61,45.2,2885986651,3004312104,AUH,1PN,1,1,58173486.212457165,63849262.190265484,0.9111066317274744,4.100000010706911,high,Bắc,Đông,Thành phố,False,1,1,2025-05-31 00:00:00+00:00,demo,synthetic,2886,La Pura,active,2025-06-08 00:00:00+00:00,Risa,1 PN,1,44.73,29,active,seed-batch-units-001,1,2025-08-15 02:00:00+00:00,2025-08-20 10:00:00+00:00,synthetic_v1_tower_stack_floor_band,synthetic_v1_causal_funnel,60558599,66467082,0.9111,4.1
P-0001,A-0018,U-0217,mini_crm,mini-crm-dev,A4.36.01,Risa,Risa,A4,36,1,RISA,55.24,49.01,3361004037,3498805203,AUH,RISA,2,2,60843664.68139029,68577923.62783106,0.8872194062273714,4.100000014370705,high,Đông Nam,Tây Nam,Sông,True,1,1,2025-05-31 00:00:00+00:00,demo,synthetic,3361,La Pura,active,2025-06-08 00:00:00+00:00,Risa,RISA,2,49.01,14,active,seed-batch-units-001,1,2025-08-05 02:00:00+00:00,2025-08-11 10:00:00+00:00,synthetic_v1_tower_stack_floor_band,synthetic_v1_causal_funnel,63338255,71389619,0.8872,4.1
P-0001,A-0012,U-0218,mini_crm,mini-crm-dev,A4.36.02,Risa,Risa,A4,36,2,1 PN,49.76,45.04,2902730495,3021742446,AUH,1PN,1,1,58334616.05707396,64447835.14653641,0.9051446945337621,4.1000000242874775,high,Đông,Nam,Toàn cảnh,False,1,1,2025-05-31 00:00:00+00:00,demo,synthetic,2903,La Pura,active,2025-06-08 00:00:00+00:00,Risa,1 PN,1,44.73,29,active,seed-batch-units-001,0,1970-01-01 00:00:00+00:00,1970-01-01 00:00:00+00:00,synthetic_v1_tower_stack_floor_band,synthetic_v1_causal_funnel,60726335,67090196,0.9051,4.1
P-0001,A-0014,U-0219,mini_crm,mini-crm-dev,A4.36.03,Risa,Risa,A4,36,3,2 PN + 2 WC,72.66,65.76,4003836562,4167993861,AUH,2PN+2WC,2,2,55103723.67189651,60885592.48783454,0.9050371593724196,4.099999998951006,high,Bắc,Đông,Hồ bơi,False,1,1,2025-05-31 00:00:00+00:00,demo,synthetic,4004,La Pura,active,2025-06-08 00:00:00+00:00,Risa,2 PN + 2 WC,2,65.76,39,active,seed-batch-units-001,1,2025-08-18 02:00:00+00:00,2025-10-14 10:00:00+00:00,synthetic_v1_tower_stack_floor_band,synthetic_v1_causal_funnel,57362976,63381902,0.905,4.1
P-0001,A-0014,U-0220,mini_crm,mini-crm-dev,A4.36.04,Risa,Risa,A4,36,4,2 PN + 2 WC,72.66,65.92,3879847704,4038921460,AUH,2PN+2WC,2,2,53397298.43104872,58856912.985436894,0.9072391962565374,4.100000003505292,high,Tây Bắc,Đông Bắc,Thành phố,False,1,1,2025-05-31 00:00:00+00:00,demo,synthetic,3880,La Pura,active,2025-06-08 00:00:00+00:00,Risa,2 PN + 2 WC,2,65.76,39,active,seed-batch-units-001,0,1970-01-01 00:00:00+00:00,1970-01-01 00:00:00+00:00,synthetic_v1_tower_stack_floor_band,synthetic_v1_causal_funnel,55586588,61270046,0.9072,4.1
P-0001,A-0018,U-0221,mini_crm,mini-crm-dev,A4.37.01,Risa,Risa,A4,37,1,RISA,55.24,49.01,3365783942,3503781084,AUH,RISA,2,2,60930194.46053584,68675452.80554989,0.8872194062273714,4.100000011230668,high,Đông Nam,Tây Nam,Sông,True,1,1,2025-05-31 00:00:00+00:00,demo,synthetic,3366,La Pura,active,2025-06-08 00:00:00+00:00,Risa,RISA,2,49.01,14,active,seed-batch-units-001,1,2025-08-07 02:00:00+00:00,2025-08-31 10:00:00+00:00,synthetic_v1_tower_stack_floor_band,synthetic_v1_causal_funnel,63428332,71491146,0.8872,4.1
P-0001,A-0012,U-0222,mini_crm,mini-crm-dev,A4.37.02,Risa,Risa,A4,37,2,1 PN,49.76,45.04,2907036217,3026224702,AUH,1PN,1,1,58421145.84003216,64543432.88188277,0.9051446945337621,4.100000003543128,high,Đông,Nam,Toàn cảnh,False,1,1,2025-05-31 00:00:00+00:00,demo,synthetic,2907,La Pura,active,2025-06-08 00:00:00+00:00,Risa,1 PN,1,44.73,29,active,seed-batch-units-001,1,2025-08-21 02:00:00+00:00,2025-09-03 10:00:00+00:00,synthetic_v1_tower_stack_floor_band,synthetic_v1_causal_funnel,60816413,67189714,0.9051,4.1
P-0001,A-0014,U-0223,mini_crm,mini-crm-dev,A4.37.03,Risa,Risa,A4,37,3,2 PN + 2 WC,72.66,65.76,4010123816,4174538892,AUH,2PN+2WC,2,2,55190253.45444536,60981201.58150851,0.9050371593724196,4.09999998862878,high,Bắc,Đông,Hồ bơi,False,1,1,2025-05-31 00:00:00+00:00,demo,synthetic,4010,La Pura,active,2025-06-08 00:00:00+00:00,Risa,2 PN + 2 WC,2,65.76,39,active,seed-batch-units-001,0,1970-01-01 00:00:00+00:00,1970-01-01 00:00:00+00:00,synthetic_v1_tower_stack_floor_band,synthetic_v1_causal_funnel,57453054,63481431,0.905,4.1
P-0001,A-0014,U-0224,mini_crm,mini-crm-dev,A4.37.04,Risa,Risa,A4,37,4,2 PN + 2 WC,72.66,65.92,3873560451,4032376429,AUH,2PN+2WC,2,2,53310768.662262596,58761535.96783981,0.9072391962565374,4.099999987324323,high,Tây Bắc,Đông Bắc,Thành phố,False,1,1,2025-05-31 00:00:00+00:00,demo,synthetic,3874,La Pura,active,2025-06-08 00:00:00+00:00,Risa,2 PN + 2 WC,2,65.76,39,active,seed-batch-units-001,0,1970-01-01 00:00:00+00:00,1970-01-01 00:00:00+00:00,synthetic_v1_tower_stack_floor_band,synthetic_v1_causal_funnel,55496510,61170759,0.9072,4.1
P-0001,A-0018,U-0225,mini_crm,mini-crm-dev,A4.38.01,Risa,Risa,A4,38,1,RISA,55.24,49.01,3370563847,3508756965,AUH,RISA,2,2,61016724.239681385,68772981.98326872,0.8872194062273714,4.100000008099535,high,Đông Nam,Tây Nam,Sông,True,1,1,2025-05-31 00:00:00+00:00,demo,synthetic,3371,La Pura,active,2025-06-08 00:00:00+00:00,Risa,RISA,2,49.01,14,active,seed-batch-units-001,1,2025-08-10 02:00:00+00:00,2025-09-26 10:00:00+00:00,synthetic_v1_tower_stack_floor_band,synthetic_v1_causal_funnel,63518410,71592674,0.8872,4.1
P-0001,A-0012,U-0226,mini_crm,mini-crm-dev,A4.38.02,Risa,Risa,A4,38,2,1 PN,49.76,45.04,2911341939,3030706958,AUH,1PN,1,1,58507675.622990355,64639030.617229134,0.9051446945337621,4.099999982860138,high,Đông,Nam,Toàn cảnh,False,1,1,2025-05-31 00:00:00+00:00,demo,synthetic,2911,La Pura,active,2025-06-08 00:00:00+00:00,Risa,1 PN,1,44.73,29,active,seed-batch-units-001,0,1970-01-01 00:00:00+00:00,1970-01-01 00:00:00+00:00,synthetic_v1_tower_stack_floor_band,synthetic_v1_causal_funnel,60906490,67289231,0.9051,4.1
P-0001,A-0014,U-0227,mini_crm,mini-crm-dev,A4.38.03,Risa,Risa,A4,38,3,2 PN + 2 WC,72.66,65.76,4016411070,4181083924,AUH,2PN+2WC,2,2,55276783.23699422,61076810.67518248,0.9050371593724196,4.100000003236721,high,Bắc,Đông,Hồ bơi,False,1,1,2025-05-31 00:00:00+00:00,demo,synthetic,4016,La Pura,active,2025-06-08 00:00:00+00:00,Risa,2 PN + 2 WC,2,65.76,39,active,seed-batch-units-001,1,2025-08-07 02:00:00+00:00,2025-09-02 10:00:00+00:00,synthetic_v1_tower_stack_floor_band,synthetic_v1_causal_funnel,57543131,63580960,0.905,4.1
P-0001,A-0014,U-0228,mini_crm,mini-crm-dev,A4.38.04,Risa,Risa,A4,38,4,2 PN + 2 WC,72.66,65.92,3867273197,4025831398,AUH,2PN+2WC,2,2,53224238.87971374,58666158.93507282,0.9072391962565374,4.099999998008933,high,Tây Bắc,Đông Bắc,Thành phố,False,1,1,2025-05-31 00:00:00+00:00,demo,synthetic,3867,La Pura,active,2025-06-08 00:00:00+00:00,Risa,2 PN + 2 WC,2,65.76,39,active,seed-batch-units-001,0,1970-01-01 00:00:00+00:00,1970-01-01 00:00:00+00:00,synthetic_v1_tower_stack_floor_band,synthetic_v1_causal_funnel,55406433,61071471,0.9072,4.1
P-0001,A-0012,U-0229,mini_crm,mini-crm-dev,A4.38.05,Risa,Risa,A4,38,5,1 PN,49.61,45.2,2873108424,2990905869,AUH,1PN,1,1,57913896.87562992,63564345.66371681,0.9111066317274744,4.099999986634685,high,Bắc,Đông,Thành phố,False,1,1,2025-05-31 00:00:00+00:00,demo,synthetic,2873,La Pura,active,2025-06-08 00:00:00+00:00,Risa,1 PN,1,44.73,29,active,seed-batch-units-001,1,2025-08-13 02:00:00+00:00,2025-09-30 10:00:00+00:00,synthetic_v1_tower_stack_floor_band,synthetic_v1_causal_funnel,60288367,66170484,0.9111,4.1
P-0001,A-0014,U-0230,mini_crm,mini-crm-dev,A4.38.20,Risa,Risa,A4,38,20,2 PN + 2 WC,71.81,64.95,4248778490,4422978408,AUH,2PN+2WC,2,2,59166947.36109177,65416143.033102386,0.904470129508425,4.099999997881744,high,Đông,Nam,Thành phố,False,1,1,2025-05-31 00:00:00+00:00,demo,synthetic,4249,La Pura,active,2025-06-08 00:00:00+00:00,Risa,2 PN + 2 WC,2,65.76,39,active,seed-batch-units-001,1,2025-08-14 02:00:00+00:00,2025-10-07 10:00:00+00:00,synthetic_v1_tower_stack_floor_band,synthetic_v1_causal_funnel,61592792,68098205,0.9045,4.1
P-0001,A-0013,U-0231,mini_crm,mini-crm-dev,A4.38.22,Risa,Risa,A4,38,22,2 PN + 1 WC,62.71,57.28,3518081989,3662323351,AUH,2PN+1WC,2,1,56100813.09201084,61419029.13756983,0.9134109392441397,4.100000012819486,high,Tây Bắc,Đông Bắc,Hồ bơi,False,1,1,2025-05-31 00:00:00+00:00,demo,synthetic,3518,La Pura,active,2025-06-08 00:00:00+00:00,Risa,2 PN + 1 WC,2,57.28,1,active,seed-batch-units-001,0,1970-01-01 00:00:00+00:00,1970-01-01 00:00:00+00:00,synthetic_v1_tower_stack_floor_band,synthetic_v1_causal_funnel,58400946,63937209,0.9134,4.1
P-0001,A-0018,U-0232,mini_crm,mini-crm-dev,A4.39.01,Risa,Risa,A4,39,1,RISA,55.24,49.01,3375343752,3513732846,AUH,RISA,2,2,61103254.01882693,68870511.16098756,0.8872194062273714,4.100000004977271,high,Đông Nam,Tây Nam,Sông,True,1,1,2025-05-31 00:00:00+00:00,demo,synthetic,3375,La Pura,active,2025-06-08 00:00:00+00:00,Risa,RISA,2,49.01,14,active,seed-batch-units-001,1,2025-08-05 02:00:00+00:00,2025-09-16 10:00:00+00:00,synthetic_v1_tower_stack_floor_band,synthetic_v1_causal_funnel,63608487,71694202,0.8872,4.1
P-0001,A-0012,U-0233,mini_crm,mini-crm-dev,A4.39.02,Risa,Risa,A4,39,2,1 PN,49.76,45.04,2915647661,3035189215,AUH,1PN,1,1,58594205.40594856,64734628.35257549,0.9051446945337621,4.099999996535933,high,Đông,Nam,Toàn cảnh,False,1,1,2025-05-31 00:00:00+00:00,demo,synthetic,2916,La Pura,active,2025-06-08 00:00:00+00:00,Risa,1 PN,1,44.73,29,active,seed-batch-units-001,0,1970-01-01 00:00:00+00:00,1970-01-01 00:00:00+00:00,synthetic_v1_tower_stack_floor_band,synthetic_v1_causal_funnel,60996568,67388748,0.9051,4.1
P-0001,A-0014,U-0234,mini_crm,mini-crm-dev,A4.39.03,Risa,Risa,A4,39,3,2 PN + 2 WC,72.66,65.76,4022698323,4187628955,AUH,2PN+2WC,2,2,55363313.00578035,61172419.75364963,0.9050371593724196,4.100000018818214,high,Bắc,Đông,Hồ bơi,False,1,1,2025-05-31 00:00:00+00:00,demo,synthetic,4023,La Pura,active,2025-06-08 00:00:00+00:00,Risa,2 PN + 2 WC,2,65.76,39,active,seed-batch-units-001,1,2025-08-09 02:00:00+00:00,2025-09-06 10:00:00+00:00,synthetic_v1_tower_stack_floor_band,synthetic_v1_causal_funnel,57633209,63680489,0.905,4.1
P-0001,A-0021,U-0235,mini_crm,mini-crm-dev,B3.04.11,Zenia,Zenia,B3,4,11,2 PN,66.25,59.53,3376279288,3433676036,MEGA REALTY,2PN,2,2,50962706.23396227,56715593.616663866,0.8985660377358491,1.700000003080314,low,Tây Bắc,Đông Bắc,Nội khu,False,1,1,2025-05-31 00:00:00+00:00,demo,synthetic,3376,La Pura,active,2025-06-08 00:00:00+00:00,Zenia,2 PN,2,60.75,82,active,seed-batch-units-001,0,1970-01-01 00:00:00+00:00,1970-01-01 00:00:00+00:00,synthetic_v1_tower_stack_floor_band,synthetic_v1_causal_funnel,51829072,57679759,0.8986,1.7
P-0001,A-0021,U-0236,mini_crm,mini-crm-dev,B3.04.12,Zenia,Zenia,B3,4,12,2 PN,66.25,59.53,3376279288,3433676036,MEGA REALTY,2PN,2,2,50962706.23396227,56715593.616663866,0.8985660377358491,1.700000003080314,low,Nam,Tây,Nội khu,False,1,1,2025-05-31 00:00:00+00:00,demo,synthetic,3376,La Pura,active,2025-06-08 00:00:00+00:00,Zenia,2 PN,2,60.75,82,active,seed-batch-units-001,0,1970-01-01 00:00:00+00:00,1970-01-01 00:00:00+00:00,synthetic_v1_tower_stack_floor_band,synthetic_v1_causal_funnel,51829072,57679759,0.8986,1.7
P-0001,A-0021,U-0237,mini_crm,mini-crm-dev,B3.04.13,Zenia,Zenia,B3,4,13,2 PN,66.45,59.61,3255366030,3310707253,MEGA REALTY,2PN,2,2,48989706.99774266,54611072.4710619,0.8970654627539503,1.7000000150520709,low,Tây,Bắc,Hồ bơi,False,1,1,2025-05-31 00:00:00+00:00,demo,synthetic,3255,La Pura,active,2025-06-08 00:00:00+00:00,Zenia,2 PN,2,60.75,82,active,seed-batch-units-001,0,1970-01-01 00:00:00+00:00,1970-01-01 00:00:00+00:00,synthetic_v1_tower_stack_floor_band,synthetic_v1_causal_funnel,49822532,55539461,0.8971,1.7
P-0001,A-0021,U-0238,mini_crm,mini-crm-dev,B3.04.14,Zenia,Zenia,B3,4,14,2 PN,66.45,59.61,3333973060,3390650602,MEGA REALTY,2PN,2,2,50172657.03536493,55929761.11390706,0.8970654627539503,1.6999999994001151,low,Tây Bắc,Đông Bắc,Nội khu,False,1,1,2025-05-31 00:00:00+00:00,demo,synthetic,3334,La Pura,active,2025-06-08 00:00:00+00:00,Zenia,2 PN,2,60.75,82,active,seed-batch-units-001,1,2025-08-27 02:00:00+00:00,2025-09-19 10:00:00+00:00,synthetic_v1_tower_stack_floor_band,synthetic_v1_causal_funnel,51025592,56880567,0.8971,1.7
P-0001,A-0021,U-0239,mini_crm,mini-crm-dev,B3.04.15,Zenia,Zenia,B3,4,15,2 PN,66.25,59.53,3376279288,3433676036,MEGA REALTY,2PN,2,2,50962706.23396227,56715593.616663866,0.8985660377358491,1.700000003080314,low,Bắc,Đông,Nội khu,False,1,1,2025-05-31 00:00:00+00:00,demo,synthetic,3376,La Pura,active,2025-06-08 00:00:00+00:00,Zenia,2 PN,2,60.75,82,active,seed-batch-units-001,0,1970-01-01 00:00:00+00:00,1970-01-01 00:00:00+00:00,synthetic_v1_tower_stack_floor_band,synthetic_v1_causal_funnel,51829072,57679759,0.8986,1.7
P-0001,A-0021,U-0240,mini_crm,mini-crm-dev,B3.04.16,Zenia,Zenia,B3,4,16,2 PN,66.72,60.18,3400010665,3457810847,MEGA REALTY,2PN,2,2,50959392.461031176,56497352.3595879,0.9019784172661871,1.7000000204411125,low,Tây Nam,Tây Bắc,Nội khu,False,1,1,2025-05-31 00:00:00+00:00,demo,synthetic,3400,La Pura,active,2025-06-08 00:00:00+00:00,Zenia,2 PN,2,60.75,82,active,seed-batch-units-001,0,1970-01-01 00:00:00+00:00,1970-01-01 00:00:00+00:00,synthetic_v1_tower_stack_floor_band,synthetic_v1_causal_funnel,51825702,57457807,0.902,1.7
P-0001,A-0021,U-0241,mini_crm,mini-crm-dev,B3.04.18,Zenia,Zenia,B3,4,18,2 PN,71.81,63.25,3543752907,3603996706,MEGA REALTY,2PN,2,2,49349016.94750035,56027713.94466403,0.8807965464419997,1.6999999881763765,low,Tây Nam,Tây Bắc,Cảnh quan nội khu,False,1,1,2025-05-31 00:00:00+00:00,demo,synthetic,3544,La Pura,active,2025-06-08 00:00:00+00:00,Zenia,2 PN,2,60.75,82,active,seed-batch-units-001,0,1970-01-01 00:00:00+00:00,1970-01-01 00:00:00+00:00,synthetic_v1_tower_stack_floor_band,synthetic_v1_causal_funnel,50187950,56980185,0.8808,1.7
P-0001,A-0020,U-0242,mini_crm,mini-crm-dev,B3.04.20,Zenia,Zenia,B3,4,20,1 PN+,53.55,48.22,2666883217,2712220232,MEGA REALTY,1PN+,1,1,49801740.74696545,55306578.53587723,0.9004668534080299,1.700000011661553,low,Tây Bắc,Đông Bắc,Cảnh quan nội khu,True,1,1,2025-05-31 00:00:00+00:00,demo,synthetic,2667,La Pura,active,2025-06-08 00:00:00+00:00,Zenia,1 PN+,1,49.14,31,active,seed-batch-units-001,1,2025-08-27 02:00:00+00:00,2025-10-07 10:00:00+00:00,synthetic_v1_tower_stack_floor_band,synthetic_v1_causal_funnel,50648370,56246790,0.9005,1.7
P-0001,A-0021,U-0243,mini_crm,mini-crm-dev,B3.05.09,Zenia,Zenia,B3,5,9,2 PN,67.77,59.68,3591425166,3652479394,MEGA REALTY,2PN,2,2,52994321.46967685,60178035.623324394,0.8806256455658846,1.7000000049562498,low,Đông Bắc,Đông Nam,Nội khu,False,1,1,2025-05-31 00:00:00+00:00,demo,synthetic,3591,La Pura,active,2025-06-08 00:00:00+00:00,Zenia,2 PN,2,60.75,82,active,seed-batch-units-001,1,2025-09-02 02:00:00+00:00,2025-10-22 10:00:00+00:00,synthetic_v1_tower_stack_floor_band,synthetic_v1_causal_funnel,53895225,61201062,0.8806,1.7
P-0001,A-0021,U-0244,mini_crm,mini-crm-dev,B3.05.13,Zenia,Zenia,B3,5,13,2 PN,66.45,59.61,3260056250,3315477206,MEGA REALTY,2PN,2,2,49060289.69149736,54689754.235866465,0.8970654627539503,1.6999999923314209,low,Tây,Bắc,Hồ bơi,False,1,1,2025-05-31 00:00:00+00:00,demo,synthetic,3260,La Pura,active,2025-06-08 00:00:00+00:00,Zenia,2 PN,2,60.75,82,active,seed-batch-units-001,1,2025-08-27 02:00:00+00:00,2025-10-09 10:00:00+00:00,synthetic_v1_tower_stack_floor_band,synthetic_v1_causal_funnel,49894315,55619480,0.8971,1.7
P-0001,A-0021,U-0245,mini_crm,mini-crm-dev,B3.06.11,Zenia,Zenia,B3,6,11,2 PN,66.25,59.53,3385631494,3443187229,MEGA REALTY,2PN,2,2,51103871.60754717,56872694.33898874,0.8985660377358491,1.6999999882444383,low,Tây Bắc,Đông Bắc,Nội khu,False,1,1,2025-05-31 00:00:00+00:00,demo,synthetic,3386,La Pura,active,2025-06-08 00:00:00+00:00,Zenia,2 PN,2,60.75,82,active,seed-batch-units-001,0,1970-01-01 00:00:00+00:00,1970-01-01 00:00:00+00:00,synthetic_v1_tower_stack_floor_band,synthetic_v1_causal_funnel,51972637,57839530,0.8986,1.7
P-0001,A-0021,U-0246,mini_crm,mini-crm-dev,B3.07.13,Zenia,Zenia,B3,7,13,2 PN,66.45,59.61,3269436689,3325017112,MEGA REALTY,2PN,2,2,49201455.06395786,54847117.74869988,0.8970654627539503,1.6999999781919617,low,Tây,Bắc,Hồ bơi,False,1,1,2025-05-31 00:00:00+00:00,demo,synthetic,3269,La Pura,active,2025-06-08 00:00:00+00:00,Zenia,2 PN,2,60.75,82,active,seed-batch-units-001,1,2025-08-19 02:00:00+00:00,2025-08-24 10:00:00+00:00,synthetic_v1_tower_stack_floor_band,synthetic_v1_causal_funnel,50037880,55779519,0.8971,1.7
P-0001,A-0021,U-0247,mini_crm,mini-crm-dev,B3.07.14,Zenia,Zenia,B3,7,14,2 PN,66.45,59.61,3348043718,3404960462,MEGA REALTY,2PN,2,2,50384405.08653122,56165806.37476934,0.8970654627539503,1.7000000237153416,low,Tây Bắc,Đông Bắc,Nội khu,False,1,1,2025-05-31 00:00:00+00:00,demo,synthetic,3348,La Pura,active,2025-06-08 00:00:00+00:00,Zenia,2 PN,2,60.75,82,active,seed-batch-units-001,1,2025-08-25 02:00:00+00:00,2025-09-15 10:00:00+00:00,synthetic_v1_tower_stack_floor_band,synthetic_v1_causal_funnel,51240940,57120625,0.8971,1.7
P-0001,A-0022,U-0248,mini_crm,mini-crm-dev,B3.07.17,Zenia,Zenia,B3,7,17,3 PN,82.65,73.01,5075926368,5162217116,MEGA REALTY,3PN,3,2,61414717.09618875,69523714.12135324,0.8833635813672112,1.6999999949565854,low,Nam,Tây,Hồ bơi,False,1,1,2025-05-31 00:00:00+00:00,demo,synthetic,5076,La Pura,active,2025-06-08 00:00:00+00:00,Zenia,3 PN,3,74.27,29,active,seed-batch-units-001,0,1970-01-01 00:00:00+00:00,1970-01-01 00:00:00+00:00,synthetic_v1_tower_stack_floor_band,synthetic_v1_causal_funnel,62458767,70705617,0.8834,1.7
P-0001,A-0021,U-0249,mini_crm,mini-crm-dev,B3.08.13,Zenia,Zenia,B3,8,13,2 PN,66.45,59.61,3274126908,3329787066,MEGA REALTY,2PN,2,2,49272037.74266365,54925799.49672874,0.8970654627539503,1.7000000172259662,low,Tây,Bắc,Hồ bơi,False,1,1,2025-05-31 00:00:00+00:00,demo,synthetic,3274,La Pura,active,2025-06-08 00:00:00+00:00,Zenia,2 PN,2,60.75,82,active,seed-batch-units-001,1,2025-08-31 02:00:00+00:00,2025-10-17 10:00:00+00:00,synthetic_v1_tower_stack_floor_band,synthetic_v1_causal_funnel,50109662,55859538,0.8971,1.7
P-0001,A-0022,U-0250,mini_crm,mini-crm-dev,B3.08.17,Zenia,Zenia,B3,8,17,3 PN,82.65,73.01,5082635075,5169039872,MEGA REALTY,3PN,3,2,61495887.17483363,69615601.6299137,0.8833635813672112,1.7000000142642544,low,Nam,Tây,Hồ bơi,False,1,1,2025-05-31 00:00:00+00:00,demo,synthetic,5083,La Pura,active,2025-06-08 00:00:00+00:00,Zenia,3 PN,3,74.27,29,active,seed-batch-units-001,1,2025-08-22 02:00:00+00:00,2025-08-24 10:00:00+00:00,synthetic_v1_tower_stack_floor_band,synthetic_v1_causal_funnel,62541317,70799067,0.8834,1.7
P-0001,A-0021,U-0251,mini_crm,mini-crm-dev,B3.09.12,Zenia,Zenia,B3,9,12,2 PN,66.25,59.53,3399659803,3457454019,MEGA REALTY,2PN,2,2,51315619.66792453,57108345.42247606,0.8985660377358491,1.699999980851025,low,Nam,Tây,Nội khu,False,1,1,2025-05-31 00:00:00+00:00,demo,synthetic,3400,La Pura,active,2025-06-08 00:00:00+00:00,Zenia,2 PN,2,60.75,82,active,seed-batch-units-001,0,1970-01-01 00:00:00+00:00,1970-01-01 00:00:00+00:00,synthetic_v1_tower_stack_floor_band,synthetic_v1_causal_funnel,52187985,58079187,0.8986,1.7
P-0001,A-0021,U-0252,mini_crm,mini-crm-dev,B3.09.16,Zenia,Zenia,B3,9,16,2 PN,66.72,60.18,3423557049,3481757519,VNL,2PN,2,2,51312305.89028777,56888618.29511466,0.9019784172661871,1.7000000048779675,low,Tây Nam,Tây Bắc,Nội khu,False,1,1,2025-05-31 00:00:00+00:00,demo,observed,3424,La Pura,active,2025-06-08 00:00:00+00:00,Zenia,2 PN,2,60.75,82,active,seed-batch-units-001,1,2025-09-03 02:00:00+00:00,2025-09-16 10:00:00+00:00,synthetic_v1_tower_stack_floor_band,synthetic_v1_causal_funnel,52184615,57855725,0.902,1.7
P-0001,A-0022,U-0253,mini_crm,mini-crm-dev,B3.11.17,Zenia,Zenia,B3,11,17,3 PN,82.65,73.38,5102761199,5189508139,MEGA REALTY,3PN,3,2,61739397.447065935,69538855.26028891,0.8878402903811251,1.6999999924942597,low,Nam,Tây,Hồ bơi,False,1,1,2025-05-31 00:00:00+00:00,demo,synthetic,5103,La Pura,active,2025-06-08 00:00:00+00:00,Zenia,3 PN,3,74.27,29,active,seed-batch-units-001,0,1970-01-01 00:00:00+00:00,1970-01-01 00:00:00+00:00,synthetic_v1_tower_stack_floor_band,synthetic_v1_causal_funnel,62788967,70721016,0.8878,1.7
P-0001,A-0021,U-0254,mini_crm,mini-crm-dev,B3.12.13,Zenia,Zenia,B3,12,13,2 PN,66.45,60.05,3292887786,3348866878,MEGA REALTY,2PN,2,2,49554368.48758465,54835766.62781016,0.9036869826937546,1.69999998900661,low,Tây,Bắc,Hồ bơi,False,1,1,2025-05-31 00:00:00+00:00,demo,synthetic,3293,La Pura,active,2025-06-08 00:00:00+00:00,Zenia,2 PN,2,60.75,82,active,seed-batch-units-001,1,2025-08-20 02:00:00+00:00,2025-09-25 10:00:00+00:00,synthetic_v1_tower_stack_floor_band,synthetic_v1_causal_funnel,50396793,55767975,0.9037,1.7
P-0001,A-0022,U-0255,mini_crm,mini-crm-dev,B3.12.17,Zenia,Zenia,B3,12,17,3 PN,82.65,73.38,5109469907,5196330895,MEGA REALTY,3PN,3,2,61820567.537810035,69630279.46306896,0.8878402903811251,1.6999999917995408,low,Nam,Tây,Hồ bơi,False,1,1,2025-05-31 00:00:00+00:00,demo,synthetic,5109,La Pura,active,2025-06-08 00:00:00+00:00,Zenia,3 PN,3,74.27,29,active,seed-batch-units-001,0,1970-01-01 00:00:00+00:00,1970-01-01 00:00:00+00:00,synthetic_v1_tower_stack_floor_band,synthetic_v1_causal_funnel,62871517,70813994,0.8878,1.7
P-0001,A-0024,U-0256,mini_crm,mini-crm-dev,B3.13.01,Zenia,Zenia,B3,13,1,Căn hộ sân vườn,132.16,120.39,8532294565,8677343572,MEGA REALTY,Garden,2,2,64560340.23153753,70872120.31730211,0.9109412832929782,1.699999992909293,mid,Tây,Bắc,Toàn cảnh,True,1,1,2025-05-31 00:00:00+00:00,demo,synthetic,8532,La Pura,active,2025-06-08 00:00:00+00:00,Zenia,Căn hộ sân vườn,2,115.38,4,active,seed-batch-units-001,0,1970-01-01 00:00:00+00:00,1970-01-01 00:00:00+00:00,synthetic_v1_tower_stack_floor_band,synthetic_v1_causal_funnel,65657866,72076946,0.9109,1.7
P-0001,A-0024,U-0257,mini_crm,mini-crm-dev,B3.13.02,Zenia,Zenia,B3,13,2,Căn hộ sân vườn,119.62,110.22,7298056385,7422123343,MEGA REALTY,Garden,2,2,61010335.93880622,66213540.05625114,0.9214178231065039,1.6999999925322584,mid,Tây Bắc,Đông Bắc,Thành phố,False,1,1,2025-05-31 00:00:00+00:00,demo,synthetic,7298,La Pura,active,2025-06-08 00:00:00+00:00,Zenia,Căn hộ sân vườn,2,115.38,4,active,seed-batch-units-001,1,2025-08-31 02:00:00+00:00,2025-10-30 10:00:00+00:00,synthetic_v1_tower_stack_floor_band,synthetic_v1_causal_funnel,62047512,67339170,0.9214,1.7
P-0001,A-0021,U-0258,mini_crm,mini-crm-dev,B3.13.08,Zenia,Zenia,B3,13,8,2 PN,66.3,59.76,3420920591,3479076241,MEGA REALTY,2PN,2,2,51597595.64102564,57244320.46519411,0.9013574660633484,1.699999998626101,mid,Tây Nam,Tây Bắc,Toàn cảnh,False,1,1,2025-05-31 00:00:00+00:00,demo,synthetic,3421,La Pura,active,2025-06-08 00:00:00+00:00,Zenia,2 PN,2,60.75,82,active,seed-batch-units-001,1,2025-08-22 02:00:00+00:00,2025-09-03 10:00:00+00:00,synthetic_v1_tower_stack_floor_band,synthetic_v1_causal_funnel,52474755,58217474,0.9014,1.7
P-0001,A-0021,U-0259,mini_crm,mini-crm-dev,B3.13.14,Zenia,Zenia,B3,13,14,2 PN,66.76,60.43,3391790095,3449450526,MEGA REALTY,2PN,2,2,50805723.412222885,56127587.20834023,0.9051827441581785,1.6999999818679816,mid,Tây Bắc,Đông Bắc,Nội khu,False,1,1,2025-05-31 00:00:00+00:00,demo,synthetic,3392,La Pura,active,2025-06-08 00:00:00+00:00,Zenia,2 PN,2,60.75,82,active,seed-batch-units-001,0,1970-01-01 00:00:00+00:00,1970-01-01 00:00:00+00:00,synthetic_v1_tower_stack_floor_band,synthetic_v1_causal_funnel,51669421,57081756,0.9052,1.7
P-0001,A-0022,U-0260,mini_crm,mini-crm-dev,B3.13.15,Zenia,Zenia,B3,13,15,3 PN,82.65,73.38,5116178614,5203153651,MEGA REALTY,3PN,3,2,61901737.61645493,69721703.65222132,0.8878402903811251,1.700000010984761,mid,Bắc,Đông,Nội khu,False,1,1,2025-05-31 00:00:00+00:00,demo,synthetic,5116,La Pura,active,2025-06-08 00:00:00+00:00,Zenia,3 PN,3,74.27,29,active,seed-batch-units-001,1,2025-08-12 02:00:00+00:00,2025-08-19 10:00:00+00:00,synthetic_v1_tower_stack_floor_band,synthetic_v1_causal_funnel,62954067,70906973,0.8878,1.7
P-0001,A-0021,U-0261,mini_crm,mini-crm-dev,B3.14.07,Zenia,Zenia,B3,14,7,2 PN,67.92,60.29,3642451119,3704372788,MEGA REALTY,2PN,2,2,53628550.04416961,60415510.349975124,0.8876619552414605,1.699999999368557,mid,Tây,Bắc,Hồ bơi,False,1,1,2025-05-31 00:00:00+00:00,demo,synthetic,3642,La Pura,active,2025-06-08 00:00:00+00:00,Zenia,2 PN,2,60.75,82,active,seed-batch-units-001,1,2025-09-05 02:00:00+00:00,2025-10-08 10:00:00+00:00,synthetic_v1_tower_stack_floor_band,synthetic_v1_causal_funnel,54540235,61442574,0.8877,1.7
P-0001,A-0021,U-0262,mini_crm,mini-crm-dev,B3.14.08,Zenia,Zenia,B3,14,8,2 PN,66.3,59.76,3425600223,3483835427,MEGA REALTY,2PN,2,2,51668178.32579186,57322627.56024097,0.9013574660633484,1.7000000061011205,mid,Tây Nam,Tây Bắc,Toàn cảnh,False,1,1,2025-05-31 00:00:00+00:00,demo,synthetic,3426,La Pura,active,2025-06-08 00:00:00+00:00,Zenia,2 PN,2,60.75,82,active,seed-batch-units-001,1,2025-09-02 02:00:00+00:00,2025-09-07 10:00:00+00:00,synthetic_v1_tower_stack_floor_band,synthetic_v1_causal_funnel,52546537,58297112,0.9014,1.7
P-0001,A-0021,U-0263,mini_crm,mini-crm-dev,B3.14.11,Zenia,Zenia,B3,14,11,2 PN,66.45,60.05,3354672911,3411702351,MEGA REALTY,2PN,2,2,50484167.208427384,55864661.29891757,0.9036869826937546,1.7000000152921018,mid,Tây Bắc,Đông Bắc,Thành phố,False,1,1,2025-05-31 00:00:00+00:00,demo,synthetic,3355,La Pura,active,2025-06-08 00:00:00+00:00,Zenia,2 PN,2,60.75,82,active,seed-batch-units-001,0,1970-01-01 00:00:00+00:00,1970-01-01 00:00:00+00:00,synthetic_v1_tower_stack_floor_band,synthetic_v1_causal_funnel,51342398,56814361,0.9037,1.7
P-0001,A-0021,U-0264,mini_crm,mini-crm-dev,B3.14.13,Zenia,Zenia,B3,14,13,2 PN,66.29,59.97,3372809737,3430147502,MEGA REALTY,2PN,2,2,50879615.884748824,56241616.424879104,0.9046613365515159,1.6999999843157472,mid,Tây,Bắc,Hồ bơi,False,1,1,2025-05-31 00:00:00+00:00,demo,synthetic,3373,La Pura,active,2025-06-08 00:00:00+00:00,Zenia,2 PN,2,60.75,82,active,seed-batch-units-001,0,1970-01-01 00:00:00+00:00,1970-01-01 00:00:00+00:00,synthetic_v1_tower_stack_floor_band,synthetic_v1_causal_funnel,51744569,57197724,0.9047,1.7
P-0001,A-0021,U-0265,mini_crm,mini-crm-dev,B3.14.14,Zenia,Zenia,B3,14,14,2 PN,66.76,60.43,3396502195,3454242732,MEGA REALTY,2PN,2,2,50876306.09646495,56205563.379116334,0.9051827441581785,1.699999990725753,mid,Tây Bắc,Đông Bắc,Nội khu,False,1,1,2025-05-31 00:00:00+00:00,demo,synthetic,3397,La Pura,active,2025-06-08 00:00:00+00:00,Zenia,2 PN,2,60.75,82,active,seed-batch-units-001,1,2025-09-09 02:00:00+00:00,2025-09-20 10:00:00+00:00,synthetic_v1_tower_stack_floor_band,synthetic_v1_causal_funnel,51741203,57161058,0.9052,1.7
P-0001,A-0022,U-0266,mini_crm,mini-crm-dev,B3.14.15,Zenia,Zenia,B3,14,15,3 PN,82.65,73.38,5122887322,5209976407,MEGA REALTY,3PN,3,2,61982907.70719903,69813127.85500136,0.8878402903811251,1.7000000102676474,mid,Bắc,Đông,Nội khu,False,1,1,2025-05-31 00:00:00+00:00,demo,synthetic,5123,La Pura,active,2025-06-08 00:00:00+00:00,Zenia,3 PN,3,74.27,29,active,seed-batch-units-001,0,1970-01-01 00:00:00+00:00,1970-01-01 00:00:00+00:00,synthetic_v1_tower_stack_floor_band,synthetic_v1_causal_funnel,63036617,70999951,0.8878,1.7
P-0001,A-0021,U-0267,mini_crm,mini-crm-dev,B3.15.09,Zenia,Zenia,B3,15,9,2 PN,66.29,59.97,3429767168,3488073210,MEGA REALTY,2PN,2,2,51738831.92034997,57191381.82424546,0.9046613365515159,1.7000000041985357,mid,Đông Bắc,Đông Nam,Nội khu,False,1,1,2025-05-31 00:00:00+00:00,demo,synthetic,3430,La Pura,active,2025-06-08 00:00:00+00:00,Zenia,2 PN,2,60.75,82,active,seed-batch-units-001,1,2025-08-21 02:00:00+00:00,2025-09-08 10:00:00+00:00,synthetic_v1_tower_stack_floor_band,synthetic_v1_causal_funnel,52618392,58163635,0.9047,1.7
P-0001,A-0021,U-0268,mini_crm,mini-crm-dev,B3.16.13,Zenia,Zenia,B3,16,13,2 PN,66.29,59.97,3382167589,3439664438,Rever,2PN,2,2,51020781.24905717,56397658.645989664,0.9046613365515159,1.6999999996156312,mid,Tây,Bắc,Hồ bơi,False,1,1,2025-05-31 00:00:00+00:00,demo,observed,3382,La Pura,active,2025-06-08 00:00:00+00:00,Zenia,2 PN,2,60.75,82,active,seed-batch-units-001,1,2025-09-05 02:00:00+00:00,2025-10-27 10:00:00+00:00,synthetic_v1_tower_stack_floor_band,synthetic_v1_causal_funnel,51888135,57356419,0.9047,1.7
P-0001,A-0022,U-0269,mini_crm,mini-crm-dev,B3.16.15,Zenia,Zenia,B3,16,15,3 PN,82.65,73.38,5136304738,5223621918,MEGA REALTY,3PN,3,2,62145247.88868723,69995976.26056147,0.8878402903811251,1.6999999893697895,mid,Bắc,Đông,Nội khu,False,1,1,2025-05-31 00:00:00+00:00,demo,synthetic,5136,La Pura,active,2025-06-08 00:00:00+00:00,Zenia,3 PN,3,74.27,29,active,seed-batch-units-001,0,1970-01-01 00:00:00+00:00,1970-01-01 00:00:00+00:00,synthetic_v1_tower_stack_floor_band,synthetic_v1_causal_funnel,63201717,71185908,0.8878,1.7
P-0001,A-0021,U-0270,mini_crm,mini-crm-dev,B3.17.13,Zenia,Zenia,B3,17,13,2 PN,66.45,60.05,3394945913,3452659993,MEGA REALTY,2PN,2,2,51090231.948833704,56535319.117402166,0.9036869826937546,1.6999999846536582,mid,Tây,Bắc,Hồ bơi,False,1,1,2025-05-31 00:00:00+00:00,demo,synthetic,3395,La Pura,active,2025-06-08 00:00:00+00:00,Zenia,2 PN,2,60.75,82,active,seed-batch-units-001,1,2025-09-10 02:00:00+00:00,2025-11-07 10:00:00+00:00,synthetic_v1_tower_stack_floor_band,synthetic_v1_causal_funnel,51958766,57496420,0.9037,1.7
P-0001,A-0021,U-0271,mini_crm,mini-crm-dev,B3.17.14,Zenia,Zenia,B3,17,14,2 PN,66.45,60.05,3394945913,3452659993,MEGA REALTY,2PN,2,2,51090231.948833704,56535319.117402166,0.9036869826937546,1.6999999846536582,mid,Tây Bắc,Đông Bắc,Nội khu,False,1,1,2025-05-31 00:00:00+00:00,demo,synthetic,3395,La Pura,active,2025-06-08 00:00:00+00:00,Zenia,2 PN,2,60.75,82,active,seed-batch-units-001,1,2025-09-14 02:00:00+00:00,2025-11-15 10:00:00+00:00,synthetic_v1_tower_stack_floor_band,synthetic_v1_causal_funnel,51958766,57496420,0.9037,1.7
P-0001,A-0022,U-0272,mini_crm,mini-crm-dev,B3.17.17,Zenia,Zenia,B3,17,17,3 PN,82.65,73.38,5143013445,5230444674,MEGA REALTY,3PN,3,2,62226417.96733212,70087400.44971383,0.8878402903811251,1.7000000084580764,mid,Nam,Tây,Hồ bơi,False,1,1,2025-05-31 00:00:00+00:00,demo,synthetic,5143,La Pura,active,2025-06-08 00:00:00+00:00,Zenia,3 PN,3,74.27,29,active,seed-batch-units-001,0,1970-01-01 00:00:00+00:00,1970-01-01 00:00:00+00:00,synthetic_v1_tower_stack_floor_band,synthetic_v1_causal_funnel,63284267,71278886,0.8878,1.7
P-0001,A-0023,U-0273,mini_crm,mini-crm-dev,B3.19.01,Zenia,Zenia,B3,19,1,Căn hộ Loft,55.23,48.68,3529786010,3589792372,MEGA REALTY,Loft,2,2,63910664.674995475,72509983.77156943,0.8814050334962883,1.699999995183844,mid,Tây,Bắc,Toàn cảnh,True,1,1,2025-05-31 00:00:00+00:00,demo,synthetic,3530,La Pura,active,2025-06-08 00:00:00+00:00,Zenia,Căn hộ Loft,2,60.05,11,active,seed-batch-units-001,1,2025-08-17 02:00:00+00:00,2025-09-20 10:00:00+00:00,synthetic_v1_tower_stack_floor_band,synthetic_v1_causal_funnel,64997146,73742653,0.8814,1.7
P-0001,A-0023,U-0274,mini_crm,mini-crm-dev,B3.19.02,Zenia,Zenia,B3,19,2,Căn hộ Loft,66.28,59.32,4196765495,4268110508,MEGA REALTY,Loft,2,2,63318731.06517803,70747901.1294673,0.8949909474954737,1.6999999901114324,mid,Tây Bắc,Đông Bắc,Thành phố,False,1,1,2025-05-31 00:00:00+00:00,demo,synthetic,4197,La Pura,active,2025-06-08 00:00:00+00:00,Zenia,Căn hộ Loft,2,60.05,11,active,seed-batch-units-001,1,2025-09-03 02:00:00+00:00,2025-10-26 10:00:00+00:00,synthetic_v1_tower_stack_floor_band,synthetic_v1_causal_funnel,64395149,71950615,0.895,1.7
P-0001,A-0023,U-0275,mini_crm,mini-crm-dev,B3.19.09,Zenia,Zenia,B3,19,9,Căn hộ Loft,67.92,60.29,4599443298,4677633834,MEGA REALTY,Loft,2,2,67718540.90106007,76288659.77774093,0.8876619552414605,1.6999999985650438,mid,Đông Bắc,Đông Nam,Nội khu,False,1,1,2025-05-31 00:00:00+00:00,demo,synthetic,4599,La Pura,active,2025-06-08 00:00:00+00:00,Zenia,Căn hộ Loft,2,60.05,11,active,seed-batch-units-001,0,1970-01-01 00:00:00+00:00,1970-01-01 00:00:00+00:00,synthetic_v1_tower_stack_floor_band,synthetic_v1_causal_funnel,68869756,77585567,0.8877,1.7
P-0001,A-0023,U-0276,mini_crm,mini-crm-dev,B3.19.12,Zenia,Zenia,B3,19,12,Căn hộ Loft,66.29,59.97,4327383395,4400948913,MEGA REALTY,Loft,2,2,65279580.55513652,72159136.15140904,0.9046613365515159,1.700000006585966,mid,Nam,Tây,Nội khu,False,1,1,2025-05-31 00:00:00+00:00,demo,synthetic,4327,La Pura,active,2025-06-08 00:00:00+00:00,Zenia,Căn hộ Loft,2,60.05,11,active,seed-batch-units-001,1,2025-08-19 02:00:00+00:00,2025-09-27 10:00:00+00:00,synthetic_v1_tower_stack_floor_band,synthetic_v1_causal_funnel,66389333,73385841,0.9047,1.7
P-0001,A-0023,U-0277,mini_crm,mini-crm-dev,B3.19.13,Zenia,Zenia,B3,19,13,Căn hộ Loft,66.45,60.05,4272595036,4345229152,MEGA REALTY,Loft,2,2,64297893.694507144,71150625.07910076,0.9036869826937546,1.7000000090811322,mid,Tây,Bắc,Hồ bơi,False,1,1,2025-05-31 00:00:00+00:00,demo,synthetic,4273,La Pura,active,2025-06-08 00:00:00+00:00,Zenia,Căn hộ Loft,2,60.05,11,active,seed-batch-units-001,0,1970-01-01 00:00:00+00:00,1970-01-01 00:00:00+00:00,synthetic_v1_tower_stack_floor_band,synthetic_v1_causal_funnel,65390958,72360186,0.9037,1.7
P-0001,A-0023,U-0278,mini_crm,mini-crm-dev,B3.19.15,Zenia,Zenia,B3,19,15,Căn hộ Loft,66.29,59.97,4327383395,4400948913,MEGA REALTY,Loft,2,2,65279580.55513652,72159136.15140904,0.9046613365515159,1.700000006585966,mid,Bắc,Đông,Nội khu,False,1,1,2025-05-31 00:00:00+00:00,demo,synthetic,4327,La Pura,active,2025-06-08 00:00:00+00:00,Zenia,Căn hộ Loft,2,60.05,11,active,seed-batch-units-001,0,1970-01-01 00:00:00+00:00,1970-01-01 00:00:00+00:00,synthetic_v1_tower_stack_floor_band,synthetic_v1_causal_funnel,66389333,73385841,0.9047,1.7
P-0001,A-0023,U-0279,mini_crm,mini-crm-dev,B3.19.16,Zenia,Zenia,B3,19,16,Căn hộ Loft,66.76,60.43,4357825921,4431908962,MEGA REALTY,Loft,2,2,65276002.411623724,72113617.75608142,0.9051827441581785,1.700000007870897,mid,Tây Nam,Tây Bắc,Nội khu,False,1,1,2025-05-31 00:00:00+00:00,demo,synthetic,4358,La Pura,active,2025-06-08 00:00:00+00:00,Zenia,Căn hộ Loft,2,60.05,11,active,seed-batch-units-001,0,1970-01-01 00:00:00+00:00,1970-01-01 00:00:00+00:00,synthetic_v1_tower_stack_floor_band,synthetic_v1_causal_funnel,66385694,73339549,0.9052,1.7
P-0001,A-0022,U-0280,mini_crm,mini-crm-dev,B3.21.17,Zenia,Zenia,B3,21,17,3 PN,82.65,73.9,5169848277,5257735697,MEGA REALTY,3PN,3,2,62551098.33030853,69957351.51556157,0.8941318814277072,1.6999999862858644,mid,Nam,Tây,Hồ bơi,False,1,1,2025-05-31 00:00:00+00:00,demo,synthetic,5170,La Pura,active,2025-06-08 00:00:00+00:00,Zenia,3 PN,3,74.27,29,active,seed-batch-units-001,1,2025-08-22 02:00:00+00:00,2025-09-15 10:00:00+00:00,synthetic_v1_tower_stack_floor_band,synthetic_v1_causal_funnel,63614467,71146626,0.8941,1.7
P-0001,A-0021,U-0281,mini_crm,mini-crm-dev,B3.22.14,Zenia,Zenia,B3,22,14,2 PN,66.45,60.42,3418397010,3476509759,MEGA REALTY,2PN,2,2,51443145.37246049,56577242.80039722,0.909255079006772,1.6999999950269087,mid,Tây Bắc,Đông Bắc,Nội khu,False,1,1,2025-05-31 00:00:00+00:00,demo,synthetic,3418,La Pura,active,2025-06-08 00:00:00+00:00,Zenia,2 PN,2,60.75,82,active,seed-batch-units-001,1,2025-09-09 02:00:00+00:00,2025-09-20 10:00:00+00:00,synthetic_v1_tower_stack_floor_band,synthetic_v1_causal_funnel,52317679,57539056,0.9093,1.7
P-0001,A-0022,U-0282,mini_crm,mini-crm-dev,B3.22.17,Zenia,Zenia,B3,22,17,3 PN,82.65,73.9,5176556984,5264558453,MEGA REALTY,3PN,3,2,62632268.40895341,70048132.39512855,0.8941318814277072,1.7000000052544577,mid,Nam,Tây,Hồ bơi,False,1,1,2025-05-31 00:00:00+00:00,demo,synthetic,5177,La Pura,active,2025-06-08 00:00:00+00:00,Zenia,3 PN,3,74.27,29,active,seed-batch-units-001,1,2025-08-26 02:00:00+00:00,2025-10-13 10:00:00+00:00,synthetic_v1_tower_stack_floor_band,synthetic_v1_causal_funnel,63697017,71238951,0.8941,1.7
P-0001,A-0021,U-0283,mini_crm,mini-crm-dev,B3.24.13,Zenia,Zenia,B3,24,13,2 PN,66.45,60.42,3349170419,3406106316,MEGA REALTY,2PN,2,2,50401360.70729872,55431486.577292286,0.909255079006772,1.6999999963274486,mid,Tây,Bắc,Hồ bơi,False,1,1,2025-05-31 00:00:00+00:00,demo,synthetic,3349,La Pura,active,2025-06-08 00:00:00+00:00,Zenia,2 PN,2,60.75,82,active,seed-batch-units-001,1,2025-09-02 02:00:00+00:00,2025-10-01 10:00:00+00:00,synthetic_v1_tower_stack_floor_band,synthetic_v1_causal_funnel,51258184,56373822,0.9093,1.7
P-0001,A-0022,U-0284,mini_crm,mini-crm-dev,B3.25.17,Zenia,Zenia,B3,25,17,3 PN,82.65,73.9,5196683108,5285026721,MEGA REALTY,3PN,3,2,62875778.681185715,70320475.0744249,0.8941318814277072,1.700000003155859,mid,Nam,Tây,Hồ bơi,False,1,1,2025-05-31 00:00:00+00:00,demo,synthetic,5197,La Pura,active,2025-06-08 00:00:00+00:00,Zenia,3 PN,3,74.27,29,active,seed-batch-units-001,0,1970-01-01 00:00:00+00:00,1970-01-01 00:00:00+00:00,synthetic_v1_tower_stack_floor_band,synthetic_v1_causal_funnel,63944667,71515923,0.8941,1.7
P-0001,A-0021,U-0285,mini_crm,mini-crm-dev,B3.26.13,Zenia,Zenia,B3,26,13,2 PN,66.45,60.42,3358550858,3415646223,MEGA REALTY,2PN,2,2,50542526.07975922,55586740.45018206,0.909255079006772,1.700000012326745,high,Tây,Bắc,Toàn cảnh,False,1,1,2025-05-31 00:00:00+00:00,demo,synthetic,3359,La Pura,active,2025-06-08 00:00:00+00:00,Zenia,2 PN,2,60.75,82,active,seed-batch-units-001,0,1970-01-01 00:00:00+00:00,1970-01-01 00:00:00+00:00,synthetic_v1_tower_stack_floor_band,synthetic_v1_causal_funnel,51401749,56531715,0.9093,1.7
P-0001,A-0024,U-0286,mini_crm,mini-crm-dev,B3.27.01,Zenia,Zenia,B3,27,1,Căn hộ sân vườn,132.18,121.08,8695966480,8843797910,MEGA REALTY,Garden,2,2,65788821.90951732,71820007.26792203,0.9160236041761234,1.6999999981600664,high,Tây,Bắc,Toàn cảnh,True,1,1,2025-05-31 00:00:00+00:00,demo,synthetic,8696,La Pura,active,2025-06-08 00:00:00+00:00,Zenia,Căn hộ sân vườn,2,115.38,4,active,seed-batch-units-001,0,1970-01-01 00:00:00+00:00,1970-01-01 00:00:00+00:00,synthetic_v1_tower_stack_floor_band,synthetic_v1_causal_funnel,66907232,73040947,0.916,1.7
P-0001,A-0024,U-0287,mini_crm,mini-crm-dev,B3.27.02,Zenia,Zenia,B3,27,2,Căn hộ sân vườn,119.46,110.38,7141580767,7262987640,MEGA REALTY,Garden,2,2,59782192.9265026,64699952.591049105,0.9239912941570401,1.6999999994539026,high,Tây Bắc,Đông Bắc,Thành phố,False,1,1,2025-05-31 00:00:00+00:00,demo,synthetic,7142,La Pura,active,2025-06-08 00:00:00+00:00,Zenia,Căn hộ sân vườn,2,115.38,4,active,seed-batch-units-001,0,1970-01-01 00:00:00+00:00,1970-01-01 00:00:00+00:00,synthetic_v1_tower_stack_floor_band,synthetic_v1_causal_funnel,60798490,65799852,0.924,1.7
P-0001,A-0021,U-0288,mini_crm,mini-crm-dev,B3.27.14,Zenia,Zenia,B3,27,14,2 PN,66.8,60.7,3459812578,3518629392,MEGA REALTY,2PN,2,2,51793601.46706587,56998559.769357495,0.908682634730539,1.7000000050291741,high,Tây Bắc,Đông Bắc,Sông,False,1,1,2025-05-31 00:00:00+00:00,demo,synthetic,3460,La Pura,active,2025-06-08 00:00:00+00:00,Zenia,2 PN,2,60.75,82,active,seed-batch-units-001,1,2025-08-28 02:00:00+00:00,2025-09-22 10:00:00+00:00,synthetic_v1_tower_stack_floor_band,synthetic_v1_causal_funnel,52674093,57967535,0.9087,1.7
P-0001,A-0022,U-0289,mini_crm,mini-crm-dev,B3.27.15,Zenia,Zenia,B3,27,15,3 PN,82.65,73.9,5210100523,5298672232,MEGA REALTY,3PN,3,2,63038118.85057471,70502036.84709066,0.8941318814277072,1.7000000020920902,high,Bắc,Đông,Sông,False,1,1,2025-05-31 00:00:00+00:00,demo,synthetic,5210,La Pura,active,2025-06-08 00:00:00+00:00,Zenia,3 PN,3,74.27,29,active,seed-batch-units-001,0,1970-01-01 00:00:00+00:00,1970-01-01 00:00:00+00:00,synthetic_v1_tower_stack_floor_band,synthetic_v1_causal_funnel,64109767,71700571,0.8941,1.7
P-0001,A-0021,U-0290,mini_crm,mini-crm-dev,B3.28.07,Zenia,Zenia,B3,28,7,2 PN,68.06,60.77,3717148883,3780340414,MEGA REALTY,2PN,2,2,54615763.7819571,61167498.48609511,0.8928886276814576,1.6999999997040742,high,Tây,Bắc,Toàn cảnh,False,1,1,2025-05-31 00:00:00+00:00,demo,synthetic,3717,La Pura,active,2025-06-08 00:00:00+00:00,Zenia,2 PN,2,60.75,82,active,seed-batch-units-001,1,2025-08-27 02:00:00+00:00,2025-09-21 10:00:00+00:00,synthetic_v1_tower_stack_floor_band,synthetic_v1_causal_funnel,55544232,62207346,0.8929,1.7
P-0001,A-0021,U-0291,mini_crm,mini-crm-dev,B3.28.11,Zenia,Zenia,B3,28,11,2 PN,66.45,60.42,3420335983,3478481695,MEGA REALTY,2PN,2,2,51472324.80060195,56609334.37603442,0.909255079006772,1.7000000084494624,high,Tây Bắc,Đông Bắc,Thành phố,False,1,1,2025-05-31 00:00:00+00:00,demo,synthetic,3420,La Pura,active,2025-06-08 00:00:00+00:00,Zenia,2 PN,2,60.75,82,active,seed-batch-units-001,1,2025-08-19 02:00:00+00:00,2025-09-04 10:00:00+00:00,synthetic_v1_tower_stack_floor_band,synthetic_v1_causal_funnel,52347354,57571693,0.9093,1.7
P-0001,A-0021,U-0292,mini_crm,mini-crm-dev,B3.28.12,Zenia,Zenia,B3,28,12,2 PN,66.45,60.42,3498943013,3558425044,MEGA REALTY,2PN,2,2,52655274.838224225,57910344.47202913,0.909255079006772,1.6999999936838068,high,Nam,Tây,Thành phố,False,1,1,2025-05-31 00:00:00+00:00,demo,synthetic,3499,La Pura,active,2025-06-08 00:00:00+00:00,Zenia,2 PN,2,60.75,82,active,seed-batch-units-001,0,1970-01-01 00:00:00+00:00,1970-01-01 00:00:00+00:00,synthetic_v1_tower_stack_floor_band,synthetic_v1_causal_funnel,53550415,58894820,0.9093,1.7
P-0001,A-0021,U-0293,mini_crm,mini-crm-dev,B3.29.13,Zenia,Zenia,B3,29,13,2 PN,66.33,60.42,3445052359,3503618249,MEGA REALTY,2PN,2,2,51938072.65189206,57018410.44356173,0.9109000452284035,1.6999999970102053,high,Tây,Bắc,Toàn cảnh,False,1,1,2025-05-31 00:00:00+00:00,demo,synthetic,3445,La Pura,active,2025-06-08 00:00:00+00:00,Zenia,2 PN,2,60.75,82,active,seed-batch-units-001,0,1970-01-01 00:00:00+00:00,1970-01-01 00:00:00+00:00,synthetic_v1_tower_stack_floor_band,synthetic_v1_causal_funnel,52821020,57987723,0.9109,1.7
P-0001,A-0021,U-0294,mini_crm,mini-crm-dev,B3.30.07,Zenia,Zenia,B3,30,7,2 PN,68.06,60.77,3726756598,3790111460,MEGA REALTY,2PN,2,2,54756929.15074934,61325598.12407438,0.8928886276814576,1.6999999955457246,high,Tây,Bắc,Toàn cảnh,False,1,1,2025-05-31 00:00:00+00:00,demo,synthetic,3727,La Pura,active,2025-06-08 00:00:00+00:00,Zenia,2 PN,2,60.75,82,active,seed-batch-units-001,1,2025-08-20 02:00:00+00:00,2025-09-27 10:00:00+00:00,synthetic_v1_tower_stack_floor_band,synthetic_v1_causal_funnel,55687797,62368133,0.8929,1.7
P-0001,A-0021,U-0295,mini_crm,mini-crm-dev,B3.30.11,Zenia,Zenia,B3,30,11,2 PN,66.45,60.42,3429716422,3488021601,MEGA REALTY,2PN,2,2,51613490.17306245,56764588.248924196,0.909255079006772,1.6999999949266942,high,Tây Bắc,Đông Bắc,Thành phố,False,1,1,2025-05-31 00:00:00+00:00,demo,synthetic,3430,La Pura,active,2025-06-08 00:00:00+00:00,Zenia,2 PN,2,60.75,82,active,seed-batch-units-001,1,2025-08-18 02:00:00+00:00,2025-08-23 10:00:00+00:00,synthetic_v1_tower_stack_floor_band,synthetic_v1_causal_funnel,52490920,57729586,0.9093,1.7
P-0001,A-0021,U-0296,mini_crm,mini-crm-dev,B3.30.13,Zenia,Zenia,B3,30,13,2 PN,66.33,60.42,3449734109,3508379588,MEGA REALTY,2PN,2,2,52008655.34448967,57095897.20291294,0.9109000452284035,1.6999999752734567,high,Tây,Bắc,Toàn cảnh,False,1,1,2025-05-31 00:00:00+00:00,demo,synthetic,3450,La Pura,active,2025-06-08 00:00:00+00:00,Zenia,2 PN,2,60.75,82,active,seed-batch-units-001,1,2025-08-27 02:00:00+00:00,2025-10-10 10:00:00+00:00,synthetic_v1_tower_stack_floor_band,synthetic_v1_causal_funnel,52892802,58066527,0.9109,1.7
P-0001,A-0022,U-0297,mini_crm,mini-crm-dev,B3.30.15,Zenia,Zenia,B3,30,15,3 PN,82.65,73.9,5230226647,5319140500,MEGA REALTY,3PN,3,2,63281629.12280701,70774379.526387,0.8941318814277072,1.7000000000191196,high,Bắc,Đông,Sông,False,1,1,2025-05-31 00:00:00+00:00,demo,synthetic,5230,La Pura,active,2025-06-08 00:00:00+00:00,Zenia,3 PN,3,74.27,29,active,seed-batch-units-001,0,1970-01-01 00:00:00+00:00,1970-01-01 00:00:00+00:00,synthetic_v1_tower_stack_floor_band,synthetic_v1_causal_funnel,64357417,71977544,0.8941,1.7
P-0001,A-0022,U-0298,mini_crm,mini-crm-dev,B3.31.17,Zenia,Zenia,B3,31,17,3 PN,82.65,74.27,5236935354,5325963255,MEGA REALTY,3PN,3,2,63362799.2014519,70512122.71442036,0.8986085904416212,1.6999999996562876,high,Nam,Tây,Toàn cảnh,False,1,1,2025-05-31 00:00:00+00:00,demo,synthetic,5237,La Pura,active,2025-06-08 00:00:00+00:00,Zenia,3 PN,3,74.27,29,active,seed-batch-units-001,0,1970-01-01 00:00:00+00:00,1970-01-01 00:00:00+00:00,synthetic_v1_tower_stack_floor_band,synthetic_v1_causal_funnel,64439967,71710829,0.8986,1.7
P-0001,A-0021,U-0299,mini_crm,mini-crm-dev,B3.32.15,Zenia,Zenia,B3,32,15,2 PN,66.37,60.75,3513506402,3573236011,MEGA REALTY,2PN,2,2,52938170.890462555,57835496.329218104,0.915323188187434,1.7000000047246249,high,Bắc,Đông,Sông,False,1,1,2025-05-31 00:00:00+00:00,demo,synthetic,3514,La Pura,active,2025-06-08 00:00:00+00:00,Zenia,2 PN,2,60.75,82,active,seed-batch-units-001,0,1970-01-01 00:00:00+00:00,1970-01-01 00:00:00+00:00,synthetic_v1_tower_stack_floor_band,synthetic_v1_causal_funnel,53838120,58818700,0.9153,1.7
P-0001,A-0021,U-0300,mini_crm,mini-crm-dev,B3.33.12,Zenia,Zenia,B3,33,12,2 PN,66.37,60.75,3518190975,3578000222,MEGA REALTY,2PN,2,2,53008753.578423984,57912608.641975306,0.915323188187434,1.7000000120800718,high,Nam,Tây,Thành phố,False,1,1,2025-05-31 00:00:00+00:00,demo,synthetic,3518,La Pura,active,2025-06-08 00:00:00+00:00,Zenia,2 PN,2,60.75,82,active,seed-batch-units-001,0,1970-01-01 00:00:00+00:00,1970-01-01 00:00:00+00:00,synthetic_v1_tower_stack_floor_band,synthetic_v1_causal_funnel,53909902,58897123,0.9153,1.7
P-0001,A-0021,U-0301,mini_crm,mini-crm-dev,B3.33.13,Zenia,Zenia,B3,33,13,2 PN,66.45,60.75,3391382394,3449035895,MEGA REALTY,2PN,2,2,51036604.8758465,55825224.59259259,0.9142212189616252,1.7000000089049232,high,Tây,Bắc,Toàn cảnh,False,1,1,2025-05-31 00:00:00+00:00,demo,synthetic,3391,La Pura,active,2025-06-08 00:00:00+00:00,Zenia,2 PN,2,60.75,82,active,seed-batch-units-001,1,2025-09-09 02:00:00+00:00,2025-09-22 10:00:00+00:00,synthetic_v1_tower_stack_floor_band,synthetic_v1_causal_funnel,51904227,56774253,0.9142,1.7
P-0001,A-0021,U-0302,mini_crm,mini-crm-dev,B3.33.14,Zenia,Zenia,B3,33,14,2 PN,66.45,60.75,3469989424,3528979244,MEGA REALTY,2PN,2,2,52219554.91346877,57119167.47325103,0.9142212189616252,1.6999999940057453,high,Tây Bắc,Đông Bắc,Sông,False,1,1,2025-05-31 00:00:00+00:00,demo,synthetic,3470,La Pura,active,2025-06-08 00:00:00+00:00,Zenia,2 PN,2,60.75,82,active,seed-batch-units-001,1,2025-08-27 02:00:00+00:00,2025-09-03 10:00:00+00:00,synthetic_v1_tower_stack_floor_band,synthetic_v1_causal_funnel,53107287,58090193,0.9142,1.7
P-0001,A-0022,U-0303,mini_crm,mini-crm-dev,B3.33.17,Zenia,Zenia,B3,33,17,3 PN,82.65,74.27,5250352770,5339608767,MEGA REALTY,3PN,3,2,63525139.382940106,70692779.99192137,0.8986085904416212,1.6999999982858294,high,Nam,Tây,Toàn cảnh,False,1,1,2025-05-31 00:00:00+00:00,demo,synthetic,5250,La Pura,active,2025-06-08 00:00:00+00:00,Zenia,3 PN,3,74.27,29,active,seed-batch-units-001,0,1970-01-01 00:00:00+00:00,1970-01-01 00:00:00+00:00,synthetic_v1_tower_stack_floor_band,synthetic_v1_causal_funnel,64605067,71894557,0.8986,1.7
P-0001,A-0020,U-0304,mini_crm,mini-crm-dev,B3.34.01,Zenia,Zenia,B3,34,1,1 PN+,55.24,49.01,2997726560,3048687912,MEGA REALTY,1PN+,1,1,54267316.43736423,61165610.28361559,0.8872194062273714,1.700000016012134,high,Tây,Bắc,Toàn cảnh,True,1,1,2025-05-31 00:00:00+00:00,demo,synthetic,2998,La Pura,active,2025-06-08 00:00:00+00:00,Zenia,1 PN+,1,49.14,31,active,seed-batch-units-001,0,1970-01-01 00:00:00+00:00,1970-01-01 00:00:00+00:00,synthetic_v1_tower_stack_floor_band,synthetic_v1_causal_funnel,55189861,62205426,0.8872,1.7
P-0001,A-0021,U-0305,mini_crm,mini-crm-dev,B3.34.09,Zenia,Zenia,B3,34,9,2 PN,68.14,61.27,3750338537,3814094292,MEGA REALTY,2PN,2,2,55038722.2923393,61210029.98204668,0.8991781626063986,1.6999999965603105,high,Đông Bắc,Đông Nam,Thành phố,False,1,1,2025-05-31 00:00:00+00:00,demo,synthetic,3750,La Pura,active,2025-06-08 00:00:00+00:00,Zenia,2 PN,2,60.75,82,active,seed-batch-units-001,1,2025-09-09 02:00:00+00:00,2025-11-06 10:00:00+00:00,synthetic_v1_tower_stack_floor_band,synthetic_v1_causal_funnel,55974381,62250600,0.8992,1.7
P-0001,A-0021,U-0306,mini_crm,mini-crm-dev,B3.34.11,Zenia,Zenia,B3,34,11,2 PN,66.37,60.75,3522875548,3582764432,MEGA REALTY,2PN,2,2,53079336.26638541,57989720.95473251,0.915323188187434,1.699999991030055,high,Tây Bắc,Đông Bắc,Thành phố,False,1,1,2025-05-31 00:00:00+00:00,demo,synthetic,3523,La Pura,active,2025-06-08 00:00:00+00:00,Zenia,2 PN,2,60.75,82,active,seed-batch-units-001,1,2025-08-28 02:00:00+00:00,2025-09-07 10:00:00+00:00,synthetic_v1_tower_stack_floor_band,synthetic_v1_causal_funnel,53981685,58975546,0.9153,1.7
P-0001,A-0021,U-0307,mini_crm,mini-crm-dev,B3.35.12,Zenia,Zenia,B3,35,12,2 PN,66.37,60.75,3527560121,3587528643,MEGA REALTY,2PN,2,2,53149918.95434684,58066833.26748971,0.915323188187434,1.6999999983841523,high,Nam,Tây,Thành phố,False,1,1,2025-05-31 00:00:00+00:00,demo,synthetic,3528,La Pura,active,2025-06-08 00:00:00+00:00,Zenia,2 PN,2,60.75,82,active,seed-batch-units-001,0,1970-01-01 00:00:00+00:00,1970-01-01 00:00:00+00:00,synthetic_v1_tower_stack_floor_band,synthetic_v1_causal_funnel,54053468,59053969,0.9153,1.7
P-0001,A-0021,U-0308,mini_crm,mini-crm-dev,B3.35.13,Zenia,Zenia,B3,35,13,2 PN,66.45,60.75,3400762833,3458575801,MEGA REALTY,2PN,2,2,51177770.248307,55979635.11111111,0.9142212189616252,1.699999995265768,high,Tây,Bắc,Toàn cảnh,False,1,1,2025-05-31 00:00:00+00:00,demo,synthetic,3401,La Pura,active,2025-06-08 00:00:00+00:00,Zenia,2 PN,2,60.75,82,active,seed-batch-units-001,1,2025-08-31 02:00:00+00:00,2025-10-18 10:00:00+00:00,synthetic_v1_tower_stack_floor_band,synthetic_v1_causal_funnel,52047792,56931289,0.9142,1.7
P-0001,A-0021,U-0309,mini_crm,mini-crm-dev,B3.35.14,Zenia,Zenia,B3,35,14,2 PN,66.45,60.75,3479369863,3538519150,MEGA REALTY,2PN,2,2,52360720.28592927,57273577.991769545,0.9142212189616252,1.6999999807148989,high,Tây Bắc,Đông Bắc,Sông,False,1,1,2025-05-31 00:00:00+00:00,demo,synthetic,3479,La Pura,active,2025-06-08 00:00:00+00:00,Zenia,2 PN,2,60.75,82,active,seed-batch-units-001,1,2025-09-10 02:00:00+00:00,2025-10-18 10:00:00+00:00,synthetic_v1_tower_stack_floor_band,synthetic_v1_causal_funnel,53250853,58247229,0.9142,1.7
P-0001,A-0021,U-0310,mini_crm,mini-crm-dev,B3.35.15,Zenia,Zenia,B3,35,15,2 PN,66.37,60.75,3527560121,3587528643,MEGA REALTY,2PN,2,2,53149918.95434684,58066833.26748971,0.915323188187434,1.6999999983841523,high,Bắc,Đông,Sông,False,1,1,2025-05-31 00:00:00+00:00,demo,synthetic,3528,La Pura,active,2025-06-08 00:00:00+00:00,Zenia,2 PN,2,60.75,82,active,seed-batch-units-001,1,2025-09-04 02:00:00+00:00,2025-10-26 10:00:00+00:00,synthetic_v1_tower_stack_floor_band,synthetic_v1_causal_funnel,54053468,59053969,0.9153,1.7
P-0001,A-0021,U-0311,mini_crm,mini-crm-dev,B3.35.16,Zenia,Zenia,B3,35,16,2 PN,66.84,60.89,3552319888,3612709326,MEGA REALTY,2PN,2,2,53146617.1154997,58339955.460666776,0.91098144823459,1.6999999972975406,high,Tây Nam,Tây Bắc,Thành phố,False,1,1,2025-05-31 00:00:00+00:00,demo,synthetic,3552,La Pura,active,2025-06-08 00:00:00+00:00,Zenia,2 PN,2,60.75,82,active,seed-batch-units-001,1,2025-08-19 02:00:00+00:00,2025-09-04 10:00:00+00:00,synthetic_v1_tower_stack_floor_band,synthetic_v1_causal_funnel,54050110,59331735,0.911,1.7
P-0001,A-0020,U-0312,mini_crm,mini-crm-dev,B3.36.01,Zenia,Zenia,B3,36,1,1 PN+,55.24,49.01,3005524535,3056618452,MEGA REALTY,1PN+,1,1,54408481.80666184,61324720.1591512,0.8872194062273714,1.6999999968391541,high,Tây,Bắc,Toàn cảnh,True,1,1,2025-05-31 00:00:00+00:00,demo,synthetic,3006,La Pura,active,2025-06-08 00:00:00+00:00,Zenia,1 PN+,1,49.14,31,active,seed-batch-units-001,1,2025-09-08 02:00:00+00:00,2025-11-01 10:00:00+00:00,synthetic_v1_tower_stack_floor_band,synthetic_v1_causal_funnel,55333426,62367240,0.8872,1.7
P-0001,A-0021,U-0313,mini_crm,mini-crm-dev,B3.36.12,Zenia,Zenia,B3,36,12,2 PN,66.37,60.75,3532244694,3592292853,MEGA REALTY,2PN,2,2,53220501.642308265,58143945.58024691,0.915323188187434,1.6999999774081336,high,Nam,Tây,Thành phố,False,1,1,2025-05-31 00:00:00+00:00,demo,synthetic,3532,La Pura,active,2025-06-08 00:00:00+00:00,Zenia,2 PN,2,60.75,82,active,seed-batch-units-001,0,1970-01-01 00:00:00+00:00,1970-01-01 00:00:00+00:00,synthetic_v1_tower_stack_floor_band,synthetic_v1_causal_funnel,54125250,59132393,0.9153,1.7
P-0001,A-0022,U-0314,mini_crm,mini-crm-dev,B3.36.17,Zenia,Zenia,B3,36,17,3 PN,82.65,74.27,5270478893,5360077034,MEGA REALTY,3PN,3,2,63768649.643073194,70963765.8947085,0.8986085904416212,1.699999996565777,high,Nam,Tây,Toàn cảnh,False,1,1,2025-05-31 00:00:00+00:00,demo,synthetic,5270,La Pura,active,2025-06-08 00:00:00+00:00,Zenia,3 PN,3,74.27,29,active,seed-batch-units-001,1,2025-08-13 02:00:00+00:00,2025-08-16 10:00:00+00:00,synthetic_v1_tower_stack_floor_band,synthetic_v1_causal_funnel,64852717,72170150,0.8986,1.7
P-0001,A-0020,U-0315,mini_crm,mini-crm-dev,B3.37.01,Zenia,Zenia,B3,37,1,1 PN+,55.24,49.01,3009423523,3060583722,MEGA REALTY,1PN+,1,1,54479064.50036205,61404275.107121,0.8872194062273714,1.6999999703930007,high,Tây,Bắc,Toàn cảnh,True,1,1,2025-05-31 00:00:00+00:00,demo,synthetic,3009,La Pura,active,2025-06-08 00:00:00+00:00,Zenia,1 PN+,1,49.14,31,active,seed-batch-units-001,1,2025-08-19 02:00:00+00:00,2025-08-26 10:00:00+00:00,synthetic_v1_tower_stack_floor_band,synthetic_v1_causal_funnel,55405209,62448148,0.8872,1.7
P-0001,A-0021,U-0316,mini_crm,mini-crm-dev,B3.37.13,Zenia,Zenia,B3,37,13,2 PN,66.45,60.75,3410143272,3468115708,MEGA REALTY,2PN,2,2,51318935.62076749,56134045.62962963,0.9142212189616252,1.7000000110259297,high,Tây,Bắc,Toàn cảnh,False,1,1,2025-05-31 00:00:00+00:00,demo,synthetic,3410,La Pura,active,2025-06-08 00:00:00+00:00,Zenia,2 PN,2,60.75,82,active,seed-batch-units-001,0,1970-01-01 00:00:00+00:00,1970-01-01 00:00:00+00:00,synthetic_v1_tower_stack_floor_band,synthetic_v1_causal_funnel,52191358,57088324,0.9142,1.7
P-0001,A-0021,U-0317,mini_crm,mini-crm-dev,B3.37.14,Zenia,Zenia,B3,37,14,2 PN,66.45,60.75,3488750302,3548059057,MEGA REALTY,2PN,2,2,52501885.65838976,57427988.51028807,0.9142212189616252,1.699999996159083,high,Tây Bắc,Đông Bắc,Sông,False,1,1,2025-05-31 00:00:00+00:00,demo,synthetic,3489,La Pura,active,2025-06-08 00:00:00+00:00,Zenia,2 PN,2,60.75,82,active,seed-batch-units-001,0,1970-01-01 00:00:00+00:00,1970-01-01 00:00:00+00:00,synthetic_v1_tower_stack_floor_band,synthetic_v1_causal_funnel,53394418,58404264,0.9142,1.7
P-0001,A-0021,U-0318,mini_crm,mini-crm-dev,B3.37.15,Zenia,Zenia,B3,37,15,2 PN,66.37,60.75,3536929266,3597057064,MEGA REALTY,2PN,2,2,53291084.315202646,58221057.87654321,0.915323188187434,1.7000000135145479,high,Bắc,Đông,Sông,False,1,1,2025-05-31 00:00:00+00:00,demo,synthetic,3537,La Pura,active,2025-06-08 00:00:00+00:00,Zenia,2 PN,2,60.75,82,active,seed-batch-units-001,0,1970-01-01 00:00:00+00:00,1970-01-01 00:00:00+00:00,synthetic_v1_tower_stack_floor_band,synthetic_v1_causal_funnel,54197033,59210816,0.9153,1.7
P-0001,A-0022,U-0319,mini_crm,mini-crm-dev,B3.37.17,Zenia,Zenia,B3,37,17,3 PN,82.65,74.27,5277187601,5366899790,MEGA REALTY,3PN,3,2,63849819.733817294,71054094.53345901,0.8986085904416212,1.6999999958879612,high,Nam,Tây,Toàn cảnh,False,1,1,2025-05-31 00:00:00+00:00,demo,synthetic,5277,La Pura,active,2025-06-08 00:00:00+00:00,Zenia,3 PN,3,74.27,29,active,seed-batch-units-001,0,1970-01-01 00:00:00+00:00,1970-01-01 00:00:00+00:00,synthetic_v1_tower_stack_floor_band,synthetic_v1_causal_funnel,64935267,72262014,0.8986,1.7
P-0001,A-0021,U-0320,mini_crm,mini-crm-dev,B3.38.09,Zenia,Zenia,B3,38,9,2 PN,68.14,61.27,3769576553,3833659355,MEGA REALTY,2PN,2,2,55321053.023187555,61524017.512648925,0.8991781626063986,1.700000015890379,high,Đông Bắc,Đông Nam,Thành phố,False,1,1,2025-05-31 00:00:00+00:00,demo,synthetic,3770,La Pura,active,2025-06-08 00:00:00+00:00,Zenia,2 PN,2,60.75,82,active,seed-batch-units-001,0,1970-01-01 00:00:00+00:00,1970-01-01 00:00:00+00:00,synthetic_v1_tower_stack_floor_band,synthetic_v1_causal_funnel,56261511,62569926,0.8992,1.7
P-0001,A-0021,U-0321,mini_crm,mini-crm-dev,B3.39.02,Zenia,Zenia,B3,39,2,2 PN,66.28,59.64,3436990533,3495419372,MEGA REALTY,2PN,2,2,51855620.5944478,57628949.24547283,0.899818949909475,1.6999999982251914,high,Tây Bắc,Đông Bắc,Thành phố,False,1,1,2025-05-31 00:00:00+00:00,demo,synthetic,3437,La Pura,active,2025-06-08 00:00:00+00:00,Zenia,2 PN,2,60.75,82,active,seed-batch-units-001,1,2025-09-01 02:00:00+00:00,2025-09-30 10:00:00+00:00,synthetic_v1_tower_stack_floor_band,synthetic_v1_causal_funnel,52737166,58608641,0.8998,1.7
P-0001,A-0021,U-0322,mini_crm,mini-crm-dev,B3.39.11,Zenia,Zenia,B3,39,11,2 PN,66.37,60.75,3546298412,3606585485,MEGA REALTY,2PN,2,2,53432249.691125505,58375282.50205761,0.915323188187434,1.6999999998872064,high,Tây Bắc,Đông Bắc,Thành phố,False,1,1,2025-05-31 00:00:00+00:00,demo,synthetic,3546,La Pura,active,2025-06-08 00:00:00+00:00,Zenia,2 PN,2,60.75,82,active,seed-batch-units-001,1,2025-08-21 02:00:00+00:00,2025-09-08 10:00:00+00:00,synthetic_v1_tower_stack_floor_band,synthetic_v1_causal_funnel,54340598,59367662,0.9153,1.7
P-0001,A-0021,U-0323,mini_crm,mini-crm-dev,B3.39.13,Zenia,Zenia,B3,39,13,2 PN,66.45,60.75,3419523711,3477655614,MEGA REALTY,2PN,2,2,51460100.99322799,56288456.14814815,0.9142212189616252,1.699999997455786,high,Tây,Bắc,Toàn cảnh,False,1,1,2025-05-31 00:00:00+00:00,demo,synthetic,3420,La Pura,active,2025-06-08 00:00:00+00:00,Zenia,2 PN,2,60.75,82,active,seed-batch-units-001,1,2025-08-23 02:00:00+00:00,2025-10-02 10:00:00+00:00,synthetic_v1_tower_stack_floor_band,synthetic_v1_causal_funnel,52334923,57245360,0.9142,1.7
P-0001,A-0021,U-0324,mini_crm,mini-crm-dev,B3.39.14,Zenia,Zenia,B3,39,14,2 PN,66.45,60.75,3498130740,3557598963,MEGA REALTY,2PN,2,2,52643051.015801355,57582399.01234568,0.9142212189616252,1.7000000120064123,high,Tây Bắc,Đông Bắc,Sông,False,1,1,2025-05-31 00:00:00+00:00,demo,synthetic,3498,La Pura,active,2025-06-08 00:00:00+00:00,Zenia,2 PN,2,60.75,82,active,seed-batch-units-001,1,2025-08-23 02:00:00+00:00,2025-09-12 10:00:00+00:00,synthetic_v1_tower_stack_floor_band,synthetic_v1_causal_funnel,53537983,58561300,0.9142,1.7
P-0001,A-0021,U-0325,mini_crm,mini-crm-dev,B3.39.15,Zenia,Zenia,B3,39,15,2 PN,66.37,60.75,3546298412,3606585485,MEGA REALTY,2PN,2,2,53432249.691125505,58375282.50205761,0.915323188187434,1.6999999998872064,high,Bắc,Đông,Sông,False,1,1,2025-05-31 00:00:00+00:00,demo,synthetic,3546,La Pura,active,2025-06-08 00:00:00+00:00,Zenia,2 PN,2,60.75,82,active,seed-batch-units-001,0,1970-01-01 00:00:00+00:00,1970-01-01 00:00:00+00:00,synthetic_v1_tower_stack_floor_band,synthetic_v1_causal_funnel,54340598,59367662,0.9153,1.7
P-0001,A-0021,U-0326,mini_crm,mini-crm-dev,B3.39.16,Zenia,Zenia,B3,39,16,2 PN,66.84,60.89,3571190874,3631901119,MEGA REALTY,2PN,2,2,53428947.84560143,58649874.75775989,0.91098144823459,1.7000000039762646,high,Tây Nam,Tây Bắc,Thành phố,False,1,1,2025-05-31 00:00:00+00:00,demo,synthetic,3571,La Pura,active,2025-06-08 00:00:00+00:00,Zenia,2 PN,2,60.75,82,active,seed-batch-units-001,1,2025-09-08 02:00:00+00:00,2025-09-21 10:00:00+00:00,synthetic_v1_tower_stack_floor_band,synthetic_v1_causal_funnel,54337240,59646923,0.911,1.7
P-0001,A-0021,U-0327,mini_crm,mini-crm-dev,B4.04.03,Zenia,Zenia,B4,4,3,2 PN,76.91,69.16,4033590509,4102161547,VSH,2PN,2,2,52445592.367702514,58322592.669172935,0.8992328695878299,1.6999999838109496,low,Nam,Tây,Nội khu,True,1,1,2025-05-31 00:00:00+00:00,demo,synthetic,4034,La Pura,active,2025-06-08 00:00:00+00:00,Zenia,2 PN,2,60.75,82,active,seed-batch-units-001,1,2025-08-22 02:00:00+00:00,2025-10-02 10:00:00+00:00,synthetic_v1_tower_stack_floor_band,synthetic_v1_causal_funnel,53337167,59314077,0.8992,1.7
P-0001,A-0022,U-0328,mini_crm,mini-crm-dev,B4.04.08,Zenia,Zenia,B4,4,8,3 PN,85.55,76.02,5193309376,5281595635,VSH,3PN,3,2,60704960.5610754,68315040.46303605,0.8886031560490941,1.6999999924518265,low,Đông Nam,Tây Nam,Nội khu,False,1,1,2025-05-31 00:00:00+00:00,demo,synthetic,5193,La Pura,active,2025-06-08 00:00:00+00:00,Zenia,3 PN,3,74.27,29,active,seed-batch-units-001,1,2025-08-20 02:00:00+00:00,2025-08-26 10:00:00+00:00,synthetic_v1_tower_stack_floor_band,synthetic_v1_causal_funnel,61736945,69476396,0.8886,1.7
P-0001,A-0021,U-0329,mini_crm,mini-crm-dev,B4.04.09,Zenia,Zenia,B4,4,9,2 PN,71.81,63.55,3770279952,3834374711,VSH,2PN,2,2,52503550.36902938,59327772.65145555,0.8849742375713688,1.6999999951197258,low,Đông Bắc,Đông Nam,Nội khu,False,1,1,2025-05-31 00:00:00+00:00,demo,synthetic,3770,La Pura,active,2025-06-08 00:00:00+00:00,Zenia,2 PN,2,60.75,82,active,seed-batch-units-001,0,1970-01-01 00:00:00+00:00,1970-01-01 00:00:00+00:00,synthetic_v1_tower_stack_floor_band,synthetic_v1_causal_funnel,53396111,60336345,0.885,1.7
P-0001,A-0021,U-0330,mini_crm,mini-crm-dev,B4.04.17,Zenia,Zenia,B4,4,17,2 PN,67.25,59.19,3504362653,3563936818,VSH,2PN,2,2,52109481.828996286,59205315.98242947,0.8801486988847583,1.699999997117878,low,Đông Bắc,Đông Nam,Cảnh quan nội khu,False,1,1,2025-05-31 00:00:00+00:00,demo,synthetic,3504,La Pura,active,2025-06-08 00:00:00+00:00,Zenia,2 PN,2,60.75,82,active,seed-batch-units-001,0,1970-01-01 00:00:00+00:00,1970-01-01 00:00:00+00:00,synthetic_v1_tower_stack_floor_band,synthetic_v1_causal_funnel,52995343,60211806,0.8801,1.7
P-0001,A-0020,U-0331,mini_crm,mini-crm-dev,B4.04.19,Zenia,Zenia,B4,4,19,1 PN+,53.94,48.78,3109893817,3162762012,VSH,1PN+,1,1,57654687.00407861,63753460.78310783,0.9043381535038932,1.7000000035692537,low,Đông Bắc,Đông Nam,Cảnh quan nội khu,False,1,1,2025-05-31 00:00:00+00:00,demo,synthetic,3110,La Pura,active,2025-06-08 00:00:00+00:00,Zenia,1 PN+,1,49.14,31,active,seed-batch-units-001,0,1970-01-01 00:00:00+00:00,1970-01-01 00:00:00+00:00,synthetic_v1_tower_stack_floor_band,synthetic_v1_causal_funnel,58634817,64837270,0.9043,1.7
P-0001,A-0021,U-0332,mini_crm,mini-crm-dev,B4.05.03,Zenia,Zenia,B4,5,3,2 PN,76.91,69.16,4028161994,4096640748,VSH,2PN,2,2,52375009.67364452,58244100.549450554,0.8992328695878299,1.7000000025321722,low,Nam,Tây,Nội khu,True,1,1,2025-05-31 00:00:00+00:00,demo,synthetic,4028,La Pura,active,2025-06-08 00:00:00+00:00,Zenia,2 PN,2,60.75,82,active,seed-batch-units-001,0,1970-01-01 00:00:00+00:00,1970-01-01 00:00:00+00:00,synthetic_v1_tower_stack_floor_band,synthetic_v1_causal_funnel,53265385,59234250,0.8992,1.7
P-0001,A-0021,U-0333,mini_crm,mini-crm-dev,B4.05.04,Zenia,Zenia,B4,5,4,2 PN,76.91,69.16,3586359778,3647327895,VSH,2PN,2,2,46630604.316733845,51855982.90919607,0.8992328695878299,1.7000000215817723,low,Tây Bắc,Đông Bắc,Cảnh quan nội khu,False,1,1,2025-05-31 00:00:00+00:00,demo,synthetic,3586,La Pura,active,2025-06-08 00:00:00+00:00,Zenia,2 PN,2,60.75,82,active,seed-batch-units-001,0,1970-01-01 00:00:00+00:00,1970-01-01 00:00:00+00:00,synthetic_v1_tower_stack_floor_band,synthetic_v1_causal_funnel,47423325,52737535,0.8992,1.7
P-0001,A-0022,U-0334,mini_crm,mini-crm-dev,B4.05.08,Zenia,Zenia,B4,5,8,3 PN,85.55,76.02,5200253477,5288657786,VSH,3PN,3,2,60786130.64874343,68406386.17469087,0.8886031560490941,1.6999999979039484,low,Đông Nam,Tây Nam,Nội khu,False,1,1,2025-05-31 00:00:00+00:00,demo,synthetic,5200,La Pura,active,2025-06-08 00:00:00+00:00,Zenia,3 PN,3,74.27,29,active,seed-batch-units-001,0,1970-01-01 00:00:00+00:00,1970-01-01 00:00:00+00:00,synthetic_v1_tower_stack_floor_band,synthetic_v1_causal_funnel,61819495,69569295,0.8886,1.7
P-0001,A-0021,U-0335,mini_crm,mini-crm-dev,B4.05.09,Zenia,Zenia,B4,5,9,2 PN,71.81,63.55,3775348494,3839529419,VSH,2PN,2,2,52574133.04553683,59407529.40991346,0.8849742375713688,1.7000000159455477,low,Đông Bắc,Đông Nam,Nội khu,False,1,1,2025-05-31 00:00:00+00:00,demo,synthetic,3775,La Pura,active,2025-06-08 00:00:00+00:00,Zenia,2 PN,2,60.75,82,active,seed-batch-units-001,1,2025-08-16 02:00:00+00:00,2025-09-19 10:00:00+00:00,synthetic_v1_tower_stack_floor_band,synthetic_v1_causal_funnel,53467893,60417457,0.885,1.7
P-0001,A-0020,U-0336,mini_crm,mini-crm-dev,B4.05.19,Zenia,Zenia,B4,5,19,1 PN+,53.94,48.78,3106086587,3158890059,VSH,1PN+,1,1,57584104.31961439,63675411.78761788,0.9043381535038932,1.700000000676092,low,Đông Bắc,Đông Nam,Cảnh quan nội khu,False,1,1,2025-05-31 00:00:00+00:00,demo,synthetic,3106,La Pura,active,2025-06-08 00:00:00+00:00,Zenia,1 PN+,1,49.14,31,active,seed-batch-units-001,0,1970-01-01 00:00:00+00:00,1970-01-01 00:00:00+00:00,synthetic_v1_tower_stack_floor_band,synthetic_v1_causal_funnel,58563034,64757894,0.9043,1.7
P-0001,A-0020,U-0337,mini_crm,mini-crm-dev,B4.05.20,Zenia,Zenia,B4,5,20,1 PN+,53.94,48.78,2999739379,3050734949,VAL,1PN+,1,1,55612520.930663705,61495272.222222224,0.9043381535038932,1.7000000185682798,low,Tây Bắc,Đông Bắc,Hồ bơi,False,1,1,2025-05-31 00:00:00+00:00,demo,observed,3000,La Pura,active,2025-06-08 00:00:00+00:00,Zenia,1 PN+,1,49.14,31,active,seed-batch-units-001,0,1970-01-01 00:00:00+00:00,1970-01-01 00:00:00+00:00,synthetic_v1_tower_stack_floor_band,synthetic_v1_causal_funnel,56557934,62540692,0.9043,1.7
P-0001,A-0021,U-0338,mini_crm,mini-crm-dev,B4.06.03,Zenia,Zenia,B4,6,3,2 PN,76.91,69.16,4022733480,4091119949,VSH,2PN,2,2,52304426.99258874,58165608.444187395,0.8992328695878299,1.6999999960226049,low,Nam,Tây,Nội khu,True,1,1,2025-05-31 00:00:00+00:00,demo,synthetic,4023,La Pura,active,2025-06-08 00:00:00+00:00,Zenia,2 PN,2,60.75,82,active,seed-batch-units-001,0,1970-01-01 00:00:00+00:00,1970-01-01 00:00:00+00:00,synthetic_v1_tower_stack_floor_band,synthetic_v1_causal_funnel,53193602,59154424,0.8992,1.7
P-0001,A-0022,U-0339,mini_crm,mini-crm-dev,B4.06.08,Zenia,Zenia,B4,6,8,3 PN,85.55,76.02,5207197578,5295719937,VSH,3PN,3,2,60867300.73641146,68497731.8863457,0.8886031560490941,1.7000000033415286,low,Đông Nam,Tây Nam,Nội khu,False,1,1,2025-05-31 00:00:00+00:00,demo,synthetic,5207,La Pura,active,2025-06-08 00:00:00+00:00,Zenia,3 PN,3,74.27,29,active,seed-batch-units-001,0,1970-01-01 00:00:00+00:00,1970-01-01 00:00:00+00:00,synthetic_v1_tower_stack_floor_band,synthetic_v1_causal_funnel,61902045,69662193,0.8886,1.7
P-0001,A-0020,U-0340,mini_crm,mini-crm-dev,B4.06.19,Zenia,Zenia,B4,6,19,1 PN+,53.94,48.78,3102279357,3155018106,VSH,1PN+,1,1,57513521.63515017,63597362.79212792,0.9043381535038932,1.6999999977758289,low,Đông Bắc,Đông Nam,Cảnh quan nội khu,False,1,1,2025-05-31 00:00:00+00:00,demo,synthetic,3102,La Pura,active,2025-06-08 00:00:00+00:00,Zenia,1 PN+,1,49.14,31,active,seed-batch-units-001,1,2025-08-18 02:00:00+00:00,2025-09-21 10:00:00+00:00,synthetic_v1_tower_stack_floor_band,synthetic_v1_causal_funnel,58491252,64678518,0.9043,1.7
P-0001,A-0021,U-0341,mini_crm,mini-crm-dev,B4.07.03,Zenia,Zenia,B4,7,3,2 PN,76.91,69.16,4017304966,4085599150,VSH,2PN,2,2,52233844.31153296,58087116.33892424,0.8992328695878299,1.6999999894954452,low,Nam,Tây,Nội khu,True,1,1,2025-05-31 00:00:00+00:00,demo,synthetic,4017,La Pura,active,2025-06-08 00:00:00+00:00,Zenia,2 PN,2,60.75,82,active,seed-batch-units-001,1,2025-08-12 02:00:00+00:00,2025-08-23 10:00:00+00:00,synthetic_v1_tower_stack_floor_band,synthetic_v1_causal_funnel,53121820,59074597,0.8992,1.7
P-0001,A-0020,U-0342,mini_crm,mini-crm-dev,B4.07.20,Zenia,Zenia,B4,7,20,1 PN+,53.94,48.78,2992124919,3042991043,VSH,1PN+,1,1,55471355.561735265,61339174.231242314,0.9043381535038932,1.7000000125997412,low,Tây Bắc,Đông Bắc,Hồ bơi,False,1,1,2025-05-31 00:00:00+00:00,demo,synthetic,2992,La Pura,active,2025-06-08 00:00:00+00:00,Zenia,1 PN+,1,49.14,31,active,seed-batch-units-001,1,2025-09-06 02:00:00+00:00,2025-09-12 10:00:00+00:00,synthetic_v1_tower_stack_floor_band,synthetic_v1_causal_funnel,56414369,62381940,0.9043,1.7
P-0001,A-0020,U-0343,mini_crm,mini-crm-dev,B4.08.19,Zenia,Zenia,B4,8,19,1 PN+,53.94,48.78,3094664897,3147274200,VSH,1PN+,1,1,57372356.26622173,63441264.80114801,0.9043381535038932,1.6999999919538946,low,Đông Bắc,Đông Nam,Cảnh quan nội khu,False,1,1,2025-05-31 00:00:00+00:00,demo,synthetic,3095,La Pura,active,2025-06-08 00:00:00+00:00,Zenia,1 PN+,1,49.14,31,active,seed-batch-units-001,0,1970-01-01 00:00:00+00:00,1970-01-01 00:00:00+00:00,synthetic_v1_tower_stack_floor_band,synthetic_v1_causal_funnel,58347686,64519766,0.9043,1.7
P-0001,A-0020,U-0344,mini_crm,mini-crm-dev,B4.08.20,Zenia,Zenia,B4,8,20,1 PN+,53.94,48.78,2988317689,3039119090,VSH,1PN+,1,1,55400772.87727104,61261125.23575236,0.9043381535038932,1.700000009604066,low,Tây Bắc,Đông Bắc,Hồ bơi,False,1,1,2025-05-31 00:00:00+00:00,demo,synthetic,2988,La Pura,active,2025-06-08 00:00:00+00:00,Zenia,1 PN+,1,49.14,31,active,seed-batch-units-001,0,1970-01-01 00:00:00+00:00,1970-01-01 00:00:00+00:00,synthetic_v1_tower_stack_floor_band,synthetic_v1_causal_funnel,56342586,62302564,0.9043,1.7
P-0001,A-0020,U-0345,mini_crm,mini-crm-dev,B4.09.19,Zenia,Zenia,B4,9,19,1 PN+,53.94,48.78,3090857667,3143402247,VSH,1PN+,1,1,57301773.58175751,63363215.80565806,0.9043381535038932,1.6999999890321704,low,Đông Bắc,Đông Nam,Cảnh quan nội khu,False,1,1,2025-05-31 00:00:00+00:00,demo,synthetic,3091,La Pura,active,2025-06-08 00:00:00+00:00,Zenia,1 PN+,1,49.14,31,active,seed-batch-units-001,0,1970-01-01 00:00:00+00:00,1970-01-01 00:00:00+00:00,synthetic_v1_tower_stack_floor_band,synthetic_v1_causal_funnel,58275904,64440390,0.9043,1.7
P-0001,A-0022,U-0346,mini_crm,mini-crm-dev,B4.10.08,Zenia,Zenia,B4,10,8,3 PN,85.55,76.02,5234973982,5323968540,VSH,3PN,3,2,61191981.08708358,68863114.732965,0.8886031560490941,1.700000005845301,low,Đông Nam,Tây Nam,Nội khu,False,1,1,2025-05-31 00:00:00+00:00,demo,synthetic,5235,La Pura,active,2025-06-08 00:00:00+00:00,Zenia,3 PN,3,74.27,29,active,seed-batch-units-001,0,1970-01-01 00:00:00+00:00,1970-01-01 00:00:00+00:00,synthetic_v1_tower_stack_floor_band,synthetic_v1_causal_funnel,62232245,70033788,0.8886,1.7
P-0001,A-0021,U-0347,mini_crm,mini-crm-dev,B4.13.03,Zenia,Zenia,B4,13,3,2 PN,76.91,69.48,3833099402,3898262091,VSH,2PN,2,2,49838764.81601872,55168385.1755901,0.9033935769080744,1.6999999782421504,mid,Nam,Tây,Nội khu,True,1,1,2025-05-31 00:00:00+00:00,demo,synthetic,3833,La Pura,active,2025-06-08 00:00:00+00:00,Zenia,2 PN,2,60.75,82,active,seed-batch-units-001,0,1970-01-01 00:00:00+00:00,1970-01-01 00:00:00+00:00,synthetic_v1_tower_stack_floor_band,synthetic_v1_causal_funnel,50686024,56106248,0.9034,1.7
P-0001,A-0021,U-0348,mini_crm,mini-crm-dev,B4.13.04,Zenia,Zenia,B4,13,4,2 PN,76.91,69.48,3629787893,3691494287,VSH,2PN,2,2,47195265.80418672,52242197.65400115,0.9033935769080744,1.6999999950134828,mid,Tây Bắc,Đông Bắc,Cảnh quan nội khu,False,1,1,2025-05-31 00:00:00+00:00,demo,synthetic,3630,La Pura,active,2025-06-08 00:00:00+00:00,Zenia,2 PN,2,60.75,82,active,seed-batch-units-001,0,1970-01-01 00:00:00+00:00,1970-01-01 00:00:00+00:00,synthetic_v1_tower_stack_floor_band,synthetic_v1_causal_funnel,47997585,53130315,0.9034,1.7
P-0001,A-0021,U-0349,mini_crm,mini-crm-dev,B4.13.09,Zenia,Zenia,B4,13,9,2 PN,71.81,64.06,3815896836,3880767082,VSH,2PN,2,2,53138794.54115026,59567543.49047767,0.8920763124912965,1.6999999944442943,mid,Đông Bắc,Đông Nam,Thành phố,False,1,1,2025-05-31 00:00:00+00:00,demo,synthetic,3816,La Pura,active,2025-06-08 00:00:00+00:00,Zenia,2 PN,2,60.75,82,active,seed-batch-units-001,0,1970-01-01 00:00:00+00:00,1970-01-01 00:00:00+00:00,synthetic_v1_tower_stack_floor_band,synthetic_v1_causal_funnel,54042154,60580192,0.8921,1.7
P-0001,A-0020,U-0350,mini_crm,mini-crm-dev,B4.13.19,Zenia,Zenia,B4,13,19,1 PN+,53.94,48.96,2969281539,3019759325,VSH,1PN+,1,1,55047859.454949945,60647090.25735294,0.9076751946607342,1.6999999945104567,mid,Đông Bắc,Đông Nam,Cảnh quan nội khu,False,1,1,2025-05-31 00:00:00+00:00,demo,synthetic,2969,La Pura,active,2025-06-08 00:00:00+00:00,Zenia,1 PN+,1,49.14,31,active,seed-batch-units-001,0,1970-01-01 00:00:00+00:00,1970-01-01 00:00:00+00:00,synthetic_v1_tower_stack_floor_band,synthetic_v1_causal_funnel,55983673,61678091,0.9077,1.7
P-0001,A-0020,U-0351,mini_crm,mini-crm-dev,B4.14.19,Zenia,Zenia,B4,14,19,1 PN+,53.94,48.96,2965474309,3015887372,VSH,1PN+,1,1,54977276.77048573,60569328.20669935,0.9076751946607342,1.6999999914684811,mid,Đông Bắc,Đông Nam,Cảnh quan nội khu,False,1,1,2025-05-31 00:00:00+00:00,demo,synthetic,2965,La Pura,active,2025-06-08 00:00:00+00:00,Zenia,1 PN+,1,49.14,31,active,seed-batch-units-001,0,1970-01-01 00:00:00+00:00,1970-01-01 00:00:00+00:00,synthetic_v1_tower_stack_floor_band,synthetic_v1_causal_funnel,55911890,61599007,0.9077,1.7
P-0001,A-0022,U-0352,mini_crm,mini-crm-dev,B4.17.08,Zenia,Zenia,B4,17,8,3 PN,85.55,76.34,5283582689,5373403595,VSH,3PN,3,2,61760171.70075979,69211195.82132564,0.8923436586791351,1.7000000054319204,mid,Đông Nam,Tây Nam,Nội khu,False,1,1,2025-05-31 00:00:00+00:00,demo,synthetic,5284,La Pura,active,2025-06-08 00:00:00+00:00,Zenia,3 PN,3,74.27,29,active,seed-batch-units-001,0,1970-01-01 00:00:00+00:00,1970-01-01 00:00:00+00:00,synthetic_v1_tower_stack_floor_band,synthetic_v1_causal_funnel,62810095,70387786,0.8923,1.7
P-0001,A-0023,U-0353,mini_crm,mini-crm-dev,B4.19.04,Zenia,Zenia,B4,19,4,Căn hộ Loft,76.91,69.48,4600514141,4678722882,VSH,Loft,2,2,59816852.697958656,66213502.31721358,0.9033935769080744,1.7000000131072306,mid,Tây Bắc,Đông Bắc,Cảnh quan nội khu,False,1,1,2025-05-31 00:00:00+00:00,demo,synthetic,4601,La Pura,active,2025-06-08 00:00:00+00:00,Zenia,Căn hộ Loft,2,60.05,11,active,seed-batch-units-001,0,1970-01-01 00:00:00+00:00,1970-01-01 00:00:00+00:00,synthetic_v1_tower_stack_floor_band,synthetic_v1_causal_funnel,60833739,67339132,0.9034,1.7
P-0001,A-0023,U-0354,mini_crm,mini-crm-dev,B4.19.08,Zenia,Zenia,B4,19,8,Căn hộ Loft,85.55,76.34,5574879231,5669652178,VSH,Loft,2,2,65165157.580362365,73026974.46947865,0.8923436586791351,1.7000000013094454,mid,Đông Nam,Tây Nam,Nội khu,False,1,1,2025-05-31 00:00:00+00:00,demo,synthetic,5575,La Pura,active,2025-06-08 00:00:00+00:00,Zenia,Căn hộ Loft,2,60.05,11,active,seed-batch-units-001,0,1970-01-01 00:00:00+00:00,1970-01-01 00:00:00+00:00,synthetic_v1_tower_stack_floor_band,synthetic_v1_causal_funnel,66272965,74268433,0.8923,1.7
P-0001,A-0023,U-0355,mini_crm,mini-crm-dev,B4.19.09,Zenia,Zenia,B4,19,9,Căn hộ Loft,71.81,64.06,4825735252,4907772751,VSH,Loft,2,2,67201437.84988163,75331490.04058695,0.8920763124912965,1.6999999941148864,mid,Đông Bắc,Đông Nam,Thành phố,False,1,1,2025-05-31 00:00:00+00:00,demo,synthetic,4826,La Pura,active,2025-06-08 00:00:00+00:00,Zenia,Căn hộ Loft,2,60.05,11,active,seed-batch-units-001,1,2025-08-23 02:00:00+00:00,2025-10-06 10:00:00+00:00,synthetic_v1_tower_stack_floor_band,synthetic_v1_causal_funnel,68343862,76612125,0.8921,1.7
P-0001,A-0023,U-0356,mini_crm,mini-crm-dev,B4.19.21,Zenia,Zenia,B4,19,21,Căn hộ Loft,62.73,56.49,3714116771,3777256756,VSH,Loft,2,2,59207982.958711945,65748216.87024252,0.9005260640841704,1.6999999971190998,mid,Bắc,Đông,Hồ bơi,True,1,1,2025-05-31 00:00:00+00:00,demo,synthetic,3714,La Pura,active,2025-06-08 00:00:00+00:00,Zenia,Căn hộ Loft,2,60.05,11,active,seed-batch-units-001,1,2025-08-20 02:00:00+00:00,2025-09-27 10:00:00+00:00,synthetic_v1_tower_stack_floor_band,synthetic_v1_causal_funnel,60214519,66865937,0.9005,1.7
P-0001,A-0020,U-0357,mini_crm,mini-crm-dev,B4.21.19,Zenia,Zenia,B4,21,19,1 PN+,53.94,49.14,2938823698,2988783701,VSH,1PN+,1,1,54483197.96069707,59805122.05942206,0.9110122358175752,1.7000000045596475,mid,Đông Bắc,Đông Nam,Cảnh quan nội khu,False,1,1,2025-05-31 00:00:00+00:00,demo,synthetic,2939,La Pura,active,2025-06-08 00:00:00+00:00,Zenia,1 PN+,1,49.14,31,active,seed-batch-units-001,1,2025-08-25 02:00:00+00:00,2025-09-14 10:00:00+00:00,synthetic_v1_tower_stack_floor_band,synthetic_v1_causal_funnel,55409412,60821809,0.911,1.7
P-0001,A-0020,U-0358,mini_crm,mini-crm-dev,B4.22.19,Zenia,Zenia,B4,22,19,1 PN+,53.94,49.14,2935016468,2984911748,VSH,1PN+,1,1,54412615.27623285,59727644.85144485,0.9110122358175752,1.7000000014991399,mid,Đông Bắc,Đông Nam,Cảnh quan nội khu,False,1,1,2025-05-31 00:00:00+00:00,demo,synthetic,2935,La Pura,active,2025-06-08 00:00:00+00:00,Zenia,1 PN+,1,49.14,31,active,seed-batch-units-001,1,2025-08-28 02:00:00+00:00,2025-10-10 10:00:00+00:00,synthetic_v1_tower_stack_floor_band,synthetic_v1_causal_funnel,55337630,60743015,0.911,1.7
P-0001,A-0021,U-0359,mini_crm,mini-crm-dev,B4.23.03,Zenia,Zenia,B4,23,3,2 PN,76.91,69.96,3778814258,3843054101,VSH,2PN,2,2,49132937.95345209,54013925.92910235,0.909634637888441,1.7000000162484832,mid,Nam,Tây,Nội khu,True,1,1,2025-05-31 00:00:00+00:00,demo,synthetic,3779,La Pura,active,2025-06-08 00:00:00+00:00,Zenia,2 PN,2,60.75,82,active,seed-batch-units-001,0,1970-01-01 00:00:00+00:00,1970-01-01 00:00:00+00:00,synthetic_v1_tower_stack_floor_band,synthetic_v1_causal_funnel,49968198,54932163,0.9096,1.7
P-0001,A-0020,U-0360,mini_crm,mini-crm-dev,B4.23.20,Zenia,Zenia,B4,23,20,1 PN+,53.94,49.14,2824862030,2872884685,VSH,1PN+,1,1,52370449.20281795,57485999.796499796,0.9110122358175752,1.70000001734598,mid,Tây Bắc,Đông Bắc,Hồ bơi,False,1,1,2025-05-31 00:00:00+00:00,demo,synthetic,2825,La Pura,active,2025-06-08 00:00:00+00:00,Zenia,1 PN+,1,49.14,31,active,seed-batch-units-001,1,2025-09-01 02:00:00+00:00,2025-10-18 10:00:00+00:00,synthetic_v1_tower_stack_floor_band,synthetic_v1_causal_funnel,53260747,58463262,0.911,1.7
P-0001,A-0021,U-0361,mini_crm,mini-crm-dev,B4.24.03,Zenia,Zenia,B4,24,3,2 PN,76.91,69.96,3773385744,3837533302,VSH,2PN,2,2,49062355.27239631,53936331.38936536,0.909634637888441,1.7000000093284924,mid,Nam,Tây,Nội khu,True,1,1,2025-05-31 00:00:00+00:00,demo,synthetic,3773,La Pura,active,2025-06-08 00:00:00+00:00,Zenia,2 PN,2,60.75,82,active,seed-batch-units-001,0,1970-01-01 00:00:00+00:00,1970-01-01 00:00:00+00:00,synthetic_v1_tower_stack_floor_band,synthetic_v1_causal_funnel,49896415,54853249,0.9096,1.7
P-0001,A-0020,U-0362,mini_crm,mini-crm-dev,B4.26.19,Zenia,Zenia,B4,26,19,1 PN+,53.94,49.14,2919787548,2969423936,VSH,1PN+,1,1,54130284.53837597,59417736.01953602,0.9110122358175752,1.6999999891772948,high,Đông Bắc,Đông Nam,Hồ bơi,False,1,1,2025-05-31 00:00:00+00:00,demo,synthetic,2920,La Pura,active,2025-06-08 00:00:00+00:00,Zenia,1 PN+,1,49.14,31,active,seed-batch-units-001,0,1970-01-01 00:00:00+00:00,1970-01-01 00:00:00+00:00,synthetic_v1_tower_stack_floor_band,synthetic_v1_causal_funnel,55050499,60427838,0.911,1.7
P-0001,A-0020,U-0363,mini_crm,mini-crm-dev,B4.27.20,Zenia,Zenia,B4,27,20,1 PN+,53.94,49.14,2809633110,2857396873,VSH,1PN+,1,1,52088118.46496107,57176090.96459097,0.9110122358175752,1.7000000046269386,high,Tây Bắc,Đông Bắc,Toàn cảnh,False,1,1,2025-05-31 00:00:00+00:00,demo,synthetic,2810,La Pura,active,2025-06-08 00:00:00+00:00,Zenia,1 PN+,1,49.14,31,active,seed-batch-units-001,0,1970-01-01 00:00:00+00:00,1970-01-01 00:00:00+00:00,synthetic_v1_tower_stack_floor_band,synthetic_v1_causal_funnel,52973616,58148085,0.911,1.7
P-0001,A-0021,U-0364,mini_crm,mini-crm-dev,B4.28.03,Zenia,Zenia,B4,28,3,2 PN,76.91,69.96,3751671687,3815450105,VSH,2PN,2,2,48780024.53517098,53625953.21612351,0.909634637888441,1.6999999819014016,high,Nam,Tây,Thành phố,True,1,1,2025-05-31 00:00:00+00:00,demo,synthetic,3752,La Pura,active,2025-06-08 00:00:00+00:00,Zenia,2 PN,2,60.75,82,active,seed-batch-units-001,1,2025-09-03 02:00:00+00:00,2025-09-14 10:00:00+00:00,synthetic_v1_tower_stack_floor_band,synthetic_v1_causal_funnel,49609285,54537594,0.9096,1.7
P-0001,A-0021,U-0365,mini_crm,mini-crm-dev,B4.28.04,Zenia,Zenia,B4,28,4,2 PN,76.91,69.8,3711215608,3774306273,VSH,2PN,2,2,48254006.08503446,53169278.05157594,0.9075542842283189,1.6999999909463628,high,Tây Bắc,Đông Bắc,Hồ bơi,False,1,1,2025-05-31 00:00:00+00:00,demo,synthetic,3711,La Pura,active,2025-06-08 00:00:00+00:00,Zenia,2 PN,2,60.75,82,active,seed-batch-units-001,0,1970-01-01 00:00:00+00:00,1970-01-01 00:00:00+00:00,synthetic_v1_tower_stack_floor_band,synthetic_v1_causal_funnel,49074324,54073156,0.9076,1.7
P-0001,A-0022,U-0366,mini_crm,mini-crm-dev,B4.29.08,Zenia,Zenia,B4,29,8,3 PN,85.55,76.81,5366911902,5458149404,VSH,3PN,3,2,62734212.76446523,69872567.40007812,0.8978375219170076,1.6999999937766817,high,Đông Nam,Tây Nam,Thành phố,False,1,1,2025-05-31 00:00:00+00:00,demo,synthetic,5367,La Pura,active,2025-06-08 00:00:00+00:00,Zenia,3 PN,3,74.27,29,active,seed-batch-units-001,0,1970-01-01 00:00:00+00:00,1970-01-01 00:00:00+00:00,synthetic_v1_tower_stack_floor_band,synthetic_v1_causal_funnel,63800694,71060401,0.8978,1.7
P-0001,A-0020,U-0367,mini_crm,mini-crm-dev,B4.29.19,Zenia,Zenia,B4,29,19,1 PN+,53.94,49.14,2908365858,2957808078,VSH,1PN+,1,1,53918536.48498332,59185304.395604394,0.9110122358175752,1.7000000142347977,high,Đông Bắc,Đông Nam,Hồ bơi,False,1,1,2025-05-31 00:00:00+00:00,demo,synthetic,2908,La Pura,active,2025-06-08 00:00:00+00:00,Zenia,1 PN+,1,49.14,31,active,seed-batch-units-001,0,1970-01-01 00:00:00+00:00,1970-01-01 00:00:00+00:00,synthetic_v1_tower_stack_floor_band,synthetic_v1_causal_funnel,54835152,60191455,0.911,1.7
P-0001,A-0022,U-0368,mini_crm,mini-crm-dev,B4.30.08,Zenia,Zenia,B4,30,8,3 PN,85.55,76.81,5373856003,5465211555,VSH,3PN,3,2,62815382.85213326,69962973.610207,0.8978375219170076,1.6999999990509607,high,Đông Nam,Tây Nam,Thành phố,False,1,1,2025-05-31 00:00:00+00:00,demo,synthetic,5374,La Pura,active,2025-06-08 00:00:00+00:00,Zenia,3 PN,3,74.27,29,active,seed-batch-units-001,0,1970-01-01 00:00:00+00:00,1970-01-01 00:00:00+00:00,synthetic_v1_tower_stack_floor_band,synthetic_v1_causal_funnel,63883244,71152344,0.8978,1.7
P-0001,A-0020,U-0369,mini_crm,mini-crm-dev,B4.31.19,Zenia,Zenia,B4,31,19,1 PN+,53.94,49.26,2900751398,2950064172,VSH,1PN+,1,1,53777371.11605488,58886548.88347544,0.9132369299221357,1.7000000080668753,high,Đông Bắc,Đông Nam,Hồ bơi,False,1,1,2025-05-31 00:00:00+00:00,demo,synthetic,2901,La Pura,active,2025-06-08 00:00:00+00:00,Zenia,1 PN+,1,49.14,31,active,seed-batch-units-001,0,1970-01-01 00:00:00+00:00,1970-01-01 00:00:00+00:00,synthetic_v1_tower_stack_floor_band,synthetic_v1_causal_funnel,54691586,59887620,0.9132,1.7
P-0001,A-0022,U-0370,mini_crm,mini-crm-dev,B4.32.08,Zenia,Zenia,B4,32,8,3 PN,85.55,77.13,5387744205,5479335856,VSH,3PN,3,2,62977723.027469315,69852770.7117853,0.9015780245470485,1.6999999909980876,high,Đông Nam,Tây Nam,Thành phố,False,1,1,2025-05-31 00:00:00+00:00,demo,synthetic,5388,La Pura,active,2025-06-08 00:00:00+00:00,Zenia,3 PN,3,74.27,29,active,seed-batch-units-001,0,1970-01-01 00:00:00+00:00,1970-01-01 00:00:00+00:00,synthetic_v1_tower_stack_floor_band,synthetic_v1_causal_funnel,64048344,71040268,0.9016,1.7
P-0001,A-0021,U-0371,mini_crm,mini-crm-dev,B4.33.03,Zenia,Zenia,B4,33,3,2 PN,76.91,69.96,3724529115,3787846110,VSH,2PN,2,2,48427111.10388766,53237980.48885078,0.909634637888441,1.7000000012082066,high,Nam,Tây,Thành phố,True,1,1,2025-05-31 00:00:00+00:00,demo,synthetic,3725,La Pura,active,2025-06-08 00:00:00+00:00,Zenia,2 PN,2,60.75,82,active,seed-batch-units-001,1,2025-08-31 02:00:00+00:00,2025-09-29 10:00:00+00:00,synthetic_v1_tower_stack_floor_band,synthetic_v1_causal_funnel,49250372,54143026,0.9096,1.7
P-0001,A-0021,U-0372,mini_crm,mini-crm-dev,B4.33.04,Zenia,Zenia,B4,33,4,2 PN,76.91,69.8,3738358179,3801910268,VSH,2PN,2,2,48606919.50331557,53558140.100286536,0.9075542842283189,1.6999999988497625,high,Tây Bắc,Đông Bắc,Hồ bơi,False,1,1,2025-05-31 00:00:00+00:00,demo,synthetic,3738,La Pura,active,2025-06-08 00:00:00+00:00,Zenia,2 PN,2,60.75,82,active,seed-batch-units-001,1,2025-09-04 02:00:00+00:00,2025-10-27 10:00:00+00:00,synthetic_v1_tower_stack_floor_band,synthetic_v1_causal_funnel,49433237,54468628,0.9076,1.7
P-0001,A-0020,U-0373,mini_crm,mini-crm-dev,B4.33.20,Zenia,Zenia,B4,33,20,1 PN+,53.94,49.26,2786789730,2834165155,VSH,1PN+,1,1,51664622.358175755,56573076.126674786,0.9132369299221357,1.6999999852877312,high,Tây Bắc,Đông Bắc,Toàn cảnh,False,1,1,2025-05-31 00:00:00+00:00,demo,synthetic,2787,La Pura,active,2025-06-08 00:00:00+00:00,Zenia,1 PN+,1,49.14,31,active,seed-batch-units-001,0,1970-01-01 00:00:00+00:00,1970-01-01 00:00:00+00:00,synthetic_v1_tower_stack_floor_band,synthetic_v1_causal_funnel,52542921,57534818,0.9132,1.7
P-0001,A-0021,U-0374,mini_crm,mini-crm-dev,B4.34.04,Zenia,Zenia,B4,34,4,2 PN,76.91,69.8,3743786694,3807431068,VSH,2PN,2,2,48677502.197373554,53635912.52148997,0.9075542842283189,1.7000000053956066,high,Tây Bắc,Đông Bắc,Hồ bơi,False,1,1,2025-05-31 00:00:00+00:00,demo,synthetic,3744,La Pura,active,2025-06-08 00:00:00+00:00,Zenia,2 PN,2,60.75,82,active,seed-batch-units-001,1,2025-09-08 02:00:00+00:00,2025-09-19 10:00:00+00:00,synthetic_v1_tower_stack_floor_band,synthetic_v1_causal_funnel,49505020,54547723,0.9076,1.7
P-0001,A-0022,U-0375,mini_crm,mini-crm-dev,B4.34.08,Zenia,Zenia,B4,34,8,3 PN,85.55,77.13,5401632407,5493460158,VSH,3PN,3,2,63140063.20280538,70032832.97030987,0.9015780245470485,1.7000000014995469,high,Đông Nam,Tây Nam,Thành phố,False,1,1,2025-05-31 00:00:00+00:00,demo,synthetic,5402,La Pura,active,2025-06-08 00:00:00+00:00,Zenia,3 PN,3,74.27,29,active,seed-batch-units-001,1,2025-08-12 02:00:00+00:00,2025-08-27 10:00:00+00:00,synthetic_v1_tower_stack_floor_band,synthetic_v1_causal_funnel,64213444,71223391,0.9016,1.7
P-0001,A-0020,U-0376,mini_crm,mini-crm-dev,B4.34.19,Zenia,Zenia,B4,34,19,1 PN+,53.94,49.26,2889329708,2938448313,VSH,1PN+,1,1,53565623.06266222,58654683.475436464,0.9132369299221357,1.6999999987540364,high,Đông Bắc,Đông Nam,Hồ bơi,False,1,1,2025-05-31 00:00:00+00:00,demo,synthetic,2889,La Pura,active,2025-06-08 00:00:00+00:00,Zenia,1 PN+,1,49.14,31,active,seed-batch-units-001,0,1970-01-01 00:00:00+00:00,1970-01-01 00:00:00+00:00,synthetic_v1_tower_stack_floor_band,synthetic_v1_causal_funnel,54476239,59651813,0.9132,1.7
P-0001,A-0020,U-0377,mini_crm,mini-crm-dev,B4.34.20,Zenia,Zenia,B4,34,20,1 PN+,53.94,49.26,2782982500,2830293202,VSH,1PN+,1,1,51594039.67371153,56495787.657328464,0.9132369299221357,1.6999999820336633,high,Tây Bắc,Đông Bắc,Toàn cảnh,False,1,1,2025-05-31 00:00:00+00:00,demo,synthetic,2783,La Pura,active,2025-06-08 00:00:00+00:00,Zenia,1 PN+,1,49.14,31,active,seed-batch-units-001,0,1970-01-01 00:00:00+00:00,1970-01-01 00:00:00+00:00,synthetic_v1_tower_stack_floor_band,synthetic_v1_causal_funnel,52471138,57456216,0.9132,1.7
P-0001,A-0020,U-0378,mini_crm,mini-crm-dev,B4.35.19,Zenia,Zenia,B4,35,19,1 PN+,53.94,49.26,2885522478,2934576360,VSH,1PN+,1,1,53495040.378198,58577395.006090134,0.9132369299221357,1.6999999956333733,high,Đông Bắc,Đông Nam,Hồ bơi,False,1,1,2025-05-31 00:00:00+00:00,demo,synthetic,2886,La Pura,active,2025-06-08 00:00:00+00:00,Zenia,1 PN+,1,49.14,31,active,seed-batch-units-001,1,2025-08-25 02:00:00+00:00,2025-09-14 10:00:00+00:00,synthetic_v1_tower_stack_floor_band,synthetic_v1_causal_funnel,54404456,59573211,0.9132,1.7
P-0001,A-0022,U-0379,mini_crm,mini-crm-dev,B4.36.08,Zenia,Zenia,B4,36,8,3 PN,85.55,77.13,5415520609,5507584459,VSH,3PN,3,2,63302403.37814144,70212895.22883444,0.9015780245470485,1.6999999934816978,high,Đông Nam,Tây Nam,Thành phố,False,1,1,2025-05-31 00:00:00+00:00,demo,synthetic,5416,La Pura,active,2025-06-08 00:00:00+00:00,Zenia,3 PN,3,74.27,29,active,seed-batch-units-001,0,1970-01-01 00:00:00+00:00,1970-01-01 00:00:00+00:00,synthetic_v1_tower_stack_floor_band,synthetic_v1_causal_funnel,64378544,71406514,0.9016,1.7
P-0001,A-0020,U-0380,mini_crm,mini-crm-dev,B4.36.19,Zenia,Zenia,B4,36,19,1 PN+,53.94,49.26,2881715248,2930704407,VSH,1PN+,1,1,53424457.69373378,58500106.53674381,0.9132369299221357,1.699999992504464,high,Đông Bắc,Đông Nam,Hồ bơi,False,1,1,2025-05-31 00:00:00+00:00,demo,synthetic,2882,La Pura,active,2025-06-08 00:00:00+00:00,Zenia,1 PN+,1,49.14,31,active,seed-batch-units-001,0,1970-01-01 00:00:00+00:00,1970-01-01 00:00:00+00:00,synthetic_v1_tower_stack_floor_band,synthetic_v1_causal_funnel,54332673,59494608,0.9132,1.7
P-0001,A-0021,U-0381,mini_crm,mini-crm-dev,B4.37.03,Zenia,Zenia,B4,37,3,2 PN,76.91,69.96,3702815058,3765762914,VSH,2PN,2,2,48144780.36666234,52927602.315608926,0.909634637888441,1.7000000003780906,high,Nam,Tây,Thành phố,True,1,1,2025-05-31 00:00:00+00:00,demo,synthetic,3703,La Pura,active,2025-06-08 00:00:00+00:00,Zenia,2 PN,2,60.75,82,active,seed-batch-units-001,1,2025-09-07 02:00:00+00:00,2025-10-12 10:00:00+00:00,synthetic_v1_tower_stack_floor_band,synthetic_v1_causal_funnel,48963242,53827372,0.9096,1.7
P-0001,A-0021,U-0382,mini_crm,mini-crm-dev,B4.37.04,Zenia,Zenia,B4,37,4,2 PN,76.91,69.8,3760072237,3823993465,VSH,2PN,2,2,48889250.2535431,53869229.756446995,0.9075542842283189,1.6999999992287382,high,Tây Bắc,Đông Bắc,Hồ bơi,False,1,1,2025-05-31 00:00:00+00:00,demo,synthetic,3760,La Pura,active,2025-06-08 00:00:00+00:00,Zenia,2 PN,2,60.75,82,active,seed-batch-units-001,0,1970-01-01 00:00:00+00:00,1970-01-01 00:00:00+00:00,synthetic_v1_tower_stack_floor_band,synthetic_v1_causal_funnel,49720368,54785007,0.9076,1.7
P-0001,A-0022,U-0383,mini_crm,mini-crm-dev,B4.37.08,Zenia,Zenia,B4,37,8,3 PN,85.55,77.13,5422464710,5514646610,VSH,3PN,3,2,63383573.46580947,70302926.35809672,0.9015780245470485,1.6999999987090741,high,Đông Nam,Tây Nam,Thành phố,False,1,1,2025-05-31 00:00:00+00:00,demo,synthetic,5422,La Pura,active,2025-06-08 00:00:00+00:00,Zenia,3 PN,3,74.27,29,active,seed-batch-units-001,1,2025-08-17 02:00:00+00:00,2025-09-26 10:00:00+00:00,synthetic_v1_tower_stack_floor_band,synthetic_v1_causal_funnel,64461094,71498076,0.9016,1.7
P-0001,A-0020,U-0384,mini_crm,mini-crm-dev,B4.37.19,Zenia,Zenia,B4,37,19,1 PN+,53.94,49.26,2877908018,2926832454,VSH,1PN+,1,1,53353875.00926956,58422818.06739748,0.9132369299221357,1.6999999893672766,high,Đông Bắc,Đông Nam,Hồ bơi,False,1,1,2025-05-31 00:00:00+00:00,demo,synthetic,2878,La Pura,active,2025-06-08 00:00:00+00:00,Zenia,1 PN+,1,49.14,31,active,seed-batch-units-001,0,1970-01-01 00:00:00+00:00,1970-01-01 00:00:00+00:00,synthetic_v1_tower_stack_floor_band,synthetic_v1_causal_funnel,54260891,59416006,0.9132,1.7
P-0001,A-0020,U-0385,mini_crm,mini-crm-dev,B4.37.20,Zenia,Zenia,B4,37,20,1 PN+,53.94,49.26,2771560810,2818677343,VSH,1PN+,1,1,51382291.620318875,56263922.24928949,0.9132369299221357,1.6999999722178205,high,Tây Bắc,Đông Bắc,Toàn cảnh,False,1,1,2025-05-31 00:00:00+00:00,demo,synthetic,2772,La Pura,active,2025-06-08 00:00:00+00:00,Zenia,1 PN+,1,49.14,31,active,seed-batch-units-001,0,1970-01-01 00:00:00+00:00,1970-01-01 00:00:00+00:00,synthetic_v1_tower_stack_floor_band,synthetic_v1_causal_funnel,52255791,57220409,0.9132,1.7
P-0001,A-0020,U-0386,mini_crm,mini-crm-dev,B4.38.06,Zenia,Zenia,B4,38,6,1 PN+,54.6,49.01,2871123354,2919932451,VSH,1PN+,1,1,52584676.81318681,58582398.571720056,0.8976190476190475,1.6999999993730677,high,Tây Bắc,Đông Bắc,Thành phố,False,1,1,2025-05-31 00:00:00+00:00,demo,synthetic,2871,La Pura,active,2025-06-08 00:00:00+00:00,Zenia,1 PN+,1,49.14,31,active,seed-batch-units-001,0,1970-01-01 00:00:00+00:00,1970-01-01 00:00:00+00:00,synthetic_v1_tower_stack_floor_band,synthetic_v1_causal_funnel,53478616,59578299,0.8976,1.7
P-0001,A-0022,U-0387,mini_crm,mini-crm-dev,B4.38.08,Zenia,Zenia,B4,38,8,3 PN,85.55,77.13,5429408811,5521708761,VSH,3PN,3,2,63464743.5534775,70392957.487359,0.9015780245470485,1.700000003923079,high,Đông Nam,Tây Nam,Thành phố,False,1,1,2025-05-31 00:00:00+00:00,demo,synthetic,5429,La Pura,active,2025-06-08 00:00:00+00:00,Zenia,3 PN,3,74.27,29,active,seed-batch-units-001,0,1970-01-01 00:00:00+00:00,1970-01-01 00:00:00+00:00,synthetic_v1_tower_stack_floor_band,synthetic_v1_causal_funnel,64543644,71589638,0.9016,1.7
P-0001,A-0020,U-0388,mini_crm,mini-crm-dev,B4.38.19,Zenia,Zenia,B4,38,19,1 PN+,53.94,49.26,2874100788,2922960501,VSH,1PN+,1,1,53283292.32480534,58345529.59805116,0.9132369299221357,1.6999999862217774,high,Đông Bắc,Đông Nam,Hồ bơi,False,1,1,2025-05-31 00:00:00+00:00,demo,synthetic,2874,La Pura,active,2025-06-08 00:00:00+00:00,Zenia,1 PN+,1,49.14,31,active,seed-batch-units-001,1,2025-08-30 02:00:00+00:00,2025-09-09 10:00:00+00:00,synthetic_v1_tower_stack_floor_band,synthetic_v1_causal_funnel,54189108,59337404,0.9132,1.7
P-0001,A-0021,U-0389,mini_crm,mini-crm-dev,B4.39.03,Zenia,Zenia,B4,39,3,2 PN,76.91,69.96,3691958029,3754721316,VSH,2PN,2,2,48003614.99154857,52772413.22184106,0.909634637888441,1.7000000137325506,high,Nam,Tây,Thành phố,True,1,1,2025-05-31 00:00:00+00:00,demo,synthetic,3692,La Pura,active,2025-06-08 00:00:00+00:00,Zenia,2 PN,2,60.75,82,active,seed-batch-units-001,0,1970-01-01 00:00:00+00:00,1970-01-01 00:00:00+00:00,synthetic_v1_tower_stack_floor_band,synthetic_v1_causal_funnel,48819676,53669544,0.9096,1.7
P-0001,A-0021,U-0390,mini_crm,mini-crm-dev,B4.39.04,Zenia,Zenia,B4,39,4,2 PN,76.91,69.8,3770929265,3835035063,VSH,2PN,2,2,49030415.61565466,54024774.57020058,0.9075542842283189,1.700000013126738,high,Tây Bắc,Đông Bắc,Hồ bơi,False,1,1,2025-05-31 00:00:00+00:00,demo,synthetic,3771,La Pura,active,2025-06-08 00:00:00+00:00,Zenia,2 PN,2,60.75,82,active,seed-batch-units-001,1,2025-09-11 02:00:00+00:00,2025-10-21 10:00:00+00:00,synthetic_v1_tower_stack_floor_band,synthetic_v1_causal_funnel,49863933,54943196,0.9076,1.7
P-0001,A-0019,U-0391,mini_crm,mini-crm-dev,B4.39.05,Zenia,Zenia,B4,39,5,1 PN,46.73,42.01,2459597467,2501410624,VSH,1PN,1,1,52634227.84078751,58547904.47512497,0.8989942221271132,1.7000000024800805,high,Tây,Bắc,Toàn cảnh,False,1,1,2025-05-31 00:00:00+00:00,demo,synthetic,2460,La Pura,active,2025-06-08 00:00:00+00:00,Zenia,1 PN,1,42.01,1,active,seed-batch-units-001,0,1970-01-01 00:00:00+00:00,1970-01-01 00:00:00+00:00,synthetic_v1_tower_stack_floor_band,synthetic_v1_causal_funnel,53529010,59543219,0.899,1.7
P-0001,A-0020,U-0392,mini_crm,mini-crm-dev,B4.39.20,Zenia,Zenia,B4,39,20,1 PN+,53.94,49.26,2763946350,2810933438,VSH,1PN+,1,1,51241126.251390435,56109345.31059684,0.9132369299221357,1.7000000018090076,high,Tây Bắc,Đông Bắc,Toàn cảnh,False,1,1,2025-05-31 00:00:00+00:00,demo,synthetic,2764,La Pura,active,2025-06-08 00:00:00+00:00,Zenia,1 PN+,1,49.14,31,active,seed-batch-units-001,1,2025-09-10 02:00:00+00:00,2025-10-15 10:00:00+00:00,synthetic_v1_tower_stack_floor_band,synthetic_v1_causal_funnel,52112225,57063204,0.9132,1.7
