unit_external_id,unit_code,absorption_score,rank,score_band,ticket_depth_score,segment_depth_score,price_per_sqm_net_score,loan_premium_score,area_efficiency_score,size_fit_score,floor_band_score,view_score,direction_score,corner_score,contrib__ticket_depth_score,contrib__price_per_sqm_net_score,contrib__loan_premium_score,contrib__segment_depth_score,contrib__size_fit_score,contrib__area_efficiency_score,contrib__floor_band_score,contrib__view_score,contrib__direction_score,contrib__corner_score,contrib__ticket_depth_score,contrib__price_per_sqm_net_score,contrib__loan_premium_score,contrib__segment_depth_score,contrib__size_fit_score,contrib__area_efficiency_score,contrib__floor_band_score,contrib__view_score,contrib__direction_score,contrib__corner_score,subdivision,tower,floor,floor_band,unit_type_normalized,gross_area_sqm,standard_price_vnd
U-0301,B3.33.13,93.88429201339405,1,Very High,100.0,100.0,75.31492490940218,99.99999952454415,76.58220206912509,100.0,100.0,100.0,50.0,70.0,29.042637518142776,10.936720319249549,7.2606593450144645,14.852648953794423,8.501019398526658,2.484132111661637,13.298707173113144,5.061416085769479,1.2653540214423697,1.1809970866795452,29.042637518142776,10.936720319249549,7.2606593450144645,14.852648953794423,8.501019398526658,2.484132111661637,13.298707173113144,5.061416085769479,1.2653540214423697,1.1809970866795452,Zenia,B3,33,high,2PN,66.45,3391382394
U-0308,B3.35.13,93.82516511565446,2,Very High,100.0,100.0,74.90775176661532,99.99999969292878,76.58220206912509,100.0,100.0,100.0,50.0,70.0,29.042637518142776,10.87759340928414,7.260659357240299,14.852648953794423,8.501019398526658,2.484132111661637,13.298707173113144,5.061416085769479,1.2653540214423697,1.1809970866795452,29.042637518142776,10.87759340928414,7.260659357240299,14.852648953794423,8.501019398526658,2.484132111661637,13.298707173113144,5.061416085769479,1.2653540214423697,1.1809970866795452,Zenia,B3,35,high,2PN,66.45,3400762833
U-0316,B3.37.13,93.76603819156199,3,Very High,100.0,100.0,74.50057862382846,99.99999949835889,76.58220206912509,100.0,100.0,100.0,50.0,70.0,29.042637518142776,10.818466499318731,7.260659343113242,14.852648953794423,8.501019398526658,2.484132111661637,13.298707173113144,5.061416085769479,1.2653540214423697,1.1809970866795452,29.042637518142776,10.818466499318731,7.260659343113242,14.852648953794423,8.501019398526658,2.484132111661637,13.298707173113144,5.061416085769479,1.2653540214423697,1.1809970866795452,Zenia,B3,37,high,2PN,66.45,3410143272
U-0323,B3.39.13,93.70691129376057,4,Very High,100.0,100.0,74.0934054810416,99.99999966589154,76.58220206912509,100.0,100.0,100.0,50.0,70.0,29.042637518142776,10.759339589353322,7.260659355277217,14.852648953794423,8.501019398526658,2.484132111661637,13.298707173113144,5.061416085769479,1.2653540214423697,1.1809970866795452,29.042637518142776,10.759339589353322,7.260659355277217,14.852648953794423,8.501019398526658,2.484132111661637,13.298707173113144,5.061416085769479,1.2653540214423697,1.1809970866795452,Zenia,B3,39,high,2PN,66.45,3419523711
U-0285,B3.26.13,93.68562865112915,5,Very High,100.0,100.0,75.94379617220076,99.99999948229944,67.64242193844674,100.0,100.0,100.0,50.0,70.0,29.042637518142776,11.028040719904729,7.26065934194722,14.852648953794423,8.501019398526658,2.1941483518088245,13.298707173113144,5.061416085769479,1.2653540214423697,1.1809970866795452,29.042637518142776,11.028040719904729,7.26065934194722,14.852648953794423,8.501019398526658,2.1941483518088245,13.298707173113144,5.061416085769479,1.2653540214423697,1.1809970866795452,Zenia,B3,26,high,2PN,66.45,3358550858
U-0302,B3.33.14,93.21166556917368,6,Very High,100.0,100.0,71.90285949857856,99.99999970848462,76.58220206912509,100.0,100.0,94.0,55.0,70.0,29.042637518142776,10.441243424675832,7.260659358369756,14.852648953794423,8.501019398526658,2.484132111661637,13.298707173113144,4.75773112062331,1.3918894235866066,1.1809970866795452,29.042637518142776,10.441243424675832,7.260659358369756,14.852648953794423,8.501019398526658,2.484132111661637,13.298707173113144,4.75773112062331,1.3918894235866066,1.1809970866795452,Zenia,B3,33,high,2PN,66.45,3469989424
U-0293,B3.29.13,93.1809101926908,7,Very High,100.0,100.0,72.16855096072814,99.99999967139252,70.60360234767118,99.38176529771393,100.0,100.0,50.0,70.0,29.042637518142776,10.479825328810211,7.260659355676625,14.852648953794423,8.448463146556897,2.290201522705348,13.298707173113144,5.061416085769479,1.2653540214423697,1.1809970866795452,29.042637518142776,10.479825328810211,7.260659355676625,14.852648953794423,8.448463146556897,2.290201522705348,13.298707173113144,5.061416085769479,1.2653540214423697,1.1809970866795452,Zenia,B3,29,high,2PN,66.33,3445052359
U-0309,B3.35.14,93.15253867112189,8,Very High,100.0,100.0,71.4956863557917,99.99999987256913,76.58220206912509,100.0,100.0,94.0,55.0,70.0,29.042637518142776,10.382116514710424,7.260659370283373,14.852648953794423,8.501019398526658,2.484132111661637,13.298707173113144,4.75773112062331,1.3918894235866066,1.1809970866795452,29.042637518142776,10.382116514710424,7.260659370283373,14.852648953794423,8.501019398526658,2.484132111661637,13.298707173113144,4.75773112062331,1.3918894235866066,1.1809970866795452,Zenia,B3,35,high,2PN,66.45,3479369863
U-0296,B3.30.13,93.15123896511486,9,Very High,100.0,100.0,71.96422208707295,99.99999993974744,70.60360234767118,99.38176529771393,100.0,100.0,50.0,70.0,29.042637518142776,10.45015408174992,7.260659375160961,14.852648953794423,8.448463146556897,2.290201522705348,13.298707173113144,5.061416085769479,1.2653540214423697,1.1809970866795452,29.042637518142776,10.45015408174992,7.260659375160961,14.852648953794423,8.448463146556897,2.290201522705348,13.298707173113144,5.061416085769479,1.2653540214423697,1.1809970866795452,Zenia,B3,30,high,2PN,66.33,3449734109
U-0317,B3.37.14,93.09341174731266,10,Very High,100.0,100.0,71.08851321300484,99.99999968190022,76.58220206912509,100.0,100.0,94.0,55.0,70.0,29.042637518142776,10.322989604745015,7.260659356439553,14.852648953794423,8.501019398526658,2.484132111661637,13.298707173113144,4.75773112062331,1.3918894235866066,1.1809970866795452,29.042637518142776,10.322989604745015,7.260659356439553,14.852648953794423,8.501019398526658,2.484132111661637,13.298707173113144,4.75773112062331,1.3918894235866066,1.1809970866795452,Zenia,B3,37,high,2PN,66.45,3488750302
U-0324,B3.39.14,93.03428482944527,11,Very High,100.0,100.0,70.68134011362461,99.99999948625417,76.58220206912509,100.0,100.0,94.0,55.0,70.0,29.042637518142776,10.263862701082822,7.2606593422343595,14.852648953794423,8.501019398526658,2.484132111661637,13.298707173113144,4.75773112062331,1.3918894235866066,1.1809970866795452,29.042637518142776,10.263862701082822,7.2606593422343595,14.852648953794423,8.501019398526658,2.484132111661637,13.298707173113144,4.75773112062331,1.3918894235866066,1.1809970866795452,Zenia,B3,39,high,2PN,66.45,3498130740
U-0288,B3.27.14,92.7811495881742,12,Very High,100.0,100.0,72.22089623797821,99.99999957239291,66.6119383006291,98.19681545166571,100.0,94.0,55.0,70.0,29.042637518142776,10.487426553375013,7.2606593484886,14.852648953794423,8.347730330281525,2.160722080089266,13.298707173113144,4.75773112062331,1.3918894235866066,1.1809970866795452,29.042637518142776,10.487426553375013,7.2606593484886,14.852648953794423,8.347730330281525,2.160722080089266,13.298707173113144,4.75773112062331,1.3918894235866066,1.1809970866795452,Zenia,B3,27,high,2PN,66.8,3459812578
U-0292,B3.28.12,92.51749581621287,13,Very High,100.0,100.0,69.81656364137946,99.99999971245916,67.64242193844674,100.0,100.0,72.0,95.0,70.0,29.042637518142776,10.13828575299465,7.260659358658334,14.852648953794423,8.501019398526658,2.1941483518088245,13.298707173113144,3.6442195817540246,2.4041726407405024,1.1809970866795452,29.042637518142776,10.13828575299465,7.260659358658334,14.852648953794423,8.501019398526658,2.1941483518088245,13.298707173113144,3.6442195817540246,2.4041726407405024,1.1809970866795452,Zenia,B3,28,high,2PN,66.45,3498943013
U-0291,B3.28.11,92.0033956600596,14,Very High,100.0,100.0,73.24726496060379,99.99999953016713,67.64242193844674,100.0,100.0,72.0,55.0,70.0,29.042637518142776,10.636468827230882,7.26065934542273,14.852648953794423,8.501019398526658,2.1941483518088245,13.298707173113144,3.6442195817540246,1.3918894235866066,1.1809970866795452,29.042637518142776,10.636468827230882,7.26065934542273,14.852648953794423,8.501019398526658,2.1941483518088245,13.298707173113144,3.6442195817540246,1.3918894235866066,1.1809970866795452,Zenia,B3,28,high,2PN,66.45,3420335983
U-0295,B3.30.11,91.943945824773,15,Very High,100.0,100.0,72.83786793272724,99.99999969711489,67.64242193844674,100.0,100.0,72.0,55.0,70.0,29.042637518142776,10.577018979822764,7.260659357544238,14.852648953794423,8.501019398526658,2.1941483518088245,13.298707173113144,3.6442195817540246,1.3918894235866066,1.1809970866795452,29.042637518142776,10.577018979822764,7.260659357544238,14.852648953794423,8.501019398526658,2.1941483518088245,13.298707173113144,3.6442195817540246,1.3918894235866066,1.1809970866795452,Zenia,B3,30,high,2PN,66.45,3429716422
U-0299,B3.32.15,91.89415197473068,16,Very High,95.0,100.0,70.01393460957854,99.99999957615277,78.56590826328434,99.58784353180931,100.0,94.0,70.0,70.0,27.590505642235637,10.166946620424705,7.260659348761591,14.852648953794423,8.465981897213487,2.548478501865527,13.298707173113144,4.75773112062331,1.7714956300193176,1.1809970866795452,27.590505642235637,10.166946620424705,7.260659348761591,14.852648953794423,8.465981897213487,2.548478501865527,13.298707173113144,4.75773112062331,1.7714956300193176,1.1809970866795452,Zenia,B3,32,high,2PN,66.37,3513506402
U-0310,B3.35.15,91.80556838875151,17,Very High,95.0,100.0,69.40391018182272,99.99999965443021,78.56590826328434,99.58784353180931,100.0,94.0,70.0,70.0,27.590505642235637,10.07836302876208,7.260659354445049,14.852648953794423,8.465981897213487,2.548478501865527,13.298707173113144,4.75773112062331,1.7714956300193176,1.1809970866795452,27.590505642235637,10.07836302876208,7.260659354445049,14.852648953794423,8.465981897213487,2.548478501865527,13.298707173113144,4.75773112062331,1.7714956300193176,1.1809970866795452,Zenia,B3,35,high,2PN,66.37,3527560121
U-0318,B3.37.15,91.74651265371709,18,Very High,95.0,100.0,68.99722727339213,99.9999994676352,78.56590826328434,99.58784353180931,100.0,94.0,70.0,70.0,27.590505642235637,10.019307307290212,7.2606593408825,14.852648953794423,8.465981897213487,2.548478501865527,13.298707173113144,4.75773112062331,1.7714956300193176,1.1809970866795452,27.590505642235637,10.019307307290212,7.2606593408825,14.852648953794423,8.465981897213487,2.548478501865527,13.298707173113144,4.75773112062331,1.7714956300193176,1.1809970866795452,Zenia,B3,37,high,2PN,66.37,3536929266
U-0325,B3.39.15,91.68745693815725,19,Very High,95.0,100.0,68.59054432155492,99.999999635874,78.56590826328434,99.58784353180931,100.0,94.0,70.0,70.0,27.590505642235637,9.960251579515129,7.260659353097746,14.852648953794423,8.465981897213487,2.548478501865527,13.298707173113144,4.75773112062331,1.7714956300193176,1.1809970866795452,27.590505642235637,9.960251579515129,7.260659353097746,14.852648953794423,8.465981897213487,2.548478501865527,13.298707173113144,4.75773112062331,1.7714956300193176,1.1809970866795452,Zenia,B3,39,high,2PN,66.37,3546298412
U-0300,B3.33.12,91.38378957610178,20,Very High,95.0,100.0,69.81059313365994,99.9999994853448,78.56590826328434,99.58784353180931,100.0,72.0,95.0,70.0,27.590505642235637,10.137418756537164,7.260659342168333,14.852648953794423,8.465981897213487,2.548478501865527,13.298707173113144,3.6442195817540246,2.4041726407405024,1.1809970866795452,27.590505642235637,10.137418756537164,7.260659342168333,14.852648953794423,8.465981897213487,2.548478501865527,13.298707173113144,3.6442195817540246,2.4041726407405024,1.1809970866795452,Zenia,B3,33,high,2PN,66.37,3518190975
U-0307,B3.35.12,91.32473386060342,21,Very High,95.0,100.0,69.40391018182272,99.99999965443021,78.56590826328434,99.58784353180931,100.0,72.0,95.0,70.0,27.590505642235637,10.07836302876208,7.260659354445049,14.852648953794423,8.465981897213487,2.548478501865527,13.298707173113144,3.6442195817540246,2.4041726407405024,1.1809970866795452,27.590505642235637,10.07836302876208,7.260659354445049,14.852648953794423,8.465981897213487,2.548478501865527,13.298707173113144,3.6442195817540246,2.4041726407405024,1.1809970866795452,Zenia,B3,35,high,2PN,66.37,3527560121
U-0313,B3.36.12,91.2952060155183,22,Very High,95.0,100.0,69.20056870590412,99.99999991339341,78.56590826328434,99.58784353180931,100.0,72.0,95.0,70.0,27.590505642235637,10.04883516487454,7.260659373247485,14.852648953794423,8.465981897213487,2.548478501865527,13.298707173113144,3.6442195817540246,2.4041726407405024,1.1809970866795452,27.590505642235637,10.04883516487454,7.260659373247485,14.852648953794423,8.465981897213487,2.548478501865527,13.298707173113144,3.6442195817540246,2.4041726407405024,1.1809970866795452,Zenia,B3,36,high,2PN,66.37,3532244694
U-0283,B3.24.13,91.24413082833476,23,Very High,100.0,100.0,76.35319320007731,99.99999967982161,67.64242193844674,100.0,85.0,90.0,50.0,70.0,29.042637518142776,11.087490567312846,7.260659356288632,14.852648953794423,8.501019398526658,2.1941483518088245,11.303901097146174,4.555274477192531,1.2653540214423697,1.1809970866795452,29.042637518142776,11.087490567312846,7.260659356288632,14.852648953794423,8.501019398526658,2.1941483518088245,11.303901097146174,4.555274477192531,1.2653540214423697,1.1809970866795452,Zenia,B3,24,mid,2PN,66.45,3349170419
U-0321,B3.39.02,90.9875136372103,24,Very High,100.0,100.0,70.55858937810675,99.9999996563927,50.65600589270199,99.12416750509475,100.0,72.0,55.0,70.0,29.042637518142776,10.246037675499167,7.260659354587539,14.852648953794423,8.426564708236164,1.6431521618169074,13.298707173113144,3.6442195817540246,1.3918894235866066,1.1809970866795452,29.042637518142776,10.246037675499167,7.260659354587539,14.852648953794423,8.426564708236164,1.6431521618169074,13.298707173113144,3.6442195817540246,1.3918894235866066,1.1809970866795452,Zenia,B3,39,high,2PN,66.28,3436990533
U-0258,B3.13.08,90.78231829905612,25,Very High,100.0,100.0,71.57283705226101,99.99999965144319,53.42556057061325,99.22720662214242,85.0,100.0,60.0,70.0,29.042637518142776,10.393319813269576,7.260659354228172,14.852648953794423,8.435324083564456,1.732989480730668,11.303901097146174,5.061416085769479,1.5184248257308437,1.1809970866795452,29.042637518142776,10.393319813269576,7.260659354228172,14.852648953794423,8.435324083564456,1.732989480730668,11.303901097146174,5.061416085769479,1.5184248257308437,1.1809970866795452,Zenia,B3,13,mid,2PN,66.3,3420920591
U-0201,A4.27.04,90.77232292932182,26,Very High,100.0,95.0,85.50908507963368,70.37037006374288,64.0135373882412,100.0,100.0,72.0,55.0,70.0,29.042637518142776,12.417046812379159,5.109352874447126,14.110016506104701,8.501019398526658,2.076436554588087,13.298707173113144,3.6442195817540246,1.3918894235866066,1.1809970866795452,29.042637518142776,12.417046812379159,5.109352874447126,14.110016506104701,8.501019398526658,2.076436554588087,13.298707173113144,3.6442195817540246,1.3918894235866066,1.1809970866795452,Risa,A4,27,high,2PN+2WC,72.66,3425159502
U-0262,B3.14.08,90.75233292216903,27,Very High,100.0,100.0,71.36634499266137,99.99999955915901,53.42556057061325,99.22720662214242,85.0,100.0,60.0,70.0,29.042637518142776,10.36333444308294,7.2606593475277315,14.852648953794423,8.435324083564456,1.732989480730668,11.303901097146174,5.061416085769479,1.5184248257308437,1.1809970866795452,29.042637518142776,10.36333444308294,7.2606593475277315,14.852648953794423,8.435324083564456,1.732989480730668,11.303901097146174,5.061416085769479,1.5184248257308437,1.1809970866795452,Zenia,B3,14,mid,2PN,66.3,3425600223
U-0264,B3.14.13,90.59560207933157,28,Very High,100.0,100.0,74.21691958820028,99.99999982811423,59.37301191370121,99.17568706361861,85.0,90.0,50.0,70.0,29.042637518142776,10.777275466566255,7.260659367055654,14.852648953794423,8.430944395900312,1.9259096954115453,11.303901097146174,4.555274477192531,1.2653540214423697,1.1809970866795452,29.042637518142776,10.777275466566255,7.260659367055654,14.852648953794423,8.430944395900312,1.9259096954115453,11.303901097146174,4.555274477192531,1.2653540214423697,1.1809970866795452,Zenia,B3,14,mid,2PN,66.29,3372809737
U-0268,B3.16.13,90.53585034373359,29,Very High,100.0,100.0,73.80544372381861,99.99999963922677,59.37301191370121,99.17568706361861,85.0,90.0,50.0,70.0,29.042637518142776,10.71752374468275,7.260659353341179,14.852648953794423,8.430944395900312,1.9259096954115453,11.303901097146174,4.555274477192531,1.2653540214423697,1.1809970866795452,29.042637518142776,10.71752374468275,7.260659353341179,14.852648953794423,8.430944395900312,1.9259096954115453,11.303901097146174,4.555274477192531,1.2653540214423697,1.1809970866795452,Zenia,B3,16,mid,2PN,66.29,3382167589
U-0270,B3.17.13,90.49631773145103,30,Very High,100.0,100.0,73.44243965310936,99.99999982394249,57.619032094958435,100.0,85.0,90.0,50.0,70.0,29.042637518142776,10.664810766466653,7.260659366752758,14.852648953794423,8.501019398526658,1.8690150453071708,11.303901097146174,4.555274477192531,1.2653540214423697,1.1809970866795452,29.042637518142776,10.664810766466653,7.260659366752758,14.852648953794423,8.501019398526658,1.8690150453071708,11.303901097146174,4.555274477192531,1.2653540214423697,1.1809970866795452,Zenia,B3,17,mid,2PN,66.45,3394945913
U-0281,B3.22.14,90.42579139623973,31,Very High,100.0,100.0,73.33188890872955,99.99999969587768,67.64242193844674,100.0,85.0,80.0,55.0,70.0,29.042637518142776,10.648757340484735,7.260659357454409,14.852648953794423,8.501019398526658,2.1941483518088245,11.303901097146174,4.049132868615583,1.3918894235866066,1.1809970866795452,29.042637518142776,10.648757340484735,7.260659357454409,14.852648953794423,8.501019398526658,2.1941483518088245,11.303901097146174,4.049132868615583,1.3918894235866066,1.1809970866795452,Zenia,B3,22,mid,2PN,66.45,3418397010
U-0306,B3.34.11,90.34197851392912,32,Very High,95.0,100.0,69.60725165774133,99.99999974522154,78.56590826328434,99.58784353180931,100.0,72.0,55.0,70.0,27.590505642235637,10.107890892649621,7.260659361037098,14.852648953794423,8.465981897213487,2.548478501865527,13.298707173113144,3.6442195817540246,1.3918894235866066,1.1809970866795452,27.590505642235637,10.107890892649621,7.260659361037098,14.852648953794423,8.465981897213487,2.548478501865527,13.298707173113144,3.6442195817540246,1.3918894235866066,1.1809970866795452,Zenia,B3,34,high,2PN,66.37,3522875548
U-0267,B3.15.09,90.28253184519231,33,Very High,100.0,100.0,71.7124337132705,99.9999995826477,59.37301191370121,99.17568706361861,85.0,80.0,72.0,70.0,29.042637518142776,10.413591089391783,7.2606593492331655,14.852648953794423,8.430944395900312,1.9259096954115453,11.303901097146174,4.049132868615583,1.8221097908770123,1.1809970866795452,29.042637518142776,10.413591089391783,7.2606593492331655,14.852648953794423,8.430944395900312,1.9259096954115453,11.303901097146174,4.049132868615583,1.8221097908770123,1.1809970866795452,Zenia,B3,15,mid,2PN,66.29,3429767168
U-0259,B3.13.14,90.2244107820948,34,Very High,100.0,100.0,74.51760917148206,99.99999985833357,60.311622062509244,98.40289368576101,85.0,80.0,55.0,70.0,29.042637518142776,10.820939559429927,7.260659369249777,14.852648953794423,8.365249080938108,1.9563558245118937,11.303901097146174,4.049132868615583,1.3918894235866066,1.1809970866795452,29.042637518142776,10.820939559429927,7.260659369249777,14.852648953794423,8.365249080938108,1.9563558245118937,11.303901097146174,4.049132868615583,1.3918894235866066,1.1809970866795452,Zenia,B3,13,mid,2PN,66.76,3391790095
U-0265,B3.14.14,90.19455212156333,35,Very High,100.0,100.0,74.3119897433368,99.99999974897837,60.311622062509244,98.40289368576101,85.0,80.0,55.0,70.0,29.042637518142776,10.791080906838372,7.260659361309869,14.852648953794423,8.365249080938108,1.9563558245118937,11.303901097146174,4.049132868615583,1.3918894235866066,1.1809970866795452,29.042637518142776,10.791080906838372,7.260659361309869,14.852648953794423,8.365249080938108,1.9563558245118937,11.303901097146174,4.049132868615583,1.3918894235866066,1.1809970866795452,Zenia,B3,14,mid,2PN,66.76,3396502195
U-0322,B3.39.11,90.19433919285527,36,Very High,95.0,100.0,68.59054432155492,99.999999635874,78.56590826328434,99.58784353180931,100.0,72.0,55.0,70.0,27.590505642235637,9.960251579515129,7.260659353097746,14.852648953794423,8.465981897213487,2.548478501865527,13.298707173113144,3.6442195817540246,1.3918894235866066,1.1809970866795452,27.590505642235637,9.960251579515129,7.260659353097746,14.852648953794423,8.465981897213487,2.548478501865527,13.298707173113144,3.6442195817540246,1.3918894235866066,1.1809970866795452,Zenia,B3,39,high,2PN,66.37,3546298412
U-0271,B3.17.14,90.11671152501833,37,Very High,100.0,100.0,73.44243965310936,99.99999982394249,57.619032094958435,100.0,85.0,80.0,55.0,70.0,29.042637518142776,10.664810766466653,7.260659366752758,14.852648953794423,8.501019398526658,1.8690150453071708,11.303901097146174,4.049132868615583,1.3918894235866066,1.1809970866795452,29.042637518142776,10.664810766466653,7.260659366752758,14.852648953794423,8.501019398526658,1.8690150453071708,11.303901097146174,4.049132868615583,1.3918894235866066,1.1809970866795452,Zenia,B3,17,mid,2PN,66.45,3394945913
U-0263,B3.14.11,89.9686066511517,38,Very High,100.0,100.0,75.21093220340282,99.99999944569011,57.619032094958435,100.0,85.0,72.0,55.0,70.0,29.042637518142776,10.921619206925198,7.260659339289141,14.852648953794423,8.501019398526658,1.8690150453071708,11.303901097146174,3.6442195817540246,1.3918894235866066,1.1809970866795452,29.042637518142776,10.921619206925198,7.260659339289141,14.852648953794423,8.501019398526658,1.8690150453071708,11.303901097146174,3.6442195817540246,1.3918894235866066,1.1809970866795452,Zenia,B3,14,mid,2PN,66.45,3354672911
U-0311,B3.35.16,89.9451080384348,39,Very High,95.0,100.0,68.68370003793018,99.99999966784517,70.75013969536971,97.99073721757033,100.0,72.0,60.0,70.0,27.590505642235637,9.973779018032278,7.2606593554190635,14.852648953794423,8.330211579624937,2.2949548220508937,13.298707173113144,3.6442195817540246,1.5184248257308437,1.1809970866795452,27.590505642235637,9.973779018032278,7.2606593554190635,14.852648953794423,8.330211579624937,2.2949548220508937,13.298707173113144,3.6442195817540246,1.5184248257308437,1.1809970866795452,Zenia,B3,35,high,2PN,66.84,3552319888
U-0326,B3.39.16,89.82643366653329,40,Very High,95.0,100.0,67.86645769318302,99.9999995853918,70.75013969536971,97.99073721757033,100.0,72.0,60.0,70.0,27.590505642235637,9.855104652117435,7.260659349432405,14.852648953794423,8.330211579624937,2.2949548220508937,13.298707173113144,3.6442195817540246,1.5184248257308437,1.1809970866795452,27.590505642235637,9.855104652117435,7.260659349432405,14.852648953794423,8.330211579624937,2.2949548220508937,13.298707173113144,3.6442195817540246,1.5184248257308437,1.1809970866795452,Zenia,B3,39,high,2PN,66.84,3571190874
U-0254,B3.12.13,89.15230466748375,41,High,100.0,100.0,77.92407817850173,99.99999977020234,57.619032094958435,100.0,70.0,90.0,50.0,70.0,29.042637518142776,11.315603782368227,7.260659362850869,14.852648953794423,8.501019398526658,1.8690150453071708,9.309095021179202,4.555274477192531,1.2653540214423697,1.1809970866795452,29.042637518142776,11.315603782368227,7.260659362850869,14.852648953794423,8.501019398526658,1.8690150453071708,9.309095021179202,4.555274477192531,1.2653540214423697,1.1809970866795452,Zenia,B3,12,low,2PN,66.45,3292887786
U-0389,B4.39.03,88.97993327919713,42,High,95.0,100.0,83.36504229836281,99.99999946494383,68.32568358222116,46.11054178406611,100.0,72.0,95.0,100.0,27.590505642235637,12.105703525779957,7.260659340687088,14.852648953794423,3.9198661018292005,2.216311624006648,13.298707173113144,3.6442195817540246,2.4041726407405024,1.6871386952564933,27.590505642235637,12.105703525779957,7.260659340687088,14.852648953794423,3.9198661018292005,2.216311624006648,13.298707173113144,3.6442195817540246,2.4041726407405024,1.6871386952564933,Zenia,B4,39,high,2PN,76.91,3691958029
U-0381,B4.37.03,88.92050824899536,43,High,95.0,100.0,82.95581608992852,99.99999962981369,68.32568358222116,46.11054178406611,100.0,72.0,95.0,100.0,27.590505642235637,12.046278483607551,7.260659352657727,14.852648953794423,3.9198661018292005,2.216311624006648,13.298707173113144,3.6442195817540246,2.4041726407405024,1.6871386952564933,27.590505642235637,12.046278483607551,7.260659352657727,14.852648953794423,3.9198661018292005,2.216311624006648,13.298707173113144,3.6442195817540246,2.4041726407405024,1.6871386952564933,Zenia,B4,37,high,2PN,76.91,3702815058
U-0237,B3.04.13,88.85169956728988,44,High,100.0,100.0,78.51658590949584,99.99999944865344,45.69932525405383,100.0,70.0,90.0,50.0,70.0,29.042637518142776,11.401643718658024,7.260659339504299,14.852648953794423,8.501019398526658,1.4823700321700826,9.309095021179202,4.555274477192531,1.2653540214423697,1.1809970866795452,29.042637518142776,11.401643718658024,7.260659339504299,14.852648953794423,8.501019398526658,1.4823700321700826,9.309095021179202,4.555274477192531,1.2653540214423697,1.1809970866795452,Zenia,B3,4,low,2PN,66.45,3255366030
U-0392,B4.39.20,88.8476692534032,45,High,92.0,82.0,74.56571218224737,99.99999961214806,74.81033746642215,100.0,100.0,100.0,55.0,70.0,26.719226516691357,10.827924750955868,7.260659351375086,12.179172142111426,8.501019398526658,2.426657324594036,13.298707173113144,5.061416085769479,1.3918894235866066,1.1809970866795452,26.719226516691357,10.827924750955868,7.260659351375086,12.179172142111426,8.501019398526658,2.426657324594036,13.298707173113144,5.061416085769479,1.3918894235866066,1.1809970866795452,Zenia,B4,39,high,1PN+,53.94,2763946350
U-0244,B3.05.13,88.82157074884289,46,High,100.0,100.0,78.30910586368763,99.99999972915529,45.69932525405383,100.0,70.0,90.0,50.0,70.0,29.042637518142776,11.371514879844746,7.260659359870583,14.852648953794423,8.501019398526658,1.4823700321700826,9.309095021179202,4.555274477192531,1.2653540214423697,1.1809970866795452,29.042637518142776,11.371514879844746,7.260659359870583,14.852648953794423,8.501019398526658,1.4823700321700826,9.309095021179202,4.555274477192531,1.2653540214423697,1.1809970866795452,Zenia,B3,5,low,2PN,66.45,3260056250
U-0371,B4.33.03,88.80165816937986,47,High,95.0,100.0,82.13736371075221,99.99999961956536,68.32568358222116,46.11054178406611,100.0,72.0,95.0,100.0,27.590505642235637,11.927428404736157,7.260659351913631,14.852648953794423,3.9198661018292005,2.216311624006648,13.298707173113144,3.6442195817540246,2.4041726407405024,1.6871386952564933,27.590505642235637,11.927428404736157,7.260659351913631,14.852648953794423,3.9198661018292005,2.216311624006648,13.298707173113144,3.6442195817540246,2.4041726407405024,1.6871386952564933,Zenia,B4,33,high,2PN,76.91,3724529115
U-0385,B4.37.20,88.78847864431272,48,High,92.0,82.0,74.15810019743098,99.99999997747135,74.81033746642215,100.0,100.0,100.0,55.0,70.0,26.719226516691357,10.768734115340502,7.260659377899966,12.179172142111426,8.501019398526658,2.426657324594036,13.298707173113144,5.061416085769479,1.3918894235866066,1.1809970866795452,26.719226516691357,10.768734115340502,7.260659377899966,12.179172142111426,8.501019398526658,2.426657324594036,13.298707173113144,5.061416085769479,1.3918894235866066,1.1809970866795452,Zenia,B4,37,high,1PN+,53.94,2771560810
U-0246,B3.07.13,88.7613130903144,49,High,100.0,100.0,77.89414581630798,99.99999990371653,45.69932525405383,100.0,70.0,90.0,50.0,70.0,29.042637518142776,11.311257208641953,7.26065937254488,14.852648953794423,8.501019398526658,1.4823700321700826,9.309095021179202,4.555274477192531,1.2653540214423697,1.1809970866795452,29.042637518142776,11.311257208641953,7.26065937254488,14.852648953794423,8.501019398526658,1.4823700321700826,9.309095021179202,4.555274477192531,1.2653540214423697,1.1809970866795452,Zenia,B3,7,low,2PN,66.45,3269436689
U-0249,B3.08.13,88.73118422293567,50,High,100.0,100.0,77.68666581473651,99.99999942181525,45.69932525405383,100.0,70.0,90.0,50.0,70.0,29.042637518142776,11.281128376252433,7.260659337555669,14.852648953794423,8.501019398526658,1.4823700321700826,9.309095021179202,4.555274477192531,1.2653540214423697,1.1809970866795452,29.042637518142776,11.281128376252433,7.260659337555669,14.852648953794423,8.501019398526658,1.4823700321700826,9.309095021179202,4.555274477192531,1.2653540214423697,1.1809970866795452,Zenia,B3,8,low,2PN,66.45,3274126908
U-0377,B4.34.20,88.69969268209097,51,High,92.0,82.0,73.54668222020645,99.9999998562881,74.81033746642215,100.0,100.0,100.0,55.0,70.0,26.719226516691357,10.67994816191746,7.260659369101263,12.179172142111426,8.501019398526658,2.426657324594036,13.298707173113144,5.061416085769479,1.3918894235866066,1.1809970866795452,26.719226516691357,10.67994816191746,7.260659369101263,12.179172142111426,8.501019398526658,2.426657324594036,13.298707173113144,5.061416085769479,1.3918894235866066,1.1809970866795452,Zenia,B4,34,high,1PN+,53.94,2782982500
U-0236,B3.04.12,88.67854098307005,52,High,100.0,100.0,72.96706443169974,99.99999959645291,48.40058025889162,98.96960882952322,70.0,80.0,95.0,70.0,29.042637518142776,10.595780015264122,7.260659350235515,14.852648953794423,8.413425645243722,1.5699918831746724,9.309095021179202,4.049132868615583,2.4041726407405024,1.1809970866795452,29.042637518142776,10.595780015264122,7.260659350235515,14.852648953794423,8.413425645243722,1.5699918831746724,9.309095021179202,4.049132868615583,2.4041726407405024,1.1809970866795452,Zenia,B3,4,low,2PN,66.25,3376279288
U-0373,B4.33.20,88.67009736136642,53,High,92.0,82.0,73.34287622779827,99.99999981611444,74.81033746642215,100.0,100.0,100.0,55.0,70.0,26.719226516691357,10.650352844109781,7.26065936618439,12.179172142111426,8.501019398526658,2.426657324594036,13.298707173113144,5.061416085769479,1.3918894235866066,1.1809970866795452,26.719226516691357,10.650352844109781,7.26065936618439,12.179172142111426,8.501019398526658,2.426657324594036,13.298707173113144,5.061416085769479,1.3918894235866066,1.1809970866795452,Zenia,B4,33,high,1PN+,53.94,2786789730
U-0364,B4.28.03,88.65309558399176,54,High,95.0,100.0,81.11429820851261,99.99999985792097,68.32568358222116,46.11054178406611,100.0,72.0,95.0,100.0,27.590505642235637,11.77886580204185,7.26065936921982,14.852648953794423,3.9198661018292005,2.216311624006648,13.298707173113144,3.6442195817540246,2.4041726407405024,1.6871386952564933,27.590505642235637,11.77886580204185,7.26065936921982,14.852648953794423,3.9198661018292005,2.216311624006648,13.298707173113144,3.6442195817540246,2.4041726407405024,1.6871386952564933,Zenia,B4,28,high,2PN,76.91,3751671687
U-0251,B3.09.12,88.5281483944883,55,High,100.0,100.0,71.93139672821628,99.99999987088857,48.40058025889162,98.96960882952322,70.0,80.0,95.0,70.0,29.042637518142776,10.445387406756534,7.2606593701613535,14.852648953794423,8.413425645243722,1.5699918831746724,9.309095021179202,4.049132868615583,2.4041726407405024,1.1809970866795452,29.042637518142776,10.445387406756534,7.2606593701613535,14.852648953794423,8.413425645243722,1.5699918831746724,9.309095021179202,4.049132868615583,2.4041726407405024,1.1809970866795452,Zenia,B3,9,low,2PN,66.25,3399659803
U-0290,B3.28.07,88.43570912563602,56,High,95.0,100.0,61.22760448773852,99.99999963813488,38.18040965166535,91.70535107766217,100.0,100.0,50.0,70.0,27.590505642235637,8.891055616208009,7.260659353261901,14.852648953794423,7.795889684599038,1.2384755085324926,13.298707173113144,5.061416085769479,1.2653540214423697,1.1809970866795452,27.590505642235637,8.891055616208009,7.260659353261901,14.852648953794423,7.795889684599038,1.2384755085324926,13.298707173113144,5.061416085769479,1.2653540214423697,1.1809970866795452,Zenia,B3,28,high,2PN,68.06,3717148883
U-0294,B3.30.07,88.37516958095672,57,High,95.0,100.0,60.81070331360146,99.99999968947255,38.18040965166535,91.70535107766217,100.0,100.0,50.0,70.0,27.590505642235637,8.830516067801256,7.260659356989354,14.852648953794423,7.795889684599038,1.2384755085324926,13.298707173113144,5.061416085769479,1.2653540214423697,1.1809970866795452,27.590505642235637,8.830516067801256,7.260659356989354,14.852648953794423,7.795889684599038,1.2384755085324926,13.298707173113144,5.061416085769479,1.2653540214423697,1.1809970866795452,Zenia,B3,30,high,2PN,68.06,3726756598
U-0363,B4.27.20,88.30928602035908,58,High,92.0,82.0,71.75275497791728,99.99999957735879,70.80556185929265,100.0,100.0,100.0,55.0,70.0,26.719226516691357,10.419446268758831,7.260659348849156,12.179172142111426,8.501019398526658,2.2967525762728798,13.298707173113144,5.061416085769479,1.3918894235866066,1.1809970866795452,26.719226516691357,10.419446268758831,7.260659348849156,12.179172142111426,8.501019398526658,2.2967525762728798,13.298707173113144,5.061416085769479,1.3918894235866066,1.1809970866795452,Zenia,B4,27,high,1PN+,53.94,2809633110
U-0365,B4.28.04,88.09911940631297,59,High,95.0,100.0,82.31852874776334,99.99999974625477,64.58074194050016,46.11054178406611,100.0,90.0,55.0,70.0,27.590505642235637,11.953735957240532,7.2606593611121175,14.852648953794423,3.9198661018292005,2.094835229529235,13.298707173113144,4.555274477192531,1.3918894235866066,1.1809970866795452,27.590505642235637,11.953735957240532,7.2606593611121175,14.852648953794423,3.9198661018292005,2.094835229529235,13.298707173113144,4.555274477192531,1.3918894235866066,1.1809970866795452,Zenia,B4,28,high,2PN,76.91,3711215608
U-0239,B3.04.15,88.04586397234887,60,High,100.0,100.0,72.96706443169974,99.99999959645291,48.40058025889162,98.96960882952322,70.0,80.0,70.0,70.0,29.042637518142776,10.595780015264122,7.260659350235515,14.852648953794423,8.413425645243722,1.5699918831746724,9.309095021179202,4.049132868615583,1.7714956300193176,1.1809970866795452,29.042637518142776,10.595780015264122,7.260659350235515,14.852648953794423,8.413425645243722,1.5699918831746724,9.309095021179202,4.049132868615583,1.7714956300193176,1.1809970866795452,Zenia,B3,4,low,2PN,66.25,3376279288
U-0240,B3.04.16,88.04496062404414,61,High,100.0,100.0,73.54255617528015,99.99999938212206,54.54336378915385,98.6089719198564,70.0,80.0,60.0,70.0,29.042637518142776,10.679349005781571,7.260659334673681,14.852648953794423,8.382767831594698,1.7692481778518223,9.309095021179202,4.049132868615583,1.5184248257308437,1.1809970866795452,29.042637518142776,10.679349005781571,7.260659334673681,14.852648953794423,8.382767831594698,1.7692481778518223,9.309095021179202,4.049132868615583,1.5184248257308437,1.1809970866795452,Zenia,B3,4,low,2PN,66.72,3400010665
U-0238,B3.04.14,87.96714082757383,62,High,100.0,100.0,75.03926710883263,99.99999964188747,45.69932525405383,100.0,70.0,80.0,55.0,70.0,29.042637518142776,10.8966911713446,7.260659353534363,14.852648953794423,8.501019398526658,1.4823700321700826,9.309095021179202,4.049132868615583,1.3918894235866066,1.1809970866795452,29.042637518142776,10.8966911713446,7.260659353534363,14.852648953794423,8.501019398526658,1.4823700321700826,9.309095021179202,4.049132868615583,1.3918894235866066,1.1809970866795452,Zenia,B3,4,low,2PN,66.45,3333973060
U-0372,B4.33.04,87.95021625737218,63,High,95.0,100.0,81.29311814748068,99.99999964868195,64.58074194050016,46.11054178406611,100.0,90.0,55.0,70.0,27.590505642235637,11.80483281538418,7.260659354027688,14.852648953794423,3.9198661018292005,2.094835229529235,13.298707173113144,4.555274477192531,1.3918894235866066,1.1809970866795452,27.590505642235637,11.80483281538418,7.260659354027688,14.852648953794423,3.9198661018292005,2.094835229529235,13.298707173113144,4.555274477192531,1.3918894235866066,1.1809970866795452,Zenia,B4,33,high,2PN,76.91,3738358179
U-0374,B4.34.04,87.92043561874459,64,High,95.0,100.0,81.08803599720122,99.99999956786905,64.58074194050016,46.11054178406611,100.0,90.0,55.0,70.0,27.590505642235637,11.77505218262414,7.2606593481601385,14.852648953794423,3.9198661018292005,2.094835229529235,13.298707173113144,4.555274477192531,1.3918894235866066,1.1809970866795452,27.590505642235637,11.77505218262414,7.2606593481601385,14.852648953794423,3.9198661018292005,2.094835229529235,13.298707173113144,4.555274477192531,1.3918894235866066,1.1809970866795452,Zenia,B4,34,high,2PN,76.91,3743786694
U-0388,B4.38.19,87.91546784324275,65,High,92.0,82.0,68.66900130458674,99.99999980458298,74.81033746642215,100.0,100.0,90.0,72.0,70.0,26.719226516691357,9.971644568109932,7.260659365347131,12.179172142111426,8.501019398526658,2.426657324594036,13.298707173113144,4.555274477192531,1.8221097908770123,1.1809970866795452,26.719226516691357,9.971644568109932,7.260659365347131,12.179172142111426,8.501019398526658,2.426657324594036,13.298707173113144,4.555274477192531,1.8221097908770123,1.1809970866795452,Zenia,B4,38,high,1PN+,53.94,2874100788
U-0252,B3.09.16,87.89513699926596,66,High,100.0,100.0,72.51080664058271,99.99999957425966,54.54336378915385,98.6089719198564,70.0,80.0,60.0,70.0,29.042637518142776,10.52952536705292,7.260659348624139,14.852648953794423,8.382767831594698,1.7692481778518223,9.309095021179202,4.049132868615583,1.5184248257308437,1.1809970866795452,29.042637518142776,10.52952536705292,7.260659348624139,14.852648953794423,8.382767831594698,1.7692481778518223,9.309095021179202,4.049132868615583,1.5184248257308437,1.1809970866795452,Zenia,B3,9,low,2PN,66.72,3423557049
U-0305,B3.34.09,87.89120440564713,67,High,95.0,100.0,61.11545096969985,99.9999996769468,49.502494785058936,91.2931946094715,100.0,72.0,72.0,70.0,27.590505642235637,8.874769446354101,7.260659356079902,14.852648953794423,7.760852183285866,1.605735191473484,13.298707173113144,3.6442195817540246,1.8221097908770123,1.1809970866795452,27.590505642235637,8.874769446354101,7.260659356079902,14.852648953794423,7.760852183285866,1.605735191473484,13.298707173113144,3.6442195817540246,1.8221097908770123,1.1809970866795452,Zenia,B3,34,high,2PN,68.14,3750338537
U-0384,B4.37.19,87.88587252261551,68,High,92.0,82.0,68.46519531217857,99.99999976574968,74.81033746642215,100.0,100.0,90.0,72.0,70.0,26.719226516691357,9.94204925030225,7.260659362527576,12.179172142111426,8.501019398526658,2.426657324594036,13.298707173113144,4.555274477192531,1.8221097908770123,1.1809970866795452,26.719226516691357,9.94204925030225,7.260659362527576,12.179172142111426,8.501019398526658,2.426657324594036,13.298707173113144,4.555274477192531,1.8221097908770123,1.1809970866795452,Zenia,B4,37,high,1PN+,53.94,2877908018
U-0247,B3.07.14,87.87675430218589,69,High,100.0,100.0,74.4168270598815,99.99999934169949,45.69932525405383,100.0,70.0,80.0,55.0,70.0,29.042637518142776,10.806304667752286,7.2606593317387365,14.852648953794423,8.501019398526658,1.4823700321700826,9.309095021179202,4.049132868615583,1.3918894235866066,1.1809970866795452,29.042637518142776,10.806304667752286,7.2606593317387365,14.852648953794423,8.501019398526658,1.4823700321700826,9.309095021179202,4.049132868615583,1.3918894235866066,1.1809970866795452,Zenia,B3,7,low,2PN,66.45,3348043718
U-0380,B4.36.19,87.85627720199572,70,High,92.0,82.0,68.26138931977037,99.99999972701896,74.81033746642215,100.0,100.0,90.0,72.0,70.0,26.719226516691357,9.912453932494568,7.260659359715471,12.179172142111426,8.501019398526658,2.426657324594036,13.298707173113144,4.555274477192531,1.8221097908770123,1.1809970866795452,26.719226516691357,9.912453932494568,7.260659359715471,12.179172142111426,8.501019398526658,2.426657324594036,13.298707173113144,4.555274477192531,1.8221097908770123,1.1809970866795452,Zenia,B4,36,high,1PN+,53.94,2881715248
U-0382,B4.37.04,87.83109373696423,71,High,95.0,100.0,80.47278962192013,99.99999964400322,64.58074194050016,46.11054178406611,100.0,90.0,55.0,70.0,27.590505642235637,11.68571029531594,7.2606593536879815,14.852648953794423,3.9198661018292005,2.094835229529235,13.298707173113144,4.555274477192531,1.3918894235866066,1.1809970866795452,27.590505642235637,11.68571029531594,7.2606593536879815,14.852648953794423,3.9198661018292005,2.094835229529235,13.298707173113144,4.555274477192531,1.3918894235866066,1.1809970866795452,Zenia,B4,37,high,2PN,76.91,3760072237
U-0378,B4.35.19,87.82668188138337,72,High,92.0,82.0,68.0575833273622,99.99999968839045,74.81033746642215,100.0,100.0,90.0,72.0,70.0,26.719226516691357,9.882858614686889,7.260659356910786,12.179172142111426,8.501019398526658,2.426657324594036,13.298707173113144,4.555274477192531,1.8221097908770123,1.1809970866795452,26.719226516691357,9.882858614686889,7.260659356910786,12.179172142111426,8.501019398526658,2.426657324594036,13.298707173113144,4.555274477192531,1.8221097908770123,1.1809970866795452,Zenia,B4,35,high,1PN+,53.94,2885522478
U-0376,B4.34.19,87.7970865607784,73,High,92.0,82.0,67.853777334954,99.99999964986375,74.81033746642215,100.0,100.0,90.0,72.0,70.0,26.719226516691357,9.853263296879206,7.2606593541134945,12.179172142111426,8.501019398526658,2.426657324594036,13.298707173113144,4.555274477192531,1.8221097908770123,1.1809970866795452,26.719226516691357,9.853263296879206,7.2606593541134945,12.179172142111426,8.501019398526658,2.426657324594036,13.298707173113144,4.555274477192531,1.8221097908770123,1.1809970866795452,Zenia,B4,34,high,1PN+,53.94,2889329708
U-0390,B4.39.04,87.77153246995823,74,High,95.0,100.0,80.06262539691853,99.99999947242299,64.58074194050016,46.11054178406611,100.0,90.0,55.0,70.0,27.590505642235637,11.626149040767785,7.260659341230125,14.852648953794423,3.9198661018292005,2.094835229529235,13.298707173113144,4.555274477192531,1.3918894235866066,1.1809970866795452,27.590505642235637,11.626149040767785,7.260659341230125,14.852648953794423,3.9198661018292005,2.094835229529235,13.298707173113144,4.555274477192531,1.3918894235866066,1.1809970866795452,Zenia,B4,39,high,2PN,76.91,3770929265
U-0320,B3.38.09,87.7709722135285,75,High,95.0,100.0,60.28748088801225,99.99999943830396,49.502494785058936,91.2931946094715,100.0,72.0,72.0,70.0,27.590505642235637,8.754537271562501,7.260659338752858,14.852648953794423,7.760852183285866,1.605735191473484,13.298707173113144,3.6442195817540246,1.8221097908770123,1.1809970866795452,27.590505642235637,8.754537271562501,7.260659338752858,14.852648953794423,7.760852183285866,1.605735191473484,13.298707173113144,3.6442195817540246,1.8221097908770123,1.1809970866795452,Zenia,B3,38,high,2PN,68.14,3769576553
U-0369,B4.31.19,87.70830059900753,76,High,92.0,82.0,67.24235935772946,99.99999953489043,74.81033746642215,100.0,100.0,90.0,72.0,70.0,26.719226516691357,9.764477343456162,7.260659345765673,12.179172142111426,8.501019398526658,2.426657324594036,13.298707173113144,4.555274477192531,1.8221097908770123,1.1809970866795452,26.719226516691357,9.764477343456162,7.260659345765673,12.179172142111426,8.501019398526658,2.426657324594036,13.298707173113144,4.555274477192531,1.8221097908770123,1.1809970866795452,Zenia,B4,31,high,1PN+,53.94,2900751398
U-0235,B3.04.11,87.66625776591616,77,High,100.0,100.0,72.96706443169974,99.99999959645291,48.40058025889162,98.96960882952322,70.0,80.0,55.0,70.0,29.042637518142776,10.595780015264122,7.260659350235515,14.852648953794423,8.413425645243722,1.5699918831746724,9.309095021179202,4.049132868615583,1.3918894235866066,1.1809970866795452,29.042637518142776,10.595780015264122,7.260659350235515,14.852648953794423,8.413425645243722,1.5699918831746724,9.309095021179202,4.049132868615583,1.3918894235866066,1.1809970866795452,Zenia,B3,4,low,2PN,66.25,3376279288
U-0245,B3.06.11,87.60610073581168,78,High,100.0,100.0,72.55279735030636,99.99999977961188,48.40058025889162,98.96960882952322,70.0,80.0,55.0,70.0,29.042637518142776,10.535622971861088,7.260659363534064,14.852648953794423,8.413425645243722,1.5699918831746724,9.309095021179202,4.049132868615583,1.3918894235866066,1.1809970866795452,29.042637518142776,10.535622971861088,7.260659363534064,14.852648953794423,8.413425645243722,1.5699918831746724,9.309095021179202,4.049132868615583,1.3918894235866066,1.1809970866795452,Zenia,B3,6,low,2PN,66.25,3385631494
U-0367,B4.29.19,87.46399631825489,79,High,92.0,82.0,66.45455537931166,99.99999945874323,70.80556185929265,100.0,100.0,90.0,72.0,70.0,26.719226516691357,9.650077816553468,7.260659340236884,12.179172142111426,8.501019398526658,2.2967525762728798,13.298707173113144,4.555274477192531,1.8221097908770123,1.1809970866795452,26.719226516691357,9.650077816553468,7.260659340236884,12.179172142111426,8.501019398526658,2.2967525762728798,13.298707173113144,4.555274477192531,1.8221097908770123,1.1809970866795452,Zenia,B4,29,high,1PN+,53.94,2908365858
U-0362,B4.26.19,87.37499357177776,80,High,92.0,82.0,65.84164431789364,99.99999976809512,70.80556185929265,100.0,100.0,90.0,72.0,70.0,26.719226516691357,9.56107504761535,7.260659362697871,12.179172142111426,8.501019398526658,2.2967525762728798,13.298707173113144,4.555274477192531,1.8221097908770123,1.1809970866795452,26.719226516691357,9.56107504761535,7.260659362697871,12.179172142111426,8.501019398526658,2.2967525762728798,13.298707173113144,4.555274477192531,1.8221097908770123,1.1809970866795452,Zenia,B4,26,high,1PN+,53.94,2919787548
U-0154,A3.38.03,87.37495981615261,81,High,95.0,95.0,73.63620352194134,70.37037026691448,68.32568358222116,79.97554731404729,100.0,90.0,72.0,70.0,27.590505642235637,10.692947835499654,5.109352889198724,14.110016506104701,6.798736791245027,2.216311624006648,13.298707173113144,4.555274477192531,1.8221097908770123,1.1809970866795452,27.590505642235637,10.692947835499654,5.109352889198724,14.110016506104701,6.798736791245027,2.216311624006648,13.298707173113144,4.555274477192531,1.8221097908770123,1.1809970866795452,Risa,A3,38,high,2PN+2WC,76.91,3950070248
U-0151,A3.37.03,87.3413386896041,82,High,95.0,95.0,73.40467418889577,70.37037007304494,68.32568358222116,79.97554731404729,100.0,90.0,72.0,70.0,27.590505642235637,10.659326723027355,5.109352875122517,14.110016506104701,6.798736791245027,2.216311624006648,13.298707173113144,4.555274477192531,1.8221097908770123,1.1809970866795452,27.590505642235637,10.659326723027355,5.109352875122517,14.110016506104701,6.798736791245027,2.216311624006648,13.298707173113144,4.555274477192531,1.8221097908770123,1.1809970866795452,Risa,A3,37,high,2PN+2WC,76.91,3956212867
U-0312,B3.36.01,87.33298622249254,83,High,100.0,82.0,60.81301846505912,99.99999967350428,27.974979725727284,91.74913410626306,100.0,100.0,50.0,100.0,29.042637518142776,8.830852258324178,7.260659355829952,12.179172142111426,7.799611688353662,0.9074372841490731,13.298707173113144,5.061416085769479,1.2653540214423697,1.6871386952564933,29.042637518142776,8.830852258324178,7.260659355829952,12.179172142111426,7.799611688353662,0.9074372841490731,13.298707173113144,5.061416085769479,1.2653540214423697,1.6871386952564933,Zenia,B3,36,high,1PN+,55.24,3005524535
U-0146,A3.27.04,87.30361881006156,84,High,95.0,95.0,72.93580515676167,70.37037006038148,64.58074194050016,79.97554731404729,100.0,94.0,70.0,70.0,27.590505642235637,10.59124075630859,5.109352874203066,14.110016506104701,6.798736791245027,2.094835229529235,13.298707173113144,4.75773112062331,1.7714956300193176,1.1809970866795452,27.590505642235637,10.59124075630859,5.109352874203066,14.110016506104701,6.798736791245027,2.094835229529235,13.298707173113144,4.75773112062331,1.7714956300193176,1.1809970866795452,Risa,A3,27,high,2PN+2WC,76.91,3959575866
U-0315,B3.37.01,87.3025230478939,85,High,100.0,82.0,60.603235877059944,100.0,27.974979725727284,91.74913410626306,100.0,100.0,50.0,100.0,29.042637518142776,8.800389060019787,7.260659379535694,12.179172142111426,7.799611688353662,0.9074372841490731,13.298707173113144,5.061416085769479,1.2653540214423697,1.6871386952564933,29.042637518142776,8.800389060019787,7.260659379535694,12.179172142111426,7.799611688353662,0.9074372841490731,13.298707173113144,5.061416085769479,1.2653540214423697,1.6871386952564933,Zenia,B3,37,high,1PN+,55.24,3009423523
U-0149,A3.34.03,87.24047534167818,86,High,95.0,95.0,72.71008607668222,70.37037015445925,68.32568358222116,79.97554731404729,100.0,90.0,72.0,70.0,27.590505642235637,10.558463369190209,5.1093528810337325,14.110016506104701,6.798736791245027,2.216311624006648,13.298707173113144,4.555274477192531,1.8221097908770123,1.1809970866795452,27.590505642235637,10.558463369190209,5.1093528810337325,14.110016506104701,6.798736791245027,2.216311624006648,13.298707173113144,4.555274477192531,1.8221097908770123,1.1809970866795452,Risa,A3,34,high,2PN+2WC,76.91,3974640727
U-0212,A4.34.03,87.13744804421825,87,High,95.0,95.0,62.47521026770211,70.37037029328322,60.049548100259265,100.0,100.0,90.0,70.0,70.0,27.590505642235637,9.07222442837312,5.109352891113268,14.110016506104701,8.501019398526658,1.9478548108603413,13.298707173113144,4.555274477192531,1.7714956300193176,1.1809970866795452,27.590505642235637,9.07222442837312,5.109352891113268,14.110016506104701,8.501019398526658,1.9478548108603413,13.298707173113144,4.555274477192531,1.7714956300193176,1.1809970866795452,Risa,A4,34,high,2PN+2WC,72.66,3991262055
U-0147,A3.32.04,87.1351279028034,88,High,95.0,95.0,71.7755046713161,70.37037040189944,64.58074194050016,79.97554731404729,100.0,94.0,70.0,70.0,27.590505642235637,10.422749824253986,5.109352898999521,14.110016506104701,6.798736791245027,2.094835229529235,13.298707173113144,4.75773112062331,1.7714956300193176,1.1809970866795452,27.590505642235637,10.422749824253986,5.109352898999521,14.110016506104701,6.798736791245027,2.094835229529235,13.298707173113144,4.75773112062331,1.7714956300193176,1.1809970866795452,Risa,A3,32,high,2PN+2WC,76.91,3990288966
U-0361,B4.24.03,86.94435269142991,89,High,95.0,100.0,80.29584582933632,99.99999951931491,68.32568358222116,46.11054178406611,85.0,80.0,95.0,100.0,27.590505642235637,11.660015723170456,7.260659344634788,14.852648953794423,3.9198661018292005,2.216311624006648,11.303901097146174,4.049132868615583,2.4041726407405024,1.6871386952564933,27.590505642235637,11.660015723170456,7.260659344634788,14.852648953794423,3.9198661018292005,2.216311624006648,11.303901097146174,4.049132868615583,2.4041726407405024,1.6871386952564933,Zenia,B4,24,mid,2PN,76.91,3773385744
U-0359,B4.23.03,86.91464016687749,90,High,95.0,100.0,80.09123274396532,99.99999943388293,68.32568358222116,46.11054178406611,85.0,80.0,95.0,100.0,27.590505642235637,11.630303204820963,7.2606593384318625,14.852648953794423,3.9198661018292005,2.216311624006648,11.303901097146174,4.049132868615583,2.4041726407405024,1.6871386952564933,27.590505642235637,11.630303204820963,7.2606593384318625,14.852648953794423,3.9198661018292005,2.216311624006648,11.303901097146174,4.049132868615583,2.4041726407405024,1.6871386952564933,Zenia,B4,23,mid,2PN,76.91,3778814258
U-0052,A2.34.03,86.80585208324491,91,High,92.0,100.0,100.0,3.7895730729643996e-07,66.04519225438112,81.50447848994236,100.0,94.0,95.0,70.0,26.719226516691357,14.521318759071388,2.751479927665487e-08,14.852648953794423,6.928711527097988,2.1423382779184807,13.298707173113144,4.75773112062331,2.4041726407405024,1.1809970866795452,26.719226516691357,14.521318759071388,2.751479927665487e-08,14.852648953794423,6.928711527097988,2.1423382779184807,13.298707173113144,4.75773112062331,2.4041726407405024,1.1809970866795452,Lusso Saigon,A2,34,high,2PN,62.86,2653094960
U-0228,A4.38.04,86.75201336509203,92,High,95.0,95.0,67.82351709743982,70.37037023898829,64.0135373882412,100.0,100.0,72.0,55.0,70.0,27.590505642235637,9.848869111332519,5.109352887171098,14.110016506104701,8.501019398526658,2.076436554588087,13.298707173113144,3.6442195817540246,1.3918894235866066,1.1809970866795452,27.590505642235637,9.848869111332519,5.109352887171098,14.110016506104701,8.501019398526658,2.076436554588087,13.298707173113144,3.6442195817540246,1.3918894235866066,1.1809970866795452,Risa,A4,38,high,2PN+2WC,72.66,3867273197
U-0224,A4.37.04,86.71549158014868,93,High,95.0,95.0,67.57201242953235,70.37037037089705,64.0135373882412,100.0,100.0,72.0,55.0,70.0,27.590505642235637,9.812347316811731,5.109352896748544,14.110016506104701,8.501019398526658,2.076436554588087,13.298707173113144,3.6442195817540246,1.3918894235866066,1.1809970866795452,27.590505642235637,9.812347316811731,5.109352896748544,14.110016506104701,8.501019398526658,2.076436554588087,13.298707173113144,3.6442195817540246,1.3918894235866066,1.1809970866795452,Risa,A4,37,high,2PN+2WC,72.66,3873560451
U-0220,A4.36.04,86.67896977693248,94,High,95.0,95.0,67.32050780162719,70.370370171132,64.0135373882412,100.0,100.0,72.0,55.0,70.0,27.590505642235637,9.775825528099807,5.109352882244283,14.110016506104701,8.501019398526658,2.076436554588087,13.298707173113144,3.6442195817540246,1.3918894235866066,1.1809970866795452,27.590505642235637,9.775825528099807,5.109352882244283,14.110016506104701,8.501019398526658,2.076436554588087,13.298707173113144,3.6442195817540246,1.3918894235866066,1.1809970866795452,Risa,A4,36,high,2PN+2WC,72.66,3879847704
U-0215,A4.35.04,86.64244799196612,95,High,95.0,95.0,67.06900313371972,70.37037030272371,64.0135373882412,100.0,100.0,72.0,55.0,70.0,27.590505642235637,9.73930373357902,5.10935289179871,14.110016506104701,8.501019398526658,2.076436554588087,13.298707173113144,3.6442195817540246,1.3918894235866066,1.1809970866795452,27.590505642235637,9.73930373357902,5.10935289179871,14.110016506104701,8.501019398526658,2.076436554588087,13.298707173113144,3.6442195817540246,1.3918894235866066,1.1809970866795452,Risa,A4,35,high,2PN+2WC,72.66,3886134958
U-0057,A2.39.04,86.63812957635011,96,High,92.0,100.0,99.64954881200126,5.406156252573118e-07,49.840783690906925,82.74094789451446,100.0,100.0,95.0,70.0,26.719226516691357,14.47042862496714,3.925225910248055e-08,14.852648953794423,7.0338240310375095,1.616708424304754,13.298707173113144,5.061416085769479,2.4041726407405024,1.1809970866795452,26.719226516691357,14.47042862496714,3.925225910248055e-08,14.852648953794423,7.0338240310375095,1.616708424304754,13.298707173113144,5.061416085769479,2.4041726407405024,1.1809970866795452,Lusso Saigon,A2,39,high,2PN,63.1,2644374637
U-0210,A4.33.04,86.56940440381551,97,High,95.0,95.0,66.56599383790707,70.37037023499015,64.0135373882412,100.0,100.0,72.0,55.0,70.0,27.590505642235637,9.666260150346304,5.1093528868808065,14.110016506104701,8.501019398526658,2.076436554588087,13.298707173113144,3.6442195817540246,1.3918894235866066,1.1809970866795452,27.590505642235637,9.666260150346304,5.1093528868808065,14.110016506104701,8.501019398526658,2.076436554588087,13.298707173113144,3.6442195817540246,1.3918894235866066,1.1809970866795452,Risa,A4,33,high,2PN+2WC,72.66,3898709465
U-0053,A2.34.04,86.33740882249015,98,High,92.0,100.0,97.57865729397189,6.043518564625025e-07,49.840783690906925,82.74094789451446,100.0,100.0,95.0,70.0,26.719226516691357,14.169707866479522,4.3879929751642784e-08,14.852648953794423,7.0338240310375095,1.616708424304754,13.298707173113144,5.061416085769479,2.4041726407405024,1.1809970866795452,26.719226516691357,14.169707866479522,4.3879929751642784e-08,14.852648953794423,7.0338240310375095,1.616708424304754,13.298707173113144,5.061416085769479,2.4041726407405024,1.1809970866795452,Lusso Saigon,A2,34,high,2PN,63.1,2688942414
U-0049,A2.33.04,86.27726465316104,99,High,92.0,100.0,97.16447900895245,3.243415938108286e-07,49.840783690906925,82.74094789451446,100.0,100.0,95.0,70.0,26.719226516691357,14.109563717480995,2.354933835276149e-08,14.852648953794423,7.0338240310375095,1.616708424304754,13.298707173113144,5.061416085769479,2.4041726407405024,1.1809970866795452,26.719226516691357,14.109563717480995,2.354933835276149e-08,14.852648953794423,7.0338240310375095,1.616708424304754,13.298707173113144,5.061416085769479,2.4041726407405024,1.1809970866795452,Lusso Saigon,A2,33,high,2PN,63.1,2697855969
U-0178,A4.13.03,86.16100010361389,100,High,95.0,95.0,71.25899668467339,70.37037026702798,52.12156952429516,100.0,85.0,90.0,70.0,70.0,27.590505642235637,10.347746053097536,5.109352889206964,14.110016506104701,8.501019398526658,1.6906913234048424,11.303901097146174,4.555274477192531,1.7714956300193176,1.1809970866795452,27.590505642235637,10.347746053097536,5.109352889206964,14.110016506104701,8.501019398526658,1.6906913234048424,11.303901097146174,4.555274477192531,1.7714956300193176,1.1809970866795452,Risa,A4,13,mid,2PN+2WC,72.66,3753856760
U-0348,B4.13.04,86.11513004729201,101,High,95.0,100.0,84.76319535932805,99.99999969604342,57.090858657057986,46.11054178406611,85.0,88.0,55.0,70.0,27.590505642235637,12.308733788502433,7.260659357466443,14.852648953794423,3.9198661018292005,1.8518824405744034,11.303901097146174,4.454046155477141,1.3918894235866066,1.1809970866795452,27.590505642235637,12.308733788502433,7.260659357466443,14.852648953794423,3.9198661018292005,1.8518824405744034,11.303901097146174,4.454046155477141,1.3918894235866066,1.1809970866795452,Zenia,B4,13,mid,2PN,76.91,3629787893
U-0347,B4.13.03,86.108145227043,102,High,95.0,100.0,77.04697899673508,99.9999999030969,57.090858657057986,46.11054178406611,85.0,80.0,95.0,100.0,27.590505642235637,11.188237414350684,7.260659372499891,14.852648953794423,3.9198661018292005,1.8518824405744034,11.303901097146174,4.049132868615583,2.4041726407405024,1.6871386952564933,27.590505642235637,11.188237414350684,7.260659372499891,14.852648953794423,3.9198661018292005,1.8518824405744034,11.303901097146174,4.049132868615583,2.4041726407405024,1.6871386952564933,Zenia,B4,13,mid,2PN,76.91,3833099402
U-0023,A1.37.05,86.10473740029258,103,High,92.0,100.0,94.06150265073828,5.148425079173965e-07,82.14725195080186,76.66163998870165,100.0,100.0,85.0,70.0,26.719226516691357,13.658970629486088,3.738096084094125e-08,14.852648953794423,6.517020886668198,2.664648194257354,13.298707173113144,5.061416085769479,2.1511018364520287,1.1809970866795452,26.719226516691357,13.658970629486088,3.738096084094125e-08,14.852648953794423,6.517020886668198,2.664648194257354,13.298707173113144,5.061416085769479,2.1511018364520287,1.1809970866795452,Lusso Saigon,A1,37,high,2PN,61.92,2767071106
U-0261,B3.14.07,85.97883171163977,104,High,95.0,100.0,63.21056119081884,99.99999964227706,28.77163284444155,92.42662489699592,85.0,90.0,50.0,70.0,27.590505642235637,9.179007079916675,7.260659353562651,14.852648953794423,7.8572053118970935,0.9332786877726881,11.303901097146174,4.555274477192531,1.2653540214423697,1.1809970866795452,27.590505642235637,9.179007079916675,7.260659353562651,14.852648953794423,7.8572053118970935,0.9332786877726881,11.303901097146174,4.555274477192531,1.2653540214423697,1.1809970866795452,Zenia,B3,14,mid,2PN,67.92,3642451119
U-0231,A4.38.22,85.92963470698623,105,High,95.0,88.0,60.564330205320346,70.37037005614197,75.12357976195683,100.0,100.0,90.0,55.0,70.0,27.590505642235637,8.794739443411123,5.109352873895249,13.070331079339091,8.501019398526658,2.436818109006659,13.298707173113144,4.555274477192531,1.3918894235866066,1.1809970866795452,27.590505642235637,8.794739443411123,5.109352873895249,13.070331079339091,8.501019398526658,2.436818109006659,13.298707173113144,4.555274477192531,1.3918894235866066,1.1809970866795452,Risa,A4,38,high,2PN+1WC,62.71,3518081989
U-0020,A1.32.14,85.84938105705719,106,High,92.0,100.0,99.1644189632071,5.691230162906843e-07,66.04519225438112,81.50447848994236,100.0,90.0,70.0,70.0,26.719226516691357,14.399981373228337,4.1322083663406026e-08,14.852648953794423,6.928711527097988,2.1423382779184807,13.298707173113144,4.555274477192531,1.7714956300193176,1.1809970866795452,26.719226516691357,14.399981373228337,4.1322083663406026e-08,14.852648953794423,6.928711527097988,2.1423382779184807,13.298707173113144,4.555274477192531,1.7714956300193176,1.1809970866795452,Lusso Saigon,A1,32,high,2PN,62.86,2671188454
U-0360,B4.23.20,85.68966796582993,107,High,92.0,82.0,70.93554022935993,99.99999942033358,70.80556185929265,100.0,85.0,90.0,55.0,70.0,26.719226516691357,10.300775910174675,7.26065933744809,12.179172142111426,8.501019398526658,2.2967525762728798,11.303901097146174,4.555274477192531,1.3918894235866066,1.1809970866795452,26.719226516691357,10.300775910174675,7.26065933744809,12.179172142111426,8.501019398526658,2.2967525762728798,11.303901097146174,4.555274477192531,1.3918894235866066,1.1809970866795452,Zenia,B4,23,mid,1PN+,53.94,2824862030
U-0019,A1.29.05,85.28200911549023,108,High,92.0,100.0,90.1290329498569,4.982403919194725e-07,73.57814852115035,76.97075733984465,100.0,100.0,85.0,70.0,26.719226516691357,13.087924169117205,3.617553774853658e-08,14.852648953794423,6.543299012653076,2.3866882450444393,13.298707173113144,5.061416085769479,2.1511018364520287,1.1809970866795452,26.719226516691357,13.087924169117205,3.617553774853658e-08,14.852648953794423,6.543299012653076,2.3866882450444393,13.298707173113144,5.061416085769479,2.1511018364520287,1.1809970866795452,Lusso Saigon,A1,29,high,2PN,61.98,2839726820
U-0386,B4.38.06,85.21542908691512,109,High,92.0,82.0,68.04438916441123,99.99999964222138,46.69585918636971,95.81109885394892,100.0,72.0,55.0,70.0,26.719226516691357,9.880942648227187,7.260659353558608,12.179172142111426,8.144920099515751,1.5146950616774848,13.298707173113144,3.6442195817540246,1.3918894235866066,1.1809970866795452,26.719226516691357,9.880942648227187,7.260659353558608,12.179172142111426,8.144920099515751,1.5146950616774848,13.298707173113144,3.6442195817540246,1.3918894235866066,1.1809970866795452,Zenia,B4,38,high,1PN+,54.6,2871123354
U-0358,B4.22.19,85.16028880446622,110,High,92.0,82.0,65.02442956933628,99.99999961597359,70.80556185929265,100.0,85.0,88.0,72.0,70.0,26.719226516691357,9.442404689031193,7.260659351652845,12.179172142111426,8.501019398526658,2.2967525762728798,11.303901097146174,4.454046155477141,1.8221097908770123,1.1809970866795452,26.719226516691357,9.442404689031193,7.260659351652845,12.179172142111426,8.501019398526658,2.2967525762728798,11.303901097146174,4.454046155477141,1.8221097908770123,1.1809970866795452,Zenia,B4,22,mid,1PN+,53.94,2935016468
U-0357,B4.21.19,85.1306212120768,111,High,92.0,82.0,64.82012588219692,99.99999957818953,70.80556185929265,100.0,85.0,88.0,72.0,70.0,26.719226516691357,9.412737099385149,7.260659348909473,12.179172142111426,8.501019398526658,2.2967525762728798,11.303901097146174,4.454046155477141,1.8221097908770123,1.1809970866795452,26.719226516691357,9.412737099385149,7.260659348909473,12.179172142111426,8.501019398526658,2.2967525762728798,11.303901097146174,4.454046155477141,1.8221097908770123,1.1809970866795452,Zenia,B4,21,mid,1PN+,53.94,2938823698
U-0304,B3.34.01,85.07050159265057,112,High,92.0,82.0,61.23258358725311,99.9999994368008,27.974979725727284,91.74913410626306,100.0,100.0,50.0,100.0,26.719226516691357,8.891778647119855,7.26065933864372,12.179172142111426,7.799611688353662,0.9074372841490731,13.298707173113144,5.061416085769479,1.2653540214423697,1.6871386952564933,26.719226516691357,8.891778647119855,7.26065933864372,12.179172142111426,7.799611688353662,0.9074372841490731,13.298707173113144,5.061416085769479,1.2653540214423697,1.6871386952564933,Zenia,B3,34,high,1PN+,55.24,2997726560
U-0115,B2.35.13,85.02841476082465,113,High,92.0,100.0,94.55654686893064,3.09652153578453e-07,66.04519225438112,81.50447848994236,100.0,72.0,100.0,70.0,26.719226516691357,13.730857578408155,2.248278813272822e-08,14.852648953794423,6.928711527097988,2.1423382779184807,13.298707173113144,3.6442195817540246,2.5307080428847395,1.1809970866795452,26.719226516691357,13.730857578408155,2.248278813272822e-08,14.852648953794423,6.928711527097988,2.1423382779184807,13.298707173113144,3.6442195817540246,2.5307080428847395,1.1809970866795452,Lusso d'Arte,B2,35,high,2PN,62.86,2770966336
U-0330,B4.04.17,84.75768460388056,114,High,95.0,100.0,66.40178578318637,99.99999967006323,15.246669692990295,95.87843531809303,70.0,88.0,72.0,70.0,27.590505642235637,9.64241497529224,7.26065935558011,14.852648953794423,8.150644385394923,0.4945632373703323,9.309095021179202,4.454046155477141,1.8221097908770123,1.1809970866795452,27.590505642235637,9.64241497529224,7.26065935558011,14.852648953794423,8.150644385394923,0.4945632373703323,9.309095021179202,4.454046155477141,1.8221097908770123,1.1809970866795452,Zenia,B4,4,low,2PN,67.25,3504362653
U-0351,B4.14.19,84.6431341140814,115,High,92.0,82.0,62.804950868801626,99.99999973980887,64.79839844859801,100.0,85.0,88.0,72.0,70.0,26.719226516691357,9.120107112136859,7.2606593606441026,12.179172142111426,8.501019398526658,2.101895453791133,11.303901097146174,4.454046155477141,1.8221097908770123,1.1809970866795452,26.719226516691357,9.120107112136859,7.2606593606441026,12.179172142111426,8.501019398526658,2.101895453791133,11.303901097146174,4.454046155477141,1.8221097908770123,1.1809970866795452,Zenia,B4,14,mid,1PN+,53.94,2965474309
U-0350,B4.13.19,84.61335744968785,116,High,92.0,82.0,62.59989606516546,99.99999970225363,64.79839844859801,100.0,85.0,88.0,72.0,70.0,26.719226516691357,9.090330450470065,7.260659357917345,12.179172142111426,8.501019398526658,2.101895453791133,11.303901097146174,4.454046155477141,1.8221097908770123,1.1809970866795452,26.719226516691357,9.090330450470065,7.260659357917345,12.179172142111426,8.501019398526658,2.101895453791133,11.303901097146174,4.454046155477141,1.8221097908770123,1.1809970866795452,Zenia,B4,13,mid,1PN+,53.94,2969281539
U-0110,B2.32.05,84.59058166204599,117,High,95.0,100.0,63.472076294111424,6.59114525097455e-07,76.58220206912509,100.0,100.0,100.0,95.0,70.0,27.590505642235637,9.216982521668907,4.7856060588370514e-08,14.852648953794423,8.501019398526658,2.484132111661637,13.298707173113144,5.061416085769479,2.4041726407405024,1.1809970866795452,27.590505642235637,9.216982521668907,4.7856060588370514e-08,14.852648953794423,8.501019398526658,2.484132111661637,13.298707173113144,5.061416085769479,2.4041726407405024,1.1809970866795452,Lusso d'Arte,B2,32,high,2PN,66.45,3664217479
U-0113,B2.33.05,84.52692384143322,118,High,95.0,100.0,63.03370138834057,6.152342569903297e-07,76.58220206912509,100.0,100.0,100.0,95.0,70.0,27.590505642235637,9.153324704242142,4.4670063786285107e-08,14.852648953794423,8.501019398526658,2.484132111661637,13.298707173113144,5.061416085769479,2.4041726407405024,1.1809970866795452,27.590505642235637,9.153324704242142,4.4670063786285107e-08,14.852648953794423,8.501019398526658,2.484132111661637,13.298707173113144,5.061416085769479,2.4041726407405024,1.1809970866795452,Lusso d'Arte,B2,33,high,2PN,66.45,3674316743
U-0349,B4.13.09,84.50330170883724,119,Medium,95.0,100.0,65.44660919113218,99.99999970307044,36.7181231952086,72.38551663122315,85.0,72.0,72.0,70.0,27.590505642235637,9.503710737648017,7.2606593579766505,14.852648953794423,6.153506810544021,1.1910426501817581,11.303901097146174,3.6442195817540246,1.8221097908770123,1.1809970866795452,27.590505642235637,9.503710737648017,7.2606593579766505,14.852648953794423,6.153506810544021,1.1910426501817581,11.303901097146174,3.6442195817540246,1.8221097908770123,1.1809970866795452,Zenia,B4,13,mid,2PN,71.81,3815896836
U-0106,B2.31.04,84.47981293685224,120,Medium,95.0,100.0,66.54333354980288,4.970197058244676e-07,76.58220206912509,100.0,100.0,94.0,85.0,70.0,27.590505642235637,9.662969577678972,3.608690788908493e-08,14.852648953794423,8.501019398526658,2.484132111661637,13.298707173113144,4.75773112062331,2.1511018364520287,1.1809970866795452,27.590505642235637,9.662969577678972,3.608690788908493e-08,14.852648953794423,8.501019398526658,2.484132111661637,13.298707173113144,4.75773112062331,2.1511018364520287,1.1809970866795452,Lusso d'Arte,B2,31,high,2PN,66.45,3593461974
U-0102,B2.28.05,84.43047300575603,121,Medium,95.0,100.0,64.36645196819175,1.2233205856914546e-07,67.64242193844674,100.0,100.0,100.0,95.0,70.0,27.590505642235637,9.346857664205704,8.88211408467976e-09,14.852648953794423,8.501019398526658,2.1941483518088245,13.298707173113144,5.061416085769479,2.4041726407405024,1.1809970866795452,27.590505642235637,9.346857664205704,8.88211408467976e-09,14.852648953794423,8.501019398526658,2.1941483518088245,13.298707173113144,5.061416085769479,2.4041726407405024,1.1809970866795452,Lusso d'Arte,B2,28,high,2PN,66.45,3623820422
U-0109,B2.32.04,84.41615511620991,122,Medium,95.0,100.0,66.10495864403204,4.527321256760479e-07,76.58220206912509,100.0,100.0,94.0,85.0,70.0,27.590505642235637,9.599311760252208,3.28713375470693e-08,14.852648953794423,8.501019398526658,2.484132111661637,13.298707173113144,4.75773112062331,2.1511018364520287,1.1809970866795452,27.590505642235637,9.599311760252208,3.28713375470693e-08,14.852648953794423,8.501019398526658,2.484132111661637,13.298707173113144,4.75773112062331,2.1511018364520287,1.1809970866795452,Lusso d'Arte,B2,32,high,2PN,66.45,3603561238
U-0100,B2.26.04,84.38614568740701,123,Medium,95.0,100.0,67.89525292497484,3.3964008320116617e-07,67.64242193844674,100.0,100.0,94.0,85.0,70.0,27.590505642235637,9.859286099513337,2.4660109557608306e-08,14.852648953794423,8.501019398526658,2.1941483518088245,13.298707173113144,4.75773112062331,2.1511018364520287,1.1809970866795452,27.590505642235637,9.859286099513337,2.4660109557608306e-08,14.852648953794423,8.501019398526658,2.1941483518088245,13.298707173113144,4.75773112062331,2.1511018364520287,1.1809970866795452,Lusso d'Arte,B2,26,high,2PN,66.45,3542965653
U-0120,B2.39.09,84.33748463186589,124,Medium,100.0,100.0,75.54793910083578,2.2765389960714958e-07,39.536824509008575,93.09637915780577,100.0,72.0,85.0,70.0,29.042637518142776,10.970557052741494,1.652917421470528e-08,14.852648953794423,7.914141251530998,1.2824741611282984,13.298707173113144,3.6442195817540246,2.1511018364520287,1.1809970866795452,29.042637518142776,10.970557052741494,1.652917421470528e-08,14.852648953794423,7.914141251530998,1.2824741611282984,13.298707173113144,3.6442195817540246,2.1511018364520287,1.1809970866795452,Lusso d'Arte,B2,39,high,2PN,67.79,3376538956
U-0104,B2.29.13,84.3283679727414,125,Medium,92.0,100.0,91.33496833785303,1.1562014912476992e-07,58.88584356123442,81.50447848994236,100.0,72.0,100.0,70.0,26.719226516691357,13.263041890836565,8.394785202060764e-09,14.852648953794423,6.928711527097988,1.9101071914948298,13.298707173113144,3.6442195817540246,2.5307080428847395,1.1809970866795452,26.719226516691357,13.263041890836565,8.394785202060764e-09,14.852648953794423,6.928711527097988,1.9101071914948298,13.298707173113144,3.6442195817540246,2.5307080428847395,1.1809970866795452,Lusso d'Arte,B2,29,high,2PN,62.86,2828288209
U-0119,B2.37.05,84.2722925591554,126,Medium,95.0,100.0,61.28020176525719,4.420991168745761e-07,76.58220206912509,100.0,100.0,100.0,95.0,70.0,27.590505642235637,8.898693434535089,3.209931099619838e-08,14.852648953794423,8.501019398526658,2.484132111661637,13.298707173113144,5.061416085769479,2.4041726407405024,1.1809970866795452,27.590505642235637,8.898693434535089,3.209931099619838e-08,14.852648953794423,8.501019398526658,2.484132111661637,13.298707173113144,5.061416085769479,2.4041726407405024,1.1809970866795452,Lusso d'Arte,B2,37,high,2PN,66.45,3714713799
U-0051,A2.34.12,84.11053290470278,127,Medium,95.0,100.0,62.2575601764918,1.7186978193610337e-07,76.58220206912509,100.0,100.0,94.0,95.0,70.0,27.590505642235637,9.040618764849063,1.2478879442731234e-08,14.852648953794423,8.501019398526658,2.484132111661637,13.298707173113144,4.75773112062331,2.4041726407405024,1.1809970866795452,27.590505642235637,9.040618764849063,1.2478879442731234e-08,14.852648953794423,8.501019398526658,2.484132111661637,13.298707173113144,4.75773112062331,2.4041726407405024,1.1809970866795452,Lusso Saigon,A2,34,high,2PN,66.45,3692197454
U-0242,B3.04.20,84.10812942688784,128,Medium,92.0,82.0,76.68256972358289,99.9999994905117,51.822327195692644,97.52474023187892,70.0,88.0,55.0,100.0,26.719226516691357,11.135320382208638,7.260659342543484,12.179172142111426,8.29059708547476,1.6809846623587297,9.309095021179202,4.454046155477141,1.3918894235866066,1.6871386952564933,26.719226516691357,11.135320382208638,7.260659342543484,12.179172142111426,8.29059708547476,1.6809846623587297,9.309095021179202,4.454046155477141,1.3918894235866066,1.6871386952564933,Zenia,B3,4,low,1PN+,53.55,2666883217
U-0116,B2.36.12,84.09957175076694,129,Medium,92.0,100.0,91.05599947043444,1.1221156160771292e-07,49.840783690906925,82.74094789451446,100.0,72.0,100.0,70.0,26.719226516691357,13.222531932360141,8.147299272793882e-09,14.852648953794423,7.0338240310375095,1.616708424304754,13.298707173113144,3.6442195817540246,2.5307080428847395,1.1809970866795452,26.719226516691357,13.222531932360141,8.147299272793882e-09,14.852648953794423,7.0338240310375095,1.616708424304754,13.298707173113144,3.6442195817540246,2.5307080428847395,1.1809970866795452,Lusso d'Arte,B2,36,high,2PN,63.1,2829316913
U-0118,B2.37.04,84.09786601326486,130,Medium,95.0,100.0,63.913084115177824,2.3496637117131438e-07,76.58220206912509,100.0,100.0,94.0,85.0,70.0,27.590505642235637,9.281022673118393,1.7060107867204692e-08,14.852648953794423,8.501019398526658,2.484132111661637,13.298707173113144,4.75773112062331,2.1511018364520287,1.1809970866795452,27.590505642235637,9.281022673118393,1.7060107867204692e-08,14.852648953794423,8.501019398526658,2.484132111661637,13.298707173113144,4.75773112062331,2.1511018364520287,1.1809970866795452,Lusso d'Arte,B2,37,high,2PN,66.45,3654057558
U-0333,B4.05.04,84.02526059421322,131,Medium,95.0,100.0,85.78162514598826,99.99999936803985,49.60097537361562,46.11054178406611,70.0,88.0,55.0,70.0,27.590505642235637,12.456623224160692,7.260659333651221,14.852648953794423,3.9198661018292005,1.6089296516195657,9.309095021179202,4.454046155477141,1.3918894235866066,1.1809970866795452,27.590505642235637,12.456623224160692,7.260659333651221,14.852648953794423,3.9198661018292005,1.6089296516195657,9.309095021179202,4.454046155477141,1.3918894235866066,1.1809970866795452,Zenia,B4,5,low,2PN,76.91,3586359778
U-0159,A4.04.03,84.02122197675376,132,Medium,95.0,95.0,72.78403797914183,70.3703704003969,43.94584161783243,100.0,70.0,88.0,70.0,70.0,27.590505642235637,10.569202160674767,5.109352898890427,14.110016506104701,8.501019398526658,1.4254914769663674,9.309095021179202,4.454046155477141,1.7714956300193176,1.1809970866795452,27.590505642235637,10.569202160674767,5.109352898890427,14.110016506104701,8.501019398526658,1.4254914769663674,9.309095021179202,4.454046155477141,1.7714956300193176,1.1809970866795452,Risa,A4,4,low,2PN+2WC,72.66,3697271477
U-0111,B2.32.09,83.88161837123064,133,Medium,100.0,100.0,72.40864944073893,1.956729853460501e-07,39.536824509008575,93.09637915780577,100.0,72.0,85.0,70.0,29.042637518142776,10.514690794428262,1.4207148963745492e-08,14.852648953794423,7.914141251530998,1.2824741611282984,13.298707173113144,3.6442195817540246,2.1511018364520287,1.1809970866795452,29.042637518142776,10.514690794428262,1.4207148963745492e-08,14.852648953794423,7.914141251530998,1.2824741611282984,13.298707173113144,3.6442195817540246,2.1511018364520287,1.1809970866795452,Lusso d'Arte,B2,32,high,2PN,67.79,3448659404
U-0107,B2.31.09,83.81649462388233,134,Medium,100.0,100.0,71.96017945198643,3.2317106238326784e-07,39.536824509008575,93.09637915780577,100.0,72.0,85.0,70.0,29.042637518142776,10.44956703782274,2.3464350052875886e-08,14.852648953794423,7.914141251530998,1.2824741611282984,13.298707173113144,3.6442195817540246,2.1511018364520287,1.1809970866795452,29.042637518142776,10.44956703782274,2.3464350052875886e-08,14.852648953794423,7.914141251530998,1.2824741611282984,13.298707173113144,3.6442195817540246,2.1511018364520287,1.1809970866795452,Lusso d'Arte,B2,31,high,2PN,67.79,3458962326
U-0243,B3.05.09,83.7804034895696,135,Medium,95.0,100.0,63.83677067259862,99.99999957329321,16.105243656287296,93.1994182748535,70.0,80.0,72.0,70.0,27.590505642235637,9.269940954865445,7.260659348553967,14.852648953794423,7.922900626859296,0.522413195909492,9.309095021179202,4.049132868615583,1.8221097908770123,1.1809970866795452,27.590505642235637,9.269940954865445,7.260659348553967,14.852648953794423,7.922900626859296,0.522413195909492,9.309095021179202,4.049132868615583,1.8221097908770123,1.1809970866795452,Zenia,B3,5,low,2PN,67.77,3591425166
U-0241,B3.04.18,83.71145938229928,136,Medium,95.0,100.0,74.78097018497766,99.99999978045214,16.412890293413525,72.38551663122315,70.0,88.0,60.0,70.0,27.590505642235637,10.859183051686744,7.260659363595073,14.852648953794423,6.153506810544021,0.5323924713766581,9.309095021179202,4.454046155477141,1.5184248257308437,1.1809970866795452,27.590505642235637,10.859183051686744,7.260659363595073,14.852648953794423,6.153506810544021,0.5323924713766581,9.309095021179202,4.454046155477141,1.5184248257308437,1.1809970866795452,Zenia,B3,4,low,2PN,71.81,3543752907
U-0345,B4.09.19,83.7070458608048,137,Medium,100.0,82.0,55.43760306648976,99.9999997698868,58.791235037903355,100.0,70.0,88.0,72.0,70.0,29.042637518142776,8.050271053673713,7.260659362827958,12.179172142111426,8.501019398526658,1.9070383313093855,9.309095021179202,4.454046155477141,1.8221097908770123,1.1809970866795452,29.042637518142776,8.050271053673713,7.260659362827958,12.179172142111426,8.501019398526658,1.9070383313093855,9.309095021179202,4.454046155477141,1.8221097908770123,1.1809970866795452,Zenia,B4,9,low,1PN+,53.94,3090857667
U-0343,B4.08.19,83.67715931953872,138,Medium,100.0,82.0,55.231791603061566,99.99999973381611,58.791235037903355,100.0,70.0,88.0,72.0,70.0,29.042637518142776,8.020384515026596,7.260659360208989,12.179172142111426,8.501019398526658,1.9070383313093855,9.309095021179202,4.454046155477141,1.8221097908770123,1.1809970866795452,29.042637518142776,8.020384515026596,7.260659360208989,12.179172142111426,8.501019398526658,1.9070383313093855,9.309095021179202,4.454046155477141,1.8221097908770123,1.1809970866795452,Zenia,B4,8,low,1PN+,53.94,3094664897
U-0340,B4.06.19,83.61738623702583,139,Medium,100.0,82.0,54.820168676205185,99.9999996619404,58.791235037903355,100.0,70.0,88.0,72.0,70.0,29.042637518142776,7.960611437732361,7.260659354990338,12.179172142111426,8.501019398526658,1.9070383313093855,9.309095021179202,4.454046155477141,1.8221097908770123,1.1809970866795452,29.042637518142776,7.960611437732361,7.260659354990338,12.179172142111426,8.501019398526658,1.9070383313093855,9.309095021179202,4.454046155477141,1.8221097908770123,1.1809970866795452,Zenia,B4,6,low,1PN+,53.94,3102279357
U-0336,B4.05.19,83.58749969577899,140,Medium,100.0,82.0,54.61435721277699,99.99999962613467,58.791235037903355,100.0,70.0,88.0,72.0,70.0,29.042637518142776,7.930724899085242,7.260659352390606,12.179172142111426,8.501019398526658,1.9070383313093855,9.309095021179202,4.454046155477141,1.8221097908770123,1.1809970866795452,29.042637518142776,7.930724899085242,7.260659352390606,12.179172142111426,8.501019398526658,1.9070383313093855,9.309095021179202,4.454046155477141,1.8221097908770123,1.1809970866795452,Zenia,B4,5,low,1PN+,53.94,3106086587
U-0080,B2.13.03,83.58083463308847,141,Medium,100.0,100.0,71.60336301035622,4.4146039597850664e-07,45.45044577086493,96.96034604709358,85.0,80.0,100.0,100.0,29.042637518142776,10.397752584948842,3.205293564754886e-08,14.852648953794423,8.242617826342002,1.4742970139044906,11.303901097146174,4.049132868615583,2.5307080428847395,1.6871386952564933,29.042637518142776,10.397752584948842,3.205293564754886e-08,14.852648953794423,8.242617826342002,1.4742970139044906,11.303901097146174,4.049132868615583,2.5307080428847395,1.6871386952564933,Lusso d'Arte,B2,13,mid,2PN,67.04,3441404911
U-0331,B4.04.19,83.55761315453849,142,Medium,100.0,82.0,54.40854574934879,99.9999995904166,58.791235037903355,100.0,70.0,88.0,72.0,70.0,29.042637518142776,7.900838360438124,7.26065934979724,12.179172142111426,8.501019398526658,1.9070383313093855,9.309095021179202,4.454046155477141,1.8221097908770123,1.1809970866795452,29.042637518142776,7.900838360438124,7.26065934979724,12.179172142111426,8.501019398526658,1.9070383313093855,9.309095021179202,4.454046155477141,1.8221097908770123,1.1809970866795452,Zenia,B4,4,low,1PN+,53.94,3109893817
U-0081,B2.13.04,83.50858700960177,143,Medium,100.0,100.0,72.70781215250554,5.443755586104522e-07,57.619032094958435,100.0,85.0,80.0,85.0,70.0,29.042637518142776,10.558133165412174,3.9525255056149626e-08,14.852648953794423,8.501019398526658,1.8690150453071708,11.303901097146174,4.049132868615583,2.1511018364520287,1.1809970866795452,29.042637518142776,10.558133165412174,3.9525255056149626e-08,14.852648953794423,8.501019398526658,1.8690150453071708,11.303901097146174,4.049132868615583,2.1511018364520287,1.1809970866795452,Lusso d'Arte,B2,13,mid,2PN,66.45,3411675220
U-0187,A4.19.04,83.50768217431937,144,Medium,95.0,95.0,61.87516013788047,70.37037012057745,52.12156952429516,100.0,85.0,72.0,55.0,70.0,27.590505642235637,8.985089236307498,5.109352878573691,14.110016506104701,8.501019398526658,1.6906913234048424,11.303901097146174,3.6442195817540246,1.3918894235866066,1.1809970866795452,27.590505642235637,8.985089236307498,5.109352878573691,14.110016506104701,8.501019398526658,1.6906913234048424,11.303901097146174,3.6442195817540246,1.3918894235866066,1.1809970866795452,Risa,A4,19,mid,2PN+2WC,72.66,3986731017
U-0155,A3.39.02,83.40387374653177,145,Medium,92.0,75.0,63.09798081294933,70.37037038530163,60.60279644421909,79.15965836523856,100.0,100.0,100.0,100.0,26.719226516691357,9.162658924386077,5.109352897794411,11.139486715345818,6.729377913436361,1.965800781853885,13.298707173113144,5.061416085769479,2.5307080428847395,1.6871386952564933,26.719226516691357,9.162658924386077,5.109352897794411,11.139486715345818,6.729377913436361,1.965800781853885,13.298707173113144,5.061416085769479,2.5307080428847395,1.6871386952564933,Risa,A3,39,high,1PN,46.59,2550127033
U-0153,A3.38.02,83.37009328803248,146,Medium,92.0,75.0,62.865354311647636,70.37037007228328,60.60279644421909,79.15965836523856,100.0,100.0,100.0,100.0,26.719226516691357,9.128878488613982,5.1093528750672155,11.139486715345818,6.729377913436361,1.965800781853885,13.298707173113144,5.061416085769479,2.5307080428847395,1.6871386952564933,26.719226516691357,9.128878488613982,5.1093528750672155,11.139486715345818,6.729377913436361,1.965800781853885,13.298707173113144,5.061416085769479,2.5307080428847395,1.6871386952564933,Risa,A3,38,high,1PN,46.59,2553848066
U-0099,B2.26.03,83.34899547272103,147,Medium,95.0,100.0,66.77885629913672,6.330317295507278e-08,55.65414089994941,96.96034604709358,100.0,72.0,100.0,100.0,27.590505642235637,9.697170586859865,4.596227764706194e-09,14.852648953794423,8.242617826342002,1.8052789658844692,13.298707173113144,3.6442195817540246,2.5307080428847395,1.6871386952564933,27.590505642235637,9.697170586859865,4.596227764706194e-09,14.852648953794423,8.242617826342002,1.8052789658844692,13.298707173113144,3.6442195817540246,2.5307080428847395,1.6871386952564933,Lusso d'Arte,B2,26,high,2PN,67.04,3573861053
U-0105,B2.31.03,83.33873977798481,148,Medium,95.0,100.0,65.2087027936475,2.9200485992608184e-07,62.36709822171549,96.96034604709358,100.0,72.0,100.0,100.0,27.590505642235637,9.469163591321044,2.1201478250923127e-08,14.852648953794423,8.242617826342002,2.0230302500818227,13.298707173113144,3.6442195817540246,2.5307080428847395,1.6871386952564933,27.590505642235637,9.469163591321044,2.1201478250923127e-08,14.852648953794423,8.242617826342002,2.0230302500818227,13.298707173113144,3.6442195817540246,2.5307080428847395,1.6871386952564933,Lusso d'Arte,B2,31,high,2PN,67.04,3624805723
U-0085,B2.17.03,83.32129371729354,149,Medium,100.0,100.0,69.8160534463194,4.85674356005103e-07,45.45044577086493,96.96034604709358,85.0,80.0,100.0,100.0,29.042637518142776,10.138211665943686,3.526316068328409e-08,14.852648953794423,8.242617826342002,1.4742970139044906,11.303901097146174,4.049132868615583,2.5307080428847395,1.6871386952564933,29.042637518142776,10.138211665943686,3.526316068328409e-08,14.852648953794423,8.242617826342002,1.4742970139044906,11.303901097146174,4.049132868615583,2.5307080428847395,1.6871386952564933,Lusso d'Arte,B2,17,mid,2PN,67.04,3482160647
U-0150,A3.34.04,83.29218863117076,150,Medium,82.0,95.0,71.31138451491654,70.37037003088335,64.58074194050016,79.97554731404729,100.0,94.0,70.0,70.0,23.814962764877077,10.355353456918104,5.109352872061307,14.110016506104701,6.798736791245027,2.094835229529235,13.298707173113144,4.75773112062331,1.7714956300193176,1.1809970866795452,23.814962764877077,10.355353456918104,5.109352872061307,14.110016506104701,6.798736791245027,2.094835229529235,13.298707173113144,4.75773112062331,1.7714956300193176,1.1809970866795452,Risa,A3,34,high,2PN+2WC,76.91,4002574205
U-0219,A4.36.03,83.28868385722664,151,Medium,82.0,95.0,61.97097710498968,70.37037022735775,60.049548100259265,100.0,100.0,90.0,70.0,70.0,23.814962764877077,8.999003123526702,5.109352886326644,14.110016506104701,8.501019398526658,1.9478548108603413,13.298707173113144,4.555274477192531,1.7714956300193176,1.1809970866795452,23.814962764877077,8.999003123526702,5.109352886326644,14.110016506104701,8.501019398526658,1.9478548108603413,13.298707173113144,4.555274477192531,1.7714956300193176,1.1809970866795452,Risa,A4,36,high,2PN+2WC,72.66,4003836562
U-0223,A4.37.03,83.25207321114455,152,Medium,82.0,95.0,61.71886050358365,70.37037035479264,60.049548100259265,100.0,100.0,90.0,70.0,70.0,23.814962764877077,8.962392468191995,5.109352895579257,14.110016506104701,8.501019398526658,1.9478548108603413,13.298707173113144,4.555274477192531,1.7714956300193176,1.1809970866795452,23.814962764877077,8.962392468191995,5.109352895579257,14.110016506104701,8.501019398526658,1.9478548108603413,13.298707173113144,4.555274477192531,1.7714956300193176,1.1809970866795452,Risa,A4,37,high,2PN+2WC,72.66,4010123816
U-0086,B2.17.04,83.25098750180172,153,Medium,100.0,100.0,70.93387206753776,3.588971070239507e-07,57.619032094958435,100.0,85.0,80.0,85.0,70.0,29.042637518142776,10.30053367107906,2.6058296464016738e-08,14.852648953794423,8.501019398526658,1.8690150453071708,11.303901097146174,4.049132868615583,2.1511018364520287,1.1809970866795452,29.042637518142776,10.30053367107906,2.6058296464016738e-08,14.852648953794423,8.501019398526658,1.8690150453071708,11.303901097146174,4.049132868615583,2.1511018364520287,1.1809970866795452,Lusso d'Arte,B2,17,mid,2PN,66.45,3452072276
U-0101,B2.28.03,83.22003996740995,154,Medium,95.0,100.0,65.890813627797,8.686479183656966e-08,55.65414089994941,96.96034604709358,100.0,72.0,100.0,100.0,27.590505642235637,9.568215079838053,6.306956655996051e-09,14.852648953794423,8.242617826342002,1.8052789658844692,13.298707173113144,3.6442195817540246,2.5307080428847395,1.6871386952564933,27.590505642235637,9.568215079838053,6.306956655996051e-09,14.852648953794423,8.242617826342002,1.8052789658844692,13.298707173113144,3.6442195817540246,2.5307080428847395,1.6871386952564933,Lusso d'Arte,B2,28,high,2PN,67.04,3594238921
U-0227,A4.38.03,83.21546254271561,155,Medium,82.0,95.0,61.46674390217761,70.3703701744477,60.049548100259265,100.0,100.0,90.0,70.0,70.0,23.814962764877077,8.925781812857286,5.109352882485026,14.110016506104701,8.501019398526658,1.9478548108603413,13.298707173113144,4.555274477192531,1.7714956300193176,1.1809970866795452,23.814962764877077,8.925781812857286,5.109352882485026,14.110016506104701,8.501019398526658,1.9478548108603413,13.298707173113144,4.555274477192531,1.7714956300193176,1.1809970866795452,Risa,A4,38,high,2PN+2WC,72.66,4016411070
U-0112,B2.33.03,83.21031488701377,156,Medium,95.0,100.0,64.32431397403397,6.858344625564056e-07,62.36709822171549,96.96034604709358,100.0,72.0,100.0,100.0,27.590505642235637,9.340738671755373,4.979610423368988e-08,14.852648953794423,8.242617826342002,2.0230302500818227,13.298707173113144,3.6442195817540246,2.5307080428847395,1.6871386952564933,27.590505642235637,9.340738671755373,4.979610423368988e-08,14.852648953794423,8.242617826342002,2.0230302500818227,13.298707173113144,3.6442195817540246,2.5307080428847395,1.6871386952564933,Lusso d'Arte,B2,33,high,2PN,67.04,3645183592
U-0148,A3.33.02,83.20119109340843,157,Medium,92.0,75.0,61.7022217426226,70.37036998020699,60.60279644421909,79.15965836523856,100.0,100.0,100.0,100.0,26.719226516691357,8.959976300675281,5.109352868381869,11.139486715345818,6.729377913436361,1.965800781853885,13.298707173113144,5.061416085769479,2.5307080428847395,1.6871386952564933,26.719226516691357,8.959976300675281,5.109352868381869,11.139486715345818,6.729377913436361,1.965800781853885,13.298707173113144,5.061416085769479,2.5307080428847395,1.6871386952564933,Risa,A3,33,high,1PN,46.59,2572453232
U-0234,A4.39.03,83.178851879237,158,Medium,82.0,95.0,61.21462734087122,70.37036998208357,60.049548100259265,100.0,100.0,90.0,70.0,70.0,23.814962764877077,8.889171163345575,5.109352868518122,14.110016506104701,8.501019398526658,1.9478548108603413,13.298707173113144,4.555274477192531,1.7714956300193176,1.1809970866795452,23.814962764877077,8.889171163345575,5.109352868518122,14.110016506104701,8.501019398526658,1.9478548108603413,13.298707173113144,4.555274477192531,1.7714956300193176,1.1809970866795452,Risa,A4,39,high,2PN+2WC,72.66,4022698323
U-0156,A3.39.04,83.12369772366456,159,Medium,82.0,95.0,70.15108402947094,70.37037036898504,64.58074194050016,79.97554731404729,100.0,94.0,70.0,70.0,23.814962764877077,10.186862524863496,5.109352896609719,14.110016506104701,6.798736791245027,2.094835229529235,13.298707173113144,4.75773112062331,1.7714956300193176,1.1809970866795452,23.814962764877077,10.186862524863496,5.109352896609719,14.110016506104701,6.798736791245027,2.094835229529235,13.298707173113144,4.75773112062331,1.7714956300193176,1.1809970866795452,Risa,A3,39,high,2PN+2WC,76.91,4033287305
U-0117,B2.37.03,82.9534650390045,160,Medium,95.0,100.0,62.55553642160584,3.8996216679366294e-07,62.36709822171549,96.96034604709358,100.0,72.0,100.0,100.0,27.590505642235637,9.083888845228383,2.831382463994472e-08,14.852648953794423,8.242617826342002,2.0230302500818227,13.298707173113144,3.6442195817540246,2.5307080428847395,1.6871386952564933,27.590505642235637,9.083888845228383,2.831382463994472e-08,14.852648953794423,8.242617826342002,2.0230302500818227,13.298707173113144,3.6442195817540246,2.5307080428847395,1.6871386952564933,Lusso d'Arte,B2,37,high,2PN,67.04,3685939328
U-0015,A1.22.05,82.87227756061456,161,Medium,92.0,100.0,87.27167887054225,7.051626722342508e-07,73.57814852115035,76.97075733984465,85.0,100.0,85.0,70.0,26.719226516691357,12.672998675184592,5.1199459702560677e-08,14.852648953794423,6.543299012653076,2.3866882450444393,11.303901097146174,5.061416085769479,2.1511018364520287,1.1809970866795452,26.719226516691357,12.672998675184592,5.1199459702560677e-08,14.852648953794423,6.543299012653076,2.3866882450444393,11.303901097146174,5.061416085769479,2.1511018364520287,1.1809970866795452,Lusso Saigon,A1,22,mid,2PN,61.98,2901014223
U-0207,A4.31.02,82.84542615966163,162,Medium,92.0,75.0,53.83794699745022,70.37036992560456,60.24312715913776,98.96488369363767,100.0,100.0,85.0,70.0,26.719226516691357,7.81797989683965,5.109352864417374,11.139486715345818,8.413023960525486,1.9541340238277518,13.298707173113144,5.061416085769479,2.1511018364520287,1.1809970866795452,26.719226516691357,7.81797989683965,5.109352864417374,11.139486715345818,8.413023960525486,1.9541340238277518,13.298707173113144,5.061416085769479,2.1511018364520287,1.1809970866795452,Risa,A4,31,high,1PN,49.76,2881201886
U-0157,A3.39.09,82.83400882666066,163,Medium,100.0,70.0,50.09776187806726,70.3703701178608,88.36374486416332,89.58827401273152,100.0,72.0,95.0,70.0,29.042637518142776,7.274855693474696,5.109352878376444,10.396854267656096,7.615916552627524,2.8662954340959175,13.298707173113144,3.6442195817540246,2.4041726407405024,1.1809970866795452,29.042637518142776,7.274855693474696,5.109352878376444,10.396854267656096,7.615916552627524,2.8662954340959175,13.298707173113144,3.6442195817540246,2.4041726407405024,1.1809970866795452,Risa,A3,39,high,RISA,56.92,3426996652
U-0039,A2.13.03,82.72476500902397,164,Medium,92.0,100.0,89.85497825937314,5.860733640176618e-07,47.14451170447364,81.50447848994236,85.0,94.0,95.0,70.0,26.719226516691357,13.04812781393787,4.255279067550874e-08,14.852648953794423,6.928711527097988,1.5292482097600362,11.303901097146174,4.75773112062331,2.4041726407405024,1.1809970866795452,26.719226516691357,13.04812781393787,4.255279067550874e-08,14.852648953794423,6.928711527097988,1.5292482097600362,11.303901097146174,4.75773112062331,2.4041726407405024,1.1809970866795452,Lusso Saigon,A2,13,mid,2PN,62.86,2839567669
U-0130,A3.05.04,82.66670928231319,165,Medium,95.0,95.0,76.70410242562728,70.37037000393492,49.60097537361562,79.97554731404729,70.0,80.0,70.0,70.0,27.590505642235637,11.138447214509947,5.109352870104674,14.110016506104701,6.798736791245027,1.6089296516195657,9.309095021179202,4.049132868615583,1.7714956300193176,1.1809970866795452,27.590505642235637,11.138447214509947,5.109352870104674,14.110016506104701,6.798736791245027,1.6089296516195657,9.309095021179202,4.049132868615583,1.7714956300193176,1.1809970866795452,Risa,A3,5,low,2PN+2WC,76.91,3824438228
U-0218,A4.36.02,82.66239463735472,166,Medium,92.0,75.0,52.577513805796784,70.37036991456182,60.24312715913776,98.96488369363767,100.0,100.0,85.0,70.0,26.719226516691357,7.634948375334518,5.109352863615597,11.139486715345818,8.413023960525486,1.9541340238277518,13.298707173113144,5.061416085769479,2.1511018364520287,1.1809970866795452,26.719226516691357,7.634948375334518,5.109352863615597,11.139486715345818,8.413023960525486,1.9541340238277518,13.298707173113144,5.061416085769479,2.1511018364520287,1.1809970866795452,Risa,A4,36,high,1PN,49.76,2902730495
U-0222,A4.37.02,82.62578834994811,167,Medium,92.0,75.0,52.32542715575671,70.37037017066488,60.24312715913776,98.96488369363767,100.0,100.0,85.0,70.0,26.719226516691357,7.598342069333134,5.109352882210368,11.139486715345818,8.413023960525486,1.9541340238277518,13.298707173113144,5.061416085769479,2.1511018364520287,1.1809970866795452,26.719226516691357,7.598342069333134,5.109352882210368,11.139486715345818,8.413023960525486,1.9541340238277518,13.298707173113144,5.061416085769479,2.1511018364520287,1.1809970866795452,Risa,A4,37,high,1PN,49.76,2907036217
U-0200,A4.27.01,82.62115340219127,168,Medium,100.0,70.0,44.00128620566108,70.3703700551554,27.974979725727284,100.0,100.0,94.0,100.0,100.0,29.042637518142776,6.389567028015354,5.109352873823618,10.396854267656096,8.501019398526658,0.9074372841490731,13.298707173113144,4.75773112062331,2.5307080428847395,1.6871386952564933,29.042637518142776,6.389567028015354,5.109352873823618,10.396854267656096,8.501019398526658,0.9074372841490731,13.298707173113144,4.75773112062331,2.5307080428847395,1.6871386952564933,Risa,A4,27,high,RISA,55.24,3317984892
U-0329,B4.04.09,82.59051635379664,169,Medium,95.0,100.0,66.07887341127706,99.99999969473178,23.93334692370795,72.38551663122315,70.0,80.0,72.0,70.0,27.590505642235637,9.595523840454812,7.260659357371209,14.852648953794423,6.153506810544021,0.7763369820452122,9.309095021179202,4.049132868615583,1.8221097908770123,1.1809970866795452,27.590505642235637,9.595523840454812,7.260659357371209,14.852648953794423,6.153506810544021,0.7763369820452122,9.309095021179202,4.049132868615583,1.8221097908770123,1.1809970866795452,Zenia,B4,4,low,2PN,71.81,3770279952
U-0226,A4.38.02,82.58918206248649,170,Medium,92.0,75.0,52.07334050571662,70.37037042601045,60.24312715913776,98.96488369363767,100.0,100.0,85.0,70.0,26.719226516691357,7.561735763331748,5.109352900750141,11.139486715345818,8.413023960525486,1.9541340238277518,13.298707173113144,5.061416085769479,2.1511018364520287,1.1809970866795452,26.719226516691357,7.561735763331748,5.109352900750141,11.139486715345818,8.413023960525486,1.9541340238277518,13.298707173113144,5.061416085769479,2.1511018364520287,1.1809970866795452,Risa,A4,38,high,1PN,49.76,2911341939
U-0335,B4.05.09,82.55997585950763,171,Medium,95.0,100.0,65.86855865868525,99.99999943762286,23.93334692370795,72.38551663122315,70.0,80.0,72.0,70.0,27.590505642235637,9.564983364833601,7.260659338703406,14.852648953794423,6.153506810544021,0.7763369820452122,9.309095021179202,4.049132868615583,1.8221097908770123,1.1809970866795452,27.590505642235637,9.564983364833601,7.260659338703406,14.852648953794423,6.153506810544021,0.7763369820452122,9.309095021179202,4.049132868615583,1.8221097908770123,1.1809970866795452,Zenia,B4,5,low,2PN,71.81,3775348494
U-0233,A4.39.02,82.55257574422643,172,Medium,92.0,75.0,51.821253855676574,70.37037025717346,60.24312715913776,98.96488369363767,100.0,100.0,85.0,70.0,26.719226516691357,7.525129457330368,5.109352888491461,11.139486715345818,8.413023960525486,1.9541340238277518,13.298707173113144,5.061416085769479,2.1511018364520287,1.1809970866795452,26.719226516691357,7.525129457330368,5.109352888491461,11.139486715345818,8.413023960525486,1.9541340238277518,13.298707173113144,5.061416085769479,2.1511018364520287,1.1809970866795452,Risa,A4,39,high,1PN,49.76,2915647661
U-0098,B2.25.13,82.48107613120696,173,Medium,92.0,100.0,89.56240857214421,1.3413928309381888e-07,58.88584356123442,81.50447848994236,85.0,80.0,100.0,70.0,26.719226516691357,13.005642837062938,9.739396439593299e-09,14.852648953794423,6.928711527097988,1.9101071914948298,11.303901097146174,4.049132868615583,2.5307080428847395,1.1809970866795452,26.719226516691357,13.005642837062938,9.739396439593299e-09,14.852648953794423,6.928711527097988,1.9101071914948298,11.303901097146174,4.049132868615583,2.5307080428847395,1.1809970866795452,Lusso d'Arte,B2,25,mid,2PN,62.86,2866502791
U-0206,A4.31.01,82.47176983616862,174,Medium,100.0,70.0,42.972567121334386,70.3703702114476,27.974979725727284,100.0,100.0,94.0,100.0,100.0,29.042637518142776,6.240183450644874,5.109352885171462,10.396854267656096,8.501019398526658,0.9074372841490731,13.298707173113144,4.75773112062331,2.5307080428847395,1.6871386952564933,29.042637518142776,6.240183450644874,5.109352885171462,10.396854267656096,8.501019398526658,0.9074372841490731,13.298707173113144,4.75773112062331,2.5307080428847395,1.6871386952564933,Risa,A4,31,high,RISA,55.24,3337104512
U-0209,A4.32.01,82.43442394464267,175,Medium,100.0,70.0,42.71538735025271,70.37037025024121,27.974979725727284,100.0,100.0,94.0,100.0,100.0,29.042637518142776,6.202837556302254,5.109352887988134,10.396854267656096,8.501019398526658,0.9074372841490731,13.298707173113144,4.75773112062331,2.5307080428847395,1.6871386952564933,29.042637518142776,6.202837556302254,5.109352887988134,10.396854267656096,8.501019398526658,0.9074372841490731,13.298707173113144,4.75773112062331,2.5307080428847395,1.6871386952564933,Risa,A4,32,high,RISA,55.24,3341884417
U-0214,A4.35.01,82.32238624330877,176,Medium,100.0,70.0,41.94384803700768,70.37036999811478,27.974979725727284,100.0,100.0,94.0,100.0,100.0,29.042637518142776,6.090799873274393,5.109352869682093,10.396854267656096,8.501019398526658,0.9074372841490731,13.298707173113144,4.75773112062331,2.5307080428847395,1.6871386952564933,29.042637518142776,6.090799873274393,5.109352869682093,10.396854267656096,8.501019398526658,0.9074372841490731,13.298707173113144,4.75773112062331,2.5307080428847395,1.6871386952564933,Risa,A4,35,high,RISA,55.24,3356224132
U-0217,A4.36.01,82.28504035178884,177,Medium,100.0,70.0,41.686668265926016,70.3703700369911,27.974979725727284,100.0,100.0,94.0,100.0,100.0,29.042637518142776,6.053453978931774,5.10935287250477,10.396854267656096,8.501019398526658,0.9074372841490731,13.298707173113144,4.75773112062331,2.5307080428847395,1.6871386952564933,29.042637518142776,6.053453978931774,5.10935287250477,10.396854267656096,8.501019398526658,0.9074372841490731,13.298707173113144,4.75773112062331,2.5307080428847395,1.6871386952564933,Risa,A4,36,high,RISA,55.24,3361004037
U-0095,B2.23.05,82.24955284520739,178,Medium,95.0,100.0,66.57029800638927,3.4034884957507413e-07,67.64242193844674,100.0,85.0,90.0,95.0,70.0,27.590505642235637,9.666885172371531,2.4711570669814453e-08,14.852648953794423,8.501019398526658,2.1941483518088245,11.303901097146174,4.555274477192531,2.4041726407405024,1.1809970866795452,27.590505642235637,9.666885172371531,2.4711570669814453e-08,14.852648953794423,8.501019398526658,2.1941483518088245,11.303901097146174,4.555274477192531,2.4041726407405024,1.1809970866795452,Lusso d'Arte,B2,23,mid,2PN,66.45,3573324102
U-0221,A4.37.01,82.24769446026087,179,Medium,100.0,70.0,41.42948849484434,70.370370075757,27.974979725727284,100.0,100.0,94.0,100.0,100.0,29.042637518142776,6.016108084589154,5.10935287531943,10.396854267656096,8.501019398526658,0.9074372841490731,13.298707173113144,4.75773112062331,2.5307080428847395,1.6871386952564933,29.042637518142776,6.016108084589154,5.10935287531943,10.396854267656096,8.501019398526658,0.9074372841490731,13.298707173113144,4.75773112062331,2.5307080428847395,1.6871386952564933,Risa,A4,37,high,RISA,55.24,3365783942
U-0225,A4.38.01,82.21034856872494,180,Medium,100.0,70.0,41.17230872376266,70.37037011441295,27.974979725727284,100.0,100.0,94.0,100.0,100.0,29.042637518142776,5.978762190246533,5.109352878126107,10.396854267656096,8.501019398526658,0.9074372841490731,13.298707173113144,4.75773112062331,2.5307080428847395,1.6871386952564933,29.042637518142776,5.978762190246533,5.109352878126107,10.396854267656096,8.501019398526658,0.9074372841490731,13.298707173113144,4.75773112062331,2.5307080428847395,1.6871386952564933,Risa,A4,38,high,RISA,55.24,3370563847
U-0391,B4.39.05,82.19351495288184,181,Medium,85.0,75.0,68.1353484452489,99.9999996038632,49.17137495015861,80.12576691784335,100.0,100.0,50.0,70.0,24.68624189042136,9.894151135338584,7.260659350773551,11.139486715345818,6.811506988904119,1.5949945050938792,13.298707173113144,5.061416085769479,1.2653540214423697,1.1809970866795452,24.68624189042136,9.894151135338584,7.260659350773551,11.139486715345818,6.811506988904119,1.5949945050938792,13.298707173113144,5.061416085769479,1.2653540214423697,1.1809970866795452,Zenia,B4,39,high,1PN,46.73,2459597467
U-0232,A4.39.01,82.17300267718103,182,Medium,100.0,70.0,40.91512895268099,70.37037015295942,27.974979725727284,100.0,100.0,94.0,100.0,100.0,29.042637518142776,5.941416295903913,5.109352880924836,10.396854267656096,8.501019398526658,0.9074372841490731,13.298707173113144,4.75773112062331,2.5307080428847395,1.6871386952564933,29.042637518142776,5.941416295903913,5.109352880924836,10.396854267656096,8.501019398526658,0.9074372841490731,13.298707173113144,4.75773112062331,2.5307080428847395,1.6871386952564933,Risa,A4,39,high,RISA,55.24,3375343752
U-0077,B2.11.05,82.0150070357168,183,Medium,100.0,100.0,70.93120850438618,1.0426804476339708e-07,57.619032094958435,100.0,70.0,90.0,95.0,70.0,29.042637518142776,10.30014688658347,7.570547571972067e-09,14.852648953794423,8.501019398526658,1.8690150453071708,9.309095021179202,4.555274477192531,2.4041726407405024,1.1809970866795452,29.042637518142776,10.30014688658347,7.570547571972067e-09,14.852648953794423,8.501019398526658,1.8690150453071708,9.309095021179202,4.555274477192531,2.4041726407405024,1.1809970866795452,Lusso d'Arte,B2,11,low,2PN,66.45,3452132932
U-0008,A1.13.05,81.93748678666562,184,Medium,92.0,100.0,82.66855767590694,2.987845779545139e-07,62.53134385382369,78.05266806884525,85.0,100.0,85.0,70.0,26.719226516691357,12.004564773645225,2.1693730483860552e-08,14.852648953794423,6.635272453600158,2.028357961193497,11.303901097146174,5.061416085769479,2.1511018364520287,1.1809970866795452,26.719226516691357,12.004564773645225,2.1693730483860552e-08,14.852648953794423,6.635272453600158,2.028357961193497,11.303901097146174,5.061416085769479,2.1511018364520287,1.1809970866795452,Lusso Saigon,A1,13,mid,2PN,62.19,2989669652
U-0083,B2.13.12,81.8793284727211,185,Medium,100.0,100.0,78.72910634810397,3.7816200383563454e-07,26.44743597249249,82.74094789451446,85.0,72.0,100.0,70.0,29.042637518142776,11.432504488976486,2.745705500133213e-08,14.852648953794423,7.0338240310375095,0.8578876448483702,11.303901097146174,3.6442195817540246,2.5307080428847395,1.1809970866795452,29.042637518142776,11.432504488976486,2.745705500133213e-08,14.852648953794423,7.0338240310375095,0.8578876448483702,11.303901097146174,3.6442195817540246,2.5307080428847395,1.1809970866795452,Lusso d'Arte,B2,13,mid,2PN,63.1,3049889705
U-0344,B4.08.20,81.8595757821479,186,Medium,92.0,82.0,60.98071523257234,99.99999951591276,58.791235037903355,100.0,70.0,90.0,55.0,70.0,26.719226516691357,8.85520404048343,7.260659344387769,12.179172142111426,8.501019398526658,1.9070383313093855,9.309095021179202,4.555274477192531,1.3918894235866066,1.1809970866795452,26.719226516691357,8.85520404048343,7.260659344387769,12.179172142111426,8.501019398526658,1.9070383313093855,9.309095021179202,4.555274477192531,1.3918894235866066,1.1809970866795452,Zenia,B4,8,low,1PN+,53.94,2988317689
U-0342,B4.07.20,81.82968924081553,187,Medium,92.0,82.0,60.77490376914414,99.99999947892913,58.791235037903355,100.0,70.0,90.0,55.0,70.0,26.719226516691357,8.825317501836313,7.260659341702513,12.179172142111426,8.501019398526658,1.9070383313093855,9.309095021179202,4.555274477192531,1.3918894235866066,1.1809970866795452,26.719226516691357,8.825317501836313,7.260659341702513,12.179172142111426,8.501019398526658,1.9070383313093855,9.309095021179202,4.555274477192531,1.3918894235866066,1.1809970866795452,Zenia,B4,7,low,1PN+,53.94,2992124919
U-0337,B4.05.20,81.76991615817123,188,Medium,92.0,82.0,60.36328084228776,99.99999940524346,58.791235037903355,100.0,70.0,90.0,55.0,70.0,26.719226516691357,8.765544424542078,7.260659336352448,12.179172142111426,8.501019398526658,1.9070383313093855,9.309095021179202,4.555274477192531,1.3918894235866066,1.1809970866795452,26.719226516691357,8.765544424542078,7.260659336352448,12.179172142111426,8.501019398526658,1.9070383313093855,9.309095021179202,4.555274477192531,1.3918894235866066,1.1809970866795452,Zenia,B4,5,low,1PN+,53.94,2999739379
U-0069,B2.07.05,81.72537679981342,189,Medium,100.0,100.0,71.59929358395432,2.8672822486745935e-07,45.69932525405383,100.0,70.0,90.0,95.0,70.0,29.042637518142776,10.397161650569355,2.0818359752615386e-08,14.852648953794423,8.501019398526658,1.4823700321700826,9.309095021179202,4.555274477192531,2.4041726407405024,1.1809970866795452,29.042637518142776,10.397161650569355,2.0818359752615386e-08,14.852648953794423,8.501019398526658,1.4823700321700826,9.309095021179202,4.555274477192531,2.4041726407405024,1.1809970866795452,Lusso d'Arte,B2,7,low,2PN,66.45,3411735876
U-0177,A4.13.02,81.71700422592548,190,Medium,92.0,75.0,61.74369204895637,70.37037037711583,51.560747888696426,98.96488369363767,85.0,100.0,85.0,70.0,26.719226516691357,8.96599833604837,5.109352897200068,11.139486715345818,8.413023960525486,1.6724996940671548,11.303901097146174,5.061416085769479,2.1511018364520287,1.1809970866795452,26.719226516691357,8.96599833604837,5.109352897200068,11.139486715345818,8.413023960525486,1.6724996940671548,11.303901097146174,5.061416085769479,2.1511018364520287,1.1809970866795452,Risa,A4,13,mid,1PN,49.76,2731535960
U-0060,B2.05.03,81.66267556656936,191,Medium,100.0,100.0,74.2905078339102,3.4981455070767085e-07,35.78378722752172,96.96034604709358,70.0,80.0,100.0,100.0,29.042637518142776,10.787961450295,2.539884298693715e-08,14.852648953794423,8.242617826342002,1.1607351646602997,9.309095021179202,4.049132868615583,2.5307080428847395,1.6871386952564933,29.042637518142776,10.787961450295,2.539884298693715e-08,14.852648953794423,8.242617826342002,1.1607351646602997,9.309095021179202,4.049132868615583,2.5307080428847395,1.6871386952564933,Lusso d'Arte,B2,5,low,2PN,67.04,3359893439
U-0006,A1.11.05,81.64059734244623,192,Medium,100.0,100.0,81.84664370067813,1.2168570591781995e-07,62.53134385382369,78.05266806884525,70.0,90.0,85.0,70.0,29.042637518142776,11.885212025376894,8.835184620276416e-09,14.852648953794423,6.635272453600158,2.028357961193497,9.309095021179202,4.555274477192531,2.1511018364520287,1.1809970866795452,29.042637518142776,11.885212025376894,8.835184620276416e-09,14.852648953794423,6.635272453600158,2.028357961193497,9.309095021179202,4.555274477192531,2.1511018364520287,1.1809970866795452,Lusso Saigon,A1,11,low,2PN,62.19,3007239668
U-0229,A4.38.05,81.6400239230036,193,Medium,92.0,75.0,54.90723326267205,70.37037037941111,70.97548833889374,100.0,100.0,72.0,70.0,70.0,26.719226516691357,7.973254363859482,5.109352897366721,11.139486715345818,8.501019398526658,2.3022645596475244,13.298707173113144,3.6442195817540246,1.7714956300193176,1.1809970866795452,26.719226516691357,7.973254363859482,5.109352897366721,11.139486715345818,8.501019398526658,2.3022645596475244,13.298707173113144,3.6442195817540246,1.7714956300193176,1.1809970866795452,Risa,A4,38,high,1PN,49.61,2873108424
U-0160,A4.04.04,81.59942370981679,194,Medium,95.0,95.0,61.50903748181924,70.3703702442182,43.94584161783243,100.0,70.0,80.0,55.0,70.0,27.590505642235637,8.93192339837167,5.109352887550823,14.110016506104701,8.501019398526658,1.4254914769663674,9.309095021179202,4.049132868615583,1.3918894235866066,1.1809970866795452,27.590505642235637,8.93192339837167,5.109352887550823,14.110016506104701,8.501019398526658,1.4254914769663674,9.309095021179202,4.049132868615583,1.3918894235866066,1.1809970866795452,Risa,A4,4,low,2PN+2WC,72.66,3975666856
U-0063,B2.06.03,81.59739954148496,195,Medium,100.0,100.0,73.84098916197806,5.446785480662495e-07,35.78378722752172,96.96034604709358,70.0,80.0,100.0,100.0,29.042637518142776,10.72268541106219,3.954725408849098e-08,14.852648953794423,8.242617826342002,1.1607351646602997,9.309095021179202,4.049132868615583,2.5307080428847395,1.6871386952564933,29.042637518142776,10.72268541106219,3.954725408849098e-08,14.852648953794423,8.242617826342002,1.1607351646602997,9.309095021179202,4.049132868615583,2.5307080428847395,1.6871386952564933,Lusso d'Arte,B2,6,low,2PN,67.04,3370082373
U-0216,A4.35.05,81.53092360194793,196,Medium,92.0,75.0,54.155922026495965,70.37037008222313,70.97548833889374,100.0,100.0,72.0,70.0,70.0,26.719226516691357,7.864154064381633,5.109352875788914,11.139486715345818,8.501019398526658,2.3022645596475244,13.298707173113144,3.6442195817540246,1.7714956300193176,1.1809970866795452,26.719226516691357,7.864154064381633,5.109352875788914,11.139486715345818,8.501019398526658,2.3022645596475244,13.298707173113144,3.6442195817540246,1.7714956300193176,1.1809970866795452,Risa,A4,35,high,1PN,49.61,2885986651
U-0127,A3.04.13,81.50310753503146,197,Medium,100.0,95.0,67.70576937379518,70.37037046175315,44.21200095748492,69.60994827661294,70.0,80.0,60.0,70.0,29.042637518142776,9.83177058905053,5.109352903345296,14.110016506104701,5.91755520629924,1.4341250098837495,9.309095021179202,4.049132868615583,1.5184248257308437,1.1809970866795452,29.042637518142776,9.83177058905053,5.109352903345296,14.110016506104701,5.91755520629924,1.4341250098837495,9.309095021179202,4.049132868615583,1.5184248257308437,1.1809970866795452,Risa,A3,4,low,2PN+2WC,66.21,3483899578
U-0213,A4.34.05,81.49455685138118,198,Medium,92.0,75.0,53.90548496721716,70.37037026267457,70.97548833889374,100.0,100.0,72.0,70.0,70.0,26.719226516691357,7.827787300712913,5.109352888890879,11.139486715345818,8.501019398526658,2.3022645596475244,13.298707173113144,3.6442195817540246,1.7714956300193176,1.1809970866795452,26.719226516691357,7.827787300712913,5.109352888890879,11.139486715345818,8.501019398526658,2.3022645596475244,13.298707173113144,3.6442195817540246,1.7714956300193176,1.1809970866795452,Risa,A4,34,high,1PN,49.61,2890279393
U-0211,A4.33.05,81.45819009357355,199,Medium,92.0,75.0,53.65504784959869,70.37037046007775,70.97548833889374,100.0,100.0,72.0,70.0,70.0,26.719226516691357,7.7914205285725044,5.109352903223651,11.139486715345818,8.501019398526658,2.3022645596475244,13.298707173113144,3.6442195817540246,1.7714956300193176,1.1809970866795452,26.719226516691357,7.7914205285725044,5.109352903223651,11.139486715345818,8.501019398526658,2.3022645596475244,13.298707173113144,3.6442195817540246,1.7714956300193176,1.1809970866795452,Risa,A4,33,high,1PN,49.61,2894572136
U-0064,B2.06.04,81.42068065038073,200,Medium,100.0,100.0,74.72928650935705,4.7401992009786865e-07,45.69932525405383,100.0,70.0,80.0,85.0,70.0,29.042637518142776,10.85167790040347,3.4416971789453504e-08,14.852648953794423,8.501019398526658,1.4823700321700826,9.309095021179202,4.049132868615583,2.1511018364520287,1.1809970866795452,29.042637518142776,10.85167790040347,3.4416971789453504e-08,14.852648953794423,8.501019398526658,1.4823700321700826,9.309095021179202,4.049132868615583,2.1511018364520287,1.1809970866795452,Lusso d'Arte,B2,6,low,2PN,66.45,3340980371
U-0208,A4.31.05,81.38545653049074,201,Medium,92.0,75.0,53.15417373104106,70.37036996776219,70.97548833889374,100.0,100.0,72.0,70.0,70.0,26.719226516691357,7.718687001235062,5.109352867478295,11.139486715345818,8.501019398526658,2.3022645596475244,13.298707173113144,3.6442195817540246,1.7714956300193176,1.1809970866795452,26.719226516691357,7.718687001235062,5.109352867478295,11.139486715345818,8.501019398526658,2.3022645596475244,13.298707173113144,3.6442195817540246,1.7714956300193176,1.1809970866795452,Risa,A4,31,high,1PN,49.61,2903157620
U-0084,B2.16.13,81.37660437382463,202,Medium,92.0,100.0,84.57930180347421,7.172252754656962e-07,47.14451170447364,81.50447848994236,85.0,80.0,100.0,70.0,26.719226516691357,12.282030019079507,5.207528423550079e-08,14.852648953794423,6.928711527097988,1.5292482097600362,11.303901097146174,4.049132868615583,2.5307080428847395,1.1809970866795452,26.719226516691357,12.282030019079507,5.207528423550079e-08,14.852648953794423,6.928711527097988,1.5292482097600362,11.303901097146174,4.049132868615583,2.5307080428847395,1.1809970866795452,Lusso d'Arte,B2,16,mid,2PN,62.86,2952485601
U-0197,A4.19.23,81.3413204875122,203,Medium,100.0,65.0,64.38829641216628,70.37037027594681,45.332511147675625,85.52223371251294,85.0,80.0,95.0,100.0,29.042637518142776,9.350029765546392,5.109352889854531,9.654221819966375,7.270261677954031,1.4704715142893603,11.303901097146174,4.049132868615583,2.4041726407405024,1.6871386952564933,29.042637518142776,9.350029765546392,5.109352889854531,9.654221819966375,7.270261677954031,1.4704715142893603,11.303901097146174,4.049132868615583,2.4041726407405024,1.6871386952564933,Risa,A4,19,mid,Loft,63.41,3410430370
U-0152,A3.37.05,81.3392317303305,204,Medium,92.0,75.0,59.05887089912927,70.37037025944372,49.17137495015861,80.12576691784335,100.0,94.0,85.0,70.0,26.719226516691357,8.576126898771012,5.109352888656297,11.139486715345818,6.811506988904119,1.5949945050938792,13.298707173113144,4.75773112062331,2.1511018364520287,1.1809970866795452,26.719226516691357,8.576126898771012,5.109352888656297,11.139486715345818,6.811506988904119,1.5949945050938792,13.298707173113144,4.75773112062331,2.1511018364520287,1.1809970866795452,Risa,A3,37,high,1PN,46.73,2604197295
U-0075,B2.10.03,81.33629536146127,205,Medium,100.0,100.0,72.04291447424957,2.2662931453369493e-07,35.78378722752172,96.96034604709358,70.0,80.0,100.0,100.0,29.042637518142776,10.46158125413096,1.6454782582468173e-08,14.852648953794423,8.242617826342002,1.1607351646602997,9.309095021179202,4.049132868615583,2.5307080428847395,1.6871386952564933,29.042637518142776,10.46158125413096,1.6454782582468173e-08,14.852648953794423,8.242617826342002,1.1607351646602997,9.309095021179202,4.049132868615583,2.5307080428847395,1.6871386952564933,Lusso d'Arte,B2,10,low,2PN,67.04,3410838109
U-0202,A4.27.05,81.23998945913128,206,Medium,92.0,75.0,52.15242543558618,70.37036985464727,70.97548833889374,100.0,100.0,72.0,70.0,70.0,26.719226516691357,7.573219938088495,5.109352859265406,11.139486715345818,8.501019398526658,2.3022645596475244,13.298707173113144,3.6442195817540246,1.7714956300193176,1.1809970866795452,26.719226516691357,7.573219938088495,5.109352859265406,11.139486715345818,8.501019398526658,2.3022645596475244,13.298707173113144,3.6442195817540246,1.7714956300193176,1.1809970866795452,Risa,A4,27,high,1PN,49.61,2920328589
U-0072,B2.09.04,81.22605495268247,207,Medium,100.0,100.0,73.38901094188957,3.3220958259450707e-07,45.69932525405383,100.0,70.0,80.0,85.0,70.0,29.042637518142776,10.657052213001563,2.4120606218364457e-08,14.852648953794423,8.501019398526658,1.4823700321700826,9.309095021179202,4.049132868615583,2.1511018364520287,1.1809970866795452,29.042637518142776,10.657052213001563,2.4120606218364457e-08,14.852648953794423,8.501019398526658,1.4823700321700826,9.309095021179202,4.049132868615583,2.1511018364520287,1.1809970866795452,Lusso d'Arte,B2,9,low,2PN,66.45,3371278163
U-0199,A4.26.05,81.20362273186923,208,Medium,92.0,75.0,51.90198831796773,70.37037047275024,70.97548833889374,100.0,100.0,72.0,70.0,70.0,26.719226516691357,7.536853165948089,5.109352904143757,11.139486715345818,8.501019398526658,2.3022645596475244,13.298707173113144,3.6442195817540246,1.7714956300193176,1.1809970866795452,26.719226516691357,7.536853165948089,5.109352904143757,11.139486715345818,8.501019398526658,2.3022645596475244,13.298707173113144,3.6442195817540246,1.7714956300193176,1.1809970866795452,Risa,A4,26,high,1PN,49.61,2924621332
U-0026,A2.05.12,81.16627138186753,209,Medium,100.0,100.0,71.23456223223776,1.8795046044919148e-07,45.69932525405383,100.0,70.0,80.0,95.0,70.0,29.042637518142776,10.344197848372325,1.3646442735484747e-08,14.852648953794423,8.501019398526658,1.4823700321700826,9.309095021179202,4.049132868615583,2.4041726407405024,1.1809970866795452,29.042637518142776,10.344197848372325,1.3646442735484747e-08,14.852648953794423,8.501019398526658,1.4823700321700826,9.309095021179202,4.049132868615583,2.4041726407405024,1.1809970866795452,Lusso Saigon,A2,5,low,2PN,66.45,3419980863
U-0198,A4.24.02,81.10686423576912,210,Medium,92.0,75.0,55.60255343063689,70.37037029841316,60.24312715913776,98.96488369363767,85.0,100.0,85.0,70.0,26.719226516691357,8.074224021845767,5.109352891485736,11.139486715345818,8.413023960525486,1.9541340238277518,11.303901097146174,5.061416085769479,2.1511018364520287,1.1809970866795452,26.719226516691357,8.074224021845767,5.109352891485736,11.139486715345818,8.413023960525486,1.9541340238277518,11.303901097146174,5.061416085769479,2.1511018364520287,1.1809970866795452,Risa,A4,24,mid,1PN,49.76,2851061834
U-0009,A1.13.06,81.01975846314083,211,Medium,92.0,100.0,83.29705350697508,3.4835249938752803e-07,69.9842762895791,77.3313942495115,85.0,94.0,50.0,70.0,26.719226516691357,12.095830656662104,2.5292688420627575e-08,14.852648953794423,6.573956826302102,2.270112158506775,11.303901097146174,4.75773112062331,1.2653540214423697,1.1809970866795452,26.719226516691357,12.095830656662104,2.5292688420627575e-08,14.852648953794423,6.573956826302102,2.270112158506775,11.303901097146174,4.75773112062331,1.2653540214423697,1.1809970866795452,Lusso Saigon,A1,13,mid,2PN,62.05,2983098092
U-0001,A1.06.05,80.99815413034932,212,Medium,100.0,100.0,79.01668835635192,3.667662361848514e-07,53.63939196307035,78.72242232965513,70.0,90.0,85.0,70.0,29.042637518142776,11.474265189087909,2.6629647128525452e-08,14.852648953794423,6.692208393234065,1.739925627957207,9.309095021179202,4.555274477192531,2.1511018364520287,1.1809970866795452,29.042637518142776,11.474265189087909,2.6629647128525452e-08,14.852648953794423,6.692208393234065,1.739925627957207,9.309095021179202,4.555274477192531,2.1511018364520287,1.1809970866795452,Lusso Saigon,A1,6,low,2PN,62.32,3057395419
U-0027,A2.05.13,80.88518853406907,213,Medium,100.0,100.0,73.65578967500991,2.9917528873509327e-07,45.69932525405383,100.0,70.0,80.0,70.0,70.0,29.042637518142776,10.695792003219381,2.1722098662797546e-08,14.852648953794423,8.501019398526658,1.4823700321700826,9.309095021179202,4.049132868615583,1.7714956300193176,1.1809970866795452,29.042637518142776,10.695792003219381,2.1722098662797546e-08,14.852648953794423,8.501019398526658,1.4823700321700826,9.309095021179202,4.049132868615583,1.7714956300193176,1.1809970866795452,Lusso Saigon,A2,5,low,2PN,66.45,3365247458
U-0030,A2.06.13,80.82489014533266,214,Medium,100.0,100.0,73.24054916669444,4.244100898019399e-07,45.69932525405383,100.0,70.0,80.0,70.0,70.0,29.042637518142776,10.635493605390103,3.081497099290041e-08,14.852648953794423,8.501019398526658,1.4823700321700826,9.309095021179202,4.049132868615583,1.7714956300193176,1.1809970866795452,29.042637518142776,10.635493605390103,3.081497099290041e-08,14.852648953794423,8.501019398526658,1.4823700321700826,9.309095021179202,4.049132868615583,1.7714956300193176,1.1809970866795452,Lusso Saigon,A2,6,low,2PN,66.45,3374634237
U-0032,A2.07.13,80.76459175654581,215,Medium,100.0,100.0,72.82530865837896,5.489501599068437e-07,45.69932525405383,100.0,70.0,80.0,70.0,70.0,29.042637518142776,10.575195207560824,3.985740127425244e-08,14.852648953794423,8.501019398526658,1.4823700321700826,9.309095021179202,4.049132868615583,1.7714956300193176,1.1809970866795452,29.042637518142776,10.575195207560824,3.985740127425244e-08,14.852648953794423,8.501019398526658,1.4823700321700826,9.309095021179202,4.049132868615583,1.7714956300193176,1.1809970866795452,Lusso Saigon,A2,7,low,2PN,66.45,3384021016
U-0096,B2.23.12,80.73908454683048,216,Medium,92.0,100.0,84.26411799706301,3.910468629049245e-07,38.14410983169981,82.74094789451446,85.0,72.0,100.0,70.0,26.719226516691357,12.236261173873562,2.839258072988649e-08,14.852648953794423,7.0338240310375095,1.2372980345765654,11.303901097146174,3.6442195817540246,2.5307080428847395,1.1809970866795452,26.719226516691357,12.236261173873562,2.839258072988649e-08,14.852648953794423,7.0338240310375095,1.2372980345765654,11.303901097146174,3.6442195817540246,2.5307080428847395,1.1809970866795452,Lusso d'Arte,B2,23,mid,2PN,63.1,2953988491
U-0125,A3.04.11,80.73250077987956,217,Medium,95.0,95.0,65.18700356090869,70.37037020115248,45.37517620403979,69.2801337617855,70.0,88.0,85.0,70.0,27.590505642235637,9.466012576566769,5.109352884423969,14.110016506104701,5.889517610414603,1.4718554603459701,9.309095021179202,4.454046155477141,2.1511018364520287,1.1809970866795452,27.590505642235637,9.466012576566769,5.109352884423969,14.110016506104701,5.889517610414603,1.4718554603459701,9.309095021179202,4.454046155477141,2.1511018364520287,1.1809970866795452,Risa,A3,4,low,2PN+2WC,66.14,3539386682
U-0046,A2.29.11,80.70039503046144,218,Medium,100.0,82.0,62.00927599579218,4.995679883790556e-07,82.80509531432281,81.53075403786579,100.0,90.0,72.0,70.0,29.042637518142776,9.004564627541322,3.627193000540169e-08,12.179172142111426,6.930945216524028,2.685986962007736,13.298707173113144,4.555274477192531,1.8221097908770123,1.1809970866795452,29.042637518142776,9.004564627541322,3.627193000540169e-08,12.179172142111426,6.930945216524028,2.685986962007736,13.298707173113144,4.555274477192531,1.8221097908770123,1.1809970866795452,Lusso Saigon,A2,29,high,1PN+,56.85,3175643647
U-0161,A4.04.20,80.69355539423175,219,Medium,95.0,95.0,58.537370737013575,70.37037023135619,16.412890293413525,95.99510946280948,70.0,80.0,85.0,70.0,27.590505642235637,8.500398197901118,5.109352886616957,14.110016506104701,8.160562877070335,0.5323924713766581,9.309095021179202,4.049132868615583,2.1511018364520287,1.1809970866795452,27.590505642235637,8.500398197901118,5.109352886616957,14.110016506104701,8.160562877070335,0.5323924713766581,9.309095021179202,4.049132868615583,2.1511018364520287,1.1809970866795452,Risa,A4,4,low,2PN+2WC,71.81,3933372294
U-0230,A4.38.20,80.64882911668735,220,Medium,82.0,95.0,50.02413228010051,70.37037024055851,59.02881119841534,95.99510946280948,100.0,72.0,85.0,70.0,23.814962764877077,7.264163704852922,5.109352887285107,14.110016506104701,8.160562877070335,1.9147446984984668,13.298707173113144,3.6442195817540246,2.1511018364520287,1.1809970866795452,23.814962764877077,7.264163704852922,5.109352887285107,14.110016506104701,8.160562877070335,1.9147446984984668,13.298707173113144,3.6442195817540246,2.1511018364520287,1.1809970866795452,Risa,A4,38,high,2PN+2WC,71.81,4248778490
U-0183,A4.17.01,80.50303674585605,221,Medium,100.0,70.0,45.47060577320673,70.37037044141378,18.08302828913975,99.8140763216559,85.0,94.0,100.0,100.0,29.042637518142776,6.602931606008067,5.109352901868523,10.396854267656096,8.485213990564173,0.5865675057057163,11.303901097146174,4.75773112062331,2.5307080428847395,1.6871386952564933,29.042637518142776,6.602931606008067,5.109352901868523,10.396854267656096,8.485213990564173,0.5865675057057163,11.303901097146174,4.75773112062331,2.5307080428847395,1.6871386952564933,Risa,A4,17,mid,RISA,55.21,3268519161
U-0028,A2.05.14,80.4286759301119,222,Medium,100.0,100.0,72.76367386980205,4.5374932022788963e-07,35.78378722752172,96.96034604709358,70.0,90.0,60.0,70.0,29.042637518142776,10.566245023445092,3.2945192578705724e-08,14.852648953794423,8.242617826342002,1.1607351646602997,9.309095021179202,4.555274477192531,1.5184248257308437,1.1809970866795452,29.042637518142776,10.566245023445092,3.2945192578705724e-08,14.852648953794423,8.242617826342002,1.1607351646602997,9.309095021179202,4.555274477192531,1.5184248257308437,1.1809970866795452,Lusso Saigon,A2,5,low,2PN,67.04,3394501146
U-0131,A3.05.11,80.31740684170057,223,Medium,95.0,95.0,62.328489594643074,70.37037001707866,45.37517620403979,69.2801337617855,70.0,88.0,85.0,70.0,27.590505642235637,9.050918651752763,5.109352871058995,14.110016506104701,5.889517610414603,1.4718554603459701,9.309095021179202,4.454046155477141,2.1511018364520287,1.1809970866795452,27.590505642235637,9.050918651752763,5.109352871058995,14.110016506104701,5.889517610414603,1.4718554603459701,9.309095021179202,4.454046155477141,2.1511018364520287,1.1809970866795452,Risa,A3,5,low,2PN+2WC,66.14,3603690864
U-0010,A1.13.13,80.07453204203537,224,Medium,92.0,100.0,86.4603277705054,1.0671275036374867e-07,21.193272817808246,82.99854568713363,85.0,88.0,50.0,70.0,26.719226516691357,12.555179795693011,7.748049318446029e-09,14.852648953794423,7.055722469358241,0.6874559380050566,11.303901097146174,4.454046155477141,1.2653540214423697,1.1809970866795452,26.719226516691357,12.555179795693011,7.748049318446029e-09,14.852648953794423,7.055722469358241,0.6874559380050566,11.303901097146174,4.454046155477141,1.2653540214423697,1.1809970866795452,Lusso Saigon,A1,13,mid,2PN,63.15,2878685974
U-0076,B2.10.13,79.83753566979522,225,Medium,100.0,100.0,78.80344919589302,6.743748995721747e-07,12.183199558825217,82.74094789451446,70.0,80.0,100.0,70.0,29.042637518142776,11.443300050878506,4.8964064399021526e-08,14.852648953794423,7.0338240310375095,0.39519204761887006,9.309095021179202,4.049132868615583,2.5307080428847395,1.1809970866795452,29.042637518142776,11.443300050878506,4.8964064399021526e-08,14.852648953794423,7.0338240310375095,0.39519204761887006,9.309095021179202,4.049132868615583,2.5307080428847395,1.1809970866795452,Lusso d'Arte,B2,10,low,2PN,63.1,3021061743
U-0062,B2.05.14,79.77844012265327,226,Medium,100.0,100.0,78.77794711484421,2.1979123989395162e-07,37.12142353406841,81.50447848994236,70.0,80.0,50.0,100.0,29.042637518142776,11.439596812399211,1.5958293274757997e-08,14.852648953794423,6.928711527097988,1.2041246887669295,9.309095021179202,4.049132868615583,1.2653540214423697,1.6871386952564933,29.042637518142776,11.439596812399211,1.5958293274757997e-08,14.852648953794423,6.928711527097988,1.2041246887669295,9.309095021179202,4.049132868615583,1.2653540214423697,1.6871386952564933,Lusso d'Arte,B2,5,low,2PN,62.86,3057575701
U-0097,B2.25.09,79.62197121387143,227,Medium,95.0,100.0,68.5321949898169,5.500180135237471e-07,31.83594644045283,93.09637915780577,85.0,72.0,85.0,70.0,27.590505642235637,9.951778487059665,3.993493448804785e-08,14.852648953794423,7.914141251530998,1.0326772372839965,11.303901097146174,3.6442195817540246,2.1511018364520287,1.1809970866795452,27.590505642235637,9.951778487059665,3.993493448804785e-08,14.852648953794423,7.914141251530998,1.0326772372839965,11.303901097146174,3.6442195817540246,2.1511018364520287,1.1809970866795452,Lusso d'Arte,B2,25,mid,2PN,67.79,3520779853
U-0356,B4.19.21,79.61600811241281,228,Medium,95.0,65.0,49.14846947420543,99.99999967004814,51.928915095126925,82.00620475698037,85.0,90.0,70.0,100.0,27.590505642235637,7.1370059175542675,7.260659355579014,9.654221819966375,6.971363374386392,1.6844421030766168,11.303901097146174,4.555274477192531,1.7714956300193176,1.6871386952564933,27.590505642235637,7.1370059175542675,7.260659355579014,9.654221819966375,6.971363374386392,1.6844421030766168,11.303901097146174,4.555274477192531,1.7714956300193176,1.6871386952564933,Zenia,B4,19,mid,Loft,62.73,3714116771
U-0068,B2.06.13,79.57253465597229,229,Medium,100.0,100.0,76.97853918498889,4.805450489114521e-07,12.183199558825217,82.74094789451446,70.0,80.0,100.0,70.0,29.042637518142776,11.178299051128912,3.489073916668373e-08,14.852648953794423,7.0338240310375095,0.39519204761887006,9.309095021179202,4.049132868615583,2.5307080428847395,1.1809970866795452,29.042637518142776,11.178299051128912,3.489073916668373e-08,14.852648953794423,7.0338240310375095,0.39519204761887006,9.309095021179202,4.049132868615583,2.5307080428847395,1.1809970866795452,Lusso d'Arte,B2,6,low,2PN,63.1,3059422228
U-0126,A3.04.12,79.56837508015258,230,Medium,95.0,95.0,65.18700356090869,70.37037020115248,45.37517620403979,69.2801337617855,70.0,80.0,55.0,70.0,27.590505642235637,9.466012576566769,5.109352884423969,14.110016506104701,5.889517610414603,1.4718554603459701,9.309095021179202,4.049132868615583,1.3918894235866066,1.1809970866795452,27.590505642235637,9.466012576566769,5.109352884423969,14.110016506104701,5.889517610414603,1.4718554603459701,9.309095021179202,4.049132868615583,1.3918894235866066,1.1809970866795452,Risa,A3,4,low,2PN+2WC,66.14,3539386682
U-0040,A2.13.11,79.38637542877167,231,Medium,100.0,82.0,67.97064492672376,4.3167514799005995e-07,77.1054225900861,81.53075403786579,85.0,90.0,72.0,70.0,29.042637518142776,9.870234012406144,3.134246212166488e-08,12.179172142111426,6.930945216524028,2.5011040563496,11.303901097146174,4.555274477192531,1.8221097908770123,1.1809970866795452,29.042637518142776,9.870234012406144,3.134246212166488e-08,12.179172142111426,6.930945216524028,2.5011040563496,11.303901097146174,4.555274477192531,1.8221097908770123,1.1809970866795452,Lusso Saigon,A2,13,mid,1PN+,56.85,3047152839
U-0005,A1.09.03,79.15576490972299,232,Medium,92.0,100.0,82.4732733113993,1.1794007114061903e-07,37.12142353406841,81.50447848994236,70.0,88.0,100.0,70.0,26.719226516691357,11.976206908588443,8.563226837502427e-09,14.852648953794423,6.928711527097988,1.2041246887669295,9.309095021179202,4.454046155477141,2.5307080428847395,1.1809970866795452,26.719226516691357,11.976206908588443,8.563226837502427e-09,14.852648953794423,6.928711527097988,1.2041246887669295,9.309095021179202,4.454046155477141,2.5307080428847395,1.1809970866795452,Lusso Saigon,A1,9,low,2PN,62.86,2978973270
U-0132,A3.05.12,79.1532811419736,233,Medium,95.0,95.0,62.328489594643074,70.37037001707866,45.37517620403979,69.2801337617855,70.0,80.0,55.0,70.0,27.590505642235637,9.050918651752763,5.109352871058995,14.110016506104701,5.889517610414603,1.4718554603459701,9.309095021179202,4.049132868615583,1.3918894235866066,1.1809970866795452,27.590505642235637,9.050918651752763,5.109352871058995,14.110016506104701,5.889517610414603,1.4718554603459701,9.309095021179202,4.049132868615583,1.3918894235866066,1.1809970866795452,Risa,A3,5,low,2PN+2WC,66.14,3603690864
U-0124,A3.04.09,79.13564325890776,234,Medium,100.0,70.0,57.15664169988406,70.37037018178822,53.25898791934015,89.58827401273152,70.0,80.0,95.0,70.0,29.042637518142776,8.299898133220484,5.109352883017996,10.396854267656096,7.615916552627524,1.7275862870280552,9.309095021179202,4.049132868615583,2.4041726407405024,1.1809970866795452,29.042637518142776,8.299898133220484,5.109352883017996,10.396854267656096,7.615916552627524,1.7275862870280552,9.309095021179202,4.049132868615583,2.4041726407405024,1.1809970866795452,Risa,A3,4,low,RISA,56.92,3217090315
U-0044,A2.22.11,79.11819688688679,235,Medium,100.0,82.0,64.85067044303587,3.274832014759114e-07,82.80509531432281,81.53075403786579,85.0,90.0,72.0,70.0,29.042637518142776,9.417172572428132,2.3777439784364536e-08,12.179172142111426,6.930945216524028,2.685986962007736,11.303901097146174,4.555274477192531,1.8221097908770123,1.1809970866795452,29.042637518142776,9.417172572428132,2.3777439784364536e-08,12.179172142111426,6.930945216524028,2.685986962007736,11.303901097146174,4.555274477192531,1.8221097908770123,1.1809970866795452,Lusso Saigon,A2,22,mid,1PN+,56.85,3119428918
U-0003,A1.07.03,79.03452412303007,236,Medium,92.0,100.0,81.63835729341459,5.262939786094162e-07,37.12142353406841,81.50447848994236,70.0,88.0,100.0,70.0,26.719226516691357,11.854966092246338,3.8212413121836155e-08,14.852648953794423,6.928711527097988,1.2041246887669295,9.309095021179202,4.454046155477141,2.5307080428847395,1.1809970866795452,26.719226516691357,11.854966092246338,3.8212413121836155e-08,14.852648953794423,6.928711527097988,1.2041246887669295,9.309095021179202,4.454046155477141,2.5307080428847395,1.1809970866795452,Lusso Saigon,A1,7,low,2PN,62.86,2996732576
U-0004,A1.07.14,78.98225521330008,237,Medium,92.0,100.0,86.50667218882296,2.3675851783661212e-07,37.12142353406841,81.50447848994236,70.0,88.0,70.0,70.0,26.719226516691357,12.561909616403941,1.7190229532153668e-08,14.852648953794423,6.928711527097988,1.2041246887669295,9.309095021179202,4.454046155477141,1.7714956300193176,1.1809970866795452,26.719226516691357,12.561909616403941,1.7190229532153668e-08,14.852648953794423,6.928711527097988,1.2041246887669295,9.309095021179202,4.454046155477141,1.7714956300193176,1.1809970866795452,Lusso Saigon,A1,7,low,2PN,62.86,2893179773
U-0341,B4.07.03,78.97720229087878,238,Medium,82.0,100.0,69.35042469378341,99.99999976416734,49.60097537361562,46.11054178406611,70.0,80.0,95.0,100.0,23.814962764877077,10.070596230554047,7.260659362412689,14.852648953794423,3.9198661018292005,1.6089296516195657,9.309095021179202,4.049132868615583,2.4041726407405024,1.6871386952564933,23.814962764877077,10.070596230554047,7.260659362412689,14.852648953794423,3.9198661018292005,1.6089296516195657,9.309095021179202,4.049132868615583,2.4041726407405024,1.6871386952564933,Zenia,B4,7,low,2PN,76.91,4017304966
U-0338,B4.06.03,78.94714607068832,239,Medium,82.0,100.0,69.14344477110332,99.99999968358513,49.60097537361562,46.11054178406611,70.0,80.0,95.0,100.0,23.814962764877077,10.040540016214392,7.260659356561889,14.852648953794423,3.9198661018292005,1.6089296516195657,9.309095021179202,4.049132868615583,2.4041726407405024,1.6871386952564933,23.814962764877077,10.040540016214392,7.260659356561889,14.852648953794423,3.9198661018292005,1.6089296516195657,9.309095021179202,4.049132868615583,2.4041726407405024,1.6871386952564933,Zenia,B4,6,low,2PN,76.91,4022733480
U-0179,A4.13.05,78.93835748430028,240,Medium,92.0,75.0,51.06066715331446,70.37037012102346,53.92108562491913,100.0,85.0,80.0,70.0,70.0,26.719226516691357,7.414682237841256,5.109352878606074,11.139486715345818,8.501019398526658,1.7490630548285118,11.303901097146174,4.049132868615583,1.7714956300193176,1.1809970866795452,26.719226516691357,7.414682237841256,5.109352878606074,11.139486715345818,8.501019398526658,1.7490630548285118,11.303901097146174,4.049132868615583,1.7714956300193176,1.1809970866795452,Risa,A4,13,mid,1PN,49.61,2908481580
U-0332,B4.05.03,78.91708985051363,241,Medium,82.0,100.0,68.93646484842321,99.99999960322009,49.60097537361562,46.11054178406611,70.0,80.0,95.0,100.0,23.814962764877077,10.010483801874734,7.260659350726857,14.852648953794423,3.9198661018292005,1.6089296516195657,9.309095021179202,4.049132868615583,2.4041726407405024,1.6871386952564933,23.814962764877077,10.010483801874734,7.260659350726857,14.852648953794423,3.9198661018292005,1.6089296516195657,9.309095021179202,4.049132868615583,2.4041726407405024,1.6871386952564933,Zenia,B4,5,low,2PN,76.91,4028161994
U-0327,B4.04.03,78.88703364741853,242,Medium,82.0,100.0,68.72948488761483,99.99999983434631,49.60097537361562,46.11054178406611,70.0,80.0,95.0,100.0,23.814962764877077,9.980427581998347,7.260659367508144,14.852648953794423,3.9198661018292005,1.6089296516195657,9.309095021179202,4.049132868615583,2.4041726407405024,1.6871386952564933,23.814962764877077,9.980427581998347,7.260659367508144,14.852648953794423,3.9198661018292005,1.6089296516195657,9.309095021179202,4.049132868615583,2.4041726407405024,1.6871386952564933,Zenia,B4,4,low,2PN,76.91,4033590509
U-0036,A2.10.04,78.71023585425189,243,Medium,92.0,100.0,84.42625124932906,2.626264180679545e-07,12.183199558825217,82.74094789451446,70.0,90.0,95.0,70.0,26.719226516691357,12.259805060249564,1.9068409656589564e-08,14.852648953794423,7.0338240310375095,0.39519204761887006,9.309095021179202,4.555274477192531,2.4041726407405024,1.1809970866795452,26.719226516691357,12.259805060249564,1.9068409656589564e-08,14.852648953794423,7.0338240310375095,0.39519204761887006,9.309095021179202,4.555274477192531,2.4041726407405024,1.1809970866795452,Lusso Saigon,A2,10,low,2PN,63.1,2902867743
U-0082,B2.13.09,78.66226105449184,244,Medium,95.0,100.0,62.753666627708945,3.031126165372742e-07,28.1182811659777,93.09637915780577,85.0,72.0,85.0,70.0,27.590505642235637,9.11265996401462,2.2007974623169663e-08,14.852648953794423,7.914141251530998,0.9120856188764045,11.303901097146174,3.6442195817540246,2.1511018364520287,1.1809970866795452,27.590505642235637,9.11265996401462,2.2007974623169663e-08,14.852648953794423,7.914141251530998,0.9120856188764045,11.303901097146174,3.6442195817540246,2.1511018364520287,1.1809970866795452,Lusso d'Arte,B2,13,mid,2PN,67.79,3644414907
U-0034,A2.08.04,78.58708305254387,245,Medium,92.0,100.0,83.57816829809946,6.342368889712463e-07,12.183199558825217,82.74094789451446,70.0,90.0,95.0,70.0,26.719226516691357,12.136652231560173,4.604978016756618e-08,14.852648953794423,7.0338240310375095,0.39519204761887006,9.309095021179202,4.555274477192531,2.4041726407405024,1.1809970866795452,26.719226516691357,12.136652231560173,4.604978016756618e-08,14.852648953794423,7.0338240310375095,0.39519204761887006,9.309095021179202,4.555274477192531,2.4041726407405024,1.1809970866795452,Lusso Saigon,A2,8,low,2PN,63.1,2920694854
U-0188,A4.19.05,78.54294763907124,246,Medium,92.0,75.0,48.33770618888105,70.3703700673289,53.92108562491913,100.0,85.0,80.0,70.0,70.0,26.719226516691357,7.019272396510796,5.109352874707495,11.139486715345818,8.501019398526658,1.7490630548285118,11.303901097146174,4.049132868615583,1.7714956300193176,1.1809970866795452,26.719226516691357,7.019272396510796,5.109352874707495,11.139486715345818,8.501019398526658,1.7490630548285118,11.303901097146174,4.049132868615583,1.7714956300193176,1.1809970866795452,Risa,A4,19,mid,1PN,49.61,2954670528
U-0163,A4.05.02,78.48455634646545,247,Medium,92.0,75.0,58.645723756846266,70.3703701787422,42.87836861825531,98.96488369363767,70.0,90.0,85.0,70.0,26.719226516691357,8.516132485296103,5.109352882796835,11.139486715345818,8.413023960525486,1.3908653643065647,9.309095021179202,4.555274477192531,2.1511018364520287,1.1809970866795452,26.719226516691357,8.516132485296103,5.109352882796835,11.139486715345818,8.413023960525486,1.3908653643065647,9.309095021179202,4.555274477192531,2.1511018364520287,1.1809970866795452,Risa,A4,5,low,1PN,49.76,2769253120
U-0165,A4.06.02,78.44755573705858,248,Medium,92.0,75.0,58.390921631222284,70.3703704467601,42.87836861825531,98.96488369363767,70.0,90.0,85.0,70.0,26.719226516691357,8.479131856429355,5.109352902256702,11.139486715345818,8.413023960525486,1.3908653643065647,9.309095021179202,4.555274477192531,2.1511018364520287,1.1809970866795452,26.719226516691357,8.479131856429355,5.109352902256702,11.139486715345818,8.413023960525486,1.3908653643065647,9.309095021179202,4.555274477192531,2.1511018364520287,1.1809970866795452,Risa,A4,6,low,1PN,49.76,2773558842
U-0168,A4.07.02,78.41055509532278,249,Medium,92.0,75.0,58.1361195055983,70.3703702695166,42.87836861825531,98.96488369363767,70.0,90.0,85.0,70.0,26.719226516691357,8.442131227562607,5.1093528893876545,11.139486715345818,8.413023960525486,1.3908653643065647,9.309095021179202,4.555274477192531,2.1511018364520287,1.1809970866795452,26.719226516691357,8.442131227562607,5.1093528893876545,11.139486715345818,8.413023960525486,1.3908653643065647,9.309095021179202,4.555274477192531,2.1511018364520287,1.1809970866795452,Risa,A4,7,low,1PN,49.76,2777864564
U-0108,B2.31.11,78.39908733947789,250,Medium,85.0,82.0,92.01843050596332,2.9108532113905376e-07,41.52434010276409,85.97352798064723,100.0,72.0,55.0,70.0,24.68624189042136,13.362289610865522,2.1134713671734305e-08,12.179172142111426,7.308626291232566,1.3469441185789843,13.298707173113144,3.6442195817540246,1.3918894235866066,1.1809970866795452,24.68624189042136,13.362289610865522,2.1134713671734305e-08,12.179172142111426,7.308626291232566,1.3469441185789843,13.298707173113144,3.6442195817540246,1.3918894235866066,1.1809970866795452,Lusso d'Arte,B2,31,high,1PN+,56.15,2486419101
U-0158,A4.04.01,78.2125761954216,251,Medium,100.0,70.0,51.59181854337847,70.37037017886699,3.4105779009461776,99.8140763216559,70.0,80.0,100.0,100.0,29.042637518142776,7.49181242428569,5.109352882805895,10.396854267656096,8.485213990564173,0.110630484030958,9.309095021179202,4.049132868615583,2.5307080428847395,1.6871386952564933,29.042637518142776,7.49181242428569,5.109352882805895,10.396854267656096,8.485213990564173,0.110630484030958,9.309095021179202,4.049132868615583,2.5307080428847395,1.6871386952564933,Risa,A4,4,low,RISA,55.21,3126347510
U-0167,A4.06.05,78.07782416417392,252,Medium,100.0,75.0,44.330742196927616,70.3703703366142,47.38961224509931,100.0,70.0,80.0,70.0,70.0,29.042637518142776,6.437408382678026,5.109352894259383,11.139486715345818,8.501019398526658,1.537198648727621,9.309095021179202,4.049132868615583,1.7714956300193176,1.1809970866795452,29.042637518142776,6.437408382678026,5.109352894259383,11.139486715345818,8.501019398526658,1.537198648727621,9.309095021179202,4.049132868615583,1.7714956300193176,1.1809970866795452,Risa,A4,6,low,1PN,49.61,3010476178
U-0192,A4.19.15,77.97478857263631,253,Medium,95.0,65.0,50.03210423066506,70.37037026080894,58.46320211325371,78.64529472595659,85.0,94.0,100.0,70.0,27.590505642235637,7.265321337205716,5.109352888755422,9.654221819966375,6.685651760682033,1.8963977764573725,11.303901097146174,4.75773112062331,2.5307080428847395,1.1809970866795452,27.590505642235637,7.265321337205716,5.109352888755422,9.654221819966375,6.685651760682033,1.8963977764573725,11.303901097146174,4.75773112062331,2.5307080428847395,1.1809970866795452,Risa,A4,19,mid,Loft,62.08,3671638418
U-0088,B2.17.11,77.8984191522103,254,Medium,92.0,82.0,85.53567148865163,2.818911832976511e-07,39.12235987476678,86.86208276920351,85.0,80.0,55.0,70.0,26.719226516691357,12.420907509579246,2.046715864018506e-08,12.179172142111426,7.384162506174273,1.2690299811589263,11.303901097146174,4.049132868615583,1.3918894235866066,1.1809970866795452,26.719226516691357,12.420907509579246,2.046715864018506e-08,12.179172142111426,7.384162506174273,1.2690299811589263,11.303901097146174,4.049132868615583,1.3918894235866066,1.1809970866795452,Lusso d'Arte,B2,17,mid,1PN+,56.01,2599540713
U-0122,A3.04.03,77.87476275258717,255,Medium,82.0,95.0,66.56775646203535,70.37037011148345,49.60097537361562,79.97554731404729,70.0,88.0,72.0,70.0,23.814962764877077,9.666516106614496,5.109352877913406,14.110016506104701,6.798736791245027,1.6089296516195657,9.309095021179202,4.454046155477141,1.8221097908770123,1.1809970866795452,23.814962764877077,9.666516106614496,5.109352877913406,14.110016506104701,6.798736791245027,1.6089296516195657,9.309095021179202,4.454046155477141,1.8221097908770123,1.1809970866795452,Risa,A3,4,low,2PN+2WC,76.91,4090286699
U-0128,A3.04.14,77.74722449778533,256,Medium,95.0,95.0,55.21233606070454,70.37037024775216,24.080102996835514,74.51004963976375,70.0,80.0,50.0,70.0,27.590505642235637,8.017559313704625,5.109352887807413,14.110016506104701,6.334113773728159,0.7810973762881,9.309095021179202,4.049132868615583,1.2653540214423697,1.1809970866795452,27.590505642235637,8.017559313704625,5.109352887807413,14.110016506104701,6.334113773728159,0.7810973762881,9.309095021179202,4.049132868615583,1.2653540214423697,1.1809970866795452,Risa,A3,4,low,2PN+2WC,67.25,3776463222
U-0129,A3.05.03,77.52877249452851,257,Medium,82.0,95.0,64.1851198135568,70.37037017397613,49.60097537361562,79.97554731404729,70.0,88.0,72.0,70.0,23.814962764877077,9.32052584401847,5.109352882450787,14.110016506104701,6.798736791245027,1.6089296516195657,9.309095021179202,4.454046155477141,1.8221097908770123,1.1809970866795452,23.814962764877077,9.32052584401847,5.109352882450787,14.110016506104701,6.798736791245027,1.6089296516195657,9.309095021179202,4.454046155477141,1.8221097908770123,1.1809970866795452,Risa,A3,5,low,2PN+2WC,76.91,4152776704
U-0193,A4.19.16,77.48399420264259,258,Medium,95.0,65.0,53.274748456643074,70.37037001325022,58.46320211325371,78.64529472595659,85.0,90.0,70.0,70.0,27.590505642235637,7.736196041482606,5.109352870781026,9.654221819966375,6.685651760682033,1.8963977764573725,11.303901097146174,4.555274477192531,1.7714956300193176,1.1809970866795452,27.590505642235637,7.736196041482606,5.109352870781026,9.654221819966375,6.685651760682033,1.8963977764573725,11.303901097146174,4.555274477192531,1.7714956300193176,1.1809970866795452,Risa,A4,19,mid,Loft,62.08,3602615693
U-0136,A3.13.08,77.47537086962339,259,Medium,82.0,95.0,40.793072875605205,70.37037032622639,42.38535634796866,88.17379382547269,85.0,94.0,95.0,70.0,23.814962764877077,5.923692143886921,5.10935289350516,14.110016506104701,7.495671317520334,1.3748732985396805,11.303901097146174,4.75773112062331,2.4041726407405024,1.1809970866795452,23.814962764877077,5.923692143886921,5.10935289350516,14.110016506104701,7.495671317520334,1.3748732985396805,11.303901097146174,4.75773112062331,2.4041726407405024,1.1809970866795452,Risa,A3,13,mid,2PN+2WC,70.15,4327974912
U-0145,A3.19.18,77.39085820060808,260,Medium,95.0,65.0,48.98850278186056,70.37037011179066,51.928915095126925,82.00620475698037,85.0,94.0,60.0,100.0,27.590505642235637,7.113776644250526,5.109352877935712,9.654221819966375,6.971363374386392,1.6844421030766168,11.303901097146174,4.75773112062331,1.5184248257308437,1.6871386952564933,27.590505642235637,7.113776644250526,5.109352877935712,9.654221819966375,6.971363374386392,1.6844421030766168,11.303901097146174,4.75773112062331,1.5184248257308437,1.6871386952564933,Risa,A3,19,mid,Loft,62.73,3717543651
U-0172,A4.10.01,77.34931469398124,261,Medium,100.0,70.0,45.64703133131175,70.37037016746805,3.4105779009461776,99.8140763216559,70.0,80.0,100.0,100.0,29.042637518142776,6.628550923672968,5.109352881978257,10.396854267656096,8.485213990564173,0.110630484030958,9.309095021179202,4.049132868615583,2.5307080428847395,1.6871386952564933,29.042637518142776,6.628550923672968,5.109352881978257,10.396854267656096,8.485213990564173,0.110630484030958,9.309095021179202,4.049132868615583,2.5307080428847395,1.6871386952564933,Risa,A4,10,low,RISA,55.21,3235077997
U-0169,A4.07.04,77.31509739622885,262,Medium,82.0,95.0,58.00533747725137,70.37037037913062,43.94584161783243,100.0,70.0,80.0,55.0,70.0,23.814962764877077,8.423139952346771,5.109352897346355,14.110016506104701,8.501019398526658,1.4254914769663674,9.309095021179202,4.049132868615583,1.3918894235866066,1.1809970866795452,23.814962764877077,8.423139952346771,5.109352897346355,14.110016506104701,8.501019398526658,1.4254914769663674,9.309095021179202,4.049132868615583,1.3918894235866066,1.1809970866795452,Risa,A4,7,low,2PN+2WC,72.66,4062178062
U-0166,A4.06.04,77.27812124490738,263,Medium,82.0,95.0,57.750704009711704,70.37037018861412,43.94584161783243,100.0,70.0,80.0,55.0,70.0,23.814962764877077,8.386163814858058,5.109352883513601,14.110016506104701,8.501019398526658,1.4254914769663674,9.309095021179202,4.049132868615583,1.3918894235866066,1.1809970866795452,23.814962764877077,8.386163814858058,5.109352883513601,14.110016506104701,8.501019398526658,1.4254914769663674,9.309095021179202,4.049132868615583,1.3918894235866066,1.1809970866795452,Risa,A4,6,low,2PN+2WC,72.66,4068465315
U-0035,A2.09.11,77.04612793732262,264,Medium,100.0,82.0,68.62305739267946,5.161655209377597e-07,66.65602259565155,81.53075403786579,70.0,88.0,72.0,70.0,29.042637518142776,9.964972906211488,3.747702030989673e-08,12.179172142111426,6.930945216524028,2.1621520626429978,9.309095021179202,4.454046155477141,1.8221097908770123,1.1809970866795452,29.042637518142776,9.964972906211488,3.747702030989673e-08,12.179172142111426,6.930945216524028,2.1621520626429978,9.309095021179202,4.454046155477141,1.8221097908770123,1.1809970866795452,Lusso Saigon,A2,9,low,1PN+,56.85,3015030137
U-0121,A3.04.02,76.89525213138494,265,Medium,92.0,75.0,54.93290594489658,70.37037001042276,35.10168506050654,79.15965836523856,70.0,90.0,100.0,100.0,26.719226516691357,7.9769823758793095,5.109352870575734,11.139486715345818,6.729377913436361,1.138609502943404,9.309095021179202,4.555274477192531,2.5307080428847395,1.6871386952564933,26.719226516691357,7.9769823758793095,5.109352870575734,11.139486715345818,6.729377913436361,1.138609502943404,9.309095021179202,4.555274477192531,2.5307080428847395,1.6871386952564933,Risa,A3,4,low,1PN,46.59,2638787404
U-0137,A3.14.08,76.86865597510732,266,Medium,82.0,95.0,36.61497505598982,70.37037043552911,42.38535634796866,88.17379382547269,85.0,94.0,95.0,70.0,23.814962764877077,5.316977241434759,5.109352901441258,14.110016506104701,7.495671317520334,1.3748732985396805,11.303901097146174,4.75773112062331,2.4041726407405024,1.1809970866795452,23.814962764877077,5.316977241434759,5.109352901441258,14.110016506104701,7.495671317520334,1.3748732985396805,11.303901097146174,4.75773112062331,2.4041726407405024,1.1809970866795452,Risa,A3,14,mid,2PN+2WC,70.15,4427477873
U-0133,A3.06.02,76.58045222297494,267,Medium,92.0,75.0,52.76505923096939,70.37037032895336,35.10168506050654,79.15965836523856,70.0,90.0,100.0,100.0,26.719226516691357,7.662182444341888,5.109352893703155,11.139486715345818,6.729377913436361,1.138609502943404,9.309095021179202,4.555274477192531,2.5307080428847395,1.6871386952564933,26.719226516691357,7.662182444341888,5.109352893703155,11.139486715345818,6.729377913436361,1.138609502943404,9.309095021179202,4.555274477192531,2.5307080428847395,1.6871386952564933,Risa,A3,6,low,1PN,46.59,2672921128
U-0189,A4.19.07,76.37315403251931,268,Medium,95.0,65.0,46.98857743969911,70.3703700074642,52.100026104251654,82.31644260599795,85.0,94.0,50.0,70.0,27.590505642235637,6.823361110371813,5.109352870360922,9.654221819966375,6.99773675411295,1.689992509580231,11.303901097146174,4.75773112062331,1.2653540214423697,1.1809970866795452,27.590505642235637,6.823361110371813,5.109352870360922,9.654221819966375,6.99773675411295,1.689992509580231,11.303901097146174,4.75773112062331,1.2653540214423697,1.1809970866795452,Risa,A4,19,mid,Loft,62.79,3764381009
U-0176,A4.12.05,76.29089933780908,269,Medium,92.0,75.0,46.56622640283768,70.37037008370032,53.92108562491913,100.0,70.0,80.0,70.0,70.0,26.719226516691357,6.762030170026922,5.1093528758961675,11.139486715345818,8.501019398526658,1.7490630548285118,9.309095021179202,4.049132868615583,1.7714956300193176,1.1809970866795452,26.719226516691357,6.762030170026922,5.1093528758961675,11.139486715345818,8.501019398526658,1.7490630548285118,9.309095021179202,4.049132868615583,1.7714956300193176,1.1809970866795452,Risa,A4,12,low,1PN,49.61,2984719724
U-0175,A4.11.05,76.25415043343723,270,Medium,92.0,75.0,46.31315787881797,70.37036984515359,53.92108562491913,100.0,70.0,80.0,70.0,70.0,26.719226516691357,6.725281282975143,5.109352858576102,11.139486715345818,8.501019398526658,1.7490630548285118,9.309095021179202,4.049132868615583,1.7714956300193176,1.1809970866795452,26.719226516691357,6.725281282975143,5.109352858576102,11.139486715345818,8.501019398526658,1.7490630548285118,9.309095021179202,4.049132868615583,1.7714956300193176,1.1809970866795452,Risa,A4,11,low,1PN,49.61,2989012466
U-0065,B2.06.06,76.20882094920023,271,Medium,100.0,82.0,65.81968522267636,3.5057803325791165e-07,66.65602259565155,81.53075403786579,70.0,88.0,55.0,70.0,29.042637518142776,9.55788629740224,2.545427685433233e-08,12.179172142111426,6.930945216524028,2.1621520626429978,9.309095021179202,4.454046155477141,1.3918894235866066,1.1809970866795452,29.042637518142776,9.55788629740224,2.545427685433233e-08,12.179172142111426,6.930945216524028,2.1621520626429978,9.309095021179202,4.454046155477141,1.3918894235866066,1.1809970866795452,Lusso d'Arte,B2,6,low,1PN+,56.85,3069950439
U-0061,B2.05.12,76.06872087300029,272,Medium,92.0,82.0,79.61180696354451,2.785045041814584e-07,33.128696037329,87.8141057569424,70.0,80.0,100.0,70.0,26.719226516691357,11.560684259032891,2.0221263405280437e-08,12.179172142111426,7.465094165040389,1.074610750543893,9.309095021179202,4.049132868615583,2.5307080428847395,1.1809970866795452,26.719226516691357,11.560684259032891,2.0221263405280437e-08,12.179172142111426,7.465094165040389,1.074610750543893,9.309095021179202,4.049132868615583,2.5307080428847395,1.1809970866795452,Lusso d'Arte,B2,5,low,1PN+,55.86,2694612019
U-0073,B2.09.06,76.01668866090753,273,Medium,100.0,82.0,64.49658025954189,3.632648833668373e-07,66.65602259565155,81.53075403786579,70.0,88.0,55.0,70.0,29.042637518142776,9.36575400818839,2.6375425826733673e-08,12.179172142111426,6.930945216524028,2.1621520626429978,9.309095021179202,4.454046155477141,1.3918894235866066,1.1809970866795452,29.042637518142776,9.36575400818839,2.6375425826733673e-08,12.179172142111426,6.930945216524028,2.1621520626429978,9.309095021179202,4.454046155477141,1.3918894235866066,1.1809970866795452,Lusso d'Arte,B2,9,low,1PN+,56.85,3095871123
U-0173,A4.10.05,75.90200264909811,274,Medium,92.0,75.0,45.347106348545154,70.37037044908729,47.38961224509931,100.0,70.0,80.0,70.0,70.0,26.719226516691357,6.5849978608873405,5.1093529024256705,11.139486715345818,8.501019398526658,1.537198648727621,9.309095021179202,4.049132868615583,1.7714956300193176,1.1809970866795452,26.719226516691357,6.5849978608873405,5.1093529024256705,11.139486715345818,8.501019398526658,1.537198648727621,9.309095021179202,4.049132868615583,1.7714956300193176,1.1809970866795452,Risa,A4,10,low,1PN,49.61,2993305209
U-0123,A3.04.06,75.85262784847419,275,Medium,92.0,70.0,60.68495839730067,70.37037006384169,0.0,99.44222896496778,70.0,80.0,72.0,70.0,26.719226516691357,8.81225624768189,5.1093528744543,10.396854267656096,8.453603174639207,0.0,9.309095021179202,4.049132868615583,1.8221097908770123,1.1809970866795452,26.719226516691357,8.81225624768189,5.1093528744543,10.396854267656096,8.453603174639207,0.0,9.309095021179202,4.049132868615583,1.8221097908770123,1.1809970866795452,Risa,A3,4,low,RISA,55.33,2960033479
U-0071,B2.07.10,75.64513116896039,276,Low,95.0,100.0,58.846305550855114,5.515875453970792e-07,16.434190303341545,93.09637915780577,70.0,88.0,50.0,70.0,27.590505642235637,8.545259606976792,4.004889285122374e-08,14.852648953794423,7.914141251530998,0.5330833895953997,9.309095021179202,4.454046155477141,1.2653540214423697,1.1809970866795452,27.590505642235637,8.545259606976792,4.004889285122374e-08,14.852648953794423,7.914141251530998,0.5330833895953997,9.309095021179202,4.454046155477141,1.2653540214423697,1.1809970866795452,Lusso d'Arte,B2,7,low,2PN,67.79,3706232435
U-0067,B2.06.10,75.57905852010197,277,Low,95.0,100.0,58.391301208505865,3.045263772681245e-07,16.434190303341545,93.09637915780577,70.0,88.0,50.0,70.0,27.590505642235637,8.47918697605664,2.2110622974278337e-08,14.852648953794423,7.914141251530998,0.5330833895953997,9.309095021179202,4.454046155477141,1.2653540214423697,1.1809970866795452,27.590505642235637,8.47918697605664,2.2110622974278337e-08,14.852648953794423,7.914141251530998,0.5330833895953997,9.309095021179202,4.454046155477141,1.2653540214423697,1.1809970866795452,Lusso d'Arte,B2,6,low,2PN,67.79,3716535356
U-0079,B2.12.11,75.57791042561809,278,Low,92.0,82.0,83.29274383885861,5.9779317424219e-07,39.12235987476678,86.86208276920351,70.0,80.0,55.0,70.0,26.719226516691357,12.095204836017453,4.3403726175839727e-08,12.179172142111426,7.384162506174273,1.2690299811589263,9.309095021179202,4.049132868615583,1.3918894235866066,1.1809970866795452,26.719226516691357,12.095204836017453,4.3403726175839727e-08,12.179172142111426,7.384162506174273,1.2690299811589263,9.309095021179202,4.049132868615583,1.3918894235866066,1.1809970866795452,Lusso d'Arte,B2,12,low,1PN+,56.01,2642103526
U-0093,B2.19.13,75.44578843591066,279,Low,100.0,65.0,62.84853463130119,6.386686580205615e-07,47.14451170447364,82.67838676318515,85.0,80.0,100.0,70.0,29.042637518142776,9.126436049216618,4.6371555822724644e-08,9.654221819966375,7.028505697127266,1.5292482097600362,11.303901097146174,4.049132868615583,2.5307080428847395,1.1809970866795452,29.042637518142776,9.126436049216618,4.6371555822724644e-08,9.654221819966375,7.028505697127266,1.5292482097600362,11.303901097146174,4.049132868615583,2.5307080428847395,1.1809970866795452,Lusso d'Arte,B2,19,mid,Loft,62.86,3417600039
U-0025,A2.05.11,74.96082051579613,280,Low,92.0,82.0,70.26274045218089,1.8859494902236535e-07,66.65602259565155,81.53075403786579,70.0,88.0,72.0,70.0,26.719226516691357,10.203076509920185,1.3693236855522932e-08,12.179172142111426,6.930945216524028,2.1621520626429978,9.309095021179202,4.454046155477141,1.8221097908770123,1.1809970866795452,26.719226516691357,10.203076509920185,1.3693236855522932e-08,12.179172142111426,6.930945216524028,2.1621520626429978,9.309095021179202,4.454046155477141,1.8221097908770123,1.1809970866795452,Lusso Saigon,A2,5,low,1PN+,56.85,2982907435
U-0029,A2.06.11,74.90129464859494,281,Low,92.0,82.0,69.85281966178336,7.041424074360418e-07,66.65602259565155,81.53075403786579,70.0,88.0,72.0,70.0,26.719226516691357,10.143550605286855,5.1125381750793416e-08,12.179172142111426,6.930945216524028,2.1621520626429978,9.309095021179202,4.454046155477141,1.8221097908770123,1.1809970866795452,26.719226516691357,10.143550605286855,5.1125381750793416e-08,12.179172142111426,6.930945216524028,2.1621520626429978,9.309095021179202,4.454046155477141,1.8221097908770123,1.1809970866795452,Lusso Saigon,A2,6,low,1PN+,56.85,2990938111
U-0031,A2.07.11,74.84176872589735,282,Low,92.0,82.0,69.44289892243017,3.532574153323865e-07,66.65602259565155,81.53075403786579,70.0,88.0,72.0,70.0,26.719226516691357,10.084024708065837,2.5648817660236283e-08,12.179172142111426,6.930945216524028,2.1621520626429978,9.309095021179202,4.454046155477141,1.8221097908770123,1.1809970866795452,26.719226516691357,10.084024708065837,2.5648817660236283e-08,12.179172142111426,6.930945216524028,2.1621520626429978,9.309095021179202,4.454046155477141,1.8221097908770123,1.1809970866795452,Lusso Saigon,A2,7,low,1PN+,56.85,2998968786
U-0276,B3.19.12,74.74194749863237,283,Low,82.0,65.0,32.24318234150033,99.99999955317324,59.37301191370121,99.58634953464316,85.0,80.0,95.0,70.0,23.814962764877077,4.682135285877881,7.260659347093125,9.654221819966375,8.465854892224579,1.9259096954115453,11.303901097146174,4.049132868615583,2.4041726407405024,1.1809970866795452,23.814962764877077,4.682135285877881,7.260659347093125,9.654221819966375,8.465854892224579,1.9259096954115453,11.303901097146174,4.049132868615583,2.4041726407405024,1.1809970866795452,Zenia,B3,19,mid,Loft,66.29,4327383395
U-0194,A4.19.18,74.73902121392278,284,Low,100.0,65.0,43.02245553020964,70.37037038695676,63.25182964270748,34.53981385729062,85.0,100.0,85.0,70.0,29.042637518142776,6.247427905521478,5.109352897914585,9.654221819966375,2.9362362762232745,2.0517286901070713,11.303901097146174,5.061416085769479,2.1511018364520287,1.1809970866795452,29.042637518142776,6.247427905521478,5.109352897914585,9.654221819966375,2.9362362762232745,2.0517286901070713,11.303901097146174,5.061416085769479,2.1511018364520287,1.1809970866795452,Risa,A4,19,mid,Loft,53.55,3305545182
U-0092,B2.19.10,74.70177965049062,285,Low,95.0,65.0,65.36348177774383,3.6156644500673804e-07,52.668807001300685,94.72595656670109,85.0,88.0,50.0,70.0,27.590505642235637,9.491639540973724,2.6252108002635494e-08,9.654221819966375,8.052671943175197,1.708442317142357,11.303901097146174,4.454046155477141,1.2653540214423697,1.1809970866795452,27.590505642235637,9.491639540973724,2.6252108002635494e-08,9.654221819966375,8.052671943175197,1.708442317142357,11.303901097146174,4.454046155477141,1.2653540214423697,1.1809970866795452,Lusso d'Arte,B2,19,mid,Loft,67.23,3609915521
U-0277,B3.19.13,74.36822610624031,286,Low,82.0,65.0,34.90257774271362,99.99999952236874,57.619032094958435,98.75904860392964,85.0,90.0,50.0,70.0,23.814962764877077,5.068314569152148,7.260659344856515,9.654221819966375,8.39552587962043,1.8690150453071708,11.303901097146174,4.555274477192531,1.2653540214423697,1.1809970866795452,23.814962764877077,5.068314569152148,7.260659344856515,9.654221819966375,8.39552587962043,1.8690150453071708,11.303901097146174,4.555274477192531,1.2653540214423697,1.1809970866795452,Zenia,B3,19,mid,Loft,66.45,4272595036
U-0195,A4.19.19,74.27651075569325,287,Low,100.0,65.0,41.405889524041875,70.37036995086015,63.25182964270748,34.53981385729062,85.0,88.0,100.0,70.0,29.042637518142776,6.012681202815068,5.109352866251095,9.654221819966375,2.9362362762232745,2.0517286901070713,11.303901097146174,4.454046155477141,2.5307080428847395,1.1809970866795452,29.042637518142776,6.012681202815068,5.109352866251095,9.654221819966375,2.9362362762232745,2.0517286901070713,11.303901097146174,4.454046155477141,2.5307080428847395,1.1809970866795452,Risa,A4,19,mid,Loft,53.55,3335314568
U-0278,B3.19.15,74.10927048791119,288,Low,82.0,65.0,32.24318234150033,99.99999955317324,59.37301191370121,99.58634953464316,85.0,80.0,70.0,70.0,23.814962764877077,4.682135285877881,7.260659347093125,9.654221819966375,8.465854892224579,1.9259096954115453,11.303901097146174,4.049132868615583,1.7714956300193176,1.1809970866795452,23.814962764877077,4.682135285877881,7.260659347093125,9.654221819966375,8.465854892224579,1.9259096954115453,11.303901097146174,4.049132868615583,1.7714956300193176,1.1809970866795452,Zenia,B3,19,mid,Loft,66.29,4327383395
U-0013,A1.19.05,73.99926245274021,289,Low,95.0,65.0,57.12124408035342,4.7371440865398395e-07,62.53134385382369,79.21406411582215,85.0,100.0,85.0,70.0,27.590505642235637,8.294757932055317,3.439478964414753e-08,9.654221819966375,6.7340029568473865,2.028357961193497,11.303901097146174,5.061416085769479,2.1511018364520287,1.1809970866795452,27.590505642235637,8.294757932055317,3.439478964414753e-08,9.654221819966375,6.7340029568473865,2.028357961193497,11.303901097146174,5.061416085769479,2.1511018364520287,1.1809970866795452,Lusso Saigon,A1,19,mid,Loft,62.19,3535793361
U-0279,B3.19.16,73.69748425107143,290,Low,82.0,65.0,32.3632121701544,99.99999953730992,60.311622062509244,97.15615305067213,85.0,80.0,60.0,70.0,23.814962764877077,4.699565199902706,7.2606593459413435,9.654221819966375,8.259263417699888,1.9563558245118937,11.303901097146174,4.049132868615583,1.5184248257308437,1.1809970866795452,23.814962764877077,4.699565199902706,7.2606593459413435,9.654221819966375,8.259263417699888,1.9563558245118937,11.303901097146174,4.049132868615583,1.5184248257308437,1.1809970866795452,Zenia,B3,19,mid,Loft,66.76,4357825921
U-0134,A3.07.08,73.42682129801506,291,Low,82.0,95.0,34.22396034562743,70.37037032369392,30.324502197715542,88.17379382547269,70.0,80.0,95.0,70.0,23.814962764877077,4.96977037376675,5.109352893321286,14.110016506104701,7.495671317520334,0.9836498252100949,9.309095021179202,4.049132868615583,2.4041726407405024,1.1809970866795452,23.814962764877077,4.96977037376675,5.109352893321286,14.110016506104701,7.495671317520334,0.9836498252100949,9.309095021179202,4.049132868615583,2.4041726407405024,1.1809970866795452,Risa,A3,7,low,2PN+2WC,70.15,4450859034
U-0135,A3.09.08,73.35798147976621,292,Low,82.0,95.0,33.74990002703962,70.37037020970364,30.324502197715542,88.17379382547269,70.0,80.0,95.0,70.0,23.814962764877077,4.900930563794344,5.1093528850448395,14.110016506104701,7.495671317520334,0.9836498252100949,9.309095021179202,4.049132868615583,2.4041726407405024,1.1809970866795452,23.814962764877077,4.900930563794344,5.1093528850448395,14.110016506104701,7.495671317520334,0.9836498252100949,9.309095021179202,4.049132868615583,2.4041726407405024,1.1809970866795452,Risa,A3,9,low,2PN+2WC,70.15,4462064463
U-0274,B3.19.02,73.30486185928206,293,Low,82.0,65.0,35.96454151189899,99.99999975656254,41.9648935914113,99.63805584281279,85.0,72.0,55.0,70.0,23.814962764877077,5.222525713181406,7.26065936186053,9.654221819966375,8.47025045551234,1.3612345547179876,11.303901097146174,3.6442195817540246,1.3918894235866066,1.1809970866795452,23.814962764877077,5.222525713181406,7.26065936186053,9.654221819966375,8.47025045551234,1.3612345547179876,11.303901097146174,3.6442195817540246,1.3918894235866066,1.1809970866795452,Zenia,B3,19,mid,Loft,66.28,4196765495
U-0298,B3.31.17,72.89583956804131,294,Low,58.0,78.0,36.58627790121401,99.99999963872486,48.47718136901471,98.51529830260543,100.0,100.0,95.0,70.0,16.84472976052281,5.31281003611498,7.260659353304737,11.58506618395965,8.374804619220892,1.572476628615577,13.298707173113144,5.061416085769479,2.4041726407405024,1.1809970866795452,16.84472976052281,5.31281003611498,7.260659353304737,11.58506618395965,8.374804619220892,1.572476628615577,13.298707173113144,5.061416085769479,2.4041726407405024,1.1809970866795452,Zenia,B3,31,high,3PN,82.65,5236935354
U-0303,B3.33.17,72.82666224453902,295,Low,58.0,78.0,36.10989331191818,99.99999965564409,48.47718136901471,98.51529830260543,100.0,100.0,95.0,70.0,16.84472976052281,5.243632711384239,7.260659354533185,11.58506618395965,8.374804619220892,1.572476628615577,13.298707173113144,5.061416085769479,2.4041726407405024,1.1809970866795452,16.84472976052281,5.243632711384239,7.260659354533185,11.58506618395965,8.374804619220892,1.572476628615577,13.298707173113144,5.061416085769479,2.4041726407405024,1.1809970866795452,Zenia,B3,33,high,3PN,82.65,5250352770
U-0314,B3.36.17,72.7228962641405,296,Low,58.0,78.0,35.39531646347933,99.9999996768793,48.47718136901471,98.51529830260543,100.0,100.0,95.0,70.0,16.84472976052281,5.1398667294439075,7.260659356075001,11.58506618395965,8.374804619220892,1.572476628615577,13.298707173113144,5.061416085769479,2.4041726407405024,1.1809970866795452,16.84472976052281,5.1398667294439075,7.260659356075001,11.58506618395965,8.374804619220892,1.572476628615577,13.298707173113144,5.061416085769479,2.4041726407405024,1.1809970866795452,Zenia,B3,36,high,3PN,82.65,5270478893
U-0319,B3.37.17,72.68830760238271,297,Low,58.0,78.0,35.1571241688314,99.9999996852474,48.47718136901471,98.51529830260543,100.0,100.0,95.0,70.0,16.84472976052281,5.105278067078536,7.260659356682581,11.58506618395965,8.374804619220892,1.572476628615577,13.298707173113144,5.061416085769479,2.4041726407405024,1.1809970866795452,16.84472976052281,5.105278067078536,7.260659356682581,11.58506618395965,8.374804619220892,1.572476628615577,13.298707173113144,5.061416085769479,2.4041726407405024,1.1809970866795452,Zenia,B3,37,high,3PN,82.65,5277187601
U-0273,B3.19.01,72.61359962475998,298,Low,95.0,65.0,31.31801396883625,99.99999969394018,17.508256216878568,43.226473629782866,85.0,100.0,50.0,100.0,27.590505642235637,4.547788637425216,7.260659357313734,9.654221819966375,3.674690908566852,0.5679233596376582,11.303901097146174,5.061416085769479,1.2653540214423697,1.6871386952564933,27.590505642235637,4.547788637425216,7.260659357313734,9.654221819966375,3.674690908566852,0.5679233596376582,11.303901097146174,5.061416085769479,1.2653540214423697,1.6871386952564933,Zenia,B3,19,mid,Loft,55.23,3529786010
U-0141,A3.19.11,72.10518722573578,299,Low,82.0,65.0,28.205249316568754,70.37037017014228,56.71868351731276,100.0,85.0,88.0,85.0,70.0,23.814962764877077,4.0957741600497535,5.1093528821724234,9.654221819966375,8.501019398526658,1.8398100243886066,11.303901097146174,4.454046155477141,2.1511018364520287,1.1809970866795452,23.814962764877077,4.0957741600497535,5.1093528821724234,9.654221819966375,8.501019398526658,1.8398100243886066,11.303901097146174,4.454046155477141,2.1511018364520287,1.1809970866795452,Risa,A3,19,mid,Loft,66.21,4406687362
U-0190,A4.19.09,71.8809481329642,300,Low,95.0,65.0,33.55730893268395,70.37037005324713,64.79839844859801,36.556359875904896,85.0,90.0,95.0,70.0,27.590505642235637,4.872963797081374,5.109352873685065,9.654221819966375,3.107663244445891,2.101895453791133,11.303901097146174,4.555274477192531,2.4041726407405024,1.1809970866795452,27.590505642235637,4.872963797081374,5.109352873685065,9.654221819966375,3.107663244445891,2.101895453791133,11.303901097146174,4.555274477192531,2.4041726407405024,1.1809970866795452,Risa,A4,19,mid,Loft,53.94,3508512062
U-0289,B3.27.15,71.70193485443033,301,Low,58.0,78.0,36.61287385036156,99.9999996086532,40.41844869993093,98.51529830260543,100.0,94.0,70.0,70.0,16.84472976052281,5.316672118667697,7.260659351121336,11.58506618395965,8.374804619220892,1.3110718105026413,13.298707173113144,4.75773112062331,1.7714956300193176,1.1809970866795452,16.84472976052281,5.316672118667697,7.260659351121336,11.58506618395965,8.374804619220892,1.3110718105026413,13.298707173113144,4.75773112062331,1.7714956300193176,1.1809970866795452,Zenia,B3,27,high,3PN,82.65,5210100523
U-0353,B4.19.04,71.66916552128114,302,Low,82.0,65.0,47.92153403254073,99.99999947266383,57.090858657057986,44.674250258531536,85.0,88.0,55.0,70.0,23.814962764877077,6.958838711102116,7.260659341247611,9.654221819966375,3.797766680624112,1.8518824405744034,11.303901097146174,4.454046155477141,1.3918894235866066,1.1809970866795452,23.814962764877077,6.958838711102116,7.260659341247611,9.654221819966375,3.797766680624112,1.8518824405744034,11.303901097146174,4.454046155477141,1.3918894235866066,1.1809970866795452,Zenia,B4,19,mid,Loft,76.91,4600514141
U-0191,A4.19.10,71.63789546812806,303,Low,82.0,65.0,34.21636209844392,70.37037040019908,22.474024214318238,94.62254395036192,85.0,100.0,70.0,70.0,23.814962764877077,4.9686670080731306,5.109352898876065,9.654221819966375,8.04388081659968,0.7290002601212344,11.303901097146174,5.061416085769479,1.7714956300193176,1.1809970866795452,23.814962764877077,4.9686670080731306,5.109352898876065,9.654221819966375,8.04388081659968,0.7290002601212344,11.303901097146174,5.061416085769479,1.7714956300193176,1.1809970866795452,Risa,A4,19,mid,Loft,67.25,4246089479
U-0297,B3.30.15,71.59764933718662,304,Low,58.0,78.0,35.89471924724243,99.99999963424543,40.41844869993093,98.51529830260543,100.0,94.0,70.0,70.0,16.84472976052281,5.212386599565823,7.2606593529795,11.58506618395965,8.374804619220892,1.3110718105026413,13.298707173113144,4.75773112062331,1.7714956300193176,1.1809970866795452,16.84472976052281,5.212386599565823,7.2606593529795,11.58506618395965,8.374804619220892,1.3110718105026413,13.298707173113144,4.75773112062331,1.7714956300193176,1.1809970866795452,Zenia,B3,30,high,3PN,82.65,5230226647
U-0011,A1.13.15,71.3422331785957,305,Low,82.0,78.0,45.46011685021138,3.9764859436537375e-07,43.88379225578635,99.67006628946788,85.0,80.0,95.0,100.0,23.814962764877077,6.601408476065518,2.8871909964381354e-08,11.58506618395965,8.472971669792045,1.4234787532707538,11.303901097146174,4.049132868615583,2.4041726407405024,1.6871386952564933,23.814962764877077,6.601408476065518,2.8871909964381354e-08,11.58506618395965,8.472971669792045,1.4234787532707538,11.303901097146174,4.049132868615583,2.4041726407405024,1.6871386952564933,Lusso Saigon,A1,13,mid,3PN,82.93,4989688737
U-0370,B4.32.08,71.2667488246209,306,Low,58.0,78.0,38.32495755653508,99.99999974561621,53.82259818295591,89.52460469060496,100.0,72.0,100.0,70.0,16.84472976052281,5.565289251063277,7.260659361065754,11.58506618395965,7.610504011202635,1.7458683723753299,13.298707173113144,3.6442195817540246,2.5307080428847395,1.1809970866795452,16.84472976052281,5.565289251063277,7.260659361065754,11.58506618395965,7.610504011202635,1.7458683723753299,13.298707173113144,3.6442195817540246,2.5307080428847395,1.1809970866795452,Zenia,B4,32,high,3PN,85.55,5387744205
U-0142,A3.19.13,71.19995705851008,307,Low,82.0,65.0,29.566499647047795,70.37037031652274,55.518281259690994,99.6897621509824,85.0,80.0,60.0,70.0,23.814962764877077,4.293445659647527,5.109352892800611,9.654221819966375,8.474646018800101,1.8008720242462528,11.303901097146174,4.049132868615583,1.5184248257308437,1.1809970866795452,23.814962764877077,4.293445659647527,5.109352892800611,9.654221819966375,8.474646018800101,1.8008720242462528,11.303901097146174,4.049132868615583,1.5184248257308437,1.1809970866795452,Risa,A3,19,mid,Loft,66.27,4376549082
U-0375,B4.34.08,71.19779933527519,308,Low,58.0,78.0,37.85014200378532,99.99999961596856,53.82259818295591,89.52460469060496,100.0,72.0,100.0,70.0,16.84472976052281,5.496339771130837,7.26065935165248,11.58506618395965,7.610504011202635,1.7458683723753299,13.298707173113144,3.6442195817540246,2.5307080428847395,1.1809970866795452,16.84472976052281,5.496339771130837,7.26065935165248,11.58506618395965,7.610504011202635,1.7458683723753299,13.298707173113144,3.6442195817540246,2.5307080428847395,1.1809970866795452,Zenia,B4,34,high,3PN,85.55,5401632407
U-0379,B4.36.08,71.12884986252978,309,Low,58.0,78.0,37.37532645103556,99.99999971495434,53.82259818295591,89.52460469060496,100.0,72.0,100.0,70.0,16.84472976052281,5.427390291198398,7.2606593588395,11.58506618395965,7.610504011202635,1.7458683723753299,13.298707173113144,3.6442195817540246,2.5307080428847395,1.1809970866795452,16.84472976052281,5.427390291198398,7.2606593588395,11.58506618395965,7.610504011202635,1.7458683723753299,13.298707173113144,3.6442195817540246,2.5307080428847395,1.1809970866795452,Zenia,B4,36,high,3PN,85.55,5415520609
U-0383,B4.37.08,71.09437511787785,310,Low,58.0,78.0,37.13791867466068,99.99999965041883,53.82259818295591,89.52460469060496,100.0,72.0,100.0,70.0,16.84472976052281,5.3929155512321785,7.2606593541537965,11.58506618395965,7.610504011202635,1.7458683723753299,13.298707173113144,3.6442195817540246,2.5307080428847395,1.1809970866795452,16.84472976052281,5.3929155512321785,7.2606593541537965,11.58506618395965,7.610504011202635,1.7458683723753299,13.298707173113144,3.6442195817540246,2.5307080428847395,1.1809970866795452,Zenia,B4,37,high,3PN,85.55,5422464710
U-0387,B4.38.08,71.05990037323791,311,Low,58.0,78.0,36.9005108982858,99.99999958604842,53.82259818295591,89.52460469060496,100.0,72.0,100.0,70.0,16.84472976052281,5.358440811265958,7.26065934948008,11.58506618395965,7.610504011202635,1.7458683723753299,13.298707173113144,3.6442195817540246,2.5307080428847395,1.1809970866795452,16.84472976052281,5.358440811265958,7.26065934948008,11.58506618395965,7.610504011202635,1.7458683723753299,13.298707173113144,3.6442195817540246,2.5307080428847395,1.1809970866795452,Zenia,B4,38,high,3PN,85.55,5429408811
U-0366,B4.29.08,71.04075215065143,312,Low,58.0,78.0,38.27275463754812,99.99999971131255,47.089144958764955,89.52460469060496,100.0,72.0,100.0,70.0,16.84472976052281,5.55770869879564,7.260659358575082,11.58506618395965,7.610504011202635,1.5274522531641548,13.298707173113144,3.6442195817540246,2.5307080428847395,1.1809970866795452,16.84472976052281,5.55770869879564,7.260659358575082,11.58506618395965,7.610504011202635,1.5274522531641548,13.298707173113144,3.6442195817540246,2.5307080428847395,1.1809970866795452,Zenia,B4,29,high,3PN,85.55,5366911902
U-0368,B4.30.08,71.00613377990891,313,Low,58.0,78.0,38.0343577908902,99.999999646198,47.089144958764955,89.52460469060496,100.0,72.0,100.0,70.0,16.84472976052281,5.5230903327808685,7.260659353847337,11.58506618395965,7.610504011202635,1.5274522531641548,13.298707173113144,3.6442195817540246,2.5307080428847395,1.1809970866795452,16.84472976052281,5.5230903327808685,7.260659353847337,11.58506618395965,7.610504011202635,1.5274522531641548,13.298707173113144,3.6442195817540246,2.5307080428847395,1.1809970866795452,Zenia,B4,30,high,3PN,85.55,5373856003
U-0275,B3.19.09,70.86949873039978,314,Low,82.0,65.0,21.3538262971161,99.99999965219699,28.77163284444155,91.15822130299892,85.0,80.0,72.0,70.0,23.814962764877077,3.1008571838626398,7.260659354282903,9.654221819966375,7.7493780763197995,0.9332786877726881,11.303901097146174,4.049132868615583,1.8221097908770123,1.1809970866795452,23.814962764877077,3.1008571838626398,7.260659354282903,9.654221819966375,7.7493780763197995,0.9332786877726881,11.303901097146174,4.049132868615583,1.8221097908770123,1.1809970866795452,Zenia,B3,19,mid,Loft,67.92,4599443298
U-0196,A4.19.22,70.46094900175294,315,Low,82.0,65.0,31.038646253522913,70.37037042546449,61.05769152485967,81.9027921406412,85.0,90.0,55.0,70.0,23.814962764877077,4.507220760974632,5.109352900710499,9.654221819966375,6.962572247810876,1.9805564228086359,11.303901097146174,4.555274477192531,1.3918894235866066,1.1809970866795452,23.814962764877077,4.507220760974632,5.109352900710499,9.654221819966375,6.962572247810876,1.9805564228086359,11.303901097146174,4.555274477192531,1.3918894235866066,1.1809970866795452,Risa,A4,19,mid,Loft,62.71,4123858505
U-0143,A3.19.16,70.44097033589264,316,Low,95.0,65.0,29.914919997351745,70.37037013742234,64.79839844859801,36.556359875904896,85.0,72.0,95.0,70.0,27.590505642235637,4.344040889336637,5.109352879796741,9.654221819966375,3.107663244445891,2.101895453791133,11.303901097146174,3.6442195817540246,2.4041726407405024,1.1809970866795452,27.590505642235637,4.344040889336637,5.109352879796741,9.654221819966375,3.107663244445891,2.101895453791133,11.303901097146174,3.6442195817540246,2.4041726407405024,1.1809970866795452,Risa,A3,19,mid,Loft,53.94,3576139897
U-0280,B3.21.17,70.34592018776267,317,Low,58.0,78.0,38.04918298523442,99.99999980379181,40.41844869993093,98.51529830260543,85.0,90.0,95.0,70.0,16.84472976052281,5.525243146508244,7.260659365289686,11.58506618395965,8.374804619220892,1.3110718105026413,11.303901097146174,4.555274477192531,2.4041726407405024,1.1809970866795452,16.84472976052281,5.525243146508244,7.260659365289686,11.58506618395965,8.374804619220892,1.3110718105026413,11.303901097146174,4.555274477192531,2.4041726407405024,1.1809970866795452,Zenia,B3,21,mid,3PN,82.65,5169848277
U-0282,B3.22.17,70.31115833624062,318,Low,58.0,78.0,37.80979815321075,99.99999956961163,40.41844869993093,98.51529830260543,85.0,90.0,95.0,70.0,16.84472976052281,5.49048131198922,7.260659348286661,11.58506618395965,8.374804619220892,1.3110718105026413,11.303901097146174,4.555274477192531,2.4041726407405024,1.1809970866795452,16.84472976052281,5.49048131198922,7.260659348286661,11.58506618395965,8.374804619220892,1.3110718105026413,11.303901097146174,4.555274477192531,2.4041726407405024,1.1809970866795452,Zenia,B3,22,mid,3PN,82.65,5176556984
U-0284,B3.25.17,70.20687281901988,319,Low,58.0,78.0,37.09164355009162,99.99999959552026,40.41844869993093,98.51529830260543,85.0,90.0,95.0,70.0,16.84472976052281,5.386195792887347,7.260659350167798,11.58506618395965,8.374804619220892,1.3110718105026413,11.303901097146174,4.555274477192531,2.4041726407405024,1.1809970866795452,16.84472976052281,5.386195792887347,7.260659350167798,11.58506618395965,8.374804619220892,1.3110718105026413,11.303901097146174,4.555274477192531,2.4041726407405024,1.1809970866795452,Zenia,B3,25,mid,3PN,82.65,5196683108
U-0144,A3.19.17,70.17660371004975,320,Low,95.0,65.0,31.4056103540582,70.37037019109682,64.79839844859801,36.556359875904896,85.0,80.0,60.0,70.0,27.590505642235637,4.56050878774472,5.1093528836938615,9.654221819966375,3.107663244445891,2.101895453791133,11.303901097146174,4.049132868615583,1.5184248257308437,1.1809970866795452,27.590505642235637,4.56050878774472,5.1093528836938615,9.654221819966375,3.107663244445891,2.101895453791133,11.303901097146174,4.049132868615583,1.5184248257308437,1.1809970866795452,Risa,A3,19,mid,Loft,53.94,3548462413
U-0272,B3.17.17,69.92874205683121,321,Low,58.0,78.0,37.706250173772446,99.99999953006079,29.092662246083208,98.51529830260543,85.0,90.0,95.0,70.0,16.84472976052281,5.4754447798264065,7.260659345415009,11.58506618395965,8.374804619220892,0.9436920661276972,11.303901097146174,4.555274477192531,2.4041726407405024,1.1809970866795452,16.84472976052281,5.4754447798264065,7.260659345415009,11.58506618395965,8.374804619220892,0.9436920661276972,11.303901097146174,4.555274477192531,2.4041726407405024,1.1809970866795452,Zenia,B3,17,mid,3PN,82.65,5143013445
U-0037,A2.12.02,69.87960338827953,322,Low,82.0,78.0,45.639402695507684,5.076728247396456e-07,43.88379225578635,99.67006628946788,70.0,90.0,95.0,100.0,23.814962764877077,6.62744314515089,3.686039456681288e-08,11.58506618395965,8.472971669792045,1.4234787532707538,9.309095021179202,4.555274477192531,2.4041726407405024,1.6871386952564933,23.814962764877077,6.62744314515089,3.686039456681288e-08,11.58506618395965,8.472971669792045,1.4234787532707538,9.309095021179202,4.555274477192531,2.4041726407405024,1.6871386952564933,Lusso Saigon,A2,12,low,3PN,82.93,4984636415
U-0186,A4.19.03,69.82220952614362,323,Low,82.0,65.0,34.951587140811455,70.37036998684837,52.12156952429516,66.64943123061012,85.0,90.0,70.0,70.0,23.814962764877077,5.075431380071837,5.109352868864078,9.654221819966375,5.665881077921852,1.6906913234048424,11.303901097146174,4.555274477192531,1.7714956300193176,1.1809970866795452,23.814962764877077,5.075431380071837,5.109352868864078,9.654221819966375,5.665881077921852,1.6906913234048424,11.303901097146174,4.555274477192531,1.7714956300193176,1.1809970866795452,Risa,A4,19,mid,Loft,72.66,4654880662
U-0024,A2.05.02,69.69079173248326,324,Low,82.0,78.0,47.43624520203194,4.0535903564974364e-07,30.88372540726605,99.3401325789357,70.0,90.0,95.0,100.0,23.814962764877077,6.888368373121766,2.943173884269855e-08,11.58506618395965,8.444923941057425,1.0017896056668776,9.309095021179202,4.555274477192531,2.4041726407405024,1.6871386952564933,23.814962764877077,6.888368373121766,2.943173884269855e-08,11.58506618395965,8.444923941057425,1.0017896056668776,9.309095021179202,4.555274477192531,2.4041726407405024,1.6871386952564933,Lusso Saigon,A2,5,low,3PN,82.85,4889514574
U-0138,A3.19.04,69.64474472317724,325,Low,82.0,65.0,44.08988818563106,70.3703701225001,57.090858657057986,44.674250258531536,85.0,94.0,70.0,70.0,23.814962764877077,6.402433203953644,5.109352878713288,9.654221819966375,3.797766680624112,1.8518824405744034,11.303901097146174,4.75773112062331,1.7714956300193176,1.1809970866795452,23.814962764877077,6.402433203953644,5.109352878713288,9.654221819966375,3.797766680624112,1.8518824405744034,11.303901097146174,4.75773112062331,1.7714956300193176,1.1809970866795452,Risa,A3,19,mid,Loft,76.91,4701472650
U-0352,B4.17.08,69.38331322748978,326,Low,58.0,78.0,40.01675981837557,99.99999956742073,37.19938553573462,89.52460469060496,85.0,80.0,100.0,70.0,16.84472976052281,5.8109612502783135,7.260659348127587,11.58506618395965,7.610504011202635,1.2066535780727454,11.303901097146174,4.049132868615583,2.5307080428847395,1.1809970866795452,16.84472976052281,5.8109612502783135,7.260659348127587,11.58506618395965,7.610504011202635,1.2066535780727454,11.303901097146174,4.049132868615583,2.5307080428847395,1.1809970866795452,Zenia,B4,17,mid,3PN,85.55,5283582689
U-0355,B4.19.09,69.37899493883867,327,Low,82.0,65.0,23.877837056206417,99.99999970713719,36.7181231952086,71.04446742502581,85.0,72.0,72.0,70.0,23.814962764877077,3.467376831703402,7.260659358271924,9.654221819966375,6.039503957381398,1.1910426501817581,11.303901097146174,3.6442195817540246,1.8221097908770123,1.1809970866795452,23.814962764877077,3.467376831703402,7.260659358271924,9.654221819966375,6.039503957381398,1.1910426501817581,11.303901097146174,3.6442195817540246,1.8221097908770123,1.1809970866795452,Zenia,B4,19,mid,Loft,71.81,4825735252
U-0021,A1.34.02,69.25445180149764,328,Low,82.0,78.0,35.34383130972497,1.1899884560040745e-07,46.480966885158686,72.69798545346637,100.0,72.0,95.0,100.0,23.814962764877077,5.132390406153639,8.640100844625182e-09,11.58506618395965,6.180069845737265,1.5077245012657416,13.298707173113144,3.6442195817540246,2.4041726407405024,1.6871386952564933,23.814962764877077,5.132390406153639,8.640100844625182e-09,11.58506618395965,6.180069845737265,1.5077245012657416,13.298707173113144,3.6442195817540246,2.4041726407405024,1.6871386952564933,Lusso Saigon,A1,34,high,3PN,76.39,4866614389
U-0002,A1.06.15,69.15840392569348,329,Low,82.0,78.0,47.255502689003976,3.8107911070026874e-07,30.88372540726605,99.3401325789357,70.0,80.0,95.0,100.0,23.814962764877077,6.862122176671819,2.7668856194510275e-08,11.58506618395965,8.444923941057425,1.0017896056668776,9.309095021179202,4.049132868615583,2.4041726407405024,1.6871386952564933,23.814962764877077,6.862122176671819,2.7668856194510275e-08,11.58506618395965,8.444923941057425,1.0017896056668776,9.309095021179202,4.049132868615583,2.4041726407405024,1.6871386952564933,Lusso Saigon,A1,6,low,3PN,82.85,4894562022
U-0078,B2.11.07,69.11863790431612,330,Low,82.0,100.0,44.50358727910715,1.9616637393728686e-07,21.74305246073681,82.01967407518077,70.0,90.0,50.0,70.0,23.814962764877077,6.462507768020695,1.4242972228772682e-08,14.852648953794423,6.972508403739458,0.7052893931478582,9.309095021179202,4.555274477192531,1.2653540214423697,1.1809970866795452,23.814962764877077,6.462507768020695,1.4242972228772682e-08,14.852648953794423,6.972508403739458,0.7052893931478582,9.309095021179202,4.555274477192531,1.2653540214423697,1.1809970866795452,Lusso d'Arte,B2,11,low,2PN,69.94,4172773046
U-0089,B2.19.05,69.0968467244589,331,Low,82.0,65.0,40.759217510952254,1.991622326212442e-07,57.619032094958435,98.75904860392964,85.0,90.0,95.0,70.0,23.814962764877077,5.9187758984686205,1.4460491323307066e-08,9.654221819966375,8.39552587962043,1.8690150453071708,11.303901097146174,4.555274477192531,2.4041726407405024,1.1809970866795452,23.814962764877077,5.9187758984686205,1.4460491323307066e-08,9.654221819966375,8.39552587962043,1.8690150453071708,11.303901097146174,4.555274477192531,2.4041726407405024,1.1809970866795452,Lusso d'Arte,B2,19,mid,Loft,66.45,4139224689
U-0066,B2.06.07,69.06043758587778,332,Low,82.0,100.0,45.885111040715145,3.872821268092523e-07,13.76413543220515,82.01967407518077,70.0,90.0,50.0,70.0,23.814962764877077,6.663123237176105,2.81192360654413e-08,14.852648953794423,6.972508403739458,0.44647359167784195,9.309095021179202,4.555274477192531,1.2653540214423697,1.1809970866795452,23.814962764877077,6.663123237176105,2.81192360654413e-08,14.852648953794423,6.972508403739458,0.44647359167784195,9.309095021179202,4.555274477192531,1.2653540214423697,1.1809970866795452,Lusso d'Arte,B2,6,low,2PN,69.94,4119624624
U-0260,B3.13.15,68.92995613399518,333,Low,58.0,78.0,38.670575115950875,99.99999949886715,29.092662246083208,98.51529830260543,85.0,80.0,70.0,70.0,16.84472976052281,5.615477478553367,7.260659343150145,11.58506618395965,8.374804619220892,0.9436920661276972,11.303901097146174,4.049132868615583,1.7714956300193176,1.1809970866795452,16.84472976052281,5.615477478553367,7.260659343150145,11.58506618395965,8.374804619220892,0.9436920661276972,11.303901097146174,4.049132868615583,1.7714956300193176,1.1809970866795452,Zenia,B3,13,mid,3PN,82.65,5116178614
U-0266,B3.14.15,68.89494795865167,334,Low,58.0,78.0,38.4294938714224,99.9999995077204,29.092662246083208,98.51529830260543,85.0,80.0,70.0,70.0,16.84472976052281,5.580469302567051,7.26065934379295,11.58506618395965,8.374804619220892,0.9436920661276972,11.303901097146174,4.049132868615583,1.7714956300193176,1.1809970866795452,16.84472976052281,5.580469302567051,7.26065934379295,11.58506618395965,8.374804619220892,0.9436920661276972,11.303901097146174,4.049132868615583,1.7714956300193176,1.1809970866795452,Zenia,B3,14,mid,3PN,82.65,5122887322
U-0074,B2.09.07,68.86188532063265,335,Low,82.0,100.0,44.5177955020154,1.4724574815983962e-07,13.76413543220515,82.01967407518077,70.0,90.0,50.0,70.0,23.814962764877077,6.464570989359202,1.0691012224734902e-08,14.852648953794423,6.972508403739458,0.44647359167784195,9.309095021179202,4.555274477192531,1.2653540214423697,1.1809970866795452,23.814962764877077,6.464570989359202,1.0691012224734902e-08,14.852648953794423,6.972508403739458,0.44647359167784195,9.309095021179202,4.555274477192531,1.2653540214423697,1.1809970866795452,Lusso d'Arte,B2,9,low,2PN,69.94,4151513677
U-0269,B3.16.15,68.8249316254114,336,Low,58.0,78.0,37.947331382365384,99.99999976571866,29.092662246083208,98.51529830260543,85.0,80.0,70.0,70.0,16.84472976052281,5.510452950594408,7.260659362525324,11.58506618395965,8.374804619220892,0.9436920661276972,11.303901097146174,4.049132868615583,1.7714956300193176,1.1809970866795452,16.84472976052281,5.510452950594408,7.260659362525324,11.58506618395965,8.374804619220892,0.9436920661276972,11.303901097146174,4.049132868615583,1.7714956300193176,1.1809970866795452,Zenia,B3,16,mid,3PN,82.65,5136304738
U-0139,A3.19.06,68.77666965161201,337,Low,95.0,65.0,21.79071281665974,70.37037010912968,14.640628699298249,43.74353671147884,85.0,94.0,72.0,70.0,27.590505642235637,3.1642988679809845,5.109352877742507,9.654221819966375,3.7186465414444467,0.4749048069160232,11.303901097146174,4.75773112062331,1.8221097908770123,1.1809970866795452,27.590505642235637,3.1642988679809845,5.109352877742507,9.654221819966375,3.7186465414444467,0.4749048069160232,11.303901097146174,4.75773112062331,1.8221097908770123,1.1809970866795452,Risa,A3,19,mid,Loft,55.33,3705666724
U-0185,A4.19.01,68.45595040218853,338,Low,95.0,65.0,10.811165541771501,70.37037022956942,18.08302828913975,43.12306101344368,85.0,94.0,100.0,100.0,27.590505642235637,1.569923809891527,5.109352886487226,9.654221819966375,3.6658997819913344,0.5865675057057163,11.303901097146174,4.75773112062331,2.5307080428847395,1.6871386952564933,27.590505642235637,1.569923809891527,5.109352886487226,9.654221819966375,3.6658997819913344,0.5865675057057163,11.303901097146174,4.75773112062331,2.5307080428847395,1.6871386952564933,Risa,A4,19,mid,Loft,55.21,3908356928
U-0253,B3.11.17,68.14398504065512,339,Low,58.0,78.0,39.15273756907233,99.99999972714495,29.092662246083208,98.51529830260543,70.0,90.0,95.0,70.0,16.84472976052281,5.685493825307692,7.2606593597246185,11.58506618395965,8.374804619220892,0.9436920661276972,9.309095021179202,4.555274477192531,2.4041726407405024,1.1809970866795452,16.84472976052281,5.685493825307692,7.2606593597246185,11.58506618395965,8.374804619220892,0.9436920661276972,9.309095021179202,4.555274477192531,2.4041726407405024,1.1809970866795452,Zenia,B3,11,low,3PN,82.65,5102761199
U-0255,B3.12.17,68.10897686529154,340,Low,58.0,78.0,38.91165632454381,99.99999973572173,29.092662246083208,98.51529830260543,70.0,90.0,95.0,70.0,16.84472976052281,5.650485649321369,7.26065936034735,11.58506618395965,8.374804619220892,0.9436920661276972,9.309095021179202,4.555274477192531,2.4041726407405024,1.1809970866795452,16.84472976052281,5.650485649321369,7.26065936034735,11.58506618395965,8.374804619220892,0.9436920661276972,9.309095021179202,4.555274477192531,2.4041726407405024,1.1809970866795452,Zenia,B3,12,low,3PN,82.65,5109469907
U-0048,A2.31.15,68.07070468566187,341,Low,58.0,78.0,56.99965550235832,3.980225942335821e-07,91.88776933113442,83.17338076286146,100.0,90.0,70.0,100.0,16.84472976052281,8.277101667070026,2.8899064820891876e-08,11.58506618395965,7.070585233061292,2.980605836567532,13.298707173113144,4.555274477192531,1.7714956300193176,1.6871386952564933,16.84472976052281,8.277101667070026,2.8899064820891876e-08,11.58506618395965,7.070585233061292,2.980605836567532,13.298707173113144,4.555274477192531,1.7714956300193176,1.6871386952564933,Lusso Saigon,A2,31,high,3PN,87.09,5044265135
U-0050,A2.33.15,68.05866444121753,342,Low,58.0,78.0,56.91674120940864,4.5768272250078656e-07,91.88776933113442,83.17338076286146,100.0,90.0,70.0,100.0,16.84472976052281,8.265061418293973,3.323078351976768e-08,11.58506618395965,7.070585233061292,2.980605836567532,13.298707173113144,4.555274477192531,1.7714956300193176,1.6871386952564933,16.84472976052281,8.265061418293973,3.323078351976768e-08,11.58506618395965,7.070585233061292,2.980605836567532,13.298707173113144,4.555274477192531,1.7714956300193176,1.6871386952564933,Lusso Saigon,A2,33,high,3PN,87.09,5046791913
U-0248,B3.07.17,67.88837806861126,343,Low,58.0,78.0,39.19266402735354,99.99999969674587,21.033929576999622,98.51529830260543,70.0,90.0,95.0,70.0,16.84472976052281,5.691291673583914,7.260659357517445,11.58506618395965,8.374804619220892,0.682287248014768,9.309095021179202,4.555274477192531,2.4041726407405024,1.1809970866795452,16.84472976052281,5.691291673583914,7.260659357517445,11.58506618395965,8.374804619220892,0.682287248014768,9.309095021179202,4.555274477192531,2.4041726407405024,1.1809970866795452,Zenia,B3,7,low,3PN,82.65,5075926368
U-0250,B3.08.17,67.85319246616588,344,Low,58.0,78.0,38.95036106766927,99.99999945837958,21.033929576999622,98.51529830260543,70.0,90.0,95.0,70.0,16.84472976052281,5.656106088445497,7.260659340210481,11.58506618395965,8.374804619220892,0.682287248014768,9.309095021179202,4.555274477192531,2.4041726407405024,1.1809970866795452,16.84472976052281,5.656106088445497,7.260659340210481,11.58506618395965,8.374804619220892,0.682287248014768,9.309095021179202,4.555274477192531,2.4041726407405024,1.1809970866795452,Zenia,B3,8,low,3PN,82.65,5082635075
U-0055,A2.37.15,67.6819102520963,345,Low,58.0,78.0,54.322251016708215,4.843145877496561e-07,91.88776933113442,83.17338076286146,100.0,90.0,70.0,100.0,16.84472976052281,7.888307227239098,3.516443254190503e-08,11.58506618395965,7.070585233061292,2.980605836567532,13.298707173113144,4.555274477192531,1.7714956300193176,1.6871386952564933,16.84472976052281,7.888307227239098,3.516443254190503e-08,11.58506618395965,7.070585233061292,2.980605836567532,13.298707173113144,4.555274477192531,1.7714956300193176,1.6871386952564933,Lusso Saigon,A2,37,high,3PN,87.09,5125857904
U-0328,B4.04.08,67.51324705231313,346,Low,58.0,78.0,42.37987858231067,99.9999997276688,30.46593231154347,89.52460469060496,70.0,80.0,100.0,70.0,16.84472976052281,6.154117258644757,7.260659359762653,11.58506618395965,7.610504011202635,0.9882374588615639,9.309095021179202,4.049132868615583,2.5307080428847395,1.1809970866795452,16.84472976052281,6.154117258644757,7.260659359762653,11.58506618395965,7.610504011202635,0.9882374588615639,9.309095021179202,4.049132868615583,2.5307080428847395,1.1809970866795452,Zenia,B4,4,low,3PN,85.55,5193309376
U-0007,A1.13.02,67.50703344217247,347,Low,82.0,78.0,42.39519613205914,4.600594221441009e-07,23.40530857191779,72.36805174293424,85.0,72.0,95.0,100.0,23.814962764877077,6.156341568869812,3.340334758534338e-08,11.58506618395965,6.15202211700265,0.7592087591627358,11.303901097146174,3.6442195817540246,2.4041726407405024,1.6871386952564933,23.814962764877077,6.156341568869812,3.340334758534338e-08,11.58506618395965,6.15202211700265,0.7592087591627358,11.303901097146174,3.6442195817540246,2.4041726407405024,1.6871386952564933,Lusso Saigon,A1,13,mid,3PN,76.31,4611556229
U-0042,A2.19.13,67.50571908648541,348,Low,82.0,65.0,37.6444245153705,2.1153418510453348e-07,57.619032094958435,98.75904860392964,85.0,80.0,70.0,70.0,23.814962764877077,5.466466878894965,1.535877665171671e-08,9.654221819966375,8.39552587962043,1.8690150453071708,11.303901097146174,4.049132868615583,1.7714956300193176,1.1809970866795452,23.814962764877077,5.466466878894965,1.535877665171671e-08,9.654221819966375,8.39552587962043,1.8690150453071708,11.303901097146174,4.049132868615583,1.7714956300193176,1.1809970866795452,Lusso Saigon,A2,19,mid,Loft,66.45,4210156322
U-0016,A1.23.02,67.48530080509114,349,Low,82.0,78.0,39.213928496917944,4.0221554197617803e-07,36.11227308259142,72.69798545346637,85.0,72.0,95.0,100.0,23.814962764877077,5.694379554991786,2.92035004744437e-08,11.58506618395965,6.180069845737265,1.1713904114246683,11.303901097146174,3.6442195817540246,2.4041726407405024,1.6871386952564933,23.814962764877077,5.694379554991786,2.92035004744437e-08,11.58506618395965,6.180069845737265,1.1713904114246683,11.303901097146174,3.6442195817540246,2.4041726407405024,1.6871386952564933,Lusso Saigon,A1,23,mid,3PN,76.39,4735406084
U-0334,B4.05.08,67.47826892727872,350,Low,58.0,78.0,42.13900431512052,99.99999966035867,30.46593231154347,89.52460469060496,70.0,80.0,100.0,70.0,16.84472976052281,6.1191391384974985,7.260659354875494,11.58506618395965,7.610504011202635,0.9882374588615639,9.309095021179202,4.049132868615583,2.5307080428847395,1.1809970866795452,16.84472976052281,6.1191391384974985,7.260659354875494,11.58506618395965,7.610504011202635,0.9882374588615639,9.309095021179202,4.049132868615583,2.5307080428847395,1.1809970866795452,Zenia,B4,5,low,3PN,85.55,5200253477
U-0339,B4.06.08,67.44329080225734,351,Low,58.0,78.0,41.89813004793038,99.99999959322804,30.46593231154347,89.52460469060496,70.0,80.0,100.0,70.0,16.84472976052281,6.08416101835024,7.260659350001368,11.58506618395965,7.610504011202635,0.9882374588615639,9.309095021179202,4.049132868615583,2.5307080428847395,1.1809970866795452,16.84472976052281,6.08416101835024,7.260659350001368,11.58506618395965,7.610504011202635,0.9882374588615639,9.309095021179202,4.049132868615583,2.5307080428847395,1.1809970866795452,Zenia,B4,6,low,3PN,85.55,5207197578
U-0346,B4.10.08,67.30337831942397,352,Low,58.0,78.0,40.93463297916981,99.99999956231727,30.46593231154347,89.52460469060496,70.0,80.0,100.0,70.0,16.84472976052281,5.944248537761209,7.260659347757042,11.58506618395965,7.610504011202635,0.9882374588615639,9.309095021179202,4.049132868615583,2.5307080428847395,1.1809970866795452,16.84472976052281,5.944248537761209,7.260659347757042,11.58506618395965,7.610504011202635,0.9882374588615639,9.309095021179202,4.049132868615583,2.5307080428847395,1.1809970866795452,Zenia,B4,10,low,3PN,85.55,5234973982
U-0012,A1.17.02,67.23669127211261,353,Low,82.0,78.0,40.53350466055263,2.2355277416126932e-07,23.40530857191779,72.36805174293424,85.0,72.0,95.0,100.0,23.814962764877077,5.885999415981905,1.6231405465352448e-08,11.58506618395965,6.15202211700265,0.7592087591627358,11.303901097146174,3.6442195817540246,2.4041726407405024,1.6871386952564933,23.814962764877077,5.885999415981905,1.6231405465352448e-08,11.58506618395965,6.15202211700265,0.7592087591627358,11.303901097146174,3.6442195817540246,2.4041726407405024,1.6871386952564933,Lusso Saigon,A1,17,mid,3PN,76.31,4659218373
U-0045,A2.26.02,67.0932410559401,354,Very Low,58.0,78.0,41.175225018980264,3.580461224522398e-07,53.3890576061678,100.0,100.0,100.0,95.0,100.0,16.84472976052281,5.979185674771037,2.5996509372892408e-08,11.58506618395965,8.501019398526658,1.7318054172838122,13.298707173113144,5.061416085769479,2.4041726407405024,1.6871386952564933,16.84472976052281,5.979185674771037,2.5996509372892408e-08,11.58506618395965,8.501019398526658,1.7318054172838122,13.298707173113144,5.061416085769479,2.4041726407405024,1.6871386952564933,Lusso Saigon,A2,26,high,3PN,83.01,5145511766
U-0054,A2.35.02,66.81397456725584,355,Very Low,58.0,78.0,37.21753059245078,4.5053992590908155e-07,62.497135992747864,100.0,100.0,100.0,95.0,100.0,16.84472976052281,5.404476251584688,3.27121693890709e-08,11.58506618395965,8.501019398526658,2.027248345070249,13.298707173113144,5.061416085769479,2.4041726407405024,1.6871386952564933,16.84472976052281,5.404476251584688,3.27121693890709e-08,11.58506618395965,8.501019398526658,2.027248345070249,13.298707173113144,5.061416085769479,2.4041726407405024,1.6871386952564933,Lusso Saigon,A2,35,high,3PN,83.01,5287320617
U-0070,B2.07.08,66.57844453612442,356,Very Low,85.0,75.0,61.37870233974642,0.0,26.29204881601582,55.00694455011763,70.0,80.0,70.0,70.0,24.68624189042136,8.912997016936187,0.0,11.139486715345818,4.6761510267423025,0.8528472801851151,9.309095021179202,4.049132868615583,1.7714956300193176,1.1809970866795452,24.68624189042136,8.912997016936187,0.0,11.139486715345818,4.6761510267423025,0.8528472801851151,9.309095021179202,4.049132868615583,1.7714956300193176,1.1809970866795452,Lusso d'Arte,B2,7,low,1PN,43.09,2333798473
U-0041,A2.19.07,66.41118991831394,357,Very Low,82.0,65.0,40.75299700793539,4.638102105491328e-07,28.1182811659777,91.83040330920366,85.0,80.0,70.0,70.0,23.814962764877077,5.917872599397124,3.367567955547986e-08,9.654221819966375,7.80652039906067,0.9120856188764045,11.303901097146174,4.049132868615583,1.7714956300193176,1.1809970866795452,23.814962764877077,5.917872599397124,3.367567955547986e-08,9.654221819966375,7.80652039906067,0.9120856188764045,11.303901097146174,4.049132868615583,1.7714956300193176,1.1809970866795452,Lusso Saigon,A2,19,mid,Loft,67.79,4146259545
U-0014,A1.19.10,66.25668779757117,358,Very Low,82.0,65.0,39.86330497254143,1.349103973993157e-07,28.1182811659777,91.83040330920366,85.0,72.0,85.0,70.0,23.814962764877077,5.788677582963496,9.795384422742295e-09,9.654221819966375,7.80652039906067,0.9120856188764045,11.303901097146174,3.6442195817540246,2.1511018364520287,1.1809970866795452,23.814962764877077,5.788677582963496,9.795384422742295e-09,9.654221819966375,7.80652039906067,0.9120856188764045,11.303901097146174,3.6442195817540246,2.1511018364520287,1.1809970866795452,Lusso Saigon,A1,19,mid,Loft,67.79,4166553799
U-0140,A3.19.09,66.21325055053276,359,Very Low,82.0,65.0,17.744432271542394,70.37037014456477,64.96057356761474,51.96483971044472,85.0,72.0,95.0,70.0,23.814962764877077,2.5767255721382027,5.1093528803153285,9.654221819966375,4.4175411041981905,2.1071560027173493,11.303901097146174,3.6442195817540246,2.4041726407405024,1.1809970866795452,23.814962764877077,2.5767255721382027,5.1093528803153285,9.654221819966375,4.4175411041981905,2.1071560027173493,11.303901097146174,3.6442195817540246,2.4041726407405024,1.1809970866795452,Risa,A3,19,mid,Loft,56.92,4012559653
U-0091,B2.19.09,66.06995325999415,360,Very Low,82.0,65.0,38.577371185691014,2.2639150202221074e-07,28.1182811659777,91.83040330920366,85.0,72.0,85.0,70.0,23.814962764877077,5.60194303874435,1.6437515826047384e-08,9.654221819966375,7.80652039906067,0.9120856188764045,11.303901097146174,3.6442195817540246,2.1511018364520287,1.1809970866795452,23.814962764877077,5.60194303874435,1.6437515826047384e-08,9.654221819966375,7.80652039906067,0.9120856188764045,11.303901097146174,3.6442195817540246,2.1511018364520287,1.1809970866795452,Lusso d'Arte,B2,19,mid,Loft,67.79,4195886496
U-0205,A4.29.19,65.8155536185594,361,Very Low,58.0,78.0,11.187438338502455,70.37037023368275,45.38408527622743,89.56584640442145,100.0,90.0,100.0,70.0,16.84472976052281,1.6245635821085014,5.109352886785881,11.58506618395965,7.61400997729446,1.472144448018151,13.298707173113144,4.555274477192531,2.5307080428847395,1.1809970866795452,16.84472976052281,1.6245635821085014,5.109352886785881,11.58506618395965,7.61400997729446,1.472144448018151,13.298707173113144,4.555274477192531,2.5307080428847395,1.1809970866795452,Risa,A4,29,high,3PN,85.54,6148648856
U-0018,A1.28.15,65.45509360955107,362,Very Low,58.0,78.0,39.6536624859328,4.0169035440470774e-07,53.3890576061678,100.0,100.0,72.0,95.0,100.0,16.84472976052281,5.758234729228613,2.9165368393775583e-08,11.58506618395965,8.501019398526658,1.7318054172838122,13.298707173113144,3.6442195817540246,2.4041726407405024,1.6871386952564933,16.84472976052281,5.758234729228613,2.9165368393775583e-08,11.58506618395965,8.501019398526658,1.7318054172838122,13.298707173113144,3.6442195817540246,2.4041726407405024,1.6871386952564933,Lusso Saigon,A1,28,high,3PN,83.01,5188684074
U-0022,A1.35.15,65.43700667989813,363,Very Low,58.0,78.0,37.49456203816197,4.14222924633673e-07,62.497135992747864,100.0,100.0,72.0,95.0,100.0,16.84472976052281,5.444704870879274,3.007531562960185e-08,11.58506618395965,8.501019398526658,2.027248345070249,13.298707173113144,3.6442195817540246,2.4041726407405024,1.6871386952564933,16.84472976052281,5.444704870879274,3.007531562960185e-08,11.58506618395965,8.501019398526658,2.027248345070249,13.298707173113144,3.6442195817540246,2.4041726407405024,1.6871386952564933,Lusso Saigon,A1,35,high,3PN,83.01,5279416095
U-0043,A2.21.02,64.79524412186156,364,Very Low,58.0,78.0,42.572830502291545,4.026630303842226e-07,53.3890576061678,100.0,85.0,90.0,95.0,100.0,16.84472976052281,6.182136421996928,2.923599108351472e-08,11.58506618395965,8.501019398526658,1.7318054172838122,11.303901097146174,4.555274477192531,2.4041726407405024,1.6871386952564933,16.84472976052281,6.182136421996928,2.923599108351472e-08,11.58506618395965,8.501019398526658,1.7318054172838122,11.303901097146174,4.555274477192531,2.4041726407405024,1.6871386952564933,Lusso Saigon,A2,21,mid,3PN,83.01,5105856574
U-0114,B2.33.06,64.73878832926384,365,Very Low,58.0,45.0,71.00898521765492,4.199652064145699e-07,60.764247959264175,100.0,100.0,90.0,55.0,70.0,16.84472976052281,10.311441091037555,3.049224315032591e-08,6.68369202920749,8.501019398526658,1.9710378589052593,13.298707173113144,4.555274477192531,1.3918894235866066,1.1809970866795452,16.84472976052281,10.311441091037555,3.049224315032591e-08,6.68369202920749,8.501019398526658,1.9710378589052593,13.298707173113144,4.555274477192531,1.3918894235866066,1.1809970866795452,Lusso d'Arte,B2,33,high,4PN,126.79,6596195341
U-0103,B2.29.06,64.58415868915768,366,Very Low,58.0,45.0,71.81531998726612,3.7085793158831757e-07,52.38751071745611,100.0,100.0,90.0,55.0,70.0,16.84472976052281,10.42853153319802,2.692673119461925e-08,6.68369202920749,8.501019398526658,1.6993177802041444,13.298707173113144,4.555274477192531,1.3918894235866066,1.1809970866795452,16.84472976052281,10.42853153319802,2.692673119461925e-08,6.68369202920749,8.501019398526658,1.6993177802041444,13.298707173113144,4.555274477192531,1.3918894235866066,1.1809970866795452,Lusso d'Arte,B2,29,high,4PN,126.79,6527371573
U-0017,A1.25.15,64.06421059267123,367,Very Low,58.0,78.0,41.024128720331376,4.2707515137014405e-07,53.3890576061678,100.0,85.0,80.0,95.0,100.0,16.84472976052281,5.957244499611074,3.1008472035622626e-08,11.58506618395965,8.501019398526658,1.7318054172838122,11.303901097146174,4.049132868615583,2.4041726407405024,1.6871386952564933,16.84472976052281,5.957244499611074,3.1008472035622626e-08,11.58506618395965,8.501019398526658,1.7318054172838122,11.303901097146174,4.049132868615583,2.4041726407405024,1.6871386952564933,Lusso Saigon,A1,25,mid,3PN,83.01,5149798922
U-0182,A4.15.19,63.753971370373925,368,Very Low,58.0,78.0,13.869149563605179,70.37037023979687,34.4409446354688,89.56584640442145,85.0,88.0,100.0,70.0,16.84472976052281,2.0139834173034665,5.109352887229806,11.58506618395965,7.61400997729446,1.1171767618761301,11.303901097146174,4.454046155477141,2.5307080428847395,1.1809970866795452,16.84472976052281,2.0139834173034665,5.109352887229806,11.58506618395965,7.61400997729446,1.1171767618761301,11.303901097146174,4.454046155477141,2.5307080428847395,1.1809970866795452,Risa,A4,15,mid,3PN,85.54,6029480564
U-0090,B2.19.08,63.27175762119045,369,Very Low,92.0,65.0,42.69461061223353,5.346554437056563e-07,54.935829428552985,7.187176835573974,85.0,80.0,70.0,70.0,26.719226516691357,6.199820499946751,3.881951062161292e-08,9.654221819966375,0.6109832969985579,1.7819787663072861,11.303901097146174,4.049132868615583,1.7714956300193176,1.1809970866795452,26.719226516691357,6.199820499946751,3.881951062161292e-08,9.654221819966375,0.6109832969985579,1.7819787663072861,11.303901097146174,4.049132868615583,1.7714956300193176,1.1809970866795452,Lusso d'Arte,B2,19,mid,Loft,48.26,2969240168
U-0184,A4.17.21,63.26350886764274,370,Very Low,58.0,78.0,13.280021171325238,70.37037018296368,34.4409446354688,89.56584640442145,85.0,94.0,72.0,70.0,16.84472976052281,1.9284342055603039,5.109352883103342,11.58506618395965,7.61400997729446,1.1171767618761301,11.303901097146174,4.75773112062331,1.8221097908770123,1.1809970866795452,16.84472976052281,1.9284342055603039,5.109352883103342,11.58506618395965,7.61400997729446,1.1171767618761301,11.303901097146174,4.75773112062331,1.8221097908770123,1.1809970866795452,Risa,A4,17,mid,3PN,85.54,6046504606
U-0094,B2.22.06,62.89193762919883,371,Very Low,58.0,45.0,74.59615102595146,3.494385113186613e-07,52.38751071745611,100.0,85.0,88.0,55.0,70.0,16.84472976052281,10.832344872476714,2.537154004776828e-08,6.68369202920749,8.501019398526658,1.6993177802041444,11.303901097146174,4.454046155477141,1.3918894235866066,1.1809970866795452,16.84472976052281,10.832344872476714,2.537154004776828e-08,6.68369202920749,8.501019398526658,1.6993177802041444,11.303901097146174,4.454046155477141,1.3918894235866066,1.1809970866795452,Lusso d'Arte,B2,22,mid,4PN,126.79,6406929980
U-0087,B2.17.06,62.8633948620501,372,Very Low,58.0,45.0,75.95362452296747,4.507167063088486e-07,45.43055944883602,100.0,85.0,88.0,55.0,70.0,16.84472976052281,11.029467926048323,3.272500481174776e-08,6.68369202920749,8.501019398526658,1.4736519521303428,11.303901097146174,4.454046155477141,1.3918894235866066,1.1809970866795452,16.84472976052281,11.029467926048323,3.272500481174776e-08,6.68369202920749,8.501019398526658,1.4736519521303428,11.303901097146174,4.454046155477141,1.3918894235866066,1.1809970866795452,Lusso d'Arte,B2,17,mid,4PN,126.79,6320900271
U-0162,A4.04.21,61.44913083282799,373,Very Low,58.0,78.0,21.0945534585807,70.37037031840332,26.864924191866578,89.56584640442145,70.0,80.0,72.0,70.0,16.84472976052281,3.063207348523222,5.109352892937153,11.58506618395965,7.61400997729446,0.8714299022393434,9.309095021179202,4.049132868615583,1.8221097908770123,1.1809970866795452,16.84472976052281,3.063207348523222,5.109352892937153,11.58506618395965,7.61400997729446,0.8714299022393434,9.309095021179202,4.049132868615583,1.8221097908770123,1.1809970866795452,Risa,A4,4,low,3PN,85.54,5793188768
U-0164,A4.05.21,60.685857390520155,374,Very Low,58.0,78.0,15.838326690143592,70.37037033818882,26.864924191866578,89.56584640442145,70.0,80.0,72.0,70.0,16.84472976052281,2.299933904778832,5.1093528943737105,11.58506618395965,7.61400997729446,0.8714299022393434,9.309095021179202,4.049132868615583,1.8221097908770123,1.1809970866795452,16.84472976052281,2.299933904778832,5.1093528943737105,11.58506618395965,7.61400997729446,0.8714299022393434,9.309095021179202,4.049132868615583,1.8221097908770123,1.1809970866795452,Risa,A4,5,low,3PN,85.54,5944360356
U-0170,A4.08.21,60.55692443899353,375,Very Low,58.0,78.0,14.95043939319418,70.37037024294547,26.864924191866578,89.56584640442145,70.0,80.0,72.0,70.0,16.84472976052281,2.1710009601675053,5.1093528874584155,11.58506618395965,7.61400997729446,0.8714299022393434,9.309095021179202,4.049132868615583,1.8221097908770123,1.1809970866795452,16.84472976052281,2.1710009601675053,5.1093528874584155,11.58506618395965,7.61400997729446,0.8714299022393434,9.309095021179202,4.049132868615583,1.8221097908770123,1.1809970866795452,Risa,A4,8,low,3PN,85.54,5969896418
U-0171,A4.09.21,60.51394678701968,376,Very Low,58.0,78.0,14.654476949287707,70.3703702142007,26.864924191866578,89.56584640442145,70.0,80.0,72.0,70.0,16.84472976052281,2.1280233102807085,5.109352885371356,11.58506618395965,7.61400997729446,0.8714299022393434,9.309095021179202,4.049132868615583,1.8221097908770123,1.1809970866795452,16.84472976052281,2.1280233102807085,5.109352885371356,11.58506618395965,7.61400997729446,0.8714299022393434,9.309095021179202,4.049132868615583,1.8221097908770123,1.1809970866795452,Risa,A4,9,low,3PN,85.54,5978408439
U-0174,A4.10.21,60.47096913505176,377,Very Low,58.0,78.0,14.358514505381272,70.3703701855377,26.864924191866578,89.56584640442145,70.0,80.0,72.0,70.0,16.84472976052281,2.085045660393917,5.109352883290232,11.58506618395965,7.61400997729446,0.8714299022393434,9.309095021179202,4.049132868615583,1.8221097908770123,1.1809970866795452,16.84472976052281,2.085045660393917,5.109352883290232,11.58506618395965,7.61400997729446,0.8714299022393434,9.309095021179202,4.049132868615583,1.8221097908770123,1.1809970866795452,Risa,A4,10,low,3PN,85.54,5986920460
U-0038,A2.12.15,59.640525715483236,378,Very Low,58.0,78.0,40.26711116157508,1.8288657153349676e-07,54.09538376586411,75.13124656864083,70.0,88.0,70.0,100.0,16.84472976052281,5.847315566841931,1.3278771009958089e-08,11.58506618395965,6.386921845155052,1.7547168437928657,9.309095021179202,4.454046155477141,1.7714956300193176,1.6871386952564933,16.84472976052281,5.847315566841931,1.3278771009958089e-08,11.58506618395965,6.386921845155052,1.7547168437928657,9.309095021179202,4.454046155477141,1.7714956300193176,1.6871386952564933,Lusso Saigon,A2,12,low,3PN,89.04,5549344207
U-0033,A2.07.15,59.250334843732404,379,Very Low,58.0,78.0,40.22497710280153,3.67758408228799e-07,41.39031395762156,75.461180279173,70.0,88.0,70.0,100.0,16.84472976052281,5.8411971458612895,2.6701685361095465e-08,11.58506618395965,6.414969573889671,1.3425966508651377,9.309095021179202,4.454046155477141,1.7714956300193176,1.6871386952564933,16.84472976052281,5.8411971458612895,2.6701685361095465e-08,11.58506618395965,6.414969573889671,1.3425966508651377,9.309095021179202,4.454046155477141,1.7714956300193176,1.6871386952564933,Lusso Saigon,A2,7,low,3PN,88.96,5502234542
U-0354,B4.19.08,58.38082605053783,380,Very Low,58.0,65.0,29.954734256554065,99.99999961831548,37.19938553573462,0.0,85.0,80.0,100.0,70.0,16.84472976052281,4.349822444826969,7.2606593518228815,9.654221819966375,0.0,1.2066535780727454,11.303901097146174,4.049132868615583,2.5307080428847395,1.1809970866795452,16.84472976052281,4.349822444826969,7.2606593518228815,9.654221819966375,0.0,1.2066535780727454,11.303901097146174,4.049132868615583,2.5307080428847395,1.1809970866795452,Zenia,B4,19,mid,Loft,85.55,5574879231
U-0286,B3.27.01,57.66131139451482,381,Very Low,40.0,40.0,33.13744896675387,99.9999996571967,79.82675974870735,48.56534690096224,100.0,100.0,50.0,100.0,11.617055007257111,4.811994593086938,7.260659354645914,5.941059581517769,4.128549561012566,2.5893773214130302,13.298707173113144,5.061416085769479,1.2653540214423697,1.6871386952564933,11.617055007257111,4.811994593086938,7.260659354645914,5.941059581517769,4.128549561012566,2.5893773214130302,13.298707173113144,5.061416085769479,1.2653540214423697,1.6871386952564933,Zenia,B3,27,high,Garden,132.18,8695966480
U-0047,A2.31.10,57.261222004188944,382,Very Low,40.0,45.0,55.02447369217718,3.854565802495438e-07,59.06050479143905,100.0,100.0,90.0,60.0,70.0,11.617055007257111,7.990279220342426,2.798668934792603e-08,6.68369202920749,8.501019398526658,1.9157727581524981,13.298707173113144,4.555274477192531,1.5184248257308437,1.1809970866795452,11.617055007257111,7.990279220342426,2.798668934792603e-08,6.68369202920749,8.501019398526658,1.9157727581524981,13.298707173113144,4.555274477192531,1.5184248257308437,1.1809970866795452,Lusso Saigon,A2,31,high,4PN,126.79,7284460421
U-0058,A2.32.10,57.20172703042588,383,Very Low,40.0,45.0,54.61476592665022,3.420689551023946e-07,59.06050479143905,100.0,100.0,90.0,60.0,70.0,11.617055007257111,7.930784249729587,2.4836461673121757e-08,6.68369202920749,8.501019398526658,1.9157727581524981,13.298707173113144,4.555274477192531,1.5184248257308437,1.1809970866795452,11.617055007257111,7.930784249729587,2.4836461673121757e-08,6.68369202920749,8.501019398526658,1.9157727581524981,13.298707173113144,4.555274477192531,1.5184248257308437,1.1809970866795452,Lusso Saigon,A2,32,high,4PN,126.79,7302278449
U-0059,A2.36.10,56.963747145534846,384,Very Low,40.0,45.0,52.975934841548366,3.544556447682472e-07,59.06050479143905,100.0,100.0,90.0,60.0,70.0,11.617055007257111,7.6928043639391985,2.5735817018159464e-08,6.68369202920749,8.501019398526658,1.9157727581524981,13.298707173113144,4.555274477192531,1.5184248257308437,1.1809970866795452,11.617055007257111,7.6928043639391985,2.5735817018159464e-08,6.68369202920749,8.501019398526658,1.9157727581524981,13.298707173113144,4.555274477192531,1.5184248257308437,1.1809970866795452,Lusso Saigon,A2,36,high,4PN,126.79,7373550562
U-0287,B3.27.02,56.67629153263833,385,Very Low,40.0,40.0,51.91269217823833,99.99999964122343,94.16977005980313,20.57010567632548,100.0,72.0,55.0,70.0,11.617055007257111,7.538407507617508,7.260659353486149,5.941059581517769,1.7486686738418624,3.0546281437846106,13.298707173113144,3.6442195817540246,1.3918894235866066,1.1809970866795452,11.617055007257111,7.538407507617508,7.260659353486149,5.941059581517769,1.7486686738418624,3.0546281437846106,13.298707173113144,3.6442195817540246,1.3918894235866066,1.1809970866795452,Zenia,B3,27,high,Garden,119.46,7141580767
U-0204,A4.28.02,56.28654731607558,386,Very Low,40.0,40.0,31.364658960741004,70.37037020886389,100.0,48.56534690096229,100.0,100.0,85.0,70.0,11.617055007257111,4.554562105384849,5.109352884983868,5.941059581517769,4.12854956101257,3.243745993905209,13.298707173113144,5.061416085769479,2.1511018364520287,1.1809970866795452,11.617055007257111,4.554562105384849,5.109352884983868,5.941059581517769,4.12854956101257,3.243745993905209,13.298707173113144,5.061416085769479,2.1511018364520287,1.1809970866795452,Risa,A4,28,high,Garden,178.92,12026471706
U-0256,B3.13.01,55.72896063530036,387,Very Low,40.0,40.0,35.63698146229611,99.99999972202109,70.6778369108659,48.52132922608071,85.0,100.0,50.0,100.0,11.617055007257111,5.174959674251199,7.2606593593525925,5.941059581517769,4.124807609932106,2.2926095033750697,11.303901097146174,5.061416085769479,1.2653540214423697,1.6871386952564933,11.617055007257111,5.174959674251199,7.2606593593525925,5.941059581517769,4.124807609932106,2.2926095033750697,11.303901097146174,5.061416085769479,1.2653540214423697,1.6871386952564933,Zenia,B3,13,mid,Garden,132.16,8532294565
U-0257,B3.13.02,53.981567227908705,388,Very Low,40.0,40.0,47.92143451650596,99.99999972667581,89.53714480686872,20.922247075377534,85.0,72.0,55.0,70.0,11.617055007257111,6.958824260061491,7.260659359690556,5.941059581517769,1.7786042824855206,2.90435754772991,11.303901097146174,3.6442195817540246,1.3918894235866066,1.1809970866795452,11.617055007257111,6.958824260061491,7.260659359690556,5.941059581517769,1.7786042824855206,2.90435754772991,11.303901097146174,3.6442195817540246,1.3918894235866066,1.1809970866795452,Zenia,B3,13,mid,Garden,119.62,7298056385
U-0181,A4.14.02,52.58242705251164,389,Very Low,40.0,40.0,21.65976719004556,70.3703702062652,91.67319790062005,48.2132055019102,85.0,100.0,85.0,70.0,11.617055007257111,3.1452838361392756,5.109352884795187,5.941059581517769,4.0986139523689085,2.973645684386157,11.303901097146174,5.061416085769479,2.1511018364520287,1.1809970866795452,11.617055007257111,3.1452838361392756,5.109352884795187,5.941059581517769,4.0986139523689085,2.973645684386157,11.303901097146174,5.061416085769479,2.1511018364520287,1.1809970866795452,Risa,A4,14,mid,Garden,179.08,12585243437
U-0056,A2.38.14,51.96321970976095,390,Very Low,40.0,35.0,23.644322872745576,3.283163128276979e-07,66.39562673185418,100.0,100.0,100.0,60.0,70.0,11.617055007257111,3.4334674927754105,2.383792916187e-08,5.198427133828048,8.501019398526658,2.153705482242776,13.298707173113144,5.061416085769479,1.5184248257308437,1.1809970866795452,11.617055007257111,3.4334674927754105,2.383792916187e-08,5.198427133828048,8.501019398526658,2.153705482242776,13.298707173113144,5.061416085769479,1.5184248257308437,1.1809970866795452,Lusso Saigon,A2,38,high,SkyVilla,153.11,10491682407
U-0203,A4.28.01,50.19664229744428,391,Very Low,40.0,40.0,0.0,70.37037021016666,85.30833748019958,29.26359646542264,100.0,94.0,100.0,100.0,11.617055007257111,0.0,5.109352885078457,5.941059581517769,2.4877040122321405,2.76718577948111,13.298707173113144,4.75773112062331,2.5307080428847395,1.6871386952564933,11.617055007257111,0.0,5.109352885078457,5.941059581517769,2.4877040122321405,2.76718577948111,13.298707173113144,4.75773112062331,2.5307080428847395,1.6871386952564933,Risa,A4,28,high,Garden,187.69,14556684950
U-0180,A4.14.01,49.16181761955169,392,Very Low,40.0,40.0,7.970196227419625,70.37037017325487,79.04985959214099,29.3296229777449,85.0,94.0,100.0,100.0,11.617055007257111,1.157377599907086,5.109352882398419,5.941059581517769,2.4933169388528262,2.564176653707766,11.303901097146174,4.75773112062331,2.5307080428847395,1.6871386952564933,11.617055007257111,1.157377599907086,5.109352882398419,5.941059581517769,2.4933169388528262,2.564176653707766,11.303901097146174,4.75773112062331,2.5307080428847395,1.6871386952564933,Risa,A4,14,mid,Garden,187.66,13979975574
