project_external_id,area_external_id,unit_external_id,source_system,source_instance_id,unit_code,subdivision,subdivision_raw,tower,floor,unit_number,unit_type_raw,gross_area_sqm,net_area_sqm,standard_price_vnd,loan_price_vnd,agency_name,unit_type_normalized,bedrooms,bathrooms,price_per_sqm_gross_vnd,price_per_sqm_net_vnd,area_efficiency_ratio,loan_premium_pct,floor_band,direction,balcony_direction,view,corner_unit_proxy,unit_status,lead_count,qualified_lead_count,booking_count,reservation_count,first_lead_at,first_booking_at,reserved_at,sold_at,days_to_first_lead,days_to_reserve,days_to_sell,source_revision,mirrored_revision,mirrored_at,data_profile,agency_name_origin,has_lead,has_booking,has_reservation,is_sold,stacking_price_million_vnd,project_name,project_status,project_launch_date,area_name,area_unit_type,area_bedrooms,area_sqm,area_total_units,area_status,last_sync_batch_id,deal_external_id,deal_status,deal_source_revision,deal_created_at,deal_updated_at,lost_at,deal_lifecycle_stage,physical_features_origin,crm_signals_origin
P-0001,A-0002,U-0001,mini_crm,mini-crm-dev,A1.06.05,Lusso Saigon,LUSSO,A1,6,5,2 PN,62.32,56.18,3057395419,3357020170,VNL,2PN,2,2,53867461,59754720,0.9015,9.8,low,Đông,Nam,Hồ bơi,False,sold,3,1,1,1,2025-07-17,2025-07-26,2025-08-03,2025-09-05,46,63,96,1,1,2025-05-31T00:00:00+00:00,demo,synthetic,1,1,1,1,3057,La Pura,active,2025-06-08,Lusso Saigon,2 PN,2,56.56,25,active,seed-batch-units-001,D-0001,sold,1,2025-07-26T09:00:00+07:00,2025-09-05T17:00:00+07:00,1970-01-01T00:00:00+00:00,sold,synthetic_v1_tower_stack_floor_band,synthetic_v1_causal_funnel
P-0001,A-0003,U-0002,mini_crm,mini-crm-dev,A1.06.15,Lusso Saigon,LUSSO,A1,6,15,3 PN,82.85,73.64,4894562022,5374229100,VNL,3PN,3,2,64866978,72979754,0.8888,9.8,low,Nam,Tây,Nội khu,True,available,1,0,0,0,2025-07-11,NO_BOOKING,NO_RESERVATION,NOT_SOLD,40,-1,-1,1,1,2025-05-31T00:00:00+00:00,demo,synthetic,1,0,0,0,4895,La Pura,active,2025-06-08,Lusso Saigon,3 PN,3,74.82,19,active,seed-batch-units-001,0,no_deal,0,1970-01-01T00:00:00+00:00,1970-01-01T00:00:00+00:00,1970-01-01T00:00:00+00:00,lead,synthetic_v1_tower_stack_floor_band,synthetic_v1_causal_funnel
P-0001,A-0002,U-0003,mini_crm,mini-crm-dev,A1.07.03,Lusso Saigon,LUSSO,A1,7,3,2 PN,62.86,56.09,2996732576,3290412368,VNL,2PN,2,2,52345090,58663084,0.8923,9.8,low,Đông Nam,Tây Nam,Cảnh quan nội khu,False,available,0,0,0,0,NO_LEAD,NO_BOOKING,NO_RESERVATION,NOT_SOLD,-1,-1,-1,1,1,2025-05-31T00:00:00+00:00,demo,synthetic,0,0,0,0,2997,La Pura,active,2025-06-08,Lusso Saigon,2 PN,2,56.56,25,active,seed-batch-units-001,0,no_deal,0,1970-01-01T00:00:00+00:00,1970-01-01T00:00:00+00:00,1970-01-01T00:00:00+00:00,no_lead,synthetic_v1_tower_stack_floor_band,synthetic_v1_causal_funnel
P-0001,A-0002,U-0004,mini_crm,mini-crm-dev,A1.07.14,Lusso Saigon,LUSSO,A1,7,14,2 PN,62.86,56.09,2893179773,3176711391,VNL,2PN,2,2,50536293,56635967,0.8923,9.8,low,Bắc,Đông,Cảnh quan nội khu,False,available,1,0,0,0,2025-07-14,NO_BOOKING,NO_RESERVATION,NOT_SOLD,43,-1,-1,1,1,2025-05-31T00:00:00+00:00,demo,synthetic,1,0,0,0,2893,La Pura,active,2025-06-08,Lusso Saigon,2 PN,2,56.56,25,active,seed-batch-units-001,0,no_deal,0,1970-01-01T00:00:00+00:00,1970-01-01T00:00:00+00:00,1970-01-01T00:00:00+00:00,lead,synthetic_v1_tower_stack_floor_band,synthetic_v1_causal_funnel
P-0001,A-0002,U-0005,mini_crm,mini-crm-dev,A1.09.03,Lusso Saigon,LUSSO,A1,9,3,2 PN,62.86,56.09,2978973270,3270912651,Cas,2PN,2,2,52034881,58315433,0.8923,9.8,low,Đông Nam,Tây Nam,Cảnh quan nội khu,False,reserved,3,3,1,1,2025-07-22,2025-08-05,2025-08-18,NOT_SOLD,51,78,-1,1,1,2025-05-31T00:00:00+00:00,demo,observed,1,1,1,0,2979,La Pura,active,2025-06-08,Lusso Saigon,2 PN,2,56.56,25,active,seed-batch-units-001,D-0002,reserved,1,2025-08-05T09:00:00+07:00,2025-08-18T17:00:00+07:00,1970-01-01T00:00:00+00:00,reserved,synthetic_v1_tower_stack_floor_band,synthetic_v1_causal_funnel
P-0001,A-0002,U-0006,mini_crm,mini-crm-dev,A1.11.05,Lusso Saigon,LUSSO,A1,11,5,2 PN,62.19,56.37,3007239668,3301949156,VNL,2PN,2,2,53094535,58576355,0.9064,9.8,low,Đông,Nam,Hồ bơi,False,sold,6,4,1,1,2025-07-20,2025-08-01,2025-08-12,2025-08-28,49,72,88,1,1,2025-05-31T00:00:00+00:00,demo,synthetic,1,1,1,1,3007,La Pura,active,2025-06-08,Lusso Saigon,2 PN,2,56.56,25,active,seed-batch-units-001,D-0003,sold,1,2025-08-01T09:00:00+07:00,2025-08-28T17:00:00+07:00,1970-01-01T00:00:00+00:00,sold,synthetic_v1_tower_stack_floor_band,synthetic_v1_causal_funnel
P-0001,A-0003,U-0007,mini_crm,mini-crm-dev,A1.13.02,Lusso Saigon,LUSSO,A1,13,2,3 PN,76.31,67.51,4611556229,5063488739,VNL,3PN,3,2,66354197,75003536,0.8847,9.8,mid,Nam,Tây,Thành phố,True,sold,2,2,1,1,2025-07-05,2025-07-13,2025-07-15,2025-07-27,34,44,56,1,1,2025-05-31T00:00:00+00:00,demo,synthetic,1,1,1,1,4612,La Pura,active,2025-06-08,Lusso Saigon,3 PN,3,74.82,19,active,seed-batch-units-001,D-0004,sold,1,2025-07-13T09:00:00+07:00,2025-07-27T17:00:00+07:00,1970-01-01T00:00:00+00:00,sold,synthetic_v1_tower_stack_floor_band,synthetic_v1_causal_funnel
P-0001,A-0002,U-0008,mini_crm,mini-crm-dev,A1.13.05,Lusso Saigon,LUSSO,A1,13,5,2 PN,62.19,56.37,2989669652,3282657278,VNL,2PN,2,2,52784327,58234119,0.9064,9.8,mid,Đông,Nam,Toàn cảnh,False,available,3,2,0,0,2025-07-17,NO_BOOKING,NO_RESERVATION,NOT_SOLD,46,-1,-1,1,1,2025-05-31T00:00:00+00:00,demo,synthetic,1,0,0,0,2990,La Pura,active,2025-06-08,Lusso Saigon,2 PN,2,56.56,25,active,seed-batch-units-001,0,no_deal,0,1970-01-01T00:00:00+00:00,1970-01-01T00:00:00+00:00,1970-01-01T00:00:00+00:00,lead,synthetic_v1_tower_stack_floor_band,synthetic_v1_causal_funnel
P-0001,A-0002,U-0009,mini_crm,mini-crm-dev,A1.13.06,Lusso Saigon,LUSSO,A1,13,6,2 PN,62.05,56.5,2983098092,3275441705,VNL,2PN,2,2,52787135,57972420,0.9106,9.8,mid,Tây,Bắc,Sông,False,available,3,2,0,0,2025-07-14,NO_BOOKING,NO_RESERVATION,NOT_SOLD,43,-1,-1,1,1,2025-05-31T00:00:00+00:00,demo,synthetic,1,0,0,0,2983,La Pura,active,2025-06-08,Lusso Saigon,2 PN,2,56.56,25,active,seed-batch-units-001,0,no_deal,0,1970-01-01T00:00:00+00:00,1970-01-01T00:00:00+00:00,1970-01-01T00:00:00+00:00,lead,synthetic_v1_tower_stack_floor_band,synthetic_v1_causal_funnel
P-0001,A-0002,U-0010,mini_crm,mini-crm-dev,A1.13.13,Lusso Saigon,LUSSO,A1,13,13,2 PN,63.15,55.79,2878685974,3160797200,VNL,2PN,2,2,50052212,56655264,0.8835,9.8,mid,Tây,Bắc,Cảnh quan nội khu,False,sold,6,2,1,1,2025-07-15,2025-07-27,2025-08-02,2025-08-18,44,62,78,1,1,2025-05-31T00:00:00+00:00,demo,synthetic,1,1,1,1,2879,La Pura,active,2025-06-08,Lusso Saigon,2 PN,2,56.56,25,active,seed-batch-units-001,D-0005,sold,1,2025-07-27T09:00:00+07:00,2025-08-18T17:00:00+07:00,1970-01-01T00:00:00+00:00,sold,synthetic_v1_tower_stack_floor_band,synthetic_v1_causal_funnel
P-0001,A-0003,U-0011,mini_crm,mini-crm-dev,A1.13.15,Lusso Saigon,LUSSO,A1,13,15,3 PN,82.93,74.31,4989688737,5478678233,VNL,3PN,3,2,66063888,73727335,0.8961,9.8,mid,Nam,Tây,Nội khu,True,sold,3,3,1,1,2025-07-15,2025-07-24,2025-08-06,2025-09-08,44,66,99,1,1,2025-05-31T00:00:00+00:00,demo,synthetic,1,1,1,1,4990,La Pura,active,2025-06-08,Lusso Saigon,3 PN,3,74.82,19,active,seed-batch-units-001,D-0006,sold,1,2025-07-24T09:00:00+07:00,2025-09-08T17:00:00+07:00,1970-01-01T00:00:00+00:00,sold,synthetic_v1_tower_stack_floor_band,synthetic_v1_causal_funnel
P-0001,A-0003,U-0012,mini_crm,mini-crm-dev,A1.17.02,Lusso Saigon,LUSSO,A1,17,2,3 PN,76.31,67.51,4659218373,5115821774,VNL,3PN,3,2,67039992,75778726,0.8847,9.8,mid,Nam,Tây,Thành phố,True,sold,3,3,1,1,2025-07-16,2025-08-04,2025-08-17,2025-09-29,45,77,120,1,1,2025-05-31T00:00:00+00:00,demo,synthetic,1,1,1,1,4659,La Pura,active,2025-06-08,Lusso Saigon,3 PN,3,74.82,19,active,seed-batch-units-001,D-0007,sold,1,2025-08-04T09:00:00+07:00,2025-09-29T17:00:00+07:00,1970-01-01T00:00:00+00:00,sold,synthetic_v1_tower_stack_floor_band,synthetic_v1_causal_funnel
P-0001,A-0005,U-0013,mini_crm,mini-crm-dev,A1.19.05,Lusso Saigon,LUSSO,A1,19,5,Căn hộ Loft,62.19,56.37,3535793361,3882301110,VNL,Loft,2,2,62426453,68871760,0.9064,9.8,mid,Đông,Nam,Toàn cảnh,False,available,2,1,0,0,2025-07-10,NO_BOOKING,NO_RESERVATION,NOT_SOLD,39,-1,-1,1,1,2025-05-31T00:00:00+00:00,demo,synthetic,1,0,0,0,3536,La Pura,active,2025-06-08,Lusso Saigon,Căn hộ Loft,2,60.1,4,active,seed-batch-units-001,0,no_deal,0,1970-01-01T00:00:00+00:00,1970-01-01T00:00:00+00:00,1970-01-01T00:00:00+00:00,lead,synthetic_v1_tower_stack_floor_band,synthetic_v1_causal_funnel
P-0001,A-0005,U-0014,mini_crm,mini-crm-dev,A1.19.10,Lusso Saigon,LUSSO,A1,19,10,Căn hộ Loft,67.79,60.15,4166553799,4574876072,VNL,Loft,2,2,67486002,76057790,0.8873,9.8,mid,Đông,Nam,Thành phố,False,available,0,0,0,0,NO_LEAD,NO_BOOKING,NO_RESERVATION,NOT_SOLD,-1,-1,-1,1,1,2025-05-31T00:00:00+00:00,demo,synthetic,0,0,0,0,4167,La Pura,active,2025-06-08,Lusso Saigon,Căn hộ Loft,2,60.1,4,active,seed-batch-units-001,0,no_deal,0,1970-01-01T00:00:00+00:00,1970-01-01T00:00:00+00:00,1970-01-01T00:00:00+00:00,no_lead,synthetic_v1_tower_stack_floor_band,synthetic_v1_causal_funnel
P-0001,A-0002,U-0015,mini_crm,mini-crm-dev,A1.22.05,Lusso Saigon,LUSSO,A1,22,5,2 PN,61.98,56.56,2901014223,3185313616,Cas,2PN,2,2,51392604,56317426,0.9126,9.8,mid,Đông,Nam,Toàn cảnh,False,available,1,0,0,0,2025-07-18,NO_BOOKING,NO_RESERVATION,NOT_SOLD,47,-1,-1,1,1,2025-05-31T00:00:00+00:00,demo,observed,1,0,0,0,2901,La Pura,active,2025-06-08,Lusso Saigon,2 PN,2,56.56,25,active,seed-batch-units-001,0,no_deal,0,1970-01-01T00:00:00+00:00,1970-01-01T00:00:00+00:00,1970-01-01T00:00:00+00:00,lead,synthetic_v1_tower_stack_floor_band,synthetic_v1_causal_funnel
P-0001,A-0003,U-0016,mini_crm,mini-crm-dev,A1.23.02,Lusso Saigon,LUSSO,A1,23,2,3 PN,76.39,68.12,4735406084,5199475880,VNL,3PN,3,2,68064876,76328184,0.8917,9.8,mid,Nam,Tây,Thành phố,True,sold,6,5,1,1,2025-07-09,2025-07-16,2025-07-22,2025-08-02,38,51,62,1,1,2025-05-31T00:00:00+00:00,demo,synthetic,1,1,1,1,4735,La Pura,active,2025-06-08,Lusso Saigon,3 PN,3,74.82,19,active,seed-batch-units-001,D-0008,sold,1,2025-07-16T09:00:00+07:00,2025-08-02T17:00:00+07:00,1970-01-01T00:00:00+00:00,sold,synthetic_v1_tower_stack_floor_band,synthetic_v1_causal_funnel
P-0001,A-0003,U-0017,mini_crm,mini-crm-dev,A1.25.15,Lusso Saigon,LUSSO,A1,25,15,3 PN,83.01,74.82,5149798922,5654479216,VNL,3PN,3,2,68118049,75574435,0.9013,9.8,mid,Nam,Tây,Nội khu,True,available,1,0,0,0,2025-07-17,NO_BOOKING,NO_RESERVATION,NOT_SOLD,46,-1,-1,1,1,2025-05-31T00:00:00+00:00,demo,synthetic,1,0,0,0,5150,La Pura,active,2025-06-08,Lusso Saigon,3 PN,3,74.82,19,active,seed-batch-units-001,0,no_deal,0,1970-01-01T00:00:00+00:00,1970-01-01T00:00:00+00:00,1970-01-01T00:00:00+00:00,lead,synthetic_v1_tower_stack_floor_band,synthetic_v1_causal_funnel
P-0001,A-0003,U-0018,mini_crm,mini-crm-dev,A1.28.15,Lusso Saigon,LUSSO,A1,28,15,3 PN,83.01,74.82,5188684074,5697175113,VNL,3PN,3,2,68632395,76145083,0.9013,9.8,high,Nam,Tây,Thành phố,True,reserved,5,4,1,1,2025-07-06,2025-07-12,2025-07-17,NOT_SOLD,35,46,-1,1,1,2025-05-31T00:00:00+00:00,demo,synthetic,1,1,1,0,5189,La Pura,active,2025-06-08,Lusso Saigon,3 PN,3,74.82,19,active,seed-batch-units-001,D-0009,reserved,1,2025-07-12T09:00:00+07:00,2025-07-17T17:00:00+07:00,1970-01-01T00:00:00+00:00,reserved,synthetic_v1_tower_stack_floor_band,synthetic_v1_causal_funnel
P-0001,A-0002,U-0019,mini_crm,mini-crm-dev,A1.29.05,Lusso Saigon,LUSSO,A1,29,5,2 PN,61.98,56.56,2839726820,3118020048,AKH,2PN,2,2,50306874,55127653,0.9126,9.8,high,Đông,Nam,Toàn cảnh,False,available,2,1,0,0,2025-07-15,NO_BOOKING,NO_RESERVATION,NOT_SOLD,44,-1,-1,1,1,2025-05-31T00:00:00+00:00,demo,observed,1,0,0,0,2840,La Pura,active,2025-06-08,Lusso Saigon,2 PN,2,56.56,25,active,seed-batch-units-001,0,no_deal,0,1970-01-01T00:00:00+00:00,1970-01-01T00:00:00+00:00,1970-01-01T00:00:00+00:00,lead,synthetic_v1_tower_stack_floor_band,synthetic_v1_causal_funnel
P-0001,A-0002,U-0020,mini_crm,mini-crm-dev,A1.32.14,Lusso Saigon,LUSSO,A1,32,14,2 PN,62.86,57.1,2671188454,2932964922,VSH,2PN,2,2,46658685,51365410,0.9084,9.8,high,Bắc,Đông,Hồ bơi,False,sold,3,2,1,1,2025-07-13,2025-07-17,2025-07-20,2025-07-28,42,49,57,1,1,2025-05-31T00:00:00+00:00,demo,observed,1,1,1,1,2671,La Pura,active,2025-06-08,Lusso Saigon,2 PN,2,56.56,25,active,seed-batch-units-001,D-0010,sold,1,2025-07-17T09:00:00+07:00,2025-07-28T17:00:00+07:00,1970-01-01T00:00:00+00:00,sold,synthetic_v1_tower_stack_floor_band,synthetic_v1_causal_funnel
P-0001,A-0003,U-0021,mini_crm,mini-crm-dev,A1.34.02,Lusso Saigon,LUSSO,A1,34,2,3 PN,76.39,68.56,4866614389,5343542600,VNL,3PN,3,2,69950813,77939653,0.8975,9.8,high,Nam,Tây,Thành phố,True,sold,6,3,1,1,2025-07-19,2025-07-26,2025-08-11,2025-08-22,48,71,82,1,1,2025-05-31T00:00:00+00:00,demo,synthetic,1,1,1,1,4867,La Pura,active,2025-06-08,Lusso Saigon,3 PN,3,74.82,19,active,seed-batch-units-001,D-0011,sold,1,2025-07-26T09:00:00+07:00,2025-08-22T17:00:00+07:00,1970-01-01T00:00:00+00:00,sold,synthetic_v1_tower_stack_floor_band,synthetic_v1_causal_funnel
P-0001,A-0003,U-0022,mini_crm,mini-crm-dev,A1.35.15,Lusso Saigon,LUSSO,A1,35,15,3 PN,83.01,75.24,5279416095,5796798872,VNL,3PN,3,2,69832537,77044110,0.9064,9.8,high,Nam,Tây,Thành phố,True,available,2,1,0,0,2025-07-06,NO_BOOKING,NO_RESERVATION,NOT_SOLD,35,-1,-1,1,1,2025-05-31T00:00:00+00:00,demo,synthetic,1,0,0,0,5279,La Pura,active,2025-06-08,Lusso Saigon,3 PN,3,74.82,19,active,seed-batch-units-001,0,no_deal,0,1970-01-01T00:00:00+00:00,1970-01-01T00:00:00+00:00,1970-01-01T00:00:00+00:00,lead,synthetic_v1_tower_stack_floor_band,synthetic_v1_causal_funnel
P-0001,A-0002,U-0023,mini_crm,mini-crm-dev,A1.37.05,Lusso Saigon,LUSSO,A1,37,5,2 PN,61.92,56.8,2767071106,3038244074,HBL,2PN,2,2,49067249,53490213,0.9173,9.8,high,Đông,Nam,Toàn cảnh,False,available,3,2,0,0,2025-07-26,NO_BOOKING,NO_RESERVATION,NOT_SOLD,55,-1,-1,1,1,2025-05-31T00:00:00+00:00,demo,observed,1,0,0,0,2767,La Pura,active,2025-06-08,Lusso Saigon,2 PN,2,56.56,25,active,seed-batch-units-001,0,no_deal,0,1970-01-01T00:00:00+00:00,1970-01-01T00:00:00+00:00,1970-01-01T00:00:00+00:00,lead,synthetic_v1_tower_stack_floor_band,synthetic_v1_causal_funnel
P-0001,A-0003,U-0024,mini_crm,mini-crm-dev,A2.05.02,Lusso Saigon,LUSSO,A2,5,2,3 PN,82.85,73.64,4889514574,5368687002,AKH,3PN,3,2,64800085,72904495,0.8888,9.8,low,Nam,Tây,Hồ bơi,True,available,3,2,0,0,2025-07-13,NO_BOOKING,NO_RESERVATION,NOT_SOLD,42,-1,-1,1,1,2025-05-31T00:00:00+00:00,demo,synthetic,1,0,0,0,4890,La Pura,active,2025-06-08,Lusso Saigon,3 PN,3,74.82,19,active,seed-batch-units-001,0,no_deal,0,1970-01-01T00:00:00+00:00,1970-01-01T00:00:00+00:00,1970-01-01T00:00:00+00:00,lead,synthetic_v1_tower_stack_floor_band,synthetic_v1_causal_funnel
P-0001,A-0001,U-0025,mini_crm,mini-crm-dev,A2.05.11,Lusso Saigon,LUSSO,A2,5,11,1 PN+,56.85,51.66,2982907435,3275232364,AKH,1PN+,1,1,57611827,63399775,0.9087,9.8,low,Đông Bắc,Đông Nam,Cảnh quan nội khu,False,available,1,0,0,0,2025-07-23,NO_BOOKING,NO_RESERVATION,NOT_SOLD,52,-1,-1,1,1,2025-05-31T00:00:00+00:00,demo,synthetic,1,0,0,0,2983,La Pura,active,2025-06-08,Lusso Saigon,1 PN+,1,51.66,7,active,seed-batch-units-001,0,no_deal,0,1970-01-01T00:00:00+00:00,1970-01-01T00:00:00+00:00,1970-01-01T00:00:00+00:00,lead,synthetic_v1_tower_stack_floor_band,synthetic_v1_causal_funnel
P-0001,A-0002,U-0026,mini_crm,mini-crm-dev,A2.05.12,Lusso Saigon,LUSSO,A2,5,12,2 PN,66.45,59.61,3419980863,3755138988,AKH,2PN,2,2,56510745,62995118,0.8971,9.8,low,Nam,Tây,Nội khu,False,reserved,6,2,1,1,2025-07-14,2025-07-26,2025-08-01,NOT_SOLD,43,61,-1,1,1,2025-05-31T00:00:00+00:00,demo,synthetic,1,1,1,0,3420,La Pura,active,2025-06-08,Lusso Saigon,2 PN,2,56.56,25,active,seed-batch-units-001,D-0012,reserved,1,2025-07-26T09:00:00+07:00,2025-08-01T17:00:00+07:00,1970-01-01T00:00:00+00:00,reserved,synthetic_v1_tower_stack_floor_band,synthetic_v1_causal_funnel
P-0001,A-0002,U-0027,mini_crm,mini-crm-dev,A2.05.13,Lusso Saigon,LUSSO,A2,5,13,2 PN,66.45,59.61,3365247458,3695041709,AKH,2PN,2,2,55606346,61986944,0.8971,9.8,low,Bắc,Đông,Nội khu,False,sold,5,4,1,1,2025-07-13,2025-07-24,2025-07-29,2025-09-02,42,58,93,1,1,2025-05-31T00:00:00+00:00,demo,synthetic,1,1,1,1,3365,La Pura,active,2025-06-08,Lusso Saigon,2 PN,2,56.56,25,active,seed-batch-units-001,D-0013,sold,1,2025-07-24T09:00:00+07:00,2025-09-02T17:00:00+07:00,1970-01-01T00:00:00+00:00,sold,synthetic_v1_tower_stack_floor_band,synthetic_v1_causal_funnel
P-0001,A-0002,U-0028,mini_crm,mini-crm-dev,A2.05.14,Lusso Saigon,LUSSO,A2,5,14,2 PN,67.04,59.77,3394501146,3727162258,AKH,2PN,2,2,55596096,62358412,0.8916,9.8,low,Tây Nam,Tây Bắc,Hồ bơi,False,available,3,2,0,0,2025-07-14,NO_BOOKING,NO_RESERVATION,NOT_SOLD,43,-1,-1,1,1,2025-05-31T00:00:00+00:00,demo,synthetic,1,0,0,0,3395,La Pura,active,2025-06-08,Lusso Saigon,2 PN,2,56.56,25,active,seed-batch-units-001,0,no_deal,0,1970-01-01T00:00:00+00:00,1970-01-01T00:00:00+00:00,1970-01-01T00:00:00+00:00,lead,synthetic_v1_tower_stack_floor_band,synthetic_v1_causal_funnel
P-0001,A-0001,U-0029,mini_crm,mini-crm-dev,A2.06.11,Lusso Saigon,LUSSO,A2,6,11,1 PN+,56.85,51.66,2990938111,3284050045,AKH,1PN+,1,1,57766931,63570462,0.9087,9.8,low,Đông Bắc,Đông Nam,Cảnh quan nội khu,False,reserved,3,2,1,1,2025-07-12,2025-07-21,2025-07-24,NOT_SOLD,41,53,-1,1,1,2025-05-31T00:00:00+00:00,demo,synthetic,1,1,1,0,2991,La Pura,active,2025-06-08,Lusso Saigon,1 PN+,1,51.66,7,active,seed-batch-units-001,D-0014,reserved,1,2025-07-21T09:00:00+07:00,2025-07-24T17:00:00+07:00,1970-01-01T00:00:00+00:00,reserved,synthetic_v1_tower_stack_floor_band,synthetic_v1_causal_funnel
P-0001,A-0002,U-0030,mini_crm,mini-crm-dev,A2.06.13,Lusso Saigon,LUSSO,A2,6,13,2 PN,66.45,59.61,3374634237,3705348392,AKH,2PN,2,2,55761451,62159846,0.8971,9.8,low,Bắc,Đông,Nội khu,False,reserved,6,4,1,1,2025-07-19,2025-07-31,2025-08-11,NOT_SOLD,48,71,-1,1,1,2025-05-31T00:00:00+00:00,demo,synthetic,1,1,1,0,3375,La Pura,active,2025-06-08,Lusso Saigon,2 PN,2,56.56,25,active,seed-batch-units-001,D-0015,reserved,1,2025-07-31T09:00:00+07:00,2025-08-11T17:00:00+07:00,1970-01-01T00:00:00+00:00,reserved,synthetic_v1_tower_stack_floor_band,synthetic_v1_causal_funnel
P-0001,A-0001,U-0031,mini_crm,mini-crm-dev,A2.07.11,Lusso Saigon,LUSSO,A2,7,11,1 PN+,56.85,51.66,2998968786,3292867727,AKH,1PN+,1,1,57922036,63741148,0.9087,9.8,low,Đông Bắc,Đông Nam,Cảnh quan nội khu,False,sold,5,4,1,1,2025-07-24,2025-07-30,2025-08-14,2025-09-13,53,74,104,1,1,2025-05-31T00:00:00+00:00,demo,synthetic,1,1,1,1,2999,La Pura,active,2025-06-08,Lusso Saigon,1 PN+,1,51.66,7,active,seed-batch-units-001,D-0016,sold,1,2025-07-30T09:00:00+07:00,2025-09-13T17:00:00+07:00,1970-01-01T00:00:00+00:00,sold,synthetic_v1_tower_stack_floor_band,synthetic_v1_causal_funnel
P-0001,A-0002,U-0032,mini_crm,mini-crm-dev,A2.07.13,Lusso Saigon,LUSSO,A2,7,13,2 PN,66.45,59.61,3384021016,3715655075,AKH,2PN,2,2,55916555,62332747,0.8971,9.8,low,Bắc,Đông,Nội khu,False,sold,5,4,1,1,2025-07-23,2025-08-13,2025-08-28,2025-09-22,52,88,113,1,1,2025-05-31T00:00:00+00:00,demo,synthetic,1,1,1,1,3384,La Pura,active,2025-06-08,Lusso Saigon,2 PN,2,56.56,25,active,seed-batch-units-001,D-0017,sold,1,2025-08-13T09:00:00+07:00,2025-09-22T17:00:00+07:00,1970-01-01T00:00:00+00:00,sold,synthetic_v1_tower_stack_floor_band,synthetic_v1_causal_funnel
P-0001,A-0003,U-0033,mini_crm,mini-crm-dev,A2.07.15,Lusso Saigon,LUSSO,A2,7,15,3 PN,88.96,79.59,5502234542,6041453527,AKH,3PN,3,2,67912023,75907193,0.8947,9.8,low,Bắc,Đông,Cảnh quan nội khu,True,reserved,5,4,1,1,2025-07-10,2025-07-31,2025-08-10,NOT_SOLD,39,70,-1,1,1,2025-05-31T00:00:00+00:00,demo,synthetic,1,1,1,0,5502,La Pura,active,2025-06-08,Lusso Saigon,3 PN,3,74.82,19,active,seed-batch-units-001,D-0018,reserved,1,2025-07-31T09:00:00+07:00,2025-08-10T17:00:00+07:00,1970-01-01T00:00:00+00:00,reserved,synthetic_v1_tower_stack_floor_band,synthetic_v1_causal_funnel
P-0001,A-0002,U-0034,mini_crm,mini-crm-dev,A2.08.04,Lusso Saigon,LUSSO,A2,8,4,2 PN,63.1,55.43,2920694854,3206922949,AKH,2PN,2,2,50822868,57855366,0.8784,9.8,low,Nam,Tây,Hồ bơi,False,reserved,2,1,1,1,2025-07-11,2025-07-14,2025-07-16,NOT_SOLD,40,45,-1,1,1,2025-05-31T00:00:00+00:00,demo,synthetic,1,1,1,0,2921,La Pura,active,2025-06-08,Lusso Saigon,2 PN,2,56.56,25,active,seed-batch-units-001,D-0019,reserved,1,2025-07-14T09:00:00+07:00,2025-07-16T17:00:00+07:00,1970-01-01T00:00:00+00:00,reserved,synthetic_v1_tower_stack_floor_band,synthetic_v1_causal_funnel
P-0001,A-0001,U-0035,mini_crm,mini-crm-dev,A2.09.11,Lusso Saigon,LUSSO,A2,9,11,1 PN+,56.85,51.66,3015030137,3310503090,AKH,1PN+,1,1,58232244,64082522,0.9087,9.8,low,Đông Bắc,Đông Nam,Cảnh quan nội khu,False,available,2,1,0,0,2025-07-19,NO_BOOKING,NO_RESERVATION,NOT_SOLD,48,-1,-1,1,1,2025-05-31T00:00:00+00:00,demo,synthetic,1,0,0,0,3015,La Pura,active,2025-06-08,Lusso Saigon,1 PN+,1,51.66,7,active,seed-batch-units-001,0,no_deal,0,1970-01-01T00:00:00+00:00,1970-01-01T00:00:00+00:00,1970-01-01T00:00:00+00:00,lead,synthetic_v1_tower_stack_floor_band,synthetic_v1_causal_funnel
P-0001,A-0002,U-0036,mini_crm,mini-crm-dev,A2.10.04,Lusso Saigon,LUSSO,A2,10,4,2 PN,63.1,55.43,2902867743,3187348782,AKH,2PN,2,2,50512659,57502233,0.8784,9.8,low,Nam,Tây,Hồ bơi,False,available,3,2,0,0,2025-07-25,NO_BOOKING,NO_RESERVATION,NOT_SOLD,54,-1,-1,1,1,2025-05-31T00:00:00+00:00,demo,synthetic,1,0,0,0,2903,La Pura,active,2025-06-08,Lusso Saigon,2 PN,2,56.56,25,active,seed-batch-units-001,0,no_deal,0,1970-01-01T00:00:00+00:00,1970-01-01T00:00:00+00:00,1970-01-01T00:00:00+00:00,lead,synthetic_v1_tower_stack_floor_band,synthetic_v1_causal_funnel
P-0001,A-0003,U-0037,mini_crm,mini-crm-dev,A2.12.02,Lusso Saigon,LUSSO,A2,12,2,3 PN,82.93,74.31,4984636415,5473130783,AKH,3PN,3,2,65996995,73652682,0.8961,9.8,low,Nam,Tây,Hồ bơi,True,available,0,0,0,0,NO_LEAD,NO_BOOKING,NO_RESERVATION,NOT_SOLD,-1,-1,-1,1,1,2025-05-31T00:00:00+00:00,demo,synthetic,0,0,0,0,4985,La Pura,active,2025-06-08,Lusso Saigon,3 PN,3,74.82,19,active,seed-batch-units-001,0,no_deal,0,1970-01-01T00:00:00+00:00,1970-01-01T00:00:00+00:00,1970-01-01T00:00:00+00:00,no_lead,synthetic_v1_tower_stack_floor_band,synthetic_v1_causal_funnel
P-0001,A-0003,U-0038,mini_crm,mini-crm-dev,A2.12.15,Lusso Saigon,LUSSO,A2,12,15,3 PN,89.04,80.29,5549344207,6093179940,AKH,3PN,3,2,68431940,75889649,0.9017,9.8,low,Bắc,Đông,Cảnh quan nội khu,True,sold,2,1,1,1,2025-07-12,2025-07-25,2025-08-06,2025-08-23,41,66,83,1,1,2025-05-31T00:00:00+00:00,demo,synthetic,1,1,1,1,5549,La Pura,active,2025-06-08,Lusso Saigon,3 PN,3,74.82,19,active,seed-batch-units-001,D-0020,sold,1,2025-07-25T09:00:00+07:00,2025-08-23T17:00:00+07:00,1970-01-01T00:00:00+00:00,sold,synthetic_v1_tower_stack_floor_band,synthetic_v1_causal_funnel
P-0001,A-0002,U-0039,mini_crm,mini-crm-dev,A2.13.03,Lusso Saigon,LUSSO,A2,13,3,2 PN,62.86,56.44,2839567669,3117845300,AKH,2PN,2,2,49599830,55241766,0.8979,9.8,mid,Nam,Tây,Sông,False,available,3,2,0,0,2025-07-19,NO_BOOKING,NO_RESERVATION,NOT_SOLD,48,-1,-1,1,1,2025-05-31T00:00:00+00:00,demo,synthetic,1,0,0,0,2840,La Pura,active,2025-06-08,Lusso Saigon,2 PN,2,56.56,25,active,seed-batch-units-001,0,no_deal,0,1970-01-01T00:00:00+00:00,1970-01-01T00:00:00+00:00,1970-01-01T00:00:00+00:00,lead,synthetic_v1_tower_stack_floor_band,synthetic_v1_causal_funnel
P-0001,A-0001,U-0040,mini_crm,mini-crm-dev,A2.13.11,Lusso Saigon,LUSSO,A2,13,11,1 PN+,56.85,51.99,3047152839,3345773817,AKH,1PN+,1,1,58852662,64354180,0.9145,9.8,mid,Đông Bắc,Đông Nam,Hồ bơi,False,sold,6,4,1,1,2025-07-20,2025-08-11,2025-08-22,2025-10-07,49,82,128,1,1,2025-05-31T00:00:00+00:00,demo,synthetic,1,1,1,1,3047,La Pura,active,2025-06-08,Lusso Saigon,1 PN+,1,51.66,7,active,seed-batch-units-001,D-0021,sold,1,2025-08-11T09:00:00+07:00,2025-10-07T17:00:00+07:00,1970-01-01T00:00:00+00:00,sold,synthetic_v1_tower_stack_floor_band,synthetic_v1_causal_funnel
P-0001,A-0005,U-0041,mini_crm,mini-crm-dev,A2.19.07,Lusso Saigon,LUSSO,A2,19,7,Căn hộ Loft,67.79,60.15,4146259545,4552592980,AKH,Loft,2,2,67157294,75687331,0.8873,9.8,mid,Bắc,Đông,Nội khu,False,available,3,2,0,0,2025-07-07,NO_BOOKING,NO_RESERVATION,NOT_SOLD,36,-1,-1,1,1,2025-05-31T00:00:00+00:00,demo,synthetic,1,0,0,0,4146,La Pura,active,2025-06-08,Lusso Saigon,Căn hộ Loft,2,60.1,4,active,seed-batch-units-001,0,no_deal,0,1970-01-01T00:00:00+00:00,1970-01-01T00:00:00+00:00,1970-01-01T00:00:00+00:00,lead,synthetic_v1_tower_stack_floor_band,synthetic_v1_causal_funnel
P-0001,A-0005,U-0042,mini_crm,mini-crm-dev,A2.19.13,Lusso Saigon,LUSSO,A2,19,13,Căn hộ Loft,66.45,60.05,4210156322,4622751642,AKH,Loft,2,2,69567369,76981709,0.9037,9.8,mid,Bắc,Đông,Nội khu,False,available,2,1,0,0,2025-07-08,NO_BOOKING,NO_RESERVATION,NOT_SOLD,37,-1,-1,1,1,2025-05-31T00:00:00+00:00,demo,synthetic,1,0,0,0,4210,La Pura,active,2025-06-08,Lusso Saigon,Căn hộ Loft,2,60.1,4,active,seed-batch-units-001,0,no_deal,0,1970-01-01T00:00:00+00:00,1970-01-01T00:00:00+00:00,1970-01-01T00:00:00+00:00,lead,synthetic_v1_tower_stack_floor_band,synthetic_v1_causal_funnel
P-0001,A-0003,U-0043,mini_crm,mini-crm-dev,A2.21.02,Lusso Saigon,LUSSO,A2,21,2,3 PN,83.01,74.82,5105856574,5606230518,AKH,3PN,3,2,67536809,74929571,0.9013,9.8,mid,Nam,Tây,Hồ bơi,True,available,1,0,0,0,2025-07-04,NO_BOOKING,NO_RESERVATION,NOT_SOLD,33,-1,-1,1,1,2025-05-31T00:00:00+00:00,demo,synthetic,1,0,0,0,5106,La Pura,active,2025-06-08,Lusso Saigon,3 PN,3,74.82,19,active,seed-batch-units-001,0,no_deal,0,1970-01-01T00:00:00+00:00,1970-01-01T00:00:00+00:00,1970-01-01T00:00:00+00:00,lead,synthetic_v1_tower_stack_floor_band,synthetic_v1_causal_funnel
P-0001,A-0001,U-0044,mini_crm,mini-crm-dev,A2.22.11,Lusso Saigon,LUSSO,A2,22,11,1 PN+,56.85,52.17,3119428918,3425132952,MEGA REALTY,1PN+,1,1,60248601,65653306,0.9177,9.8,mid,Đông Bắc,Đông Nam,Hồ bơi,False,available,3,2,0,0,2025-07-13,NO_BOOKING,NO_RESERVATION,NOT_SOLD,42,-1,-1,1,1,2025-05-31T00:00:00+00:00,demo,observed,1,0,0,0,3119,La Pura,active,2025-06-08,Lusso Saigon,1 PN+,1,51.66,7,active,seed-batch-units-001,0,no_deal,0,1970-01-01T00:00:00+00:00,1970-01-01T00:00:00+00:00,1970-01-01T00:00:00+00:00,lead,synthetic_v1_tower_stack_floor_band,synthetic_v1_causal_funnel
P-0001,A-0003,U-0045,mini_crm,mini-crm-dev,A2.26.02,Lusso Saigon,LUSSO,A2,26,2,3 PN,83.01,74.82,5145511766,5649771919,AKH,3PN,3,2,68061341,75511520,0.9013,9.8,high,Nam,Tây,Toàn cảnh,True,sold,3,2,1,1,2025-07-05,2025-07-24,2025-07-27,2025-09-08,34,56,99,1,1,2025-05-31T00:00:00+00:00,demo,synthetic,1,1,1,1,5146,La Pura,active,2025-06-08,Lusso Saigon,3 PN,3,74.82,19,active,seed-batch-units-001,D-0022,sold,1,2025-07-24T09:00:00+07:00,2025-09-08T17:00:00+07:00,1970-01-01T00:00:00+00:00,sold,synthetic_v1_tower_stack_floor_band,synthetic_v1_causal_funnel
P-0001,A-0001,U-0046,mini_crm,mini-crm-dev,A2.29.11,Lusso Saigon,LUSSO,A2,29,11,1 PN+,56.85,52.17,3175643647,3486856724,AKH,1PN+,1,1,61334331,66836433,0.9177,9.8,high,Đông Bắc,Đông Nam,Hồ bơi,False,reserved,5,4,1,1,2025-07-18,2025-07-24,2025-08-03,NOT_SOLD,47,63,-1,1,1,2025-05-31T00:00:00+00:00,demo,synthetic,1,1,1,0,3176,La Pura,active,2025-06-08,Lusso Saigon,1 PN+,1,51.66,7,active,seed-batch-units-001,D-0023,reserved,1,2025-07-24T09:00:00+07:00,2025-08-03T17:00:00+07:00,1970-01-01T00:00:00+00:00,reserved,synthetic_v1_tower_stack_floor_band,synthetic_v1_causal_funnel
P-0001,A-0004,U-0047,mini_crm,mini-crm-dev,A2.31.10,Lusso Saigon,LUSSO,A2,31,10,4 PN,126.79,114.68,7284460421,7998337542,AKH,4PN,4,3,63083347,69744834,0.9045,9.8,high,Tây Nam,Tây Bắc,Hồ bơi,False,sold,3,1,1,1,2025-07-02,2025-07-06,2025-07-14,2025-08-11,31,43,71,1,1,2025-05-31T00:00:00+00:00,demo,synthetic,1,1,1,1,7284,La Pura,active,2025-06-08,Lusso Saigon,4 PN,4,114.68,3,active,seed-batch-units-001,D-0024,sold,1,2025-07-06T09:00:00+07:00,2025-08-11T17:00:00+07:00,1970-01-01T00:00:00+00:00,sold,synthetic_v1_tower_stack_floor_band,synthetic_v1_causal_funnel
P-0001,A-0003,U-0048,mini_crm,mini-crm-dev,A2.31.15,Lusso Saigon,LUSSO,A2,31,15,3 PN,87.09,80.36,5044265135,5538603118,AKH,3PN,3,2,63596316,68922388,0.9227,9.8,high,Bắc,Đông,Hồ bơi,True,sold,3,2,1,1,2025-07-05,2025-07-14,2025-07-17,2025-08-19,34,46,79,1,1,2025-05-31T00:00:00+00:00,demo,synthetic,1,1,1,1,5044,La Pura,active,2025-06-08,Lusso Saigon,3 PN,3,74.82,19,active,seed-batch-units-001,D-0025,sold,1,2025-07-14T09:00:00+07:00,2025-08-19T17:00:00+07:00,1970-01-01T00:00:00+00:00,sold,synthetic_v1_tower_stack_floor_band,synthetic_v1_causal_funnel
P-0001,A-0002,U-0049,mini_crm,mini-crm-dev,A2.33.04,Lusso Saigon,LUSSO,A2,33,4,2 PN,63.1,56.75,2697855969,2962245854,MKL,2PN,2,2,46945259,52198165,0.8994,9.8,high,Nam,Tây,Toàn cảnh,False,available,1,0,0,0,2025-07-16,NO_BOOKING,NO_RESERVATION,NOT_SOLD,45,-1,-1,1,1,2025-05-31T00:00:00+00:00,demo,observed,1,0,0,0,2698,La Pura,active,2025-06-08,Lusso Saigon,2 PN,2,56.56,25,active,seed-batch-units-001,0,no_deal,0,1970-01-01T00:00:00+00:00,1970-01-01T00:00:00+00:00,1970-01-01T00:00:00+00:00,lead,synthetic_v1_tower_stack_floor_band,synthetic_v1_causal_funnel
P-0001,A-0003,U-0050,mini_crm,mini-crm-dev,A2.33.15,Lusso Saigon,LUSSO,A2,33,15,3 PN,87.09,80.36,5046791913,5541377520,AKH,3PN,3,2,63628172,68956913,0.9227,9.8,high,Bắc,Đông,Hồ bơi,True,reserved,2,1,1,1,2025-07-04,2025-07-17,2025-07-19,NOT_SOLD,33,48,-1,1,1,2025-05-31T00:00:00+00:00,demo,synthetic,1,1,1,0,5047,La Pura,active,2025-06-08,Lusso Saigon,3 PN,3,74.82,19,active,seed-batch-units-001,D-0026,reserved,1,2025-07-17T09:00:00+07:00,2025-07-19T17:00:00+07:00,1970-01-01T00:00:00+00:00,reserved,synthetic_v1_tower_stack_floor_band,synthetic_v1_causal_funnel
P-0001,A-0002,U-0051,mini_crm,mini-crm-dev,A2.34.12,Lusso Saigon,LUSSO,A2,34,12,2 PN,66.45,60.75,3692197454,4054032805,AKH,2PN,2,2,61008771,66733050,0.9142,9.8,high,Nam,Tây,Sông,False,available,2,1,0,0,2025-07-23,NO_BOOKING,NO_RESERVATION,NOT_SOLD,52,-1,-1,1,1,2025-05-31T00:00:00+00:00,demo,synthetic,1,0,0,0,3692,La Pura,active,2025-06-08,Lusso Saigon,2 PN,2,56.56,25,active,seed-batch-units-001,0,no_deal,0,1970-01-01T00:00:00+00:00,1970-01-01T00:00:00+00:00,1970-01-01T00:00:00+00:00,lead,synthetic_v1_tower_stack_floor_band,synthetic_v1_causal_funnel
P-0001,A-0002,U-0052,mini_crm,mini-crm-dev,A2.34.03,Lusso Saigon,LUSSO,A2,34,3,2 PN,62.86,57.1,2653094960,2913098266,Azh,2PN,2,2,46342639,51017483,0.9084,9.8,high,Nam,Tây,Sông,False,available,1,0,0,0,2025-07-13,NO_BOOKING,NO_RESERVATION,NOT_SOLD,42,-1,-1,1,1,2025-05-31T00:00:00+00:00,demo,observed,1,0,0,0,2653,La Pura,active,2025-06-08,Lusso Saigon,2 PN,2,56.56,25,active,seed-batch-units-001,0,no_deal,0,1970-01-01T00:00:00+00:00,1970-01-01T00:00:00+00:00,1970-01-01T00:00:00+00:00,lead,synthetic_v1_tower_stack_floor_band,synthetic_v1_causal_funnel
P-0001,A-0002,U-0053,mini_crm,mini-crm-dev,A2.34.04,Lusso Saigon,LUSSO,A2,34,4,2 PN,63.1,56.75,2688942414,2952458770,HANA,2PN,2,2,46790155,52025705,0.8994,9.8,high,Nam,Tây,Toàn cảnh,False,available,1,0,0,0,2025-07-14,NO_BOOKING,NO_RESERVATION,NOT_SOLD,43,-1,-1,1,1,2025-05-31T00:00:00+00:00,demo,observed,1,0,0,0,2689,La Pura,active,2025-06-08,Lusso Saigon,2 PN,2,56.56,25,active,seed-batch-units-001,0,no_deal,0,1970-01-01T00:00:00+00:00,1970-01-01T00:00:00+00:00,1970-01-01T00:00:00+00:00,lead,synthetic_v1_tower_stack_floor_band,synthetic_v1_causal_funnel
P-0001,A-0003,U-0054,mini_crm,mini-crm-dev,A2.35.02,Lusso Saigon,LUSSO,A2,35,2,3 PN,83.01,75.24,5287320617,5805478037,AKH,3PN,3,2,69937092,77159464,0.9064,9.8,high,Nam,Tây,Toàn cảnh,True,reserved,6,4,1,1,2025-07-12,2025-08-03,2025-08-14,NOT_SOLD,41,74,-1,1,1,2025-05-31T00:00:00+00:00,demo,synthetic,1,1,1,0,5287,La Pura,active,2025-06-08,Lusso Saigon,3 PN,3,74.82,19,active,seed-batch-units-001,D-0027,reserved,1,2025-08-03T09:00:00+07:00,2025-08-14T17:00:00+07:00,1970-01-01T00:00:00+00:00,reserved,synthetic_v1_tower_stack_floor_band,synthetic_v1_causal_funnel
P-0001,A-0003,U-0055,mini_crm,mini-crm-dev,A2.37.15,Lusso Saigon,LUSSO,A2,37,15,3 PN,87.09,80.36,5125857904,5628191978,AKH,3PN,3,2,64625008,70037232,0.9227,9.8,high,Bắc,Đông,Hồ bơi,True,available,2,1,0,0,2025-07-14,NO_BOOKING,NO_RESERVATION,NOT_SOLD,43,-1,-1,1,1,2025-05-31T00:00:00+00:00,demo,synthetic,1,0,0,0,5126,La Pura,active,2025-06-08,Lusso Saigon,3 PN,3,74.82,19,active,seed-batch-units-001,0,no_deal,0,1970-01-01T00:00:00+00:00,1970-01-01T00:00:00+00:00,1970-01-01T00:00:00+00:00,lead,synthetic_v1_tower_stack_floor_band,synthetic_v1_causal_funnel
P-0001,A-0006,U-0056,mini_crm,mini-crm-dev,A2.38.14,Lusso Saigon,LUSSO,A2,38,14,Sky villa,153.11,139.11,10491682407,11519867283,AKH,SkyVilla,4,4,75239157,82811209,0.9086,9.8,high,Tây Nam,Tây Bắc,Toàn cảnh,False,reserved,3,2,1,1,2025-06-16,2025-06-25,2025-06-28,NOT_SOLD,15,27,-1,1,1,2025-05-31T00:00:00+00:00,demo,synthetic,1,1,1,0,10492,La Pura,active,2025-06-08,Lusso Saigon,Sky villa,4,139.11,1,active,seed-batch-units-001,D-0028,reserved,1,2025-06-25T09:00:00+07:00,2025-06-28T17:00:00+07:00,1970-01-01T00:00:00+00:00,reserved,synthetic_v1_tower_stack_floor_band,synthetic_v1_causal_funnel
P-0001,A-0002,U-0057,mini_crm,mini-crm-dev,A2.39.04,Lusso Saigon,LUSSO,A2,39,4,2 PN,63.1,56.75,2644374637,2903523351,AKH,2PN,2,2,46014633,51163407,0.8994,9.8,high,Nam,Tây,Toàn cảnh,False,reserved,2,2,1,1,2025-07-17,2025-07-25,2025-08-01,NOT_SOLD,46,61,-1,1,1,2025-05-31T00:00:00+00:00,demo,synthetic,1,1,1,0,2644,La Pura,active,2025-06-08,Lusso Saigon,2 PN,2,56.56,25,active,seed-batch-units-001,D-0029,reserved,1,2025-07-25T09:00:00+07:00,2025-08-01T17:00:00+07:00,1970-01-01T00:00:00+00:00,reserved,synthetic_v1_tower_stack_floor_band,synthetic_v1_causal_funnel
P-0001,A-0004,U-0058,mini_crm,mini-crm-dev,A2.32.10,Lusso Saigon,LUSSO,A2,32,10,4 PN,126.79,114.68,7302278449,8017901737,VNL,4PN,4,3,63237651,69915432,0.9045,9.8,high,Tây Nam,Tây Bắc,Hồ bơi,False,sold,6,2,1,1,2025-06-30,2025-07-22,2025-07-28,2025-09-12,29,57,103,1,1,2025-05-31T00:00:00+00:00,demo,observed,1,1,1,1,7302,La Pura,active,2025-06-08,Lusso Saigon,4 PN,4,114.68,3,active,seed-batch-units-001,D-0030,sold,1,2025-07-22T09:00:00+07:00,2025-09-12T17:00:00+07:00,1970-01-01T00:00:00+00:00,sold,synthetic_v1_tower_stack_floor_band,synthetic_v1_causal_funnel
P-0001,A-0004,U-0059,mini_crm,mini-crm-dev,A2.36.10,Lusso Saigon,LUSSO,A2,36,10,4 PN,126.79,114.68,7373550562,8096158517,AKH,4PN,4,3,63854866,70597825,0.9045,9.8,high,Tây Nam,Tây Bắc,Hồ bơi,False,available,2,1,0,0,2025-06-26,NO_BOOKING,NO_RESERVATION,NOT_SOLD,25,-1,-1,1,1,2025-05-31T00:00:00+00:00,demo,synthetic,1,0,0,0,7374,La Pura,active,2025-06-08,Lusso Saigon,4 PN,4,114.68,3,active,seed-batch-units-001,0,no_deal,0,1970-01-01T00:00:00+00:00,1970-01-01T00:00:00+00:00,1970-01-01T00:00:00+00:00,lead,synthetic_v1_tower_stack_floor_band,synthetic_v1_causal_funnel
P-0001,A-0009,U-0060,mini_crm,mini-crm-dev,B2.05.03,Lusso d'Arte,Lusso d'Arte,B2,5,3,2 PN,67.04,59.77,3359893439,3689162996,HBL,2PN,2,2,55029281,61722653,0.8916,9.8,low,Đông Nam,Tây Nam,Nội khu,True,reserved,3,3,1,1,2025-08-10,2025-08-29,2025-09-11,NOT_SOLD,50,82,-1,1,1,2025-05-31T00:00:00+00:00,demo,synthetic,1,1,1,0,3360,La Pura,active,2025-06-08,Lusso d'Arte,2 PN,2,60.13,45,active,seed-batch-units-001,D-0031,reserved,1,2025-08-29T09:00:00+07:00,2025-09-11T17:00:00+07:00,1970-01-01T00:00:00+00:00,reserved,synthetic_v1_tower_stack_floor_band,synthetic_v1_causal_funnel
P-0001,A-0008,U-0061,mini_crm,mini-crm-dev,B2.05.12,Lusso d'Arte,Lusso d'Arte,B2,5,12,1 PN+,55.86,49.72,2694612019,2958683997,HBL,1PN+,1,1,52966058,59506919,0.8901,9.8,low,Đông Nam,Tây Nam,Nội khu,False,available,1,0,0,0,2025-08-02,NO_BOOKING,NO_RESERVATION,NOT_SOLD,42,-1,-1,1,1,2025-05-31T00:00:00+00:00,demo,synthetic,1,0,0,0,2695,La Pura,active,2025-06-08,Lusso d'Arte,1 PN+,1,50.14,6,active,seed-batch-units-001,0,no_deal,0,1970-01-01T00:00:00+00:00,1970-01-01T00:00:00+00:00,1970-01-01T00:00:00+00:00,lead,synthetic_v1_tower_stack_floor_band,synthetic_v1_causal_funnel
P-0001,A-0009,U-0062,mini_crm,mini-crm-dev,B2.05.14,Lusso d'Arte,Lusso d'Arte,B2,5,14,2 PN,62.86,56.09,3057575701,3357218120,HBL,2PN,2,2,53407861,59854129,0.8923,9.8,low,Tây,Bắc,Nội khu,True,reserved,6,1,1,1,2025-08-09,2025-08-26,2025-09-06,NOT_SOLD,49,77,-1,1,1,2025-05-31T00:00:00+00:00,demo,synthetic,1,1,1,0,3058,La Pura,active,2025-06-08,Lusso d'Arte,2 PN,2,60.13,45,active,seed-batch-units-001,D-0032,reserved,1,2025-08-26T09:00:00+07:00,2025-09-06T17:00:00+07:00,1970-01-01T00:00:00+00:00,reserved,synthetic_v1_tower_stack_floor_band,synthetic_v1_causal_funnel
P-0001,A-0009,U-0063,mini_crm,mini-crm-dev,B2.06.03,Lusso d'Arte,Lusso d'Arte,B2,6,3,2 PN,67.04,59.77,3370082373,3700350445,HBL,2PN,2,2,55196158,61909828,0.8916,9.8,low,Đông Nam,Tây Nam,Nội khu,True,available,2,1,0,0,2025-08-01,NO_BOOKING,NO_RESERVATION,NOT_SOLD,41,-1,-1,1,1,2025-05-31T00:00:00+00:00,demo,synthetic,1,0,0,0,3370,La Pura,active,2025-06-08,Lusso d'Arte,2 PN,2,60.13,45,active,seed-batch-units-001,0,no_deal,0,1970-01-01T00:00:00+00:00,1970-01-01T00:00:00+00:00,1970-01-01T00:00:00+00:00,lead,synthetic_v1_tower_stack_floor_band,synthetic_v1_causal_funnel
P-0001,A-0009,U-0064,mini_crm,mini-crm-dev,B2.06.04,Lusso d'Arte,Lusso d'Arte,B2,6,4,2 PN,66.45,59.61,3340980371,3668396447,HBL,2PN,2,2,55205364,61539950,0.8971,9.8,low,Đông,Nam,Nội khu,False,available,1,0,0,0,2025-07-31,NO_BOOKING,NO_RESERVATION,NOT_SOLD,40,-1,-1,1,1,2025-05-31T00:00:00+00:00,demo,synthetic,1,0,0,0,3341,La Pura,active,2025-06-08,Lusso d'Arte,2 PN,2,60.13,45,active,seed-batch-units-001,0,no_deal,0,1970-01-01T00:00:00+00:00,1970-01-01T00:00:00+00:00,1970-01-01T00:00:00+00:00,lead,synthetic_v1_tower_stack_floor_band,synthetic_v1_causal_funnel
P-0001,A-0008,U-0065,mini_crm,mini-crm-dev,B2.06.06,Lusso d'Arte,Lusso d'Arte,B2,6,6,1 PN+,56.85,51.66,3069950439,3370805582,HBL,1PN+,1,1,59292974,65249818,0.9087,9.8,low,Tây Bắc,Đông Bắc,Cảnh quan nội khu,False,available,0,0,0,0,NO_LEAD,NO_BOOKING,NO_RESERVATION,NOT_SOLD,-1,-1,-1,1,1,2025-05-31T00:00:00+00:00,demo,synthetic,0,0,0,0,3070,La Pura,active,2025-06-08,Lusso d'Arte,1 PN+,1,50.14,6,active,seed-batch-units-001,0,no_deal,0,1970-01-01T00:00:00+00:00,1970-01-01T00:00:00+00:00,1970-01-01T00:00:00+00:00,no_lead,synthetic_v1_tower_stack_floor_band,synthetic_v1_causal_funnel
P-0001,A-0009,U-0066,mini_crm,mini-crm-dev,B2.06.07,Lusso d'Arte,Lusso d'Arte,B2,6,7,2 PN,69.94,61.5,4119624624,4523347837,HBL,2PN,2,2,64674690,73550371,0.8793,9.8,low,Tây,Bắc,Hồ bơi,False,available,2,1,0,0,2025-08-02,NO_BOOKING,NO_RESERVATION,NOT_SOLD,42,-1,-1,1,1,2025-05-31T00:00:00+00:00,demo,synthetic,1,0,0,0,4120,La Pura,active,2025-06-08,Lusso d'Arte,2 PN,2,60.13,45,active,seed-batch-units-001,0,no_deal,0,1970-01-01T00:00:00+00:00,1970-01-01T00:00:00+00:00,1970-01-01T00:00:00+00:00,lead,synthetic_v1_tower_stack_floor_band,synthetic_v1_causal_funnel
P-0001,A-0009,U-0067,mini_crm,mini-crm-dev,B2.06.10,Lusso d'Arte,Lusso d'Arte,B2,6,10,2 PN,67.79,59.71,3716535356,4080755821,HBL,2PN,2,2,60197018,68342921,0.8808,9.8,low,Tây,Bắc,Cảnh quan nội khu,False,available,3,2,0,0,2025-07-29,NO_BOOKING,NO_RESERVATION,NOT_SOLD,38,-1,-1,1,1,2025-05-31T00:00:00+00:00,demo,synthetic,1,0,0,0,3717,La Pura,active,2025-06-08,Lusso d'Arte,2 PN,2,60.13,45,active,seed-batch-units-001,0,no_deal,0,1970-01-01T00:00:00+00:00,1970-01-01T00:00:00+00:00,1970-01-01T00:00:00+00:00,lead,synthetic_v1_tower_stack_floor_band,synthetic_v1_causal_funnel
P-0001,A-0009,U-0068,mini_crm,mini-crm-dev,B2.06.13,Lusso d'Arte,Lusso d'Arte,B2,6,13,2 PN,63.1,55.43,3059422228,3359245606,HBL,2PN,2,2,53236856,60603385,0.8784,9.8,low,Đông Nam,Tây Nam,Nội khu,False,sold,5,4,1,1,2025-08-08,2025-08-29,2025-09-08,2025-10-23,48,79,124,1,1,2025-05-31T00:00:00+00:00,demo,synthetic,1,1,1,1,3059,La Pura,active,2025-06-08,Lusso d'Arte,2 PN,2,60.13,45,active,seed-batch-units-001,D-0033,sold,1,2025-08-29T09:00:00+07:00,2025-10-23T17:00:00+07:00,1970-01-01T00:00:00+00:00,sold,synthetic_v1_tower_stack_floor_band,synthetic_v1_causal_funnel
P-0001,A-0009,U-0069,mini_crm,mini-crm-dev,B2.07.05,Lusso d'Arte,Lusso d'Arte,B2,7,5,2 PN,66.45,59.61,3411735876,3746085992,HBL,2PN,2,2,56374507,62843248,0.8971,9.8,low,Nam,Tây,Hồ bơi,False,available,0,0,0,0,NO_LEAD,NO_BOOKING,NO_RESERVATION,NOT_SOLD,-1,-1,-1,1,1,2025-05-31T00:00:00+00:00,demo,synthetic,0,0,0,0,3412,La Pura,active,2025-06-08,Lusso d'Arte,2 PN,2,60.13,45,active,seed-batch-units-001,0,no_deal,0,1970-01-01T00:00:00+00:00,1970-01-01T00:00:00+00:00,1970-01-01T00:00:00+00:00,no_lead,synthetic_v1_tower_stack_floor_band,synthetic_v1_causal_funnel
P-0001,A-0007,U-0070,mini_crm,mini-crm-dev,B2.07.08,Lusso d'Arte,Lusso d'Arte,B2,7,8,1 PN,43.09,38.19,2333798473,2562510724,HBL,1PN,1,1,59468803,67098998,0.8863,9.8,low,Bắc,Đông,Nội khu,False,available,2,1,0,0,2025-08-13,NO_BOOKING,NO_RESERVATION,NOT_SOLD,53,-1,-1,1,1,2025-05-31T00:00:00+00:00,demo,synthetic,1,0,0,0,2334,La Pura,active,2025-06-08,Lusso d'Arte,1 PN,1,38.19,1,active,seed-batch-units-001,0,no_deal,0,1970-01-01T00:00:00+00:00,1970-01-01T00:00:00+00:00,1970-01-01T00:00:00+00:00,lead,synthetic_v1_tower_stack_floor_band,synthetic_v1_causal_funnel
P-0001,A-0009,U-0071,mini_crm,mini-crm-dev,B2.07.10,Lusso d'Arte,Lusso d'Arte,B2,7,10,2 PN,67.79,59.71,3706232435,4069443213,HBL,2PN,2,2,60030140,68153462,0.8808,9.8,low,Tây,Bắc,Cảnh quan nội khu,False,available,0,0,0,0,NO_LEAD,NO_BOOKING,NO_RESERVATION,NOT_SOLD,-1,-1,-1,1,1,2025-05-31T00:00:00+00:00,demo,synthetic,0,0,0,0,3706,La Pura,active,2025-06-08,Lusso d'Arte,2 PN,2,60.13,45,active,seed-batch-units-001,0,no_deal,0,1970-01-01T00:00:00+00:00,1970-01-01T00:00:00+00:00,1970-01-01T00:00:00+00:00,no_lead,synthetic_v1_tower_stack_floor_band,synthetic_v1_causal_funnel
P-0001,A-0009,U-0072,mini_crm,mini-crm-dev,B2.09.04,Lusso d'Arte,Lusso d'Arte,B2,9,4,2 PN,66.45,59.61,3371278163,3701663423,HBL,2PN,2,2,55705996,62098028,0.8971,9.8,low,Đông,Nam,Nội khu,False,reserved,4,2,1,1,2025-08-01,2025-08-21,2025-08-25,NOT_SOLD,41,65,-1,1,1,2025-05-31T00:00:00+00:00,demo,synthetic,1,1,1,0,3371,La Pura,active,2025-06-08,Lusso d'Arte,2 PN,2,60.13,45,active,seed-batch-units-001,D-0034,reserved,1,2025-08-21T09:00:00+07:00,2025-08-25T17:00:00+07:00,1970-01-01T00:00:00+00:00,reserved,synthetic_v1_tower_stack_floor_band,synthetic_v1_causal_funnel
P-0001,A-0008,U-0073,mini_crm,mini-crm-dev,B2.09.06,Lusso d'Arte,Lusso d'Arte,B2,9,6,1 PN+,56.85,51.66,3095871123,3399266493,HBL,1PN+,1,1,59793606,65800745,0.9087,9.8,low,Tây Bắc,Đông Bắc,Cảnh quan nội khu,False,available,3,2,0,0,2025-07-31,NO_BOOKING,NO_RESERVATION,NOT_SOLD,40,-1,-1,1,1,2025-05-31T00:00:00+00:00,demo,synthetic,1,0,0,0,3096,La Pura,active,2025-06-08,Lusso d'Arte,1 PN+,1,50.14,6,active,seed-batch-units-001,0,no_deal,0,1970-01-01T00:00:00+00:00,1970-01-01T00:00:00+00:00,1970-01-01T00:00:00+00:00,lead,synthetic_v1_tower_stack_floor_band,synthetic_v1_causal_funnel
P-0001,A-0009,U-0074,mini_crm,mini-crm-dev,B2.09.07,Lusso d'Arte,Lusso d'Arte,B2,9,7,2 PN,69.94,61.5,4151513677,4558362018,HBL,2PN,2,2,65175322,74119708,0.8793,9.8,low,Tây,Bắc,Hồ bơi,False,reserved,6,3,1,1,2025-08-10,2025-08-27,2025-09-12,NOT_SOLD,50,83,-1,1,1,2025-05-31T00:00:00+00:00,demo,synthetic,1,1,1,0,4152,La Pura,active,2025-06-08,Lusso d'Arte,2 PN,2,60.13,45,active,seed-batch-units-001,D-0035,reserved,1,2025-08-27T09:00:00+07:00,2025-09-12T17:00:00+07:00,1970-01-01T00:00:00+00:00,reserved,synthetic_v1_tower_stack_floor_band,synthetic_v1_causal_funnel
P-0001,A-0009,U-0075,mini_crm,mini-crm-dev,B2.10.03,Lusso d'Arte,Lusso d'Arte,B2,10,3,2 PN,67.04,59.77,3410838109,3745100244,HBL,2PN,2,2,55863667,62658528,0.8916,9.8,low,Đông Nam,Tây Nam,Nội khu,True,sold,5,4,1,1,2025-08-02,2025-08-23,2025-08-28,2025-09-22,42,68,93,1,1,2025-05-31T00:00:00+00:00,demo,synthetic,1,1,1,1,3411,La Pura,active,2025-06-08,Lusso d'Arte,2 PN,2,60.13,45,active,seed-batch-units-001,D-0036,sold,1,2025-08-23T09:00:00+07:00,2025-09-22T17:00:00+07:00,1970-01-01T00:00:00+00:00,sold,synthetic_v1_tower_stack_floor_band,synthetic_v1_causal_funnel
P-0001,A-0009,U-0076,mini_crm,mini-crm-dev,B2.10.13,Lusso d'Arte,Lusso d'Arte,B2,10,13,2 PN,63.1,55.43,3021061743,3317125793,HBL,2PN,2,2,52569347,59843511,0.8784,9.8,low,Đông Nam,Tây Nam,Nội khu,False,available,1,0,0,0,2025-08-05,NO_BOOKING,NO_RESERVATION,NOT_SOLD,45,-1,-1,1,1,2025-05-31T00:00:00+00:00,demo,synthetic,1,0,0,0,3021,La Pura,active,2025-06-08,Lusso d'Arte,2 PN,2,60.13,45,active,seed-batch-units-001,0,no_deal,0,1970-01-01T00:00:00+00:00,1970-01-01T00:00:00+00:00,1970-01-01T00:00:00+00:00,lead,synthetic_v1_tower_stack_floor_band,synthetic_v1_causal_funnel
P-0001,A-0009,U-0077,mini_crm,mini-crm-dev,B2.11.05,Lusso d'Arte,Lusso d'Arte,B2,11,5,2 PN,66.45,60.05,3452132932,3790441960,HBL,2PN,2,2,57042016,63121431,0.9037,9.8,low,Nam,Tây,Hồ bơi,False,sold,6,3,1,1,2025-08-12,2025-08-19,2025-09-04,2025-10-05,52,75,106,1,1,2025-05-31T00:00:00+00:00,demo,synthetic,1,1,1,1,3452,La Pura,active,2025-06-08,Lusso d'Arte,2 PN,2,60.13,45,active,seed-batch-units-001,D-0037,sold,1,2025-08-19T09:00:00+07:00,2025-10-05T17:00:00+07:00,1970-01-01T00:00:00+00:00,sold,synthetic_v1_tower_stack_floor_band,synthetic_v1_causal_funnel
P-0001,A-0009,U-0078,mini_crm,mini-crm-dev,B2.11.07,Lusso d'Arte,Lusso d'Arte,B2,11,7,2 PN,69.94,61.81,4172773046,4581704805,HBL,2PN,2,2,65509076,74125624,0.8838,9.8,low,Tây,Bắc,Hồ bơi,False,sold,2,2,1,1,2025-08-06,2025-08-14,2025-08-26,2025-09-27,46,66,98,1,1,2025-05-31T00:00:00+00:00,demo,synthetic,1,1,1,1,4173,La Pura,active,2025-06-08,Lusso d'Arte,2 PN,2,60.13,45,active,seed-batch-units-001,D-0038,sold,1,2025-08-14T09:00:00+07:00,2025-09-27T17:00:00+07:00,1970-01-01T00:00:00+00:00,sold,synthetic_v1_tower_stack_floor_band,synthetic_v1_causal_funnel
P-0001,A-0008,U-0079,mini_crm,mini-crm-dev,B2.12.11,Lusso d'Arte,Lusso d'Arte,B2,12,11,1 PN+,56.01,50.04,2642103526,2901029671,HBL,1PN+,1,1,51794852,57974214,0.8934,9.8,low,Tây Bắc,Đông Bắc,Nội khu,False,sold,4,3,1,1,2025-08-13,2025-08-18,2025-09-01,2025-09-30,53,72,101,1,1,2025-05-31T00:00:00+00:00,demo,synthetic,1,1,1,1,2642,La Pura,active,2025-06-08,Lusso d'Arte,1 PN+,1,50.14,6,active,seed-batch-units-001,D-0039,sold,1,2025-08-18T09:00:00+07:00,2025-09-30T17:00:00+07:00,1970-01-01T00:00:00+00:00,sold,synthetic_v1_tower_stack_floor_band,synthetic_v1_causal_funnel
P-0001,A-0009,U-0080,mini_crm,mini-crm-dev,B2.13.03,Lusso d'Arte,Lusso d'Arte,B2,13,3,2 PN,67.04,60.13,3441404911,3778662592,HBL,2PN,2,2,56364299,62841553,0.8969,9.8,mid,Đông Nam,Tây Nam,Nội khu,True,available,0,0,0,0,NO_LEAD,NO_BOOKING,NO_RESERVATION,NOT_SOLD,-1,-1,-1,1,1,2025-05-31T00:00:00+00:00,demo,synthetic,0,0,0,0,3441,La Pura,active,2025-06-08,Lusso d'Arte,2 PN,2,60.13,45,active,seed-batch-units-001,0,no_deal,0,1970-01-01T00:00:00+00:00,1970-01-01T00:00:00+00:00,1970-01-01T00:00:00+00:00,no_lead,synthetic_v1_tower_stack_floor_band,synthetic_v1_causal_funnel
P-0001,A-0009,U-0081,mini_crm,mini-crm-dev,B2.13.04,Lusso d'Arte,Lusso d'Arte,B2,13,4,2 PN,66.45,60.05,3411675220,3746019391,HBL,2PN,2,2,56373505,62381672,0.9037,9.8,mid,Đông,Nam,Nội khu,False,sold,5,4,1,1,2025-08-07,2025-08-23,2025-09-02,2025-09-22,47,73,93,1,1,2025-05-31T00:00:00+00:00,demo,synthetic,1,1,1,1,3412,La Pura,active,2025-06-08,Lusso d'Arte,2 PN,2,60.13,45,active,seed-batch-units-001,D-0040,sold,1,2025-08-23T09:00:00+07:00,2025-09-22T17:00:00+07:00,1970-01-01T00:00:00+00:00,sold,synthetic_v1_tower_stack_floor_band,synthetic_v1_causal_funnel
P-0001,A-0009,U-0082,mini_crm,mini-crm-dev,B2.13.09,Lusso d'Arte,Lusso d'Arte,B2,13,9,2 PN,67.79,60.15,3644414907,4001567568,HBL,2PN,2,2,59028877,66526477,0.8873,9.8,mid,Đông,Nam,Thành phố,False,available,0,0,0,0,NO_LEAD,NO_BOOKING,NO_RESERVATION,NOT_SOLD,-1,-1,-1,1,1,2025-05-31T00:00:00+00:00,demo,synthetic,0,0,0,0,3644,La Pura,active,2025-06-08,Lusso d'Arte,2 PN,2,60.13,45,active,seed-batch-units-001,0,no_deal,0,1970-01-01T00:00:00+00:00,1970-01-01T00:00:00+00:00,1970-01-01T00:00:00+00:00,no_lead,synthetic_v1_tower_stack_floor_band,synthetic_v1_causal_funnel
P-0001,A-0009,U-0083,mini_crm,mini-crm-dev,B2.13.12,Lusso d'Arte,Lusso d'Arte,B2,13,12,2 PN,63.1,55.93,3049889705,3348778896,HBL,2PN,2,2,53070981,59874466,0.8864,9.8,mid,Đông Nam,Tây Nam,Thành phố,False,available,3,2,0,0,2025-08-01,NO_BOOKING,NO_RESERVATION,NOT_SOLD,41,-1,-1,1,1,2025-05-31T00:00:00+00:00,demo,synthetic,1,0,0,0,3050,La Pura,active,2025-06-08,Lusso d'Arte,2 PN,2,60.13,45,active,seed-batch-units-001,0,no_deal,0,1970-01-01T00:00:00+00:00,1970-01-01T00:00:00+00:00,1970-01-01T00:00:00+00:00,lead,synthetic_v1_tower_stack_floor_band,synthetic_v1_causal_funnel
P-0001,A-0009,U-0084,mini_crm,mini-crm-dev,B2.16.13,Lusso d'Arte,Lusso d'Arte,B2,16,13,2 PN,62.86,56.44,2952485601,3241829189,HBL,2PN,2,2,51572211,57438504,0.8979,9.8,mid,Đông Nam,Tây Nam,Nội khu,False,reserved,5,4,1,1,2025-08-08,2025-08-14,2025-08-24,NOT_SOLD,48,64,-1,1,1,2025-05-31T00:00:00+00:00,demo,synthetic,1,1,1,0,2952,La Pura,active,2025-06-08,Lusso d'Arte,2 PN,2,60.13,45,active,seed-batch-units-001,D-0041,reserved,1,2025-08-14T09:00:00+07:00,2025-08-24T17:00:00+07:00,1970-01-01T00:00:00+00:00,reserved,synthetic_v1_tower_stack_floor_band,synthetic_v1_causal_funnel
P-0001,A-0009,U-0085,mini_crm,mini-crm-dev,B2.17.03,Lusso d'Arte,Lusso d'Arte,B2,17,3,2 PN,67.04,60.13,3482160647,3823412390,HBL,2PN,2,2,57031808,63585771,0.8969,9.8,mid,Đông Nam,Tây Nam,Nội khu,True,sold,4,1,1,1,2025-07-31,2025-08-15,2025-08-19,2025-09-27,40,59,98,1,1,2025-05-31T00:00:00+00:00,demo,synthetic,1,1,1,1,3482,La Pura,active,2025-06-08,Lusso d'Arte,2 PN,2,60.13,45,active,seed-batch-units-001,D-0042,sold,1,2025-08-15T09:00:00+07:00,2025-09-27T17:00:00+07:00,1970-01-01T00:00:00+00:00,sold,synthetic_v1_tower_stack_floor_band,synthetic_v1_causal_funnel
P-0001,A-0009,U-0086,mini_crm,mini-crm-dev,B2.17.04,Lusso d'Arte,Lusso d'Arte,B2,17,4,2 PN,66.45,60.05,3452072276,3790375359,HBL,2PN,2,2,57041014,63120322,0.9037,9.8,mid,Đông,Nam,Nội khu,False,available,0,0,0,0,NO_LEAD,NO_BOOKING,NO_RESERVATION,NOT_SOLD,-1,-1,-1,1,1,2025-05-31T00:00:00+00:00,demo,synthetic,0,0,0,0,3452,La Pura,active,2025-06-08,Lusso d'Arte,2 PN,2,60.13,45,active,seed-batch-units-001,0,no_deal,0,1970-01-01T00:00:00+00:00,1970-01-01T00:00:00+00:00,1970-01-01T00:00:00+00:00,no_lead,synthetic_v1_tower_stack_floor_band,synthetic_v1_causal_funnel
P-0001,A-0010,U-0087,mini_crm,mini-crm-dev,B2.17.06,Lusso d'Arte,Lusso d'Arte,B2,17,6,4 PN,126.79,113.72,6320900271,6940348497,HBL,4PN,4,3,54738927,61030149,0.8969,9.8,mid,Tây Bắc,Đông Bắc,Cảnh quan nội khu,False,available,0,0,0,0,NO_LEAD,NO_BOOKING,NO_RESERVATION,NOT_SOLD,-1,-1,-1,1,1,2025-05-31T00:00:00+00:00,demo,synthetic,0,0,0,0,6321,La Pura,active,2025-06-08,Lusso d'Arte,4 PN,4,114.21,4,active,seed-batch-units-001,0,no_deal,0,1970-01-01T00:00:00+00:00,1970-01-01T00:00:00+00:00,1970-01-01T00:00:00+00:00,no_lead,synthetic_v1_tower_stack_floor_band,synthetic_v1_causal_funnel
P-0001,A-0008,U-0088,mini_crm,mini-crm-dev,B2.17.11,Lusso d'Arte,Lusso d'Arte,B2,17,11,1 PN+,56.01,50.04,2599540713,2854295703,HBL,1PN+,1,1,50960466,57040282,0.8934,9.8,mid,Tây Bắc,Đông Bắc,Nội khu,False,available,3,2,0,0,2025-08-01,NO_BOOKING,NO_RESERVATION,NOT_SOLD,41,-1,-1,1,1,2025-05-31T00:00:00+00:00,demo,synthetic,1,0,0,0,2600,La Pura,active,2025-06-08,Lusso d'Arte,1 PN+,1,50.14,6,active,seed-batch-units-001,0,no_deal,0,1970-01-01T00:00:00+00:00,1970-01-01T00:00:00+00:00,1970-01-01T00:00:00+00:00,lead,synthetic_v1_tower_stack_floor_band,synthetic_v1_causal_funnel
P-0001,A-0011,U-0089,mini_crm,mini-crm-dev,B2.19.05,Lusso d'Arte,Lusso d'Arte,B2,19,5,Căn hộ Loft,66.45,60.05,4139224689,4544868709,HBL,Loft,2,2,68395315,75684741,0.9037,9.8,mid,Nam,Tây,Hồ bơi,False,available,2,1,0,0,2025-08-09,NO_BOOKING,NO_RESERVATION,NOT_SOLD,49,-1,-1,1,1,2025-05-31T00:00:00+00:00,demo,synthetic,1,0,0,0,4139,La Pura,active,2025-06-08,Lusso d'Arte,Căn hộ Loft,2,60.05,5,active,seed-batch-units-001,0,no_deal,0,1970-01-01T00:00:00+00:00,1970-01-01T00:00:00+00:00,1970-01-01T00:00:00+00:00,lead,synthetic_v1_tower_stack_floor_band,synthetic_v1_causal_funnel
P-0001,A-0011,U-0090,mini_crm,mini-crm-dev,B2.19.08,Lusso d'Arte,Lusso d'Arte,B2,19,8,Căn hộ Loft,48.26,43.54,2969240168,3260225704,HBL,Loft,2,2,67555444,74878863,0.9022,9.8,mid,Bắc,Đông,Nội khu,False,reserved,6,4,1,1,2025-08-09,2025-08-31,2025-09-11,NOT_SOLD,49,82,-1,1,1,2025-05-31T00:00:00+00:00,demo,synthetic,1,1,1,0,2969,La Pura,active,2025-06-08,Lusso d'Arte,Căn hộ Loft,2,60.05,5,active,seed-batch-units-001,D-0043,reserved,1,2025-08-31T09:00:00+07:00,2025-09-11T17:00:00+07:00,1970-01-01T00:00:00+00:00,reserved,synthetic_v1_tower_stack_floor_band,synthetic_v1_causal_funnel
P-0001,A-0011,U-0091,mini_crm,mini-crm-dev,B2.19.09,Lusso d'Arte,Lusso d'Arte,B2,19,9,Căn hộ Loft,67.79,60.15,4195886496,4607083373,HBL,Loft,2,2,67961106,76593240,0.8873,9.8,mid,Đông,Nam,Thành phố,False,available,0,0,0,0,NO_LEAD,NO_BOOKING,NO_RESERVATION,NOT_SOLD,-1,-1,-1,1,1,2025-05-31T00:00:00+00:00,demo,synthetic,0,0,0,0,4196,La Pura,active,2025-06-08,Lusso d'Arte,Căn hộ Loft,2,60.05,5,active,seed-batch-units-001,0,no_deal,0,1970-01-01T00:00:00+00:00,1970-01-01T00:00:00+00:00,1970-01-01T00:00:00+00:00,no_lead,synthetic_v1_tower_stack_floor_band,synthetic_v1_causal_funnel
P-0001,A-0011,U-0092,mini_crm,mini-crm-dev,B2.19.10,Lusso d'Arte,Lusso d'Arte,B2,19,10,Căn hộ Loft,67.23,60.57,3609915521,3963687242,HBL,Loft,2,2,58957121,65439776,0.9009,9.8,mid,Tây,Bắc,Cảnh quan nội khu,False,available,0,0,0,0,NO_LEAD,NO_BOOKING,NO_RESERVATION,NOT_SOLD,-1,-1,-1,1,1,2025-05-31T00:00:00+00:00,demo,synthetic,0,0,0,0,3610,La Pura,active,2025-06-08,Lusso d'Arte,Căn hộ Loft,2,60.05,5,active,seed-batch-units-001,0,no_deal,0,1970-01-01T00:00:00+00:00,1970-01-01T00:00:00+00:00,1970-01-01T00:00:00+00:00,no_lead,synthetic_v1_tower_stack_floor_band,synthetic_v1_causal_funnel
P-0001,A-0011,U-0093,mini_crm,mini-crm-dev,B2.19.13,Lusso d'Arte,Lusso d'Arte,B2,19,13,Căn hộ Loft,62.86,56.44,3417600039,3752524842,HBL,Loft,2,2,59696545,66486975,0.8979,9.8,mid,Đông Nam,Tây Nam,Nội khu,False,available,0,0,0,0,NO_LEAD,NO_BOOKING,NO_RESERVATION,NOT_SOLD,-1,-1,-1,1,1,2025-05-31T00:00:00+00:00,demo,synthetic,0,0,0,0,3418,La Pura,active,2025-06-08,Lusso d'Arte,Căn hộ Loft,2,60.05,5,active,seed-batch-units-001,0,no_deal,0,1970-01-01T00:00:00+00:00,1970-01-01T00:00:00+00:00,1970-01-01T00:00:00+00:00,no_lead,synthetic_v1_tower_stack_floor_band,synthetic_v1_causal_funnel
P-0001,A-0010,U-0094,mini_crm,mini-crm-dev,B2.22.06,Lusso d'Arte,Lusso d'Arte,B2,22,6,4 PN,126.79,114.21,6406929980,7034809118,HBL,4PN,4,3,55483943,61595387,0.9008,9.8,mid,Tây Bắc,Đông Bắc,Cảnh quan nội khu,False,available,1,0,0,0,2025-07-21,NO_BOOKING,NO_RESERVATION,NOT_SOLD,30,-1,-1,1,1,2025-05-31T00:00:00+00:00,demo,synthetic,1,0,0,0,6407,La Pura,active,2025-06-08,Lusso d'Arte,4 PN,4,114.21,4,active,seed-batch-units-001,0,no_deal,0,1970-01-01T00:00:00+00:00,1970-01-01T00:00:00+00:00,1970-01-01T00:00:00+00:00,lead,synthetic_v1_tower_stack_floor_band,synthetic_v1_causal_funnel
P-0001,A-0009,U-0095,mini_crm,mini-crm-dev,B2.23.05,Lusso d'Arte,Lusso d'Arte,B2,23,5,2 PN,66.45,60.42,3573324102,3923509864,HBL,2PN,2,2,59044543,64937270,0.9093,9.8,mid,Nam,Tây,Hồ bơi,False,sold,6,5,1,1,2025-08-02,2025-08-09,2025-08-15,2025-08-26,42,55,66,1,1,2025-05-31T00:00:00+00:00,demo,synthetic,1,1,1,1,3573,La Pura,active,2025-06-08,Lusso d'Arte,2 PN,2,60.13,45,active,seed-batch-units-001,D-0044,sold,1,2025-08-09T09:00:00+07:00,2025-08-26T17:00:00+07:00,1970-01-01T00:00:00+00:00,sold,synthetic_v1_tower_stack_floor_band,synthetic_v1_causal_funnel
P-0001,A-0009,U-0096,mini_crm,mini-crm-dev,B2.23.12,Lusso d'Arte,Lusso d'Arte,B2,23,12,2 PN,63.1,56.34,2953988491,3243479363,AUH,2PN,2,2,51402209,57569744,0.8929,9.8,mid,Đông Nam,Tây Nam,Thành phố,False,sold,5,4,1,1,2025-08-03,2025-08-19,2025-08-24,2025-09-13,43,64,84,1,1,2025-05-31T00:00:00+00:00,demo,observed,1,1,1,1,2954,La Pura,active,2025-06-08,Lusso d'Arte,2 PN,2,60.13,45,active,seed-batch-units-001,D-0045,sold,1,2025-08-19T09:00:00+07:00,2025-09-13T17:00:00+07:00,1970-01-01T00:00:00+00:00,sold,synthetic_v1_tower_stack_floor_band,synthetic_v1_causal_funnel
P-0001,A-0009,U-0097,mini_crm,mini-crm-dev,B2.25.09,Lusso d'Arte,Lusso d'Arte,B2,25,9,2 PN,67.79,60.29,3520779853,3865816278,HBL,2PN,2,2,57026350,64120356,0.8894,9.8,mid,Đông,Nam,Thành phố,False,reserved,4,3,1,1,2025-08-10,2025-08-15,2025-08-29,NOT_SOLD,50,69,-1,1,1,2025-05-31T00:00:00+00:00,demo,synthetic,1,1,1,0,3521,La Pura,active,2025-06-08,Lusso d'Arte,2 PN,2,60.13,45,active,seed-batch-units-001,D-0046,reserved,1,2025-08-15T09:00:00+07:00,2025-08-29T17:00:00+07:00,1970-01-01T00:00:00+00:00,reserved,synthetic_v1_tower_stack_floor_band,synthetic_v1_causal_funnel
P-0001,A-0009,U-0098,mini_crm,mini-crm-dev,B2.25.13,Lusso d'Arte,Lusso d'Arte,B2,25,13,2 PN,62.86,56.85,2866502791,3147420065,HBL,2PN,2,2,50070316,55363590,0.9044,9.8,mid,Đông Nam,Tây Nam,Nội khu,False,sold,5,4,1,1,2025-08-13,2025-09-03,2025-09-18,2025-11-02,53,89,134,1,1,2025-05-31T00:00:00+00:00,demo,synthetic,1,1,1,1,2867,La Pura,active,2025-06-08,Lusso d'Arte,2 PN,2,60.13,45,active,seed-batch-units-001,D-0047,sold,1,2025-09-03T09:00:00+07:00,2025-11-02T17:00:00+07:00,1970-01-01T00:00:00+00:00,sold,synthetic_v1_tower_stack_floor_band,synthetic_v1_causal_funnel
P-0001,A-0009,U-0099,mini_crm,mini-crm-dev,B2.26.03,Lusso d'Arte,Lusso d'Arte,B2,26,3,2 PN,67.04,60.51,3573861053,3924099437,HBL,2PN,2,2,58533703,64850429,0.9026,9.8,high,Đông Nam,Tây Nam,Thành phố,True,available,2,1,0,0,2025-08-12,NO_BOOKING,NO_RESERVATION,NOT_SOLD,52,-1,-1,1,1,2025-05-31T00:00:00+00:00,demo,synthetic,1,0,0,0,3574,La Pura,active,2025-06-08,Lusso d'Arte,2 PN,2,60.13,45,active,seed-batch-units-001,0,no_deal,0,1970-01-01T00:00:00+00:00,1970-01-01T00:00:00+00:00,1970-01-01T00:00:00+00:00,lead,synthetic_v1_tower_stack_floor_band,synthetic_v1_causal_funnel
P-0001,A-0009,U-0100,mini_crm,mini-crm-dev,B2.26.04,Lusso d'Arte,Lusso d'Arte,B2,26,4,2 PN,66.45,60.42,3542965653,3890176287,HBL,2PN,2,2,58542909,64385572,0.9093,9.8,high,Đông,Nam,Sông,False,available,1,0,0,0,2025-07-31,NO_BOOKING,NO_RESERVATION,NOT_SOLD,40,-1,-1,1,1,2025-05-31T00:00:00+00:00,demo,synthetic,1,0,0,0,3543,La Pura,active,2025-06-08,Lusso d'Arte,2 PN,2,60.13,45,active,seed-batch-units-001,0,no_deal,0,1970-01-01T00:00:00+00:00,1970-01-01T00:00:00+00:00,1970-01-01T00:00:00+00:00,lead,synthetic_v1_tower_stack_floor_band,synthetic_v1_causal_funnel
P-0001,A-0009,U-0101,mini_crm,mini-crm-dev,B2.28.03,Lusso d'Arte,Lusso d'Arte,B2,28,3,2 PN,67.04,60.51,3594238921,3946474336,HBL,2PN,2,2,58867457,65220201,0.9026,9.8,high,Đông Nam,Tây Nam,Thành phố,True,sold,5,4,1,1,2025-08-11,2025-08-17,2025-09-01,2025-10-01,51,72,102,1,1,2025-05-31T00:00:00+00:00,demo,synthetic,1,1,1,1,3594,La Pura,active,2025-06-08,Lusso d'Arte,2 PN,2,60.13,45,active,seed-batch-units-001,D-0048,sold,1,2025-08-17T09:00:00+07:00,2025-10-01T17:00:00+07:00,1970-01-01T00:00:00+00:00,sold,synthetic_v1_tower_stack_floor_band,synthetic_v1_causal_funnel
P-0001,A-0009,U-0102,mini_crm,mini-crm-dev,B2.28.05,Lusso d'Arte,Lusso d'Arte,B2,28,5,2 PN,66.45,60.42,3623820422,3978954824,HBL,2PN,2,2,59878929,65854929,0.9093,9.8,high,Nam,Tây,Toàn cảnh,False,available,0,0,0,0,NO_LEAD,NO_BOOKING,NO_RESERVATION,NOT_SOLD,-1,-1,-1,1,1,2025-05-31T00:00:00+00:00,demo,synthetic,0,0,0,0,3624,La Pura,active,2025-06-08,Lusso d'Arte,2 PN,2,60.13,45,active,seed-batch-units-001,0,no_deal,0,1970-01-01T00:00:00+00:00,1970-01-01T00:00:00+00:00,1970-01-01T00:00:00+00:00,no_lead,synthetic_v1_tower_stack_floor_band,synthetic_v1_causal_funnel
P-0001,A-0010,U-0103,mini_crm,mini-crm-dev,B2.29.06,Lusso d'Arte,Lusso d'Arte,B2,29,6,4 PN,126.79,114.21,6527371573,7167053987,HBL,4PN,4,3,56526966,62753296,0.9008,9.8,high,Tây Bắc,Đông Bắc,Hồ bơi,False,available,1,0,0,0,2025-07-22,NO_BOOKING,NO_RESERVATION,NOT_SOLD,31,-1,-1,1,1,2025-05-31T00:00:00+00:00,demo,synthetic,1,0,0,0,6527,La Pura,active,2025-06-08,Lusso d'Arte,4 PN,4,114.21,4,active,seed-batch-units-001,0,no_deal,0,1970-01-01T00:00:00+00:00,1970-01-01T00:00:00+00:00,1970-01-01T00:00:00+00:00,lead,synthetic_v1_tower_stack_floor_band,synthetic_v1_causal_funnel
P-0001,A-0009,U-0104,mini_crm,mini-crm-dev,B2.29.13,Lusso d'Arte,Lusso d'Arte,B2,29,13,2 PN,62.86,56.85,2828288209,3105460454,HBL,2PN,2,2,49402807,54625514,0.9044,9.8,high,Đông Nam,Tây Nam,Thành phố,False,available,1,0,0,0,2025-08-07,NO_BOOKING,NO_RESERVATION,NOT_SOLD,47,-1,-1,1,1,2025-05-31T00:00:00+00:00,demo,synthetic,1,0,0,0,2828,La Pura,active,2025-06-08,Lusso d'Arte,2 PN,2,60.13,45,active,seed-batch-units-001,0,no_deal,0,1970-01-01T00:00:00+00:00,1970-01-01T00:00:00+00:00,1970-01-01T00:00:00+00:00,lead,synthetic_v1_tower_stack_floor_band,synthetic_v1_causal_funnel
P-0001,A-0009,U-0105,mini_crm,mini-crm-dev,B2.31.03,Lusso d'Arte,Lusso d'Arte,B2,31,3,2 PN,67.04,60.76,3624805723,3980036684,HBL,2PN,2,2,59368089,65504225,0.9063,9.8,high,Đông Nam,Tây Nam,Thành phố,True,available,2,1,0,0,2025-08-01,NO_BOOKING,NO_RESERVATION,NOT_SOLD,41,-1,-1,1,1,2025-05-31T00:00:00+00:00,demo,synthetic,1,0,0,0,3625,La Pura,active,2025-06-08,Lusso d'Arte,2 PN,2,60.13,45,active,seed-batch-units-001,0,no_deal,0,1970-01-01T00:00:00+00:00,1970-01-01T00:00:00+00:00,1970-01-01T00:00:00+00:00,lead,synthetic_v1_tower_stack_floor_band,synthetic_v1_causal_funnel
P-0001,A-0009,U-0106,mini_crm,mini-crm-dev,B2.31.04,Lusso d'Arte,Lusso d'Arte,B2,31,4,2 PN,66.45,60.75,3593461974,3945621247,HBL,2PN,2,2,59377295,64948498,0.9142,9.8,high,Đông,Nam,Sông,False,sold,3,3,1,1,2025-08-09,2025-08-18,2025-08-31,2025-09-13,49,71,84,1,1,2025-05-31T00:00:00+00:00,demo,synthetic,1,1,1,1,3593,La Pura,active,2025-06-08,Lusso d'Arte,2 PN,2,60.13,45,active,seed-batch-units-001,D-0049,sold,1,2025-08-18T09:00:00+07:00,2025-09-13T17:00:00+07:00,1970-01-01T00:00:00+00:00,sold,synthetic_v1_tower_stack_floor_band,synthetic_v1_causal_funnel
P-0001,A-0009,U-0107,mini_crm,mini-crm-dev,B2.31.09,Lusso d'Arte,Lusso d'Arte,B2,31,9,2 PN,67.79,60.58,3458962326,3797940634,HBL,2PN,2,2,56025087,62692978,0.8936,9.8,high,Đông,Nam,Thành phố,False,reserved,6,6,1,1,2025-08-12,2025-09-03,2025-09-19,NOT_SOLD,52,90,-1,1,1,2025-05-31T00:00:00+00:00,demo,synthetic,1,1,1,0,3459,La Pura,active,2025-06-08,Lusso d'Arte,2 PN,2,60.13,45,active,seed-batch-units-001,D-0050,reserved,1,2025-09-03T09:00:00+07:00,2025-09-19T17:00:00+07:00,1970-01-01T00:00:00+00:00,reserved,synthetic_v1_tower_stack_floor_band,synthetic_v1_causal_funnel
P-0001,A-0008,U-0108,mini_crm,mini-crm-dev,B2.31.11,Lusso d'Arte,Lusso d'Arte,B2,31,11,1 PN+,56.15,50.24,2486419101,2730088173,HBL,1PN+,1,1,48621339,54340927,0.8947,9.8,high,Tây Bắc,Đông Bắc,Thành phố,False,available,0,0,0,0,NO_LEAD,NO_BOOKING,NO_RESERVATION,NOT_SOLD,-1,-1,-1,1,1,2025-05-31T00:00:00+00:00,demo,synthetic,0,0,0,0,2486,La Pura,active,2025-06-08,Lusso d'Arte,1 PN+,1,50.14,6,active,seed-batch-units-001,0,no_deal,0,1970-01-01T00:00:00+00:00,1970-01-01T00:00:00+00:00,1970-01-01T00:00:00+00:00,no_lead,synthetic_v1_tower_stack_floor_band,synthetic_v1_causal_funnel
P-0001,A-0009,U-0109,mini_crm,mini-crm-dev,B2.32.04,Lusso d'Arte,Lusso d'Arte,B2,32,4,2 PN,66.45,60.75,3603561238,3956710239,HBL,2PN,2,2,59544172,65131033,0.9142,9.8,high,Đông,Nam,Sông,False,sold,3,1,1,1,2025-08-04,2025-08-08,2025-08-16,2025-09-13,44,56,84,1,1,2025-05-31T00:00:00+00:00,demo,synthetic,1,1,1,1,3604,La Pura,active,2025-06-08,Lusso d'Arte,2 PN,2,60.13,45,active,seed-batch-units-001,D-0051,sold,1,2025-08-08T09:00:00+07:00,2025-09-13T17:00:00+07:00,1970-01-01T00:00:00+00:00,sold,synthetic_v1_tower_stack_floor_band,synthetic_v1_causal_funnel
P-0001,A-0009,U-0110,mini_crm,mini-crm-dev,B2.32.05,Lusso d'Arte,Lusso d'Arte,B2,32,5,2 PN,66.45,60.75,3664217479,4023310791,HBL,2PN,2,2,60546438,66227338,0.9142,9.8,high,Nam,Tây,Toàn cảnh,False,available,1,0,0,0,2025-08-07,NO_BOOKING,NO_RESERVATION,NOT_SOLD,47,-1,-1,1,1,2025-05-31T00:00:00+00:00,demo,synthetic,1,0,0,0,3664,La Pura,active,2025-06-08,Lusso d'Arte,2 PN,2,60.13,45,active,seed-batch-units-001,0,no_deal,0,1970-01-01T00:00:00+00:00,1970-01-01T00:00:00+00:00,1970-01-01T00:00:00+00:00,lead,synthetic_v1_tower_stack_floor_band,synthetic_v1_causal_funnel
P-0001,A-0009,U-0111,mini_crm,mini-crm-dev,B2.32.09,Lusso d'Arte,Lusso d'Arte,B2,32,9,2 PN,67.79,60.58,3448659404,3786628026,HBL,2PN,2,2,55858210,62506240,0.8936,9.8,high,Đông,Nam,Thành phố,False,available,3,2,0,0,2025-07-31,NO_BOOKING,NO_RESERVATION,NOT_SOLD,40,-1,-1,1,1,2025-05-31T00:00:00+00:00,demo,synthetic,1,0,0,0,3449,La Pura,active,2025-06-08,Lusso d'Arte,2 PN,2,60.13,45,active,seed-batch-units-001,0,no_deal,0,1970-01-01T00:00:00+00:00,1970-01-01T00:00:00+00:00,1970-01-01T00:00:00+00:00,lead,synthetic_v1_tower_stack_floor_band,synthetic_v1_causal_funnel
P-0001,A-0009,U-0112,mini_crm,mini-crm-dev,B2.33.03,Lusso d'Arte,Lusso d'Arte,B2,33,3,2 PN,67.04,60.76,3645183592,4002411583,HBL,2PN,2,2,59701843,65872475,0.9063,9.8,high,Đông Nam,Tây Nam,Thành phố,True,reserved,5,4,1,1,2025-08-01,2025-08-17,2025-08-22,NOT_SOLD,41,62,-1,1,1,2025-05-31T00:00:00+00:00,demo,synthetic,1,1,1,0,3645,La Pura,active,2025-06-08,Lusso d'Arte,2 PN,2,60.13,45,active,seed-batch-units-001,D-0052,reserved,1,2025-08-17T09:00:00+07:00,2025-08-22T17:00:00+07:00,1970-01-01T00:00:00+00:00,reserved,synthetic_v1_tower_stack_floor_band,synthetic_v1_causal_funnel
P-0001,A-0009,U-0113,mini_crm,mini-crm-dev,B2.33.05,Lusso d'Arte,Lusso d'Arte,B2,33,5,2 PN,66.45,60.75,3674316743,4034399783,HBL,2PN,2,2,60713315,66409873,0.9142,9.8,high,Nam,Tây,Toàn cảnh,False,sold,6,6,1,1,2025-08-12,2025-08-24,2025-09-09,2025-10-15,52,80,116,1,1,2025-05-31T00:00:00+00:00,demo,synthetic,1,1,1,1,3674,La Pura,active,2025-06-08,Lusso d'Arte,2 PN,2,60.13,45,active,seed-batch-units-001,D-0053,sold,1,2025-08-24T09:00:00+07:00,2025-10-15T17:00:00+07:00,1970-01-01T00:00:00+00:00,sold,synthetic_v1_tower_stack_floor_band,synthetic_v1_causal_funnel
P-0001,A-0010,U-0114,mini_crm,mini-crm-dev,B2.33.06,Lusso d'Arte,Lusso d'Arte,B2,33,6,4 PN,126.79,114.8,6596195341,7242622484,HBL,4PN,4,3,57122979,63089046,0.9054,9.8,high,Tây Bắc,Đông Bắc,Hồ bơi,False,available,0,0,0,0,NO_LEAD,NO_BOOKING,NO_RESERVATION,NOT_SOLD,-1,-1,-1,1,1,2025-05-31T00:00:00+00:00,demo,synthetic,0,0,0,0,6596,La Pura,active,2025-06-08,Lusso d'Arte,4 PN,4,114.21,4,active,seed-batch-units-001,0,no_deal,0,1970-01-01T00:00:00+00:00,1970-01-01T00:00:00+00:00,1970-01-01T00:00:00+00:00,no_lead,synthetic_v1_tower_stack_floor_band,synthetic_v1_causal_funnel
P-0001,A-0009,U-0115,mini_crm,mini-crm-dev,B2.35.13,Lusso d'Arte,Lusso d'Arte,B2,35,13,2 PN,62.86,57.1,2770966336,3042521037,HBL,2PN,2,2,48401544,53284081,0.9084,9.8,high,Đông Nam,Tây Nam,Thành phố,False,reserved,3,2,1,1,2025-08-02,2025-08-11,2025-08-14,NOT_SOLD,42,54,-1,1,1,2025-05-31T00:00:00+00:00,demo,synthetic,1,1,1,0,2771,La Pura,active,2025-06-08,Lusso d'Arte,2 PN,2,60.13,45,active,seed-batch-units-001,D-0054,reserved,1,2025-08-11T09:00:00+07:00,2025-08-14T17:00:00+07:00,1970-01-01T00:00:00+00:00,reserved,synthetic_v1_tower_stack_floor_band,synthetic_v1_causal_funnel
P-0001,A-0009,U-0116,mini_crm,mini-crm-dev,B2.36.12,Lusso d'Arte,Lusso d'Arte,B2,36,12,2 PN,63.1,56.75,2829316913,3106589971,HBL,2PN,2,2,49232805,54741673,0.8994,9.8,high,Đông Nam,Tây Nam,Thành phố,False,sold,6,6,1,1,2025-08-15,2025-08-27,2025-09-12,2025-09-28,55,83,99,1,1,2025-05-31T00:00:00+00:00,demo,synthetic,1,1,1,1,2829,La Pura,active,2025-06-08,Lusso d'Arte,2 PN,2,60.13,45,active,seed-batch-units-001,D-0055,sold,1,2025-08-27T09:00:00+07:00,2025-09-28T17:00:00+07:00,1970-01-01T00:00:00+00:00,sold,synthetic_v1_tower_stack_floor_band,synthetic_v1_causal_funnel
P-0001,A-0009,U-0117,mini_crm,mini-crm-dev,B2.37.03,Lusso d'Arte,Lusso d'Arte,B2,37,3,2 PN,67.04,60.76,3685939328,4047161382,HBL,2PN,2,2,60369352,66608976,0.9063,9.8,high,Đông Nam,Tây Nam,Thành phố,True,sold,3,1,1,1,2025-08-04,2025-08-13,2025-08-21,2025-09-03,44,61,74,1,1,2025-05-31T00:00:00+00:00,demo,synthetic,1,1,1,1,3686,La Pura,active,2025-06-08,Lusso d'Arte,2 PN,2,60.13,45,active,seed-batch-units-001,D-0056,sold,1,2025-08-13T09:00:00+07:00,2025-09-03T17:00:00+07:00,1970-01-01T00:00:00+00:00,sold,synthetic_v1_tower_stack_floor_band,synthetic_v1_causal_funnel
P-0001,A-0009,U-0118,mini_crm,mini-crm-dev,B2.37.04,Lusso d'Arte,Lusso d'Arte,B2,37,4,2 PN,66.45,60.75,3654057558,4012155199,HBL,2PN,2,2,60378558,66043707,0.9142,9.8,high,Đông,Nam,Sông,False,sold,3,1,1,1,2025-08-04,2025-08-18,2025-08-26,2025-09-13,44,66,84,1,1,2025-05-31T00:00:00+00:00,demo,synthetic,1,1,1,1,3654,La Pura,active,2025-06-08,Lusso d'Arte,2 PN,2,60.13,45,active,seed-batch-units-001,D-0057,sold,1,2025-08-18T09:00:00+07:00,2025-09-13T17:00:00+07:00,1970-01-01T00:00:00+00:00,sold,synthetic_v1_tower_stack_floor_band,synthetic_v1_causal_funnel
P-0001,A-0009,U-0119,mini_crm,mini-crm-dev,B2.37.05,Lusso d'Arte,Lusso d'Arte,B2,37,5,2 PN,66.45,60.75,3714713799,4078755751,HBL,2PN,2,2,61380824,67140012,0.9142,9.8,high,Nam,Tây,Toàn cảnh,False,available,2,1,0,0,2025-08-10,NO_BOOKING,NO_RESERVATION,NOT_SOLD,50,-1,-1,1,1,2025-05-31T00:00:00+00:00,demo,synthetic,1,0,0,0,3715,La Pura,active,2025-06-08,Lusso d'Arte,2 PN,2,60.13,45,active,seed-batch-units-001,0,no_deal,0,1970-01-01T00:00:00+00:00,1970-01-01T00:00:00+00:00,1970-01-01T00:00:00+00:00,lead,synthetic_v1_tower_stack_floor_band,synthetic_v1_causal_funnel
P-0001,A-0009,U-0120,mini_crm,mini-crm-dev,B2.39.09,Lusso d'Arte,Lusso d'Arte,B2,39,9,2 PN,67.79,60.58,3376538956,3707439774,HBL,2PN,2,2,54690069,61199072,0.8936,9.8,high,Đông,Nam,Thành phố,False,sold,2,2,1,1,2025-07-30,2025-08-17,2025-08-19,2025-09-10,39,59,81,1,1,2025-05-31T00:00:00+00:00,demo,synthetic,1,1,1,1,3377,La Pura,active,2025-06-08,Lusso d'Arte,2 PN,2,60.13,45,active,seed-batch-units-001,D-0058,sold,1,2025-08-17T09:00:00+07:00,2025-09-10T17:00:00+07:00,1970-01-01T00:00:00+00:00,sold,synthetic_v1_tower_stack_floor_band,synthetic_v1_causal_funnel
P-0001,A-0012,U-0121,mini_crm,mini-crm-dev,A3.04.02,Risa,Risa,A3,4,2,1 PN,46.59,41.52,2638787404,2746977688,HBL,1PN,1,1,58960672,66160349,0.8912,4.1,low,Đông Nam,Tây Nam,Hồ bơi,True,available,1,0,0,0,2025-08-01,NO_BOOKING,NO_RESERVATION,NOT_SOLD,51,-1,-1,1,1,2025-05-31T00:00:00+00:00,demo,synthetic,1,0,0,0,2639,La Pura,active,2025-06-08,Risa,1 PN,1,44.73,29,active,seed-batch-units-001,0,no_deal,0,1970-01-01T00:00:00+00:00,1970-01-01T00:00:00+00:00,1970-01-01T00:00:00+00:00,lead,synthetic_v1_tower_stack_floor_band,synthetic_v1_causal_funnel
P-0001,A-0014,U-0122,mini_crm,mini-crm-dev,A3.04.03,Risa,Risa,A3,4,3,2 PN + 2 WC,76.91,69.16,4090286699,4257988454,HBL,2PN+2WC,2,2,55363262,61567213,0.8992,4.1,low,Đông Bắc,Đông Nam,Cảnh quan nội khu,False,available,0,0,0,0,NO_LEAD,NO_BOOKING,NO_RESERVATION,NOT_SOLD,-1,-1,-1,1,1,2025-05-31T00:00:00+00:00,demo,synthetic,0,0,0,0,4090,La Pura,active,2025-06-08,Risa,2 PN + 2 WC,2,65.76,39,active,seed-batch-units-001,0,no_deal,0,1970-01-01T00:00:00+00:00,1970-01-01T00:00:00+00:00,1970-01-01T00:00:00+00:00,no_lead,synthetic_v1_tower_stack_floor_band,synthetic_v1_causal_funnel
P-0001,A-0018,U-0123,mini_crm,mini-crm-dev,A3.04.06,Risa,Risa,A3,4,6,RISA,55.33,48.23,2960033479,3081394852,HBL,RISA,2,2,55691214,63889588,0.8717,4.1,low,Đông Bắc,Đông Nam,Nội khu,False,available,0,0,0,0,NO_LEAD,NO_BOOKING,NO_RESERVATION,NOT_SOLD,-1,-1,-1,1,1,2025-05-31T00:00:00+00:00,demo,synthetic,0,0,0,0,2960,La Pura,active,2025-06-08,Risa,RISA,2,49.01,14,active,seed-batch-units-001,0,no_deal,0,1970-01-01T00:00:00+00:00,1970-01-01T00:00:00+00:00,1970-01-01T00:00:00+00:00,no_lead,synthetic_v1_tower_stack_floor_band,synthetic_v1_causal_funnel
P-0001,A-0018,U-0124,mini_crm,mini-crm-dev,A3.04.09,Risa,Risa,A3,4,9,RISA,56.92,51.3,3217090315,3348991018,HBL,RISA,2,2,58836806,65282476,0.9013,4.1,low,Nam,Tây,Nội khu,False,reserved,3,1,1,1,2025-07-27,2025-08-15,2025-08-23,NOT_SOLD,46,73,-1,1,1,2025-05-31T00:00:00+00:00,demo,synthetic,1,1,1,0,3217,La Pura,active,2025-06-08,Risa,RISA,2,49.01,14,active,seed-batch-units-001,D-0059,reserved,1,2025-08-15T09:00:00+07:00,2025-08-23T17:00:00+07:00,1970-01-01T00:00:00+00:00,reserved,synthetic_v1_tower_stack_floor_band,synthetic_v1_causal_funnel
P-0001,A-0014,U-0125,mini_crm,mini-crm-dev,A3.04.11,Risa,Risa,A3,4,11,2 PN + 2 WC,66.14,59.32,3539386682,3684501536,HBL,2PN+2WC,2,2,55707613,62112298,0.8969,4.1,low,Đông,Nam,Cảnh quan nội khu,False,available,2,1,0,0,2025-07-21,NO_BOOKING,NO_RESERVATION,NOT_SOLD,40,-1,-1,1,1,2025-05-31T00:00:00+00:00,demo,synthetic,1,0,0,0,3539,La Pura,active,2025-06-08,Risa,2 PN + 2 WC,2,65.76,39,active,seed-batch-units-001,0,no_deal,0,1970-01-01T00:00:00+00:00,1970-01-01T00:00:00+00:00,1970-01-01T00:00:00+00:00,lead,synthetic_v1_tower_stack_floor_band,synthetic_v1_causal_funnel
P-0001,A-0014,U-0126,mini_crm,mini-crm-dev,A3.04.12,Risa,Risa,A3,4,12,2 PN + 2 WC,66.14,59.32,3539386682,3684501536,HBL,2PN+2WC,2,2,55707613,62112298,0.8969,4.1,low,Tây Bắc,Đông Bắc,Nội khu,False,sold,4,4,1,1,2025-07-27,2025-08-06,2025-08-15,2025-08-29,46,65,79,1,1,2025-05-31T00:00:00+00:00,demo,synthetic,1,1,1,1,3539,La Pura,active,2025-06-08,Risa,2 PN + 2 WC,2,65.76,39,active,seed-batch-units-001,D-0060,sold,1,2025-08-06T09:00:00+07:00,2025-08-29T17:00:00+07:00,1970-01-01T00:00:00+00:00,sold,synthetic_v1_tower_stack_floor_band,synthetic_v1_causal_funnel
P-0001,A-0014,U-0127,mini_crm,mini-crm-dev,A3.04.13,Risa,Risa,A3,4,13,2 PN + 2 WC,66.21,59.34,3483899578,3626739460,HBL,2PN+2WC,2,2,54776310,61117955,0.8962,4.1,low,Tây Nam,Tây Bắc,Nội khu,False,available,3,2,0,0,2025-07-29,NO_BOOKING,NO_RESERVATION,NOT_SOLD,48,-1,-1,1,1,2025-05-31T00:00:00+00:00,demo,synthetic,1,0,0,0,3484,La Pura,active,2025-06-08,Risa,2 PN + 2 WC,2,65.76,39,active,seed-batch-units-001,0,no_deal,0,1970-01-01T00:00:00+00:00,1970-01-01T00:00:00+00:00,1970-01-01T00:00:00+00:00,lead,synthetic_v1_tower_stack_floor_band,synthetic_v1_causal_funnel
P-0001,A-0014,U-0128,mini_crm,mini-crm-dev,A3.04.14,Risa,Risa,A3,4,14,2 PN + 2 WC,67.25,59.52,3776463222,3931298214,HBL,2PN+2WC,2,2,58457966,66050037,0.8851,4.1,low,Tây,Bắc,Nội khu,False,reserved,6,6,1,1,2025-08-02,2025-08-24,2025-09-09,NOT_SOLD,52,90,-1,1,1,2025-05-31T00:00:00+00:00,demo,synthetic,1,1,1,0,3776,La Pura,active,2025-06-08,Risa,2 PN + 2 WC,2,65.76,39,active,seed-batch-units-001,D-0061,reserved,1,2025-08-24T09:00:00+07:00,2025-09-09T17:00:00+07:00,1970-01-01T00:00:00+00:00,reserved,synthetic_v1_tower_stack_floor_band,synthetic_v1_causal_funnel
P-0001,A-0014,U-0129,mini_crm,mini-crm-dev,A3.05.03,Risa,Risa,A3,5,3,2 PN + 2 WC,76.91,69.16,4152776704,4323040549,HBL,2PN+2WC,2,2,56209083,62507816,0.8992,4.1,low,Đông Bắc,Đông Nam,Cảnh quan nội khu,False,sold,5,4,1,1,2025-07-21,2025-08-11,2025-08-16,2025-09-30,40,66,111,1,1,2025-05-31T00:00:00+00:00,demo,synthetic,1,1,1,1,4153,La Pura,active,2025-06-08,Risa,2 PN + 2 WC,2,65.76,39,active,seed-batch-units-001,D-0062,sold,1,2025-08-11T09:00:00+07:00,2025-09-30T17:00:00+07:00,1970-01-01T00:00:00+00:00,sold,synthetic_v1_tower_stack_floor_band,synthetic_v1_causal_funnel
P-0001,A-0014,U-0130,mini_crm,mini-crm-dev,A3.05.04,Risa,Risa,A3,5,4,2 PN + 2 WC,76.91,69.16,3824438228,3981240196,HBL,2PN+2WC,2,2,51764923,57565648,0.8992,4.1,low,Bắc,Đông,Nội khu,False,sold,2,2,1,1,2025-07-24,2025-08-01,2025-08-08,2025-08-20,43,58,70,1,1,2025-05-31T00:00:00+00:00,demo,synthetic,1,1,1,1,3824,La Pura,active,2025-06-08,Risa,2 PN + 2 WC,2,65.76,39,active,seed-batch-units-001,D-0063,sold,1,2025-08-01T09:00:00+07:00,2025-08-20T17:00:00+07:00,1970-01-01T00:00:00+00:00,sold,synthetic_v1_tower_stack_floor_band,synthetic_v1_causal_funnel
P-0001,A-0014,U-0131,mini_crm,mini-crm-dev,A3.05.11,Risa,Risa,A3,5,11,2 PN + 2 WC,66.14,59.32,3603690864,3751442190,HBL,2PN+2WC,2,2,56719719,63240765,0.8969,4.1,low,Đông,Nam,Cảnh quan nội khu,False,available,2,1,0,0,2025-07-26,NO_BOOKING,NO_RESERVATION,NOT_SOLD,45,-1,-1,1,1,2025-05-31T00:00:00+00:00,demo,synthetic,1,0,0,0,3604,La Pura,active,2025-06-08,Risa,2 PN + 2 WC,2,65.76,39,active,seed-batch-units-001,0,no_deal,0,1970-01-01T00:00:00+00:00,1970-01-01T00:00:00+00:00,1970-01-01T00:00:00+00:00,lead,synthetic_v1_tower_stack_floor_band,synthetic_v1_causal_funnel
P-0001,A-0014,U-0132,mini_crm,mini-crm-dev,A3.05.12,Risa,Risa,A3,5,12,2 PN + 2 WC,66.14,59.32,3603690864,3751442190,HBL,2PN+2WC,2,2,56719719,63240765,0.8969,4.1,low,Tây Bắc,Đông Bắc,Nội khu,False,sold,4,2,1,1,2025-07-22,2025-08-11,2025-08-15,2025-09-08,41,65,89,1,1,2025-05-31T00:00:00+00:00,demo,synthetic,1,1,1,1,3604,La Pura,active,2025-06-08,Risa,2 PN + 2 WC,2,65.76,39,active,seed-batch-units-001,D-0064,sold,1,2025-08-11T09:00:00+07:00,2025-09-08T17:00:00+07:00,1970-01-01T00:00:00+00:00,sold,synthetic_v1_tower_stack_floor_band,synthetic_v1_causal_funnel
P-0001,A-0012,U-0133,mini_crm,mini-crm-dev,A3.06.02,Risa,Risa,A3,6,2,1 PN,46.59,41.52,2672921128,2782510894,HBL,1PN,1,1,59723350,67016158,0.8912,4.1,low,Đông Nam,Tây Nam,Hồ bơi,True,reserved,2,2,1,1,2025-08-02,2025-08-10,2025-08-22,NOT_SOLD,52,72,-1,1,1,2025-05-31T00:00:00+00:00,demo,synthetic,1,1,1,0,2673,La Pura,active,2025-06-08,Risa,1 PN,1,44.73,29,active,seed-batch-units-001,D-0065,reserved,1,2025-08-10T09:00:00+07:00,2025-08-22T17:00:00+07:00,1970-01-01T00:00:00+00:00,reserved,synthetic_v1_tower_stack_floor_band,synthetic_v1_causal_funnel
P-0001,A-0014,U-0134,mini_crm,mini-crm-dev,A3.07.08,Risa,Risa,A3,7,8,2 PN + 2 WC,70.15,62.33,4450859034,4633344254,HBL,2PN+2WC,2,2,66049098,74335701,0.8885,4.1,low,Nam,Tây,Nội khu,False,available,2,1,0,0,2025-07-26,NO_BOOKING,NO_RESERVATION,NOT_SOLD,45,-1,-1,1,1,2025-05-31T00:00:00+00:00,demo,synthetic,1,0,0,0,4451,La Pura,active,2025-06-08,Risa,2 PN + 2 WC,2,65.76,39,active,seed-batch-units-001,0,no_deal,0,1970-01-01T00:00:00+00:00,1970-01-01T00:00:00+00:00,1970-01-01T00:00:00+00:00,lead,synthetic_v1_tower_stack_floor_band,synthetic_v1_causal_funnel
P-0001,A-0014,U-0135,mini_crm,mini-crm-dev,A3.09.08,Risa,Risa,A3,9,8,2 PN + 2 WC,70.15,62.33,4462064463,4645009106,HBL,2PN+2WC,2,2,66215383,74522848,0.8885,4.1,low,Nam,Tây,Nội khu,False,reserved,5,4,1,1,2025-07-25,2025-08-15,2025-08-25,NOT_SOLD,44,75,-1,1,1,2025-05-31T00:00:00+00:00,demo,synthetic,1,1,1,0,4462,La Pura,active,2025-06-08,Risa,2 PN + 2 WC,2,65.76,39,active,seed-batch-units-001,D-0066,reserved,1,2025-08-15T09:00:00+07:00,2025-08-25T17:00:00+07:00,1970-01-01T00:00:00+00:00,reserved,synthetic_v1_tower_stack_floor_band,synthetic_v1_causal_funnel
P-0001,A-0014,U-0136,mini_crm,mini-crm-dev,A3.13.08,Risa,Risa,A3,13,8,2 PN + 2 WC,70.15,62.8,4327974912,4505421883,HBL,2PN+2WC,2,2,64225544,71742387,0.8952,4.1,mid,Nam,Tây,Sông,False,reserved,4,4,1,1,2025-07-19,2025-07-29,2025-08-02,NOT_SOLD,38,52,-1,1,1,2025-05-31T00:00:00+00:00,demo,synthetic,1,1,1,0,4328,La Pura,active,2025-06-08,Risa,2 PN + 2 WC,2,65.76,39,active,seed-batch-units-001,D-0067,reserved,1,2025-07-29T09:00:00+07:00,2025-08-02T17:00:00+07:00,1970-01-01T00:00:00+00:00,reserved,synthetic_v1_tower_stack_floor_band,synthetic_v1_causal_funnel
P-0001,A-0014,U-0137,mini_crm,mini-crm-dev,A3.14.08,Risa,Risa,A3,14,8,2 PN + 2 WC,70.15,62.8,4427477873,4609004465,HBL,2PN+2WC,2,2,65702131,73391791,0.8952,4.1,mid,Nam,Tây,Sông,False,sold,4,1,1,1,2025-07-29,2025-08-13,2025-08-27,2025-10-05,48,77,116,1,1,2025-05-31T00:00:00+00:00,demo,synthetic,1,1,1,1,4427,La Pura,active,2025-06-08,Risa,2 PN + 2 WC,2,65.76,39,active,seed-batch-units-001,D-0068,sold,1,2025-08-13T09:00:00+07:00,2025-10-05T17:00:00+07:00,1970-01-01T00:00:00+00:00,sold,synthetic_v1_tower_stack_floor_band,synthetic_v1_causal_funnel
P-0001,A-0016,U-0138,mini_crm,mini-crm-dev,A3.19.04,Risa,Risa,A3,19,4,Căn hộ Loft,76.91,69.48,4701472650,4894233029,HBL,Loft,2,2,63635847,70440890,0.9034,4.1,mid,Bắc,Đông,Sông,False,available,3,2,0,0,2025-07-17,NO_BOOKING,NO_RESERVATION,NOT_SOLD,36,-1,-1,1,1,2025-05-31T00:00:00+00:00,demo,synthetic,1,0,0,0,4701,La Pura,active,2025-06-08,Risa,Căn hộ Loft,2,56.13,19,active,seed-batch-units-001,0,no_deal,0,1970-01-01T00:00:00+00:00,1970-01-01T00:00:00+00:00,1970-01-01T00:00:00+00:00,lead,synthetic_v1_tower_stack_floor_band,synthetic_v1_causal_funnel
P-0001,A-0016,U-0139,mini_crm,mini-crm-dev,A3.19.06,Risa,Risa,A3,19,6,Căn hộ Loft,55.33,48.68,3705666724,3857599060,HBL,Loft,2,2,69719846,79244023,0.8798,4.1,mid,Đông Bắc,Đông Nam,Sông,False,available,2,1,0,0,2025-07-25,NO_BOOKING,NO_RESERVATION,NOT_SOLD,44,-1,-1,1,1,2025-05-31T00:00:00+00:00,demo,synthetic,1,0,0,0,3706,La Pura,active,2025-06-08,Risa,Căn hộ Loft,2,56.13,19,active,seed-batch-units-001,0,no_deal,0,1970-01-01T00:00:00+00:00,1970-01-01T00:00:00+00:00,1970-01-01T00:00:00+00:00,lead,synthetic_v1_tower_stack_floor_band,synthetic_v1_causal_funnel
P-0001,A-0016,U-0140,mini_crm,mini-crm-dev,A3.19.09,Risa,Risa,A3,19,9,Căn hộ Loft,56.92,51.67,4012559653,4177074599,HBL,Loft,2,2,73385007,80841390,0.9078,4.1,mid,Nam,Tây,Thành phố,False,available,3,2,0,0,2025-07-23,NO_BOOKING,NO_RESERVATION,NOT_SOLD,42,-1,-1,1,1,2025-05-31T00:00:00+00:00,demo,synthetic,1,0,0,0,4013,La Pura,active,2025-06-08,Risa,Căn hộ Loft,2,56.13,19,active,seed-batch-units-001,0,no_deal,0,1970-01-01T00:00:00+00:00,1970-01-01T00:00:00+00:00,1970-01-01T00:00:00+00:00,lead,synthetic_v1_tower_stack_floor_band,synthetic_v1_causal_funnel
P-0001,A-0016,U-0141,mini_crm,mini-crm-dev,A3.19.11,Risa,Risa,A3,19,11,Căn hộ Loft,66.21,59.8,4406687362,4587361544,HBL,Loft,2,2,69285026,76711732,0.9032,4.1,mid,Đông,Nam,Cảnh quan nội khu,False,available,2,1,0,0,2025-07-17,NO_BOOKING,NO_RESERVATION,NOT_SOLD,36,-1,-1,1,1,2025-05-31T00:00:00+00:00,demo,synthetic,1,0,0,0,4407,La Pura,active,2025-06-08,Risa,Căn hộ Loft,2,56.13,19,active,seed-batch-units-001,0,no_deal,0,1970-01-01T00:00:00+00:00,1970-01-01T00:00:00+00:00,1970-01-01T00:00:00+00:00,lead,synthetic_v1_tower_stack_floor_band,synthetic_v1_causal_funnel
P-0001,A-0016,U-0142,mini_crm,mini-crm-dev,A3.19.13,Risa,Risa,A3,19,13,Căn hộ Loft,66.27,59.81,4376549082,4555987594,HBL,Loft,2,2,68748870,76174345,0.9025,4.1,mid,Tây Nam,Tây Bắc,Nội khu,False,sold,5,4,1,1,2025-07-20,2025-07-31,2025-08-05,2025-09-09,39,55,90,1,1,2025-05-31T00:00:00+00:00,demo,synthetic,1,1,1,1,4377,La Pura,active,2025-06-08,Risa,Căn hộ Loft,2,56.13,19,active,seed-batch-units-001,D-0069,sold,1,2025-07-31T09:00:00+07:00,2025-09-09T17:00:00+07:00,1970-01-01T00:00:00+00:00,sold,synthetic_v1_tower_stack_floor_band,synthetic_v1_causal_funnel
P-0001,A-0016,U-0143,mini_crm,mini-crm-dev,A3.19.16,Risa,Risa,A3,19,16,Căn hộ Loft,53.94,48.96,3576139897,3722761633,HBL,Loft,2,2,69016715,76036798,0.9077,4.1,mid,Nam,Tây,Thành phố,False,sold,5,4,1,1,2025-08-02,2025-08-18,2025-09-02,2025-09-22,52,83,103,1,1,2025-05-31T00:00:00+00:00,demo,synthetic,1,1,1,1,3576,La Pura,active,2025-06-08,Risa,Căn hộ Loft,2,56.13,19,active,seed-batch-units-001,D-0070,sold,1,2025-08-18T09:00:00+07:00,2025-09-22T17:00:00+07:00,1970-01-01T00:00:00+00:00,sold,synthetic_v1_tower_stack_floor_band,synthetic_v1_causal_funnel
P-0001,A-0016,U-0144,mini_crm,mini-crm-dev,A3.19.17,Risa,Risa,A3,19,17,Căn hộ Loft,53.94,48.96,3548462413,3693949372,HBL,Loft,2,2,68482562,75448312,0.9077,4.1,mid,Tây Nam,Tây Bắc,Nội khu,False,sold,6,5,1,1,2025-07-24,2025-07-31,2025-08-06,2025-09-06,43,56,87,1,1,2025-05-31T00:00:00+00:00,demo,synthetic,1,1,1,1,3548,La Pura,active,2025-06-08,Risa,Căn hộ Loft,2,56.13,19,active,seed-batch-units-001,D-0071,sold,1,2025-07-31T09:00:00+07:00,2025-09-06T17:00:00+07:00,1970-01-01T00:00:00+00:00,sold,synthetic_v1_tower_stack_floor_band,synthetic_v1_causal_funnel
P-0001,A-0016,U-0145,mini_crm,mini-crm-dev,A3.19.18,Risa,Risa,A3,19,18,Căn hộ Loft,62.73,56.49,3717543651,3869962941,HBL,Loft,2,2,61692379,68507044,0.9005,4.1,mid,Tây Nam,Tây Bắc,Sông,True,reserved,4,3,1,1,2025-07-31,2025-08-05,2025-08-19,NOT_SOLD,50,69,-1,1,1,2025-05-31T00:00:00+00:00,demo,synthetic,1,1,1,0,3718,La Pura,active,2025-06-08,Risa,Căn hộ Loft,2,56.13,19,active,seed-batch-units-001,D-0072,reserved,1,2025-08-05T09:00:00+07:00,2025-08-19T17:00:00+07:00,1970-01-01T00:00:00+00:00,reserved,synthetic_v1_tower_stack_floor_band,synthetic_v1_causal_funnel
P-0001,A-0014,U-0146,mini_crm,mini-crm-dev,A3.27.04,Risa,Risa,A3,27,4,2 PN + 2 WC,76.91,69.8,3959575866,4121918477,HBL,2PN+2WC,2,2,53594051,59053273,0.9076,4.1,high,Bắc,Đông,Sông,False,available,1,0,0,0,2025-07-26,NO_BOOKING,NO_RESERVATION,NOT_SOLD,45,-1,-1,1,1,2025-05-31T00:00:00+00:00,demo,synthetic,1,0,0,0,3960,La Pura,active,2025-06-08,Risa,2 PN + 2 WC,2,65.76,39,active,seed-batch-units-001,0,no_deal,0,1970-01-01T00:00:00+00:00,1970-01-01T00:00:00+00:00,1970-01-01T00:00:00+00:00,lead,synthetic_v1_tower_stack_floor_band,synthetic_v1_causal_funnel
P-0001,A-0014,U-0147,mini_crm,mini-crm-dev,A3.32.04,Risa,Risa,A3,32,4,2 PN + 2 WC,76.91,69.8,3990288966,4153890813,HBL,2PN+2WC,2,2,54009762,59511330,0.9076,4.1,high,Bắc,Đông,Sông,False,sold,6,1,1,1,2025-07-27,2025-08-13,2025-08-24,2025-10-04,46,74,115,1,1,2025-05-31T00:00:00+00:00,demo,synthetic,1,1,1,1,3990,La Pura,active,2025-06-08,Risa,2 PN + 2 WC,2,65.76,39,active,seed-batch-units-001,D-0073,sold,1,2025-08-13T09:00:00+07:00,2025-10-04T17:00:00+07:00,1970-01-01T00:00:00+00:00,sold,synthetic_v1_tower_stack_floor_band,synthetic_v1_causal_funnel
P-0001,A-0012,U-0148,mini_crm,mini-crm-dev,A3.33.02,Risa,Risa,A3,33,2,1 PN,46.59,42.18,2572453232,2677923815,HBL,1PN,1,1,57478511,63487999,0.9053,4.1,high,Đông Nam,Tây Nam,Toàn cảnh,True,sold,2,2,1,1,2025-08-02,2025-08-10,2025-08-22,2025-09-03,52,72,84,1,1,2025-05-31T00:00:00+00:00,demo,synthetic,1,1,1,1,2572,La Pura,active,2025-06-08,Risa,1 PN,1,44.73,29,active,seed-batch-units-001,D-0074,sold,1,2025-08-10T09:00:00+07:00,2025-09-03T17:00:00+07:00,1970-01-01T00:00:00+00:00,sold,synthetic_v1_tower_stack_floor_band,synthetic_v1_causal_funnel
P-0001,A-0014,U-0149,mini_crm,mini-crm-dev,A3.34.03,Risa,Risa,A3,34,3,2 PN + 2 WC,76.91,69.96,3974640727,4137600997,HBL,2PN+2WC,2,2,53797959,59142381,0.9096,4.1,high,Đông Bắc,Đông Nam,Hồ bơi,False,sold,2,2,1,1,2025-07-23,2025-08-10,2025-08-17,2025-09-28,42,67,109,1,1,2025-05-31T00:00:00+00:00,demo,synthetic,1,1,1,1,3975,La Pura,active,2025-06-08,Risa,2 PN + 2 WC,2,65.76,39,active,seed-batch-units-001,D-0075,sold,1,2025-08-10T09:00:00+07:00,2025-09-28T17:00:00+07:00,1970-01-01T00:00:00+00:00,sold,synthetic_v1_tower_stack_floor_band,synthetic_v1_causal_funnel
P-0001,A-0014,U-0150,mini_crm,mini-crm-dev,A3.34.04,Risa,Risa,A3,34,4,2 PN + 2 WC,76.91,69.8,4002574205,4166679748,HBL,2PN+2WC,2,2,54176047,59694552,0.9076,4.1,high,Bắc,Đông,Sông,False,sold,6,5,1,1,2025-07-22,2025-07-29,2025-08-04,2025-09-04,41,54,85,1,1,2025-05-31T00:00:00+00:00,demo,synthetic,1,1,1,1,4003,La Pura,active,2025-06-08,Risa,2 PN + 2 WC,2,65.76,39,active,seed-batch-units-001,D-0076,sold,1,2025-07-29T09:00:00+07:00,2025-09-04T17:00:00+07:00,1970-01-01T00:00:00+00:00,sold,synthetic_v1_tower_stack_floor_band,synthetic_v1_causal_funnel
P-0001,A-0014,U-0151,mini_crm,mini-crm-dev,A3.37.03,Risa,Risa,A3,37,3,2 PN + 2 WC,76.91,69.96,3956212867,4118417595,HBL,2PN+2WC,2,2,53548532,58868176,0.9096,4.1,high,Đông Bắc,Đông Nam,Hồ bơi,False,sold,2,2,1,1,2025-07-18,2025-07-26,2025-07-28,2025-08-09,37,47,59,1,1,2025-05-31T00:00:00+00:00,demo,synthetic,1,1,1,1,3956,La Pura,active,2025-06-08,Risa,2 PN + 2 WC,2,65.76,39,active,seed-batch-units-001,D-0077,sold,1,2025-07-26T09:00:00+07:00,2025-08-09T17:00:00+07:00,1970-01-01T00:00:00+00:00,sold,synthetic_v1_tower_stack_floor_band,synthetic_v1_causal_funnel
P-0001,A-0012,U-0152,mini_crm,mini-crm-dev,A3.37.05,Risa,Risa,A3,37,5,1 PN,46.73,42.01,2604197295,2710969384,HBL,1PN,1,1,58013469,64531525,0.899,4.1,high,Đông,Nam,Sông,False,available,0,0,0,0,NO_LEAD,NO_BOOKING,NO_RESERVATION,NOT_SOLD,-1,-1,-1,1,1,2025-05-31T00:00:00+00:00,demo,synthetic,0,0,0,0,2604,La Pura,active,2025-06-08,Risa,1 PN,1,44.73,29,active,seed-batch-units-001,0,no_deal,0,1970-01-01T00:00:00+00:00,1970-01-01T00:00:00+00:00,1970-01-01T00:00:00+00:00,no_lead,synthetic_v1_tower_stack_floor_band,synthetic_v1_causal_funnel
P-0001,A-0012,U-0153,mini_crm,mini-crm-dev,A3.38.02,Risa,Risa,A3,38,2,1 PN,46.59,42.18,2553848066,2658555837,HBL,1PN,1,1,57062800,63028825,0.9053,4.1,high,Đông Nam,Tây Nam,Toàn cảnh,True,sold,3,3,1,1,2025-08-03,2025-08-22,2025-09-04,2025-10-17,53,85,128,1,1,2025-05-31T00:00:00+00:00,demo,synthetic,1,1,1,1,2554,La Pura,active,2025-06-08,Risa,1 PN,1,44.73,29,active,seed-batch-units-001,D-0078,sold,1,2025-08-22T09:00:00+07:00,2025-10-17T17:00:00+07:00,1970-01-01T00:00:00+00:00,sold,synthetic_v1_tower_stack_floor_band,synthetic_v1_causal_funnel
P-0001,A-0014,U-0154,mini_crm,mini-crm-dev,A3.38.03,Risa,Risa,A3,38,3,2 PN + 2 WC,76.91,69.96,3950070248,4112023128,HBL,2PN+2WC,2,2,53465390,58776774,0.9096,4.1,high,Đông Bắc,Đông Nam,Hồ bơi,False,available,1,0,0,0,2025-07-28,NO_BOOKING,NO_RESERVATION,NOT_SOLD,47,-1,-1,1,1,2025-05-31T00:00:00+00:00,demo,synthetic,1,0,0,0,3950,La Pura,active,2025-06-08,Risa,2 PN + 2 WC,2,65.76,39,active,seed-batch-units-001,0,no_deal,0,1970-01-01T00:00:00+00:00,1970-01-01T00:00:00+00:00,1970-01-01T00:00:00+00:00,lead,synthetic_v1_tower_stack_floor_band,synthetic_v1_causal_funnel
P-0001,A-0012,U-0155,mini_crm,mini-crm-dev,A3.39.02,Risa,Risa,A3,39,2,1 PN,46.59,42.18,2550127033,2654682241,HBL,1PN,1,1,56979657,62936990,0.9053,4.1,high,Đông Nam,Tây Nam,Toàn cảnh,True,sold,2,1,1,1,2025-08-02,2025-08-15,2025-08-27,2025-10-03,52,77,114,1,1,2025-05-31T00:00:00+00:00,demo,synthetic,1,1,1,1,2550,La Pura,active,2025-06-08,Risa,1 PN,1,44.73,29,active,seed-batch-units-001,D-0079,sold,1,2025-08-15T09:00:00+07:00,2025-10-03T17:00:00+07:00,1970-01-01T00:00:00+00:00,sold,synthetic_v1_tower_stack_floor_band,synthetic_v1_causal_funnel
P-0001,A-0014,U-0156,mini_crm,mini-crm-dev,A3.39.04,Risa,Risa,A3,39,4,2 PN + 2 WC,76.91,69.8,4033287305,4198652084,HBL,2PN+2WC,2,2,54591758,60152609,0.9076,4.1,high,Bắc,Đông,Sông,False,available,3,2,0,0,2025-07-24,NO_BOOKING,NO_RESERVATION,NOT_SOLD,43,-1,-1,1,1,2025-05-31T00:00:00+00:00,demo,synthetic,1,0,0,0,4033,La Pura,active,2025-06-08,Risa,2 PN + 2 WC,2,65.76,39,active,seed-batch-units-001,0,no_deal,0,1970-01-01T00:00:00+00:00,1970-01-01T00:00:00+00:00,1970-01-01T00:00:00+00:00,lead,synthetic_v1_tower_stack_floor_band,synthetic_v1_causal_funnel
P-0001,A-0018,U-0157,mini_crm,mini-crm-dev,A3.39.09,Risa,Risa,A3,39,9,RISA,56.92,52.41,3426996652,3567503515,HBL,RISA,2,2,62675747,68069138,0.9208,4.1,high,Nam,Tây,Thành phố,False,sold,2,1,1,1,2025-07-20,2025-07-23,2025-07-25,2025-08-01,39,44,51,1,1,2025-05-31T00:00:00+00:00,demo,synthetic,1,1,1,1,3427,La Pura,active,2025-06-08,Risa,RISA,2,49.01,14,active,seed-batch-units-001,D-0080,sold,1,2025-07-23T09:00:00+07:00,2025-08-01T17:00:00+07:00,1970-01-01T00:00:00+00:00,sold,synthetic_v1_tower_stack_floor_band,synthetic_v1_causal_funnel
P-0001,A-0018,U-0158,mini_crm,mini-crm-dev,A4.04.01,Risa,Risa,A4,4,1,RISA,55.21,48.23,3126347510,3254527758,AUH,RISA,2,2,58948157,67479323,0.8736,4.1,low,Đông Nam,Tây Nam,Nội khu,True,sold,5,4,1,1,2025-07-24,2025-08-14,2025-08-19,2025-09-13,43,69,94,1,1,2025-05-31T00:00:00+00:00,demo,synthetic,1,1,1,1,3126,La Pura,active,2025-06-08,Risa,RISA,2,49.01,14,active,seed-batch-units-001,D-0081,sold,1,2025-08-14T09:00:00+07:00,2025-09-13T17:00:00+07:00,1970-01-01T00:00:00+00:00,sold,synthetic_v1_tower_stack_floor_band,synthetic_v1_causal_funnel
P-0001,A-0014,U-0159,mini_crm,mini-crm-dev,A4.04.03,Risa,Risa,A4,4,3,2 PN + 2 WC,72.66,65.11,3697271477,3848859607,AUH,2PN+2WC,2,2,52970818,59113187,0.8961,4.1,low,Bắc,Đông,Cảnh quan nội khu,False,sold,2,1,1,1,2025-07-24,2025-08-06,2025-08-13,2025-08-30,43,63,80,1,1,2025-05-31T00:00:00+00:00,demo,synthetic,1,1,1,1,3697,La Pura,active,2025-06-08,Risa,2 PN + 2 WC,2,65.76,39,active,seed-batch-units-001,D-0082,sold,1,2025-08-06T09:00:00+07:00,2025-08-30T17:00:00+07:00,1970-01-01T00:00:00+00:00,sold,synthetic_v1_tower_stack_floor_band,synthetic_v1_causal_funnel
P-0001,A-0014,U-0160,mini_crm,mini-crm-dev,A4.04.04,Risa,Risa,A4,4,4,2 PN + 2 WC,72.66,65.11,3975666856,4138669197,AUH,2PN+2WC,2,2,56959389,63564264,0.8961,4.1,low,Tây Bắc,Đông Bắc,Nội khu,False,available,1,0,0,0,2025-08-01,NO_BOOKING,NO_RESERVATION,NOT_SOLD,51,-1,-1,1,1,2025-05-31T00:00:00+00:00,demo,synthetic,1,0,0,0,3976,La Pura,active,2025-06-08,Risa,2 PN + 2 WC,2,65.76,39,active,seed-batch-units-001,0,no_deal,0,1970-01-01T00:00:00+00:00,1970-01-01T00:00:00+00:00,1970-01-01T00:00:00+00:00,lead,synthetic_v1_tower_stack_floor_band,synthetic_v1_causal_funnel
P-0001,A-0014,U-0161,mini_crm,mini-crm-dev,A4.04.20,Risa,Risa,A4,4,20,2 PN + 2 WC,71.81,63.25,3933372294,4094640558,AUH,2PN+2WC,2,2,57020478,64737400,0.8808,4.1,low,Đông,Nam,Nội khu,False,reserved,3,1,1,1,2025-07-24,2025-08-02,2025-08-10,NOT_SOLD,43,60,-1,1,1,2025-05-31T00:00:00+00:00,demo,synthetic,1,1,1,0,3933,La Pura,active,2025-06-08,Risa,2 PN + 2 WC,2,65.76,39,active,seed-batch-units-001,D-0083,reserved,1,2025-08-02T09:00:00+07:00,2025-08-10T17:00:00+07:00,1970-01-01T00:00:00+00:00,reserved,synthetic_v1_tower_stack_floor_band,synthetic_v1_causal_funnel
P-0001,A-0015,U-0162,mini_crm,mini-crm-dev,A4.04.21,Risa,Risa,A4,4,21,3 PN,85.54,75.84,5793188768,6030709507,AUH,3PN,3,2,70501631,79518849,0.8866,4.1,low,Đông Bắc,Đông Nam,Nội khu,False,sold,3,2,1,1,2025-07-13,2025-07-22,2025-07-25,2025-08-07,32,44,57,1,1,2025-05-31T00:00:00+00:00,demo,synthetic,1,1,1,1,5793,La Pura,active,2025-06-08,Risa,3 PN,3,75.84,8,active,seed-batch-units-001,D-0084,sold,1,2025-07-22T09:00:00+07:00,2025-08-07T17:00:00+07:00,1970-01-01T00:00:00+00:00,sold,synthetic_v1_tower_stack_floor_band,synthetic_v1_causal_funnel
P-0001,A-0012,U-0163,mini_crm,mini-crm-dev,A4.05.02,Risa,Risa,A4,5,2,1 PN,49.76,44.56,2769253120,2882792498,AUH,1PN,1,1,57933933,64694625,0.8955,4.1,low,Đông,Nam,Hồ bơi,False,reserved,3,1,1,1,2025-07-28,2025-08-16,2025-08-24,NOT_SOLD,47,74,-1,1,1,2025-05-31T00:00:00+00:00,demo,synthetic,1,1,1,0,2769,La Pura,active,2025-06-08,Risa,1 PN,1,44.73,29,active,seed-batch-units-001,D-0085,reserved,1,2025-08-16T09:00:00+07:00,2025-08-24T17:00:00+07:00,1970-01-01T00:00:00+00:00,reserved,synthetic_v1_tower_stack_floor_band,synthetic_v1_causal_funnel
P-0001,A-0015,U-0164,mini_crm,mini-crm-dev,A4.05.21,Risa,Risa,A4,5,21,3 PN,85.54,75.84,5944360356,6188079130,AUH,3PN,3,2,72341351,81593870,0.8866,4.1,low,Đông Bắc,Đông Nam,Nội khu,False,sold,6,3,1,1,2025-07-26,2025-08-12,2025-08-28,2025-09-18,45,78,99,1,1,2025-05-31T00:00:00+00:00,demo,synthetic,1,1,1,1,5944,La Pura,active,2025-06-08,Risa,3 PN,3,75.84,8,active,seed-batch-units-001,D-0086,sold,1,2025-08-12T09:00:00+07:00,2025-09-18T17:00:00+07:00,1970-01-01T00:00:00+00:00,sold,synthetic_v1_tower_stack_floor_band,synthetic_v1_causal_funnel
P-0001,A-0012,U-0165,mini_crm,mini-crm-dev,A4.06.02,Risa,Risa,A4,6,2,1 PN,49.76,44.56,2773558842,2887274754,AUH,1PN,1,1,58024010,64795214,0.8955,4.1,low,Đông,Nam,Hồ bơi,False,available,0,0,0,0,NO_LEAD,NO_BOOKING,NO_RESERVATION,NOT_SOLD,-1,-1,-1,1,1,2025-05-31T00:00:00+00:00,demo,synthetic,0,0,0,0,2774,La Pura,active,2025-06-08,Risa,1 PN,1,44.73,29,active,seed-batch-units-001,0,no_deal,0,1970-01-01T00:00:00+00:00,1970-01-01T00:00:00+00:00,1970-01-01T00:00:00+00:00,no_lead,synthetic_v1_tower_stack_floor_band,synthetic_v1_causal_funnel
P-0001,A-0014,U-0166,mini_crm,mini-crm-dev,A4.06.04,Risa,Risa,A4,6,4,2 PN + 2 WC,72.66,65.11,4068465315,4235272393,AUH,2PN+2WC,2,2,58288913,65047956,0.8961,4.1,low,Tây Bắc,Đông Bắc,Nội khu,False,reserved,4,3,1,1,2025-07-30,2025-08-04,2025-08-18,NOT_SOLD,49,68,-1,1,1,2025-05-31T00:00:00+00:00,demo,synthetic,1,1,1,0,4068,La Pura,active,2025-06-08,Risa,2 PN + 2 WC,2,65.76,39,active,seed-batch-units-001,D-0087,reserved,1,2025-08-04T09:00:00+07:00,2025-08-18T17:00:00+07:00,1970-01-01T00:00:00+00:00,reserved,synthetic_v1_tower_stack_floor_band,synthetic_v1_causal_funnel
P-0001,A-0012,U-0167,mini_crm,mini-crm-dev,A4.06.05,Risa,Risa,A4,6,5,1 PN,49.61,44.55,3010476178,3133905701,AUH,1PN,1,1,63170847,70345807,0.898,4.1,low,Bắc,Đông,Nội khu,False,available,0,0,0,0,NO_LEAD,NO_BOOKING,NO_RESERVATION,NOT_SOLD,-1,-1,-1,1,1,2025-05-31T00:00:00+00:00,demo,synthetic,0,0,0,0,3010,La Pura,active,2025-06-08,Risa,1 PN,1,44.73,29,active,seed-batch-units-001,0,no_deal,0,1970-01-01T00:00:00+00:00,1970-01-01T00:00:00+00:00,1970-01-01T00:00:00+00:00,no_lead,synthetic_v1_tower_stack_floor_band,synthetic_v1_causal_funnel
P-0001,A-0012,U-0168,mini_crm,mini-crm-dev,A4.07.02,Risa,Risa,A4,7,2,1 PN,49.76,44.56,2777864564,2891757011,AUH,1PN,1,1,58114088,64895804,0.8955,4.1,low,Đông,Nam,Hồ bơi,False,reserved,4,1,1,1,2025-07-24,2025-08-08,2025-08-12,NOT_SOLD,43,62,-1,1,1,2025-05-31T00:00:00+00:00,demo,synthetic,1,1,1,0,2778,La Pura,active,2025-06-08,Risa,1 PN,1,44.73,29,active,seed-batch-units-001,D-0088,reserved,1,2025-08-08T09:00:00+07:00,2025-08-12T17:00:00+07:00,1970-01-01T00:00:00+00:00,reserved,synthetic_v1_tower_stack_floor_band,synthetic_v1_causal_funnel
P-0001,A-0014,U-0169,mini_crm,mini-crm-dev,A4.07.04,Risa,Risa,A4,7,4,2 PN + 2 WC,72.66,65.11,4062178062,4228727362,AUH,2PN+2WC,2,2,58198835,64947433,0.8961,4.1,low,Tây Bắc,Đông Bắc,Nội khu,False,available,0,0,0,0,NO_LEAD,NO_BOOKING,NO_RESERVATION,NOT_SOLD,-1,-1,-1,1,1,2025-05-31T00:00:00+00:00,demo,synthetic,0,0,0,0,4062,La Pura,active,2025-06-08,Risa,2 PN + 2 WC,2,65.76,39,active,seed-batch-units-001,0,no_deal,0,1970-01-01T00:00:00+00:00,1970-01-01T00:00:00+00:00,1970-01-01T00:00:00+00:00,no_lead,synthetic_v1_tower_stack_floor_band,synthetic_v1_causal_funnel
P-0001,A-0015,U-0170,mini_crm,mini-crm-dev,A4.08.21,Risa,Risa,A4,8,21,3 PN,85.54,75.84,5969896418,6214662171,AUH,3PN,3,2,72652118,81944385,0.8866,4.1,low,Đông Bắc,Đông Nam,Nội khu,False,reserved,3,3,1,1,2025-07-23,2025-07-27,2025-08-09,NOT_SOLD,42,59,-1,1,1,2025-05-31T00:00:00+00:00,demo,synthetic,1,1,1,0,5970,La Pura,active,2025-06-08,Risa,3 PN,3,75.84,8,active,seed-batch-units-001,D-0089,reserved,1,2025-07-27T09:00:00+07:00,2025-08-09T17:00:00+07:00,1970-01-01T00:00:00+00:00,reserved,synthetic_v1_tower_stack_floor_band,synthetic_v1_causal_funnel
P-0001,A-0015,U-0171,mini_crm,mini-crm-dev,A4.09.21,Risa,Risa,A4,9,21,3 PN,85.54,75.84,5978408439,6223523185,AUH,3PN,3,2,72755707,82061223,0.8866,4.1,low,Đông Bắc,Đông Nam,Nội khu,False,available,1,0,0,0,2025-07-12,NO_BOOKING,NO_RESERVATION,NOT_SOLD,31,-1,-1,1,1,2025-05-31T00:00:00+00:00,demo,synthetic,1,0,0,0,5978,La Pura,active,2025-06-08,Risa,3 PN,3,75.84,8,active,seed-batch-units-001,0,no_deal,0,1970-01-01T00:00:00+00:00,1970-01-01T00:00:00+00:00,1970-01-01T00:00:00+00:00,lead,synthetic_v1_tower_stack_floor_band,synthetic_v1_causal_funnel
P-0001,A-0018,U-0172,mini_crm,mini-crm-dev,A4.10.01,Risa,Risa,A4,10,1,RISA,55.21,48.23,3235077997,3367716195,AUH,RISA,2,2,60998301,69826170,0.8736,4.1,low,Đông Nam,Tây Nam,Nội khu,True,sold,5,4,1,1,2025-07-29,2025-08-04,2025-08-14,2025-08-24,48,64,74,1,1,2025-05-31T00:00:00+00:00,demo,synthetic,1,1,1,1,3235,La Pura,active,2025-06-08,Risa,RISA,2,49.01,14,active,seed-batch-units-001,D-0090,sold,1,2025-08-04T09:00:00+07:00,2025-08-24T17:00:00+07:00,1970-01-01T00:00:00+00:00,sold,synthetic_v1_tower_stack_floor_band,synthetic_v1_causal_funnel
P-0001,A-0012,U-0173,mini_crm,mini-crm-dev,A4.10.05,Risa,Risa,A4,10,5,1 PN,49.61,44.55,2993305209,3116030722,AUH,1PN,1,1,62810537,69944573,0.898,4.1,low,Bắc,Đông,Nội khu,False,available,1,0,0,0,2025-08-03,NO_BOOKING,NO_RESERVATION,NOT_SOLD,53,-1,-1,1,1,2025-05-31T00:00:00+00:00,demo,synthetic,1,0,0,0,2993,La Pura,active,2025-06-08,Risa,1 PN,1,44.73,29,active,seed-batch-units-001,0,no_deal,0,1970-01-01T00:00:00+00:00,1970-01-01T00:00:00+00:00,1970-01-01T00:00:00+00:00,lead,synthetic_v1_tower_stack_floor_band,synthetic_v1_causal_funnel
P-0001,A-0015,U-0174,mini_crm,mini-crm-dev,A4.10.21,Risa,Risa,A4,10,21,3 PN,85.54,75.84,5986920460,6232384199,AUH,3PN,3,2,72859296,82178062,0.8866,4.1,low,Đông Bắc,Đông Nam,Nội khu,False,available,3,2,0,0,2025-07-26,NO_BOOKING,NO_RESERVATION,NOT_SOLD,45,-1,-1,1,1,2025-05-31T00:00:00+00:00,demo,synthetic,1,0,0,0,5987,La Pura,active,2025-06-08,Risa,3 PN,3,75.84,8,active,seed-batch-units-001,0,no_deal,0,1970-01-01T00:00:00+00:00,1970-01-01T00:00:00+00:00,1970-01-01T00:00:00+00:00,lead,synthetic_v1_tower_stack_floor_band,synthetic_v1_causal_funnel
P-0001,A-0012,U-0175,mini_crm,mini-crm-dev,A4.11.05,Risa,Risa,A4,11,5,1 PN,49.61,44.73,2989012466,3111561978,AUH,1PN,1,1,62720459,69563201,0.9016,4.1,low,Bắc,Đông,Nội khu,False,available,1,0,0,0,2025-07-25,NO_BOOKING,NO_RESERVATION,NOT_SOLD,44,-1,-1,1,1,2025-05-31T00:00:00+00:00,demo,synthetic,1,0,0,0,2989,La Pura,active,2025-06-08,Risa,1 PN,1,44.73,29,active,seed-batch-units-001,0,no_deal,0,1970-01-01T00:00:00+00:00,1970-01-01T00:00:00+00:00,1970-01-01T00:00:00+00:00,lead,synthetic_v1_tower_stack_floor_band,synthetic_v1_causal_funnel
P-0001,A-0012,U-0176,mini_crm,mini-crm-dev,A4.12.05,Risa,Risa,A4,12,5,1 PN,49.61,44.73,2984719724,3107093233,AUH,1PN,1,1,62630382,69463296,0.9016,4.1,low,Bắc,Đông,Nội khu,False,available,2,1,0,0,2025-07-31,NO_BOOKING,NO_RESERVATION,NOT_SOLD,50,-1,-1,1,1,2025-05-31T00:00:00+00:00,demo,synthetic,1,0,0,0,2985,La Pura,active,2025-06-08,Risa,1 PN,1,44.73,29,active,seed-batch-units-001,0,no_deal,0,1970-01-01T00:00:00+00:00,1970-01-01T00:00:00+00:00,1970-01-01T00:00:00+00:00,lead,synthetic_v1_tower_stack_floor_band,synthetic_v1_causal_funnel
P-0001,A-0012,U-0177,mini_crm,mini-crm-dev,A4.13.02,Risa,Risa,A4,13,2,1 PN,49.76,44.8,2731535960,2843528934,AUH,1PN,1,1,57144874,63471628,0.9003,4.1,mid,Đông,Nam,Toàn cảnh,False,available,3,2,0,0,2025-07-29,NO_BOOKING,NO_RESERVATION,NOT_SOLD,48,-1,-1,1,1,2025-05-31T00:00:00+00:00,demo,synthetic,1,0,0,0,2732,La Pura,active,2025-06-08,Risa,1 PN,1,44.73,29,active,seed-batch-units-001,0,no_deal,0,1970-01-01T00:00:00+00:00,1970-01-01T00:00:00+00:00,1970-01-01T00:00:00+00:00,lead,synthetic_v1_tower_stack_floor_band,synthetic_v1_causal_funnel
P-0001,A-0014,U-0178,mini_crm,mini-crm-dev,A4.13.03,Risa,Risa,A4,13,3,2 PN + 2 WC,72.66,65.44,3753856760,3907764887,AUH,2PN+2WC,2,2,53781515,59715234,0.9006,4.1,mid,Bắc,Đông,Hồ bơi,False,available,0,0,0,0,NO_LEAD,NO_BOOKING,NO_RESERVATION,NOT_SOLD,-1,-1,-1,1,1,2025-05-31T00:00:00+00:00,demo,synthetic,0,0,0,0,3754,La Pura,active,2025-06-08,Risa,2 PN + 2 WC,2,65.76,39,active,seed-batch-units-001,0,no_deal,0,1970-01-01T00:00:00+00:00,1970-01-01T00:00:00+00:00,1970-01-01T00:00:00+00:00,no_lead,synthetic_v1_tower_stack_floor_band,synthetic_v1_causal_funnel
P-0001,A-0012,U-0179,mini_crm,mini-crm-dev,A4.13.05,Risa,Risa,A4,13,5,1 PN,49.61,44.73,2908481580,3027729325,AUH,1PN,1,1,61030625,67689008,0.9016,4.1,mid,Bắc,Đông,Nội khu,False,available,2,1,0,0,2025-07-27,NO_BOOKING,NO_RESERVATION,NOT_SOLD,46,-1,-1,1,1,2025-05-31T00:00:00+00:00,demo,synthetic,1,0,0,0,2908,La Pura,active,2025-06-08,Risa,1 PN,1,44.73,29,active,seed-batch-units-001,0,no_deal,0,1970-01-01T00:00:00+00:00,1970-01-01T00:00:00+00:00,1970-01-01T00:00:00+00:00,lead,synthetic_v1_tower_stack_floor_band,synthetic_v1_causal_funnel
P-0001,A-0017,U-0180,mini_crm,mini-crm-dev,A4.14.01,Risa,Risa,A4,14,1,Căn hộ sân vườn,187.66,171.82,13979975574,14553154573,AUH,Garden,2,2,77550648,84700003,0.9156,4.1,mid,Đông Nam,Tây Nam,Sông,True,reserved,6,3,1,1,2025-06-29,2025-07-16,2025-08-01,NOT_SOLD,18,51,-1,1,1,2025-05-31T00:00:00+00:00,demo,synthetic,1,1,1,0,13980,La Pura,active,2025-06-08,Risa,Căn hộ sân vườn,2,168.86,4,active,seed-batch-units-001,D-0091,reserved,1,2025-07-16T09:00:00+07:00,2025-08-01T17:00:00+07:00,1970-01-01T00:00:00+00:00,reserved,synthetic_v1_tower_stack_floor_band,synthetic_v1_causal_funnel
P-0001,A-0017,U-0181,mini_crm,mini-crm-dev,A4.14.02,Risa,Risa,A4,14,2,Căn hộ sân vườn,179.08,165.22,12585243437,13101238418,AUH,Garden,2,2,73158580,79295717,0.9226,4.1,mid,Đông,Nam,Toàn cảnh,False,sold,3,2,1,1,2025-06-21,2025-06-30,2025-07-03,2025-07-16,10,22,35,1,1,2025-05-31T00:00:00+00:00,demo,synthetic,1,1,1,1,12585,La Pura,active,2025-06-08,Risa,Căn hộ sân vườn,2,168.86,4,active,seed-batch-units-001,D-0092,sold,1,2025-06-30T09:00:00+07:00,2025-07-16T17:00:00+07:00,1970-01-01T00:00:00+00:00,sold,synthetic_v1_tower_stack_floor_band,synthetic_v1_causal_funnel
P-0001,A-0015,U-0182,mini_crm,mini-crm-dev,A4.15.19,Risa,Risa,A4,15,19,3 PN,85.54,76.2,6029480564,6276689267,AUH,3PN,3,2,73377242,82371250,0.8908,4.1,mid,Đông Nam,Tây Nam,Cảnh quan nội khu,False,available,1,0,0,0,2025-07-22,NO_BOOKING,NO_RESERVATION,NOT_SOLD,41,-1,-1,1,1,2025-05-31T00:00:00+00:00,demo,synthetic,1,0,0,0,6029,La Pura,active,2025-06-08,Risa,3 PN,3,75.84,8,active,seed-batch-units-001,0,no_deal,0,1970-01-01T00:00:00+00:00,1970-01-01T00:00:00+00:00,1970-01-01T00:00:00+00:00,lead,synthetic_v1_tower_stack_floor_band,synthetic_v1_causal_funnel
P-0001,A-0018,U-0183,mini_crm,mini-crm-dev,A4.17.01,Risa,Risa,A4,17,1,RISA,55.21,48.68,3268519161,3402528446,AUH,RISA,2,2,61628843,69895819,0.8817,4.1,mid,Đông Nam,Tây Nam,Sông,True,available,2,1,0,0,2025-08-03,NO_BOOKING,NO_RESERVATION,NOT_SOLD,53,-1,-1,1,1,2025-05-31T00:00:00+00:00,demo,synthetic,1,0,0,0,3269,La Pura,active,2025-06-08,Risa,RISA,2,49.01,14,active,seed-batch-units-001,0,no_deal,0,1970-01-01T00:00:00+00:00,1970-01-01T00:00:00+00:00,1970-01-01T00:00:00+00:00,lead,synthetic_v1_tower_stack_floor_band,synthetic_v1_causal_funnel
P-0001,A-0015,U-0184,mini_crm,mini-crm-dev,A4.17.21,Risa,Risa,A4,17,21,3 PN,85.54,76.2,6046504606,6294411295,AUH,3PN,3,2,73584420,82603823,0.8908,4.1,mid,Đông Bắc,Đông Nam,Sông,False,reserved,5,4,1,1,2025-07-20,2025-08-10,2025-08-20,NOT_SOLD,39,70,-1,1,1,2025-05-31T00:00:00+00:00,demo,synthetic,1,1,1,0,6047,La Pura,active,2025-06-08,Risa,3 PN,3,75.84,8,active,seed-batch-units-001,D-0093,reserved,1,2025-08-10T09:00:00+07:00,2025-08-20T17:00:00+07:00,1970-01-01T00:00:00+00:00,reserved,synthetic_v1_tower_stack_floor_band,synthetic_v1_causal_funnel
P-0001,A-0016,U-0185,mini_crm,mini-crm-dev,A4.19.01,Risa,Risa,A4,19,1,Căn hộ Loft,55.21,48.68,3908356928,4068599562,AUH,Loft,2,2,73693164,83578463,0.8817,4.1,mid,Đông Nam,Tây Nam,Sông,True,sold,3,1,1,1,2025-07-25,2025-07-29,2025-08-06,2025-08-14,44,56,64,1,1,2025-05-31T00:00:00+00:00,demo,synthetic,1,1,1,1,3908,La Pura,active,2025-06-08,Risa,Căn hộ Loft,2,56.13,19,active,seed-batch-units-001,D-0094,sold,1,2025-07-29T09:00:00+07:00,2025-08-14T17:00:00+07:00,1970-01-01T00:00:00+00:00,sold,synthetic_v1_tower_stack_floor_band,synthetic_v1_causal_funnel
P-0001,A-0016,U-0186,mini_crm,mini-crm-dev,A4.19.03,Risa,Risa,A4,19,3,Căn hộ Loft,72.66,65.44,4654880662,4845730770,AUH,Loft,2,2,66690487,74048453,0.9006,4.1,mid,Bắc,Đông,Hồ bơi,False,available,2,1,0,0,2025-07-26,NO_BOOKING,NO_RESERVATION,NOT_SOLD,45,-1,-1,1,1,2025-05-31T00:00:00+00:00,demo,synthetic,1,0,0,0,4655,La Pura,active,2025-06-08,Risa,Căn hộ Loft,2,56.13,19,active,seed-batch-units-001,0,no_deal,0,1970-01-01T00:00:00+00:00,1970-01-01T00:00:00+00:00,1970-01-01T00:00:00+00:00,lead,synthetic_v1_tower_stack_floor_band,synthetic_v1_causal_funnel
P-0001,A-0014,U-0187,mini_crm,mini-crm-dev,A4.19.04,Risa,Risa,A4,19,4,2 PN + 2 WC,72.66,65.44,3986731017,4150186989,AUH,2PN+2WC,2,2,57117905,63419728,0.9006,4.1,mid,Tây Bắc,Đông Bắc,Thành phố,False,sold,3,2,1,1,2025-07-19,2025-07-28,2025-07-31,2025-08-13,38,50,63,1,1,2025-05-31T00:00:00+00:00,demo,synthetic,1,1,1,1,3987,La Pura,active,2025-06-08,Risa,2 PN + 2 WC,2,65.76,39,active,seed-batch-units-001,D-0095,sold,1,2025-07-28T09:00:00+07:00,2025-08-13T17:00:00+07:00,1970-01-01T00:00:00+00:00,sold,synthetic_v1_tower_stack_floor_band,synthetic_v1_causal_funnel
P-0001,A-0012,U-0188,mini_crm,mini-crm-dev,A4.19.05,Risa,Risa,A4,19,5,1 PN,49.61,44.73,2954670528,3075812020,AUH,1PN,1,1,61999839,68763962,0.9016,4.1,mid,Bắc,Đông,Nội khu,False,available,0,0,0,0,NO_LEAD,NO_BOOKING,NO_RESERVATION,NOT_SOLD,-1,-1,-1,1,1,2025-05-31T00:00:00+00:00,demo,synthetic,0,0,0,0,2955,La Pura,active,2025-06-08,Risa,1 PN,1,44.73,29,active,seed-batch-units-001,0,no_deal,0,1970-01-01T00:00:00+00:00,1970-01-01T00:00:00+00:00,1970-01-01T00:00:00+00:00,no_lead,synthetic_v1_tower_stack_floor_band,synthetic_v1_causal_funnel
P-0001,A-0016,U-0189,mini_crm,mini-crm-dev,A4.19.07,Risa,Risa,A4,19,7,Căn hộ Loft,62.79,56.55,3764381009,3918720631,AUH,Loft,2,2,62409948,69296563,0.9006,4.1,mid,Tây,Bắc,Sông,False,available,2,1,0,0,2025-07-25,NO_BOOKING,NO_RESERVATION,NOT_SOLD,44,-1,-1,1,1,2025-05-31T00:00:00+00:00,demo,synthetic,1,0,0,0,3764,La Pura,active,2025-06-08,Risa,Căn hộ Loft,2,56.13,19,active,seed-batch-units-001,0,no_deal,0,1970-01-01T00:00:00+00:00,1970-01-01T00:00:00+00:00,1970-01-01T00:00:00+00:00,lead,synthetic_v1_tower_stack_floor_band,synthetic_v1_causal_funnel
P-0001,A-0016,U-0190,mini_crm,mini-crm-dev,A4.19.09,Risa,Risa,A4,19,9,Căn hộ Loft,53.94,48.96,3508512062,3652361057,AUH,Loft,2,2,67711551,74598878,0.9077,4.1,mid,Nam,Tây,Hồ bơi,False,reserved,3,1,1,1,2025-07-26,2025-08-04,2025-08-12,NOT_SOLD,45,62,-1,1,1,2025-05-31T00:00:00+00:00,demo,synthetic,1,1,1,0,3509,La Pura,active,2025-06-08,Risa,Căn hộ Loft,2,56.13,19,active,seed-batch-units-001,D-0096,reserved,1,2025-08-04T09:00:00+07:00,2025-08-12T17:00:00+07:00,1970-01-01T00:00:00+00:00,reserved,synthetic_v1_tower_stack_floor_band,synthetic_v1_causal_funnel
P-0001,A-0016,U-0191,mini_crm,mini-crm-dev,A4.19.10,Risa,Risa,A4,19,10,Căn hộ Loft,67.25,59.46,4246089479,4420179147,AUH,Loft,2,2,65727571,74338701,0.8842,4.1,mid,Bắc,Đông,Toàn cảnh,False,sold,5,4,1,1,2025-07-25,2025-08-05,2025-08-15,2025-09-19,44,65,100,1,1,2025-05-31T00:00:00+00:00,demo,synthetic,1,1,1,1,4246,La Pura,active,2025-06-08,Risa,Căn hộ Loft,2,56.13,19,active,seed-batch-units-001,D-0097,sold,1,2025-08-05T09:00:00+07:00,2025-09-19T17:00:00+07:00,1970-01-01T00:00:00+00:00,sold,synthetic_v1_tower_stack_floor_band,synthetic_v1_causal_funnel
P-0001,A-0016,U-0192,mini_crm,mini-crm-dev,A4.19.15,Risa,Risa,A4,19,15,Căn hộ Loft,62.08,56.13,3671638418,3822175593,AUH,Loft,2,2,61568550,68095058,0.9042,4.1,mid,Đông Nam,Tây Nam,Sông,False,reserved,6,2,1,1,2025-07-23,2025-08-04,2025-08-10,NOT_SOLD,42,60,-1,1,1,2025-05-31T00:00:00+00:00,demo,synthetic,1,1,1,0,3672,La Pura,active,2025-06-08,Risa,Căn hộ Loft,2,56.13,19,active,seed-batch-units-001,D-0098,reserved,1,2025-08-04T09:00:00+07:00,2025-08-10T17:00:00+07:00,1970-01-01T00:00:00+00:00,reserved,synthetic_v1_tower_stack_floor_band,synthetic_v1_causal_funnel
P-0001,A-0016,U-0193,mini_crm,mini-crm-dev,A4.19.16,Risa,Risa,A4,19,16,Căn hộ Loft,62.08,56.13,3602615693,3750322937,AUH,Loft,2,2,60411130,66814946,0.9042,4.1,mid,Bắc,Đông,Hồ bơi,False,available,1,0,0,0,2025-07-27,NO_BOOKING,NO_RESERVATION,NOT_SOLD,46,-1,-1,1,1,2025-05-31T00:00:00+00:00,demo,synthetic,1,0,0,0,3603,La Pura,active,2025-06-08,Risa,Căn hộ Loft,2,56.13,19,active,seed-batch-units-001,0,no_deal,0,1970-01-01T00:00:00+00:00,1970-01-01T00:00:00+00:00,1970-01-01T00:00:00+00:00,lead,synthetic_v1_tower_stack_floor_band,synthetic_v1_causal_funnel
P-0001,A-0016,U-0194,mini_crm,mini-crm-dev,A4.19.18,Risa,Risa,A4,19,18,Căn hộ Loft,53.55,48.56,3305545182,3441072534,AUH,Loft,2,2,64259058,70862284,0.9068,4.1,mid,Đông,Nam,Toàn cảnh,False,available,3,2,0,0,2025-07-30,NO_BOOKING,NO_RESERVATION,NOT_SOLD,49,-1,-1,1,1,2025-05-31T00:00:00+00:00,demo,synthetic,1,0,0,0,3306,La Pura,active,2025-06-08,Risa,Căn hộ Loft,2,56.13,19,active,seed-batch-units-001,0,no_deal,0,1970-01-01T00:00:00+00:00,1970-01-01T00:00:00+00:00,1970-01-01T00:00:00+00:00,lead,synthetic_v1_tower_stack_floor_band,synthetic_v1_causal_funnel
P-0001,A-0016,U-0195,mini_crm,mini-crm-dev,A4.19.19,Risa,Risa,A4,19,19,Căn hộ Loft,53.55,48.56,3335314568,3472062466,AUH,Loft,2,2,64837768,71500463,0.9068,4.1,mid,Đông Nam,Tây Nam,Cảnh quan nội khu,False,sold,4,1,1,1,2025-07-27,2025-08-11,2025-08-20,2025-09-28,46,70,109,1,1,2025-05-31T00:00:00+00:00,demo,synthetic,1,1,1,1,3335,La Pura,active,2025-06-08,Risa,Căn hộ Loft,2,56.13,19,active,seed-batch-units-001,D-0099,sold,1,2025-08-11T09:00:00+07:00,2025-09-28T17:00:00+07:00,1970-01-01T00:00:00+00:00,sold,synthetic_v1_tower_stack_floor_band,synthetic_v1_causal_funnel
P-0001,A-0016,U-0196,mini_crm,mini-crm-dev,A4.19.22,Risa,Risa,A4,19,22,Căn hộ Loft,62.71,56.79,4123858505,4292936703,AUH,Loft,2,2,68456972,75593180,0.9056,4.1,mid,Tây Bắc,Đông Bắc,Hồ bơi,False,reserved,5,4,1,1,2025-07-26,2025-08-06,2025-08-16,NOT_SOLD,45,66,-1,1,1,2025-05-31T00:00:00+00:00,demo,synthetic,1,1,1,0,4124,La Pura,active,2025-06-08,Risa,Căn hộ Loft,2,56.13,19,active,seed-batch-units-001,D-0100,reserved,1,2025-08-06T09:00:00+07:00,2025-08-16T17:00:00+07:00,1970-01-01T00:00:00+00:00,reserved,synthetic_v1_tower_stack_floor_band,synthetic_v1_causal_funnel
P-0001,A-0016,U-0197,mini_crm,mini-crm-dev,A4.19.23,Risa,Risa,A4,19,23,Căn hộ Loft,63.41,56.87,3410430370,3550258015,AUH,Loft,2,2,55988929,62427607,0.8969,4.1,mid,Nam,Tây,Nội khu,True,sold,6,5,1,1,2025-07-24,2025-08-10,2025-08-16,2025-09-06,43,66,87,1,1,2025-05-31T00:00:00+00:00,demo,synthetic,1,1,1,1,3410,La Pura,active,2025-06-08,Risa,Căn hộ Loft,2,56.13,19,active,seed-batch-units-001,D-0101,sold,1,2025-08-10T09:00:00+07:00,2025-09-06T17:00:00+07:00,1970-01-01T00:00:00+00:00,sold,synthetic_v1_tower_stack_floor_band,synthetic_v1_causal_funnel
P-0001,A-0012,U-0198,mini_crm,mini-crm-dev,A4.24.02,Risa,Risa,A4,24,2,1 PN,49.76,45.04,2851061834,2967955369,AUH,1PN,1,1,59645405,65895990,0.9051,4.1,mid,Đông,Nam,Toàn cảnh,False,sold,4,1,1,1,2025-07-29,2025-08-13,2025-08-22,2025-09-10,48,72,91,1,1,2025-05-31T00:00:00+00:00,demo,synthetic,1,1,1,1,2851,La Pura,active,2025-06-08,Risa,1 PN,1,44.73,29,active,seed-batch-units-001,D-0102,sold,1,2025-08-13T09:00:00+07:00,2025-09-10T17:00:00+07:00,1970-01-01T00:00:00+00:00,sold,synthetic_v1_tower_stack_floor_band,synthetic_v1_causal_funnel
P-0001,A-0012,U-0199,mini_crm,mini-crm-dev,A4.26.05,Risa,Risa,A4,26,5,1 PN,49.61,45.2,2924621332,3044530806,AUH,1PN,1,1,61369297,67356876,0.9111,4.1,high,Bắc,Đông,Thành phố,False,sold,4,2,1,1,2025-07-24,2025-08-13,2025-08-17,2025-09-10,43,67,91,1,1,2025-05-31T00:00:00+00:00,demo,synthetic,1,1,1,1,2925,La Pura,active,2025-06-08,Risa,1 PN,1,44.73,29,active,seed-batch-units-001,D-0103,sold,1,2025-08-13T09:00:00+07:00,2025-09-10T17:00:00+07:00,1970-01-01T00:00:00+00:00,sold,synthetic_v1_tower_stack_floor_band,synthetic_v1_causal_funnel
P-0001,A-0018,U-0200,mini_crm,mini-crm-dev,A4.27.01,Risa,Risa,A4,27,1,RISA,55.24,49.01,3317984892,3454022273,AUH,RISA,2,2,62527557,70475868,0.8872,4.1,high,Đông Nam,Tây Nam,Sông,True,sold,4,3,1,1,2025-08-01,2025-08-06,2025-08-20,2025-08-29,51,70,79,1,1,2025-05-31T00:00:00+00:00,demo,synthetic,1,1,1,1,3318,La Pura,active,2025-06-08,Risa,RISA,2,49.01,14,active,seed-batch-units-001,D-0104,sold,1,2025-08-06T09:00:00+07:00,2025-08-29T17:00:00+07:00,1970-01-01T00:00:00+00:00,sold,synthetic_v1_tower_stack_floor_band,synthetic_v1_causal_funnel
P-0001,A-0014,U-0201,mini_crm,mini-crm-dev,A4.27.04,Risa,Risa,A4,27,4,2 PN + 2 WC,72.66,65.92,3425159502,3565591042,AUH,2PN+2WC,2,2,49072269,54089670,0.9072,4.1,high,Tây Bắc,Đông Bắc,Thành phố,False,sold,3,3,1,1,2025-07-31,2025-08-19,2025-09-01,2025-10-14,50,82,125,1,1,2025-05-31T00:00:00+00:00,demo,synthetic,1,1,1,1,3425,La Pura,active,2025-06-08,Risa,2 PN + 2 WC,2,65.76,39,active,seed-batch-units-001,D-0105,sold,1,2025-08-19T09:00:00+07:00,2025-10-14T17:00:00+07:00,1970-01-01T00:00:00+00:00,sold,synthetic_v1_tower_stack_floor_band,synthetic_v1_causal_funnel
P-0001,A-0012,U-0202,mini_crm,mini-crm-dev,A4.27.05,Risa,Risa,A4,27,5,1 PN,49.61,45.2,2920328589,3040062062,AUH,1PN,1,1,61279219,67258010,0.9111,4.1,high,Bắc,Đông,Thành phố,False,available,0,0,0,0,NO_LEAD,NO_BOOKING,NO_RESERVATION,NOT_SOLD,-1,-1,-1,1,1,2025-05-31T00:00:00+00:00,demo,synthetic,0,0,0,0,2920,La Pura,active,2025-06-08,Risa,1 PN,1,44.73,29,active,seed-batch-units-001,0,no_deal,0,1970-01-01T00:00:00+00:00,1970-01-01T00:00:00+00:00,1970-01-01T00:00:00+00:00,no_lead,synthetic_v1_tower_stack_floor_band,synthetic_v1_causal_funnel
P-0001,A-0017,U-0203,mini_crm,mini-crm-dev,A4.28.01,Risa,Risa,A4,28,1,Căn hộ sân vườn,187.69,172.5,14556684950,15153509033,AUH,Garden,2,2,80736901,87846429,0.9191,4.1,high,Đông Nam,Tây Nam,Sông,True,available,0,0,0,0,NO_LEAD,NO_BOOKING,NO_RESERVATION,NOT_SOLD,-1,-1,-1,1,1,2025-05-31T00:00:00+00:00,demo,synthetic,0,0,0,0,14557,La Pura,active,2025-06-08,Risa,Căn hộ sân vườn,2,168.86,4,active,seed-batch-units-001,0,no_deal,0,1970-01-01T00:00:00+00:00,1970-01-01T00:00:00+00:00,1970-01-01T00:00:00+00:00,no_lead,synthetic_v1_tower_stack_floor_band,synthetic_v1_causal_funnel
P-0001,A-0017,U-0204,mini_crm,mini-crm-dev,A4.28.02,Risa,Risa,A4,28,2,Căn hộ sân vườn,178.92,165.9,12026471706,12519557046,AUH,Garden,2,2,69972932,75464479,0.9272,4.1,high,Đông,Nam,Toàn cảnh,False,available,1,0,0,0,2025-06-30,NO_BOOKING,NO_RESERVATION,NOT_SOLD,19,-1,-1,1,1,2025-05-31T00:00:00+00:00,demo,synthetic,1,0,0,0,12026,La Pura,active,2025-06-08,Risa,Căn hộ sân vườn,2,168.86,4,active,seed-batch-units-001,0,no_deal,0,1970-01-01T00:00:00+00:00,1970-01-01T00:00:00+00:00,1970-01-01T00:00:00+00:00,lead,synthetic_v1_tower_stack_floor_band,synthetic_v1_causal_funnel
P-0001,A-0015,U-0205,mini_crm,mini-crm-dev,A4.29.19,Risa,Risa,A4,29,19,3 PN,85.54,76.72,6148648856,6400743459,AUH,3PN,3,2,74827490,83429920,0.8969,4.1,high,Đông Nam,Tây Nam,Hồ bơi,False,available,0,0,0,0,NO_LEAD,NO_BOOKING,NO_RESERVATION,NOT_SOLD,-1,-1,-1,1,1,2025-05-31T00:00:00+00:00,demo,synthetic,0,0,0,0,6149,La Pura,active,2025-06-08,Risa,3 PN,3,75.84,8,active,seed-batch-units-001,0,no_deal,0,1970-01-01T00:00:00+00:00,1970-01-01T00:00:00+00:00,1970-01-01T00:00:00+00:00,no_lead,synthetic_v1_tower_stack_floor_band,synthetic_v1_causal_funnel
P-0001,A-0018,U-0206,mini_crm,mini-crm-dev,A4.31.01,Risa,Risa,A4,31,1,RISA,55.24,49.01,3337104512,3473925797,AUH,RISA,2,2,62887867,70881979,0.8872,4.1,high,Đông Nam,Tây Nam,Sông,True,sold,6,2,1,1,2025-07-24,2025-08-15,2025-08-21,2025-10-06,43,71,117,1,1,2025-05-31T00:00:00+00:00,demo,synthetic,1,1,1,1,3337,La Pura,active,2025-06-08,Risa,RISA,2,49.01,14,active,seed-batch-units-001,D-0106,sold,1,2025-08-15T09:00:00+07:00,2025-10-06T17:00:00+07:00,1970-01-01T00:00:00+00:00,sold,synthetic_v1_tower_stack_floor_band,synthetic_v1_causal_funnel
P-0001,A-0012,U-0207,mini_crm,mini-crm-dev,A4.31.02,Risa,Risa,A4,31,2,1 PN,49.76,45.04,2881201886,2999331164,AUH,1PN,1,1,60275948,66592610,0.9051,4.1,high,Đông,Nam,Toàn cảnh,False,sold,5,4,1,1,2025-07-30,2025-08-20,2025-08-30,2025-10-14,49,80,125,1,1,2025-05-31T00:00:00+00:00,demo,synthetic,1,1,1,1,2881,La Pura,active,2025-06-08,Risa,1 PN,1,44.73,29,active,seed-batch-units-001,D-0107,sold,1,2025-08-20T09:00:00+07:00,2025-10-14T17:00:00+07:00,1970-01-01T00:00:00+00:00,sold,synthetic_v1_tower_stack_floor_band,synthetic_v1_causal_funnel
P-0001,A-0012,U-0208,mini_crm,mini-crm-dev,A4.31.05,Risa,Risa,A4,31,5,1 PN,49.61,45.2,2903157620,3022187083,AUH,1PN,1,1,60918909,66862546,0.9111,4.1,high,Bắc,Đông,Thành phố,False,sold,2,1,1,1,2025-08-01,2025-08-14,2025-08-26,2025-10-02,51,76,113,1,1,2025-05-31T00:00:00+00:00,demo,synthetic,1,1,1,1,2903,La Pura,active,2025-06-08,Risa,1 PN,1,44.73,29,active,seed-batch-units-001,D-0108,sold,1,2025-08-14T09:00:00+07:00,2025-10-02T17:00:00+07:00,1970-01-01T00:00:00+00:00,sold,synthetic_v1_tower_stack_floor_band,synthetic_v1_causal_funnel
P-0001,A-0018,U-0209,mini_crm,mini-crm-dev,A4.32.01,Risa,Risa,A4,32,1,RISA,55.24,49.01,3341884417,3478901678,AUH,RISA,2,2,62977945,70983507,0.8872,4.1,high,Đông Nam,Tây Nam,Sông,True,available,0,0,0,0,NO_LEAD,NO_BOOKING,NO_RESERVATION,NOT_SOLD,-1,-1,-1,1,1,2025-05-31T00:00:00+00:00,demo,synthetic,0,0,0,0,3342,La Pura,active,2025-06-08,Risa,RISA,2,49.01,14,active,seed-batch-units-001,0,no_deal,0,1970-01-01T00:00:00+00:00,1970-01-01T00:00:00+00:00,1970-01-01T00:00:00+00:00,no_lead,synthetic_v1_tower_stack_floor_band,synthetic_v1_causal_funnel
P-0001,A-0014,U-0210,mini_crm,mini-crm-dev,A4.33.04,Risa,Risa,A4,33,4,2 PN + 2 WC,72.66,65.92,3898709465,4058556553,AUH,2PN+2WC,2,2,55856820,61567909,0.9072,4.1,high,Tây Bắc,Đông Bắc,Thành phố,False,sold,3,3,1,1,2025-07-30,2025-08-18,2025-08-31,2025-10-13,49,81,124,1,1,2025-05-31T00:00:00+00:00,demo,synthetic,1,1,1,1,3899,La Pura,active,2025-06-08,Risa,2 PN + 2 WC,2,65.76,39,active,seed-batch-units-001,D-0109,sold,1,2025-08-18T09:00:00+07:00,2025-10-13T17:00:00+07:00,1970-01-01T00:00:00+00:00,sold,synthetic_v1_tower_stack_floor_band,synthetic_v1_causal_funnel
P-0001,A-0012,U-0211,mini_crm,mini-crm-dev,A4.33.05,Risa,Risa,A4,33,5,1 PN,49.61,45.2,2894572136,3013249593,AUH,1PN,1,1,60738754,66664814,0.9111,4.1,high,Bắc,Đông,Thành phố,False,available,2,1,0,0,2025-07-27,NO_BOOKING,NO_RESERVATION,NOT_SOLD,46,-1,-1,1,1,2025-05-31T00:00:00+00:00,demo,synthetic,1,0,0,0,2895,La Pura,active,2025-06-08,Risa,1 PN,1,44.73,29,active,seed-batch-units-001,0,no_deal,0,1970-01-01T00:00:00+00:00,1970-01-01T00:00:00+00:00,1970-01-01T00:00:00+00:00,lead,synthetic_v1_tower_stack_floor_band,synthetic_v1_causal_funnel
P-0001,A-0014,U-0212,mini_crm,mini-crm-dev,A4.34.03,Risa,Risa,A4,34,3,2 PN + 2 WC,72.66,65.76,3991262055,4154903799,AUH,2PN+2WC,2,2,57182821,63182844,0.905,4.1,high,Bắc,Đông,Hồ bơi,False,reserved,3,3,1,1,2025-07-29,2025-08-07,2025-08-20,NOT_SOLD,48,70,-1,1,1,2025-05-31T00:00:00+00:00,demo,synthetic,1,1,1,0,3991,La Pura,active,2025-06-08,Risa,2 PN + 2 WC,2,65.76,39,active,seed-batch-units-001,D-0110,reserved,1,2025-08-07T09:00:00+07:00,2025-08-20T17:00:00+07:00,1970-01-01T00:00:00+00:00,reserved,synthetic_v1_tower_stack_floor_band,synthetic_v1_causal_funnel
P-0001,A-0012,U-0213,mini_crm,mini-crm-dev,A4.34.05,Risa,Risa,A4,34,5,1 PN,49.61,45.2,2890279393,3008780848,AUH,1PN,1,1,60648677,66565948,0.9111,4.1,high,Bắc,Đông,Thành phố,False,reserved,2,1,1,1,2025-07-22,2025-08-04,2025-08-06,NOT_SOLD,41,56,-1,1,1,2025-05-31T00:00:00+00:00,demo,synthetic,1,1,1,0,2890,La Pura,active,2025-06-08,Risa,1 PN,1,44.73,29,active,seed-batch-units-001,D-0111,reserved,1,2025-08-04T09:00:00+07:00,2025-08-06T17:00:00+07:00,1970-01-01T00:00:00+00:00,reserved,synthetic_v1_tower_stack_floor_band,synthetic_v1_causal_funnel
P-0001,A-0018,U-0214,mini_crm,mini-crm-dev,A4.35.01,Risa,Risa,A4,35,1,RISA,55.24,49.01,3356224132,3493829322,AUH,RISA,2,2,63248177,71288091,0.8872,4.1,high,Đông Nam,Tây Nam,Sông,True,available,2,1,0,0,2025-07-21,NO_BOOKING,NO_RESERVATION,NOT_SOLD,40,-1,-1,1,1,2025-05-31T00:00:00+00:00,demo,synthetic,1,0,0,0,3356,La Pura,active,2025-06-08,Risa,RISA,2,49.01,14,active,seed-batch-units-001,0,no_deal,0,1970-01-01T00:00:00+00:00,1970-01-01T00:00:00+00:00,1970-01-01T00:00:00+00:00,lead,synthetic_v1_tower_stack_floor_band,synthetic_v1_causal_funnel
P-0001,A-0014,U-0215,mini_crm,mini-crm-dev,A4.35.04,Risa,Risa,A4,35,4,2 PN + 2 WC,72.66,65.92,3886134958,4045466491,AUH,2PN+2WC,2,2,55676665,61369334,0.9072,4.1,high,Tây Bắc,Đông Bắc,Thành phố,False,available,3,2,0,0,2025-07-21,NO_BOOKING,NO_RESERVATION,NOT_SOLD,40,-1,-1,1,1,2025-05-31T00:00:00+00:00,demo,synthetic,1,0,0,0,3886,La Pura,active,2025-06-08,Risa,2 PN + 2 WC,2,65.76,39,active,seed-batch-units-001,0,no_deal,0,1970-01-01T00:00:00+00:00,1970-01-01T00:00:00+00:00,1970-01-01T00:00:00+00:00,lead,synthetic_v1_tower_stack_floor_band,synthetic_v1_causal_funnel
P-0001,A-0012,U-0216,mini_crm,mini-crm-dev,A4.35.05,Risa,Risa,A4,35,5,1 PN,49.61,45.2,2885986651,3004312104,AUH,1PN,1,1,60558599,66467082,0.9111,4.1,high,Bắc,Đông,Thành phố,False,reserved,5,4,1,1,2025-07-25,2025-08-15,2025-08-20,NOT_SOLD,44,70,-1,1,1,2025-05-31T00:00:00+00:00,demo,synthetic,1,1,1,0,2886,La Pura,active,2025-06-08,Risa,1 PN,1,44.73,29,active,seed-batch-units-001,D-0112,reserved,1,2025-08-15T09:00:00+07:00,2025-08-20T17:00:00+07:00,1970-01-01T00:00:00+00:00,reserved,synthetic_v1_tower_stack_floor_band,synthetic_v1_causal_funnel
P-0001,A-0018,U-0217,mini_crm,mini-crm-dev,A4.36.01,Risa,Risa,A4,36,1,RISA,55.24,49.01,3361004037,3498805203,AUH,RISA,2,2,63338255,71389619,0.8872,4.1,high,Đông Nam,Tây Nam,Sông,True,reserved,6,2,1,1,2025-07-24,2025-08-05,2025-08-11,NOT_SOLD,43,61,-1,1,1,2025-05-31T00:00:00+00:00,demo,synthetic,1,1,1,0,3361,La Pura,active,2025-06-08,Risa,RISA,2,49.01,14,active,seed-batch-units-001,D-0113,reserved,1,2025-08-05T09:00:00+07:00,2025-08-11T17:00:00+07:00,1970-01-01T00:00:00+00:00,reserved,synthetic_v1_tower_stack_floor_band,synthetic_v1_causal_funnel
P-0001,A-0012,U-0218,mini_crm,mini-crm-dev,A4.36.02,Risa,Risa,A4,36,2,1 PN,49.76,45.04,2902730495,3021742446,AUH,1PN,1,1,60726335,67090196,0.9051,4.1,high,Đông,Nam,Toàn cảnh,False,available,3,2,0,0,2025-07-30,NO_BOOKING,NO_RESERVATION,NOT_SOLD,49,-1,-1,1,1,2025-05-31T00:00:00+00:00,demo,synthetic,1,0,0,0,2903,La Pura,active,2025-06-08,Risa,1 PN,1,44.73,29,active,seed-batch-units-001,0,no_deal,0,1970-01-01T00:00:00+00:00,1970-01-01T00:00:00+00:00,1970-01-01T00:00:00+00:00,lead,synthetic_v1_tower_stack_floor_band,synthetic_v1_causal_funnel
P-0001,A-0014,U-0219,mini_crm,mini-crm-dev,A4.36.03,Risa,Risa,A4,36,3,2 PN + 2 WC,72.66,65.76,4003836562,4167993861,AUH,2PN+2WC,2,2,57362976,63381902,0.905,4.1,high,Bắc,Đông,Hồ bơi,False,sold,6,3,1,1,2025-08-01,2025-08-18,2025-09-03,2025-10-14,51,84,125,1,1,2025-05-31T00:00:00+00:00,demo,synthetic,1,1,1,1,4004,La Pura,active,2025-06-08,Risa,2 PN + 2 WC,2,65.76,39,active,seed-batch-units-001,D-0114,sold,1,2025-08-18T09:00:00+07:00,2025-10-14T17:00:00+07:00,1970-01-01T00:00:00+00:00,sold,synthetic_v1_tower_stack_floor_band,synthetic_v1_causal_funnel
P-0001,A-0014,U-0220,mini_crm,mini-crm-dev,A4.36.04,Risa,Risa,A4,36,4,2 PN + 2 WC,72.66,65.92,3879847704,4038921460,AUH,2PN+2WC,2,2,55586588,61270046,0.9072,4.1,high,Tây Bắc,Đông Bắc,Thành phố,False,available,1,0,0,0,2025-07-19,NO_BOOKING,NO_RESERVATION,NOT_SOLD,38,-1,-1,1,1,2025-05-31T00:00:00+00:00,demo,synthetic,1,0,0,0,3880,La Pura,active,2025-06-08,Risa,2 PN + 2 WC,2,65.76,39,active,seed-batch-units-001,0,no_deal,0,1970-01-01T00:00:00+00:00,1970-01-01T00:00:00+00:00,1970-01-01T00:00:00+00:00,lead,synthetic_v1_tower_stack_floor_band,synthetic_v1_causal_funnel
P-0001,A-0018,U-0221,mini_crm,mini-crm-dev,A4.37.01,Risa,Risa,A4,37,1,RISA,55.24,49.01,3365783942,3503781084,AUH,RISA,2,2,63428332,71491146,0.8872,4.1,high,Đông Nam,Tây Nam,Sông,True,sold,2,1,1,1,2025-07-25,2025-08-07,2025-08-14,2025-08-31,44,64,81,1,1,2025-05-31T00:00:00+00:00,demo,synthetic,1,1,1,1,3366,La Pura,active,2025-06-08,Risa,RISA,2,49.01,14,active,seed-batch-units-001,D-0115,sold,1,2025-08-07T09:00:00+07:00,2025-08-31T17:00:00+07:00,1970-01-01T00:00:00+00:00,sold,synthetic_v1_tower_stack_floor_band,synthetic_v1_causal_funnel
P-0001,A-0012,U-0222,mini_crm,mini-crm-dev,A4.37.02,Risa,Risa,A4,37,2,1 PN,49.76,45.04,2907036217,3026224702,AUH,1PN,1,1,60816413,67189714,0.9051,4.1,high,Đông,Nam,Toàn cảnh,False,reserved,3,3,1,1,2025-08-02,2025-08-21,2025-09-03,NOT_SOLD,52,84,-1,1,1,2025-05-31T00:00:00+00:00,demo,synthetic,1,1,1,0,2907,La Pura,active,2025-06-08,Risa,1 PN,1,44.73,29,active,seed-batch-units-001,D-0116,reserved,1,2025-08-21T09:00:00+07:00,2025-09-03T17:00:00+07:00,1970-01-01T00:00:00+00:00,reserved,synthetic_v1_tower_stack_floor_band,synthetic_v1_causal_funnel
P-0001,A-0014,U-0223,mini_crm,mini-crm-dev,A4.37.03,Risa,Risa,A4,37,3,2 PN + 2 WC,72.66,65.76,4010123816,4174538892,AUH,2PN+2WC,2,2,57453054,63481431,0.905,4.1,high,Bắc,Đông,Hồ bơi,False,available,0,0,0,0,NO_LEAD,NO_BOOKING,NO_RESERVATION,NOT_SOLD,-1,-1,-1,1,1,2025-05-31T00:00:00+00:00,demo,synthetic,0,0,0,0,4010,La Pura,active,2025-06-08,Risa,2 PN + 2 WC,2,65.76,39,active,seed-batch-units-001,0,no_deal,0,1970-01-01T00:00:00+00:00,1970-01-01T00:00:00+00:00,1970-01-01T00:00:00+00:00,no_lead,synthetic_v1_tower_stack_floor_band,synthetic_v1_causal_funnel
P-0001,A-0014,U-0224,mini_crm,mini-crm-dev,A4.37.04,Risa,Risa,A4,37,4,2 PN + 2 WC,72.66,65.92,3873560451,4032376429,AUH,2PN+2WC,2,2,55496510,61170759,0.9072,4.1,high,Tây Bắc,Đông Bắc,Thành phố,False,available,2,1,0,0,2025-08-02,NO_BOOKING,NO_RESERVATION,NOT_SOLD,52,-1,-1,1,1,2025-05-31T00:00:00+00:00,demo,synthetic,1,0,0,0,3874,La Pura,active,2025-06-08,Risa,2 PN + 2 WC,2,65.76,39,active,seed-batch-units-001,0,no_deal,0,1970-01-01T00:00:00+00:00,1970-01-01T00:00:00+00:00,1970-01-01T00:00:00+00:00,lead,synthetic_v1_tower_stack_floor_band,synthetic_v1_causal_funnel
P-0001,A-0018,U-0225,mini_crm,mini-crm-dev,A4.38.01,Risa,Risa,A4,38,1,RISA,55.24,49.01,3370563847,3508756965,AUH,RISA,2,2,63518410,71592674,0.8872,4.1,high,Đông Nam,Tây Nam,Sông,True,sold,6,3,1,1,2025-08-03,2025-08-10,2025-08-26,2025-09-26,53,76,107,1,1,2025-05-31T00:00:00+00:00,demo,synthetic,1,1,1,1,3371,La Pura,active,2025-06-08,Risa,RISA,2,49.01,14,active,seed-batch-units-001,D-0117,sold,1,2025-08-10T09:00:00+07:00,2025-09-26T17:00:00+07:00,1970-01-01T00:00:00+00:00,sold,synthetic_v1_tower_stack_floor_band,synthetic_v1_causal_funnel
P-0001,A-0012,U-0226,mini_crm,mini-crm-dev,A4.38.02,Risa,Risa,A4,38,2,1 PN,49.76,45.04,2911341939,3030706958,AUH,1PN,1,1,60906490,67289231,0.9051,4.1,high,Đông,Nam,Toàn cảnh,False,available,1,0,0,0,2025-07-25,NO_BOOKING,NO_RESERVATION,NOT_SOLD,44,-1,-1,1,1,2025-05-31T00:00:00+00:00,demo,synthetic,1,0,0,0,2911,La Pura,active,2025-06-08,Risa,1 PN,1,44.73,29,active,seed-batch-units-001,0,no_deal,0,1970-01-01T00:00:00+00:00,1970-01-01T00:00:00+00:00,1970-01-01T00:00:00+00:00,lead,synthetic_v1_tower_stack_floor_band,synthetic_v1_causal_funnel
P-0001,A-0014,U-0227,mini_crm,mini-crm-dev,A4.38.03,Risa,Risa,A4,38,3,2 PN + 2 WC,72.66,65.76,4016411070,4181083924,AUH,2PN+2WC,2,2,57543131,63580960,0.905,4.1,high,Bắc,Đông,Hồ bơi,False,sold,3,2,1,1,2025-07-19,2025-08-07,2025-08-10,2025-09-02,38,60,83,1,1,2025-05-31T00:00:00+00:00,demo,synthetic,1,1,1,1,4016,La Pura,active,2025-06-08,Risa,2 PN + 2 WC,2,65.76,39,active,seed-batch-units-001,D-0118,sold,1,2025-08-07T09:00:00+07:00,2025-09-02T17:00:00+07:00,1970-01-01T00:00:00+00:00,sold,synthetic_v1_tower_stack_floor_band,synthetic_v1_causal_funnel
P-0001,A-0014,U-0228,mini_crm,mini-crm-dev,A4.38.04,Risa,Risa,A4,38,4,2 PN + 2 WC,72.66,65.92,3867273197,4025831398,AUH,2PN+2WC,2,2,55406433,61071471,0.9072,4.1,high,Tây Bắc,Đông Bắc,Thành phố,False,available,0,0,0,0,NO_LEAD,NO_BOOKING,NO_RESERVATION,NOT_SOLD,-1,-1,-1,1,1,2025-05-31T00:00:00+00:00,demo,synthetic,0,0,0,0,3867,La Pura,active,2025-06-08,Risa,2 PN + 2 WC,2,65.76,39,active,seed-batch-units-001,0,no_deal,0,1970-01-01T00:00:00+00:00,1970-01-01T00:00:00+00:00,1970-01-01T00:00:00+00:00,no_lead,synthetic_v1_tower_stack_floor_band,synthetic_v1_causal_funnel
P-0001,A-0012,U-0229,mini_crm,mini-crm-dev,A4.38.05,Risa,Risa,A4,38,5,1 PN,49.61,45.2,2873108424,2990905869,AUH,1PN,1,1,60288367,66170484,0.9111,4.1,high,Bắc,Đông,Thành phố,False,sold,4,4,1,1,2025-08-03,2025-08-13,2025-08-27,2025-09-30,53,77,111,1,1,2025-05-31T00:00:00+00:00,demo,synthetic,1,1,1,1,2873,La Pura,active,2025-06-08,Risa,1 PN,1,44.73,29,active,seed-batch-units-001,D-0119,sold,1,2025-08-13T09:00:00+07:00,2025-09-30T17:00:00+07:00,1970-01-01T00:00:00+00:00,sold,synthetic_v1_tower_stack_floor_band,synthetic_v1_causal_funnel
P-0001,A-0014,U-0230,mini_crm,mini-crm-dev,A4.38.20,Risa,Risa,A4,38,20,2 PN + 2 WC,71.81,64.95,4248778490,4422978408,AUH,2PN+2WC,2,2,61592792,68098205,0.9045,4.1,high,Đông,Nam,Thành phố,False,sold,2,2,1,1,2025-07-27,2025-08-14,2025-08-26,2025-10-07,46,76,118,1,1,2025-05-31T00:00:00+00:00,demo,synthetic,1,1,1,1,4249,La Pura,active,2025-06-08,Risa,2 PN + 2 WC,2,65.76,39,active,seed-batch-units-001,D-0120,sold,1,2025-08-14T09:00:00+07:00,2025-10-07T17:00:00+07:00,1970-01-01T00:00:00+00:00,sold,synthetic_v1_tower_stack_floor_band,synthetic_v1_causal_funnel
P-0001,A-0013,U-0231,mini_crm,mini-crm-dev,A4.38.22,Risa,Risa,A4,38,22,2 PN + 1 WC,62.71,57.28,3518081989,3662323351,AUH,2PN+1WC,2,1,58400946,63937209,0.9134,4.1,high,Tây Bắc,Đông Bắc,Hồ bơi,False,available,2,1,0,0,2025-07-22,NO_BOOKING,NO_RESERVATION,NOT_SOLD,41,-1,-1,1,1,2025-05-31T00:00:00+00:00,demo,synthetic,1,0,0,0,3518,La Pura,active,2025-06-08,Risa,2 PN + 1 WC,2,57.28,1,active,seed-batch-units-001,0,no_deal,0,1970-01-01T00:00:00+00:00,1970-01-01T00:00:00+00:00,1970-01-01T00:00:00+00:00,lead,synthetic_v1_tower_stack_floor_band,synthetic_v1_causal_funnel
P-0001,A-0018,U-0232,mini_crm,mini-crm-dev,A4.39.01,Risa,Risa,A4,39,1,RISA,55.24,49.01,3375343752,3513732846,AUH,RISA,2,2,63608487,71694202,0.8872,4.1,high,Đông Nam,Tây Nam,Sông,True,sold,6,2,1,1,2025-07-24,2025-08-05,2025-08-11,2025-09-16,43,61,97,1,1,2025-05-31T00:00:00+00:00,demo,synthetic,1,1,1,1,3375,La Pura,active,2025-06-08,Risa,RISA,2,49.01,14,active,seed-batch-units-001,D-0121,sold,1,2025-08-05T09:00:00+07:00,2025-09-16T17:00:00+07:00,1970-01-01T00:00:00+00:00,sold,synthetic_v1_tower_stack_floor_band,synthetic_v1_causal_funnel
P-0001,A-0012,U-0233,mini_crm,mini-crm-dev,A4.39.02,Risa,Risa,A4,39,2,1 PN,49.76,45.04,2915647661,3035189215,AUH,1PN,1,1,60996568,67388748,0.9051,4.1,high,Đông,Nam,Toàn cảnh,False,available,3,2,0,0,2025-07-28,NO_BOOKING,NO_RESERVATION,NOT_SOLD,47,-1,-1,1,1,2025-05-31T00:00:00+00:00,demo,synthetic,1,0,0,0,2916,La Pura,active,2025-06-08,Risa,1 PN,1,44.73,29,active,seed-batch-units-001,0,no_deal,0,1970-01-01T00:00:00+00:00,1970-01-01T00:00:00+00:00,1970-01-01T00:00:00+00:00,lead,synthetic_v1_tower_stack_floor_band,synthetic_v1_causal_funnel
P-0001,A-0014,U-0234,mini_crm,mini-crm-dev,A4.39.03,Risa,Risa,A4,39,3,2 PN + 2 WC,72.66,65.76,4022698323,4187628955,AUH,2PN+2WC,2,2,57633209,63680489,0.905,4.1,high,Bắc,Đông,Hồ bơi,False,sold,4,4,1,1,2025-07-30,2025-08-09,2025-08-23,2025-09-06,49,73,87,1,1,2025-05-31T00:00:00+00:00,demo,synthetic,1,1,1,1,4023,La Pura,active,2025-06-08,Risa,2 PN + 2 WC,2,65.76,39,active,seed-batch-units-001,D-0122,sold,1,2025-08-09T09:00:00+07:00,2025-09-06T17:00:00+07:00,1970-01-01T00:00:00+00:00,sold,synthetic_v1_tower_stack_floor_band,synthetic_v1_causal_funnel
P-0001,A-0021,U-0235,mini_crm,mini-crm-dev,B3.04.11,Zenia,Zenia,B3,4,11,2 PN,66.25,59.53,3376279288,3433676036,MEGA REALTY,2PN,2,2,51829072,57679759,0.8986,1.7,low,Tây Bắc,Đông Bắc,Nội khu,False,available,3,2,0,0,2025-08-17,NO_BOOKING,NO_RESERVATION,NOT_SOLD,47,-1,-1,1,1,2025-05-31T00:00:00+00:00,demo,synthetic,1,0,0,0,3376,La Pura,active,2025-06-08,Zenia,2 PN,2,60.75,82,active,seed-batch-units-001,0,no_deal,0,1970-01-01T00:00:00+00:00,1970-01-01T00:00:00+00:00,1970-01-01T00:00:00+00:00,lead,synthetic_v1_tower_stack_floor_band,synthetic_v1_causal_funnel
P-0001,A-0021,U-0236,mini_crm,mini-crm-dev,B3.04.12,Zenia,Zenia,B3,4,12,2 PN,66.25,59.53,3376279288,3433676036,MEGA REALTY,2PN,2,2,51829072,57679759,0.8986,1.7,low,Nam,Tây,Nội khu,False,available,0,0,0,0,NO_LEAD,NO_BOOKING,NO_RESERVATION,NOT_SOLD,-1,-1,-1,1,1,2025-05-31T00:00:00+00:00,demo,synthetic,0,0,0,0,3376,La Pura,active,2025-06-08,Zenia,2 PN,2,60.75,82,active,seed-batch-units-001,0,no_deal,0,1970-01-01T00:00:00+00:00,1970-01-01T00:00:00+00:00,1970-01-01T00:00:00+00:00,no_lead,synthetic_v1_tower_stack_floor_band,synthetic_v1_causal_funnel
P-0001,A-0021,U-0237,mini_crm,mini-crm-dev,B3.04.13,Zenia,Zenia,B3,4,13,2 PN,66.45,59.61,3255366030,3310707253,MEGA REALTY,2PN,2,2,49822532,55539461,0.8971,1.7,low,Tây,Bắc,Hồ bơi,False,available,0,0,0,0,NO_LEAD,NO_BOOKING,NO_RESERVATION,NOT_SOLD,-1,-1,-1,1,1,2025-05-31T00:00:00+00:00,demo,synthetic,0,0,0,0,3255,La Pura,active,2025-06-08,Zenia,2 PN,2,60.75,82,active,seed-batch-units-001,0,no_deal,0,1970-01-01T00:00:00+00:00,1970-01-01T00:00:00+00:00,1970-01-01T00:00:00+00:00,no_lead,synthetic_v1_tower_stack_floor_band,synthetic_v1_causal_funnel
P-0001,A-0021,U-0238,mini_crm,mini-crm-dev,B3.04.14,Zenia,Zenia,B3,4,14,2 PN,66.45,59.61,3333973060,3390650602,MEGA REALTY,2PN,2,2,51025592,56880567,0.8971,1.7,low,Tây Bắc,Đông Bắc,Nội khu,False,sold,4,3,1,1,2025-08-22,2025-08-27,2025-09-10,2025-09-19,52,71,80,1,1,2025-05-31T00:00:00+00:00,demo,synthetic,1,1,1,1,3334,La Pura,active,2025-06-08,Zenia,2 PN,2,60.75,82,active,seed-batch-units-001,D-0123,sold,1,2025-08-27T09:00:00+07:00,2025-09-19T17:00:00+07:00,1970-01-01T00:00:00+00:00,sold,synthetic_v1_tower_stack_floor_band,synthetic_v1_causal_funnel
P-0001,A-0021,U-0239,mini_crm,mini-crm-dev,B3.04.15,Zenia,Zenia,B3,4,15,2 PN,66.25,59.53,3376279288,3433676036,MEGA REALTY,2PN,2,2,51829072,57679759,0.8986,1.7,low,Bắc,Đông,Nội khu,False,available,2,1,0,0,2025-08-17,NO_BOOKING,NO_RESERVATION,NOT_SOLD,47,-1,-1,1,1,2025-05-31T00:00:00+00:00,demo,synthetic,1,0,0,0,3376,La Pura,active,2025-06-08,Zenia,2 PN,2,60.75,82,active,seed-batch-units-001,0,no_deal,0,1970-01-01T00:00:00+00:00,1970-01-01T00:00:00+00:00,1970-01-01T00:00:00+00:00,lead,synthetic_v1_tower_stack_floor_band,synthetic_v1_causal_funnel
P-0001,A-0021,U-0240,mini_crm,mini-crm-dev,B3.04.16,Zenia,Zenia,B3,4,16,2 PN,66.72,60.18,3400010665,3457810847,MEGA REALTY,2PN,2,2,51825702,57457807,0.902,1.7,low,Tây Nam,Tây Bắc,Nội khu,False,available,0,0,0,0,NO_LEAD,NO_BOOKING,NO_RESERVATION,NOT_SOLD,-1,-1,-1,1,1,2025-05-31T00:00:00+00:00,demo,synthetic,0,0,0,0,3400,La Pura,active,2025-06-08,Zenia,2 PN,2,60.75,82,active,seed-batch-units-001,0,no_deal,0,1970-01-01T00:00:00+00:00,1970-01-01T00:00:00+00:00,1970-01-01T00:00:00+00:00,no_lead,synthetic_v1_tower_stack_floor_band,synthetic_v1_causal_funnel
P-0001,A-0021,U-0241,mini_crm,mini-crm-dev,B3.04.18,Zenia,Zenia,B3,4,18,2 PN,71.81,63.25,3543752907,3603996706,MEGA REALTY,2PN,2,2,50187950,56980185,0.8808,1.7,low,Tây Nam,Tây Bắc,Cảnh quan nội khu,False,available,0,0,0,0,NO_LEAD,NO_BOOKING,NO_RESERVATION,NOT_SOLD,-1,-1,-1,1,1,2025-05-31T00:00:00+00:00,demo,synthetic,0,0,0,0,3544,La Pura,active,2025-06-08,Zenia,2 PN,2,60.75,82,active,seed-batch-units-001,0,no_deal,0,1970-01-01T00:00:00+00:00,1970-01-01T00:00:00+00:00,1970-01-01T00:00:00+00:00,no_lead,synthetic_v1_tower_stack_floor_band,synthetic_v1_causal_funnel
P-0001,A-0020,U-0242,mini_crm,mini-crm-dev,B3.04.20,Zenia,Zenia,B3,4,20,1 PN+,53.55,48.22,2666883217,2712220232,MEGA REALTY,1PN+,1,1,50648370,56246790,0.9005,1.7,low,Tây Bắc,Đông Bắc,Cảnh quan nội khu,True,sold,3,2,1,1,2025-08-13,2025-08-27,2025-08-30,2025-10-07,43,60,98,1,1,2025-05-31T00:00:00+00:00,demo,synthetic,1,1,1,1,2667,La Pura,active,2025-06-08,Zenia,1 PN+,1,49.14,31,active,seed-batch-units-001,D-0124,sold,1,2025-08-27T09:00:00+07:00,2025-10-07T17:00:00+07:00,1970-01-01T00:00:00+00:00,sold,synthetic_v1_tower_stack_floor_band,synthetic_v1_causal_funnel
P-0001,A-0021,U-0243,mini_crm,mini-crm-dev,B3.05.09,Zenia,Zenia,B3,5,9,2 PN,67.77,59.68,3591425166,3652479394,MEGA REALTY,2PN,2,2,53895225,61201062,0.8806,1.7,low,Đông Bắc,Đông Nam,Nội khu,False,sold,5,4,1,1,2025-08-12,2025-09-02,2025-09-07,2025-10-22,42,68,113,1,1,2025-05-31T00:00:00+00:00,demo,synthetic,1,1,1,1,3591,La Pura,active,2025-06-08,Zenia,2 PN,2,60.75,82,active,seed-batch-units-001,D-0125,sold,1,2025-09-02T09:00:00+07:00,2025-10-22T17:00:00+07:00,1970-01-01T00:00:00+00:00,sold,synthetic_v1_tower_stack_floor_band,synthetic_v1_causal_funnel
P-0001,A-0021,U-0244,mini_crm,mini-crm-dev,B3.05.13,Zenia,Zenia,B3,5,13,2 PN,66.45,59.61,3260056250,3315477206,MEGA REALTY,2PN,2,2,49894315,55619480,0.8971,1.7,low,Tây,Bắc,Hồ bơi,False,sold,4,1,1,1,2025-08-12,2025-08-27,2025-08-31,2025-10-09,42,61,100,1,1,2025-05-31T00:00:00+00:00,demo,synthetic,1,1,1,1,3260,La Pura,active,2025-06-08,Zenia,2 PN,2,60.75,82,active,seed-batch-units-001,D-0126,sold,1,2025-08-27T09:00:00+07:00,2025-10-09T17:00:00+07:00,1970-01-01T00:00:00+00:00,sold,synthetic_v1_tower_stack_floor_band,synthetic_v1_causal_funnel
P-0001,A-0021,U-0245,mini_crm,mini-crm-dev,B3.06.11,Zenia,Zenia,B3,6,11,2 PN,66.25,59.53,3385631494,3443187229,MEGA REALTY,2PN,2,2,51972637,57839530,0.8986,1.7,low,Tây Bắc,Đông Bắc,Nội khu,False,available,3,2,0,0,2025-08-13,NO_BOOKING,NO_RESERVATION,NOT_SOLD,43,-1,-1,1,1,2025-05-31T00:00:00+00:00,demo,synthetic,1,0,0,0,3386,La Pura,active,2025-06-08,Zenia,2 PN,2,60.75,82,active,seed-batch-units-001,0,no_deal,0,1970-01-01T00:00:00+00:00,1970-01-01T00:00:00+00:00,1970-01-01T00:00:00+00:00,lead,synthetic_v1_tower_stack_floor_band,synthetic_v1_causal_funnel
P-0001,A-0021,U-0246,mini_crm,mini-crm-dev,B3.07.13,Zenia,Zenia,B3,7,13,2 PN,66.45,59.61,3269436689,3325017112,MEGA REALTY,2PN,2,2,50037880,55779519,0.8971,1.7,low,Tây,Bắc,Hồ bơi,False,reserved,5,4,1,1,2025-08-13,2025-08-19,2025-08-24,NOT_SOLD,43,54,-1,1,1,2025-05-31T00:00:00+00:00,demo,synthetic,1,1,1,0,3269,La Pura,active,2025-06-08,Zenia,2 PN,2,60.75,82,active,seed-batch-units-001,D-0127,reserved,1,2025-08-19T09:00:00+07:00,2025-08-24T17:00:00+07:00,1970-01-01T00:00:00+00:00,reserved,synthetic_v1_tower_stack_floor_band,synthetic_v1_causal_funnel
P-0001,A-0021,U-0247,mini_crm,mini-crm-dev,B3.07.14,Zenia,Zenia,B3,7,14,2 PN,66.45,59.61,3348043718,3404960462,MEGA REALTY,2PN,2,2,51240940,57120625,0.8971,1.7,low,Tây Bắc,Đông Bắc,Nội khu,False,sold,3,2,1,1,2025-08-11,2025-08-25,2025-08-28,2025-09-15,41,58,76,1,1,2025-05-31T00:00:00+00:00,demo,synthetic,1,1,1,1,3348,La Pura,active,2025-06-08,Zenia,2 PN,2,60.75,82,active,seed-batch-units-001,D-0128,sold,1,2025-08-25T09:00:00+07:00,2025-09-15T17:00:00+07:00,1970-01-01T00:00:00+00:00,sold,synthetic_v1_tower_stack_floor_band,synthetic_v1_causal_funnel
P-0001,A-0022,U-0248,mini_crm,mini-crm-dev,B3.07.17,Zenia,Zenia,B3,7,17,3 PN,82.65,73.01,5075926368,5162217116,MEGA REALTY,3PN,3,2,62458767,70705617,0.8834,1.7,low,Nam,Tây,Hồ bơi,False,available,0,0,0,0,NO_LEAD,NO_BOOKING,NO_RESERVATION,NOT_SOLD,-1,-1,-1,1,1,2025-05-31T00:00:00+00:00,demo,synthetic,0,0,0,0,5076,La Pura,active,2025-06-08,Zenia,3 PN,3,74.27,29,active,seed-batch-units-001,0,no_deal,0,1970-01-01T00:00:00+00:00,1970-01-01T00:00:00+00:00,1970-01-01T00:00:00+00:00,no_lead,synthetic_v1_tower_stack_floor_band,synthetic_v1_causal_funnel
P-0001,A-0021,U-0249,mini_crm,mini-crm-dev,B3.08.13,Zenia,Zenia,B3,8,13,2 PN,66.45,59.61,3274126908,3329787066,MEGA REALTY,2PN,2,2,50109662,55859538,0.8971,1.7,low,Tây,Bắc,Hồ bơi,False,sold,6,4,1,1,2025-08-19,2025-08-31,2025-09-11,2025-10-17,49,72,108,1,1,2025-05-31T00:00:00+00:00,demo,synthetic,1,1,1,1,3274,La Pura,active,2025-06-08,Zenia,2 PN,2,60.75,82,active,seed-batch-units-001,D-0129,sold,1,2025-08-31T09:00:00+07:00,2025-10-17T17:00:00+07:00,1970-01-01T00:00:00+00:00,sold,synthetic_v1_tower_stack_floor_band,synthetic_v1_causal_funnel
P-0001,A-0022,U-0250,mini_crm,mini-crm-dev,B3.08.17,Zenia,Zenia,B3,8,17,3 PN,82.65,73.01,5082635075,5169039872,MEGA REALTY,3PN,3,2,62541317,70799067,0.8834,1.7,low,Nam,Tây,Hồ bơi,False,reserved,2,2,1,1,2025-08-04,2025-08-22,2025-08-24,NOT_SOLD,34,54,-1,1,1,2025-05-31T00:00:00+00:00,demo,synthetic,1,1,1,0,5083,La Pura,active,2025-06-08,Zenia,3 PN,3,74.27,29,active,seed-batch-units-001,D-0130,reserved,1,2025-08-22T09:00:00+07:00,2025-08-24T17:00:00+07:00,1970-01-01T00:00:00+00:00,reserved,synthetic_v1_tower_stack_floor_band,synthetic_v1_causal_funnel
P-0001,A-0021,U-0251,mini_crm,mini-crm-dev,B3.09.12,Zenia,Zenia,B3,9,12,2 PN,66.25,59.53,3399659803,3457454019,MEGA REALTY,2PN,2,2,52187985,58079187,0.8986,1.7,low,Nam,Tây,Nội khu,False,available,1,0,0,0,2025-08-18,NO_BOOKING,NO_RESERVATION,NOT_SOLD,48,-1,-1,1,1,2025-05-31T00:00:00+00:00,demo,synthetic,1,0,0,0,3400,La Pura,active,2025-06-08,Zenia,2 PN,2,60.75,82,active,seed-batch-units-001,0,no_deal,0,1970-01-01T00:00:00+00:00,1970-01-01T00:00:00+00:00,1970-01-01T00:00:00+00:00,lead,synthetic_v1_tower_stack_floor_band,synthetic_v1_causal_funnel
P-0001,A-0021,U-0252,mini_crm,mini-crm-dev,B3.09.16,Zenia,Zenia,B3,9,16,2 PN,66.72,60.18,3423557049,3481757519,VNL,2PN,2,2,52184615,57855725,0.902,1.7,low,Tây Nam,Tây Bắc,Nội khu,False,reserved,3,3,1,1,2025-08-20,2025-09-03,2025-09-16,NOT_SOLD,50,77,-1,1,1,2025-05-31T00:00:00+00:00,demo,observed,1,1,1,0,3424,La Pura,active,2025-06-08,Zenia,2 PN,2,60.75,82,active,seed-batch-units-001,D-0131,reserved,1,2025-09-03T09:00:00+07:00,2025-09-16T17:00:00+07:00,1970-01-01T00:00:00+00:00,reserved,synthetic_v1_tower_stack_floor_band,synthetic_v1_causal_funnel
P-0001,A-0022,U-0253,mini_crm,mini-crm-dev,B3.11.17,Zenia,Zenia,B3,11,17,3 PN,82.65,73.38,5102761199,5189508139,MEGA REALTY,3PN,3,2,62788967,70721016,0.8878,1.7,low,Nam,Tây,Hồ bơi,False,available,3,2,0,0,2025-08-11,NO_BOOKING,NO_RESERVATION,NOT_SOLD,41,-1,-1,1,1,2025-05-31T00:00:00+00:00,demo,synthetic,1,0,0,0,5103,La Pura,active,2025-06-08,Zenia,3 PN,3,74.27,29,active,seed-batch-units-001,0,no_deal,0,1970-01-01T00:00:00+00:00,1970-01-01T00:00:00+00:00,1970-01-01T00:00:00+00:00,lead,synthetic_v1_tower_stack_floor_band,synthetic_v1_causal_funnel
P-0001,A-0021,U-0254,mini_crm,mini-crm-dev,B3.12.13,Zenia,Zenia,B3,12,13,2 PN,66.45,60.05,3292887786,3348866878,MEGA REALTY,2PN,2,2,50396793,55767975,0.9037,1.7,low,Tây,Bắc,Hồ bơi,False,sold,3,1,1,1,2025-08-16,2025-08-20,2025-08-28,2025-09-25,46,58,86,1,1,2025-05-31T00:00:00+00:00,demo,synthetic,1,1,1,1,3293,La Pura,active,2025-06-08,Zenia,2 PN,2,60.75,82,active,seed-batch-units-001,D-0132,sold,1,2025-08-20T09:00:00+07:00,2025-09-25T17:00:00+07:00,1970-01-01T00:00:00+00:00,sold,synthetic_v1_tower_stack_floor_band,synthetic_v1_causal_funnel
P-0001,A-0022,U-0255,mini_crm,mini-crm-dev,B3.12.17,Zenia,Zenia,B3,12,17,3 PN,82.65,73.38,5109469907,5196330895,MEGA REALTY,3PN,3,2,62871517,70813994,0.8878,1.7,low,Nam,Tây,Hồ bơi,False,available,3,2,0,0,2025-08-10,NO_BOOKING,NO_RESERVATION,NOT_SOLD,40,-1,-1,1,1,2025-05-31T00:00:00+00:00,demo,synthetic,1,0,0,0,5109,La Pura,active,2025-06-08,Zenia,3 PN,3,74.27,29,active,seed-batch-units-001,0,no_deal,0,1970-01-01T00:00:00+00:00,1970-01-01T00:00:00+00:00,1970-01-01T00:00:00+00:00,lead,synthetic_v1_tower_stack_floor_band,synthetic_v1_causal_funnel
P-0001,A-0024,U-0256,mini_crm,mini-crm-dev,B3.13.01,Zenia,Zenia,B3,13,1,Căn hộ sân vườn,132.16,120.39,8532294565,8677343572,MEGA REALTY,Garden,2,2,65657866,72076946,0.9109,1.7,mid,Tây,Bắc,Toàn cảnh,True,available,3,2,0,0,2025-07-30,NO_BOOKING,NO_RESERVATION,NOT_SOLD,29,-1,-1,1,1,2025-05-31T00:00:00+00:00,demo,synthetic,1,0,0,0,8532,La Pura,active,2025-06-08,Zenia,Căn hộ sân vườn,2,115.38,4,active,seed-batch-units-001,0,no_deal,0,1970-01-01T00:00:00+00:00,1970-01-01T00:00:00+00:00,1970-01-01T00:00:00+00:00,lead,synthetic_v1_tower_stack_floor_band,synthetic_v1_causal_funnel
P-0001,A-0024,U-0257,mini_crm,mini-crm-dev,B3.13.02,Zenia,Zenia,B3,13,2,Căn hộ sân vườn,119.62,110.22,7298056385,7422123343,MEGA REALTY,Garden,2,2,62047512,67339170,0.9214,1.7,mid,Tây Bắc,Đông Bắc,Thành phố,False,sold,5,4,1,1,2025-08-10,2025-08-31,2025-09-15,2025-10-30,40,76,121,1,1,2025-05-31T00:00:00+00:00,demo,synthetic,1,1,1,1,7298,La Pura,active,2025-06-08,Zenia,Căn hộ sân vườn,2,115.38,4,active,seed-batch-units-001,D-0133,sold,1,2025-08-31T09:00:00+07:00,2025-10-30T17:00:00+07:00,1970-01-01T00:00:00+00:00,sold,synthetic_v1_tower_stack_floor_band,synthetic_v1_causal_funnel
P-0001,A-0021,U-0258,mini_crm,mini-crm-dev,B3.13.08,Zenia,Zenia,B3,13,8,2 PN,66.3,59.76,3420920591,3479076241,MEGA REALTY,2PN,2,2,52474755,58217474,0.9014,1.7,mid,Tây Nam,Tây Bắc,Toàn cảnh,False,reserved,2,1,1,1,2025-08-19,2025-08-22,2025-09-03,NOT_SOLD,49,64,-1,1,1,2025-05-31T00:00:00+00:00,demo,synthetic,1,1,1,0,3421,La Pura,active,2025-06-08,Zenia,2 PN,2,60.75,82,active,seed-batch-units-001,D-0134,reserved,1,2025-08-22T09:00:00+07:00,2025-09-03T17:00:00+07:00,1970-01-01T00:00:00+00:00,reserved,synthetic_v1_tower_stack_floor_band,synthetic_v1_causal_funnel
P-0001,A-0021,U-0259,mini_crm,mini-crm-dev,B3.13.14,Zenia,Zenia,B3,13,14,2 PN,66.76,60.43,3391790095,3449450526,MEGA REALTY,2PN,2,2,51669421,57081756,0.9052,1.7,mid,Tây Bắc,Đông Bắc,Nội khu,False,available,3,2,0,0,2025-08-17,NO_BOOKING,NO_RESERVATION,NOT_SOLD,47,-1,-1,1,1,2025-05-31T00:00:00+00:00,demo,synthetic,1,0,0,0,3392,La Pura,active,2025-06-08,Zenia,2 PN,2,60.75,82,active,seed-batch-units-001,0,no_deal,0,1970-01-01T00:00:00+00:00,1970-01-01T00:00:00+00:00,1970-01-01T00:00:00+00:00,lead,synthetic_v1_tower_stack_floor_band,synthetic_v1_causal_funnel
P-0001,A-0022,U-0260,mini_crm,mini-crm-dev,B3.13.15,Zenia,Zenia,B3,13,15,3 PN,82.65,73.38,5116178614,5203153651,MEGA REALTY,3PN,3,2,62954067,70906973,0.8878,1.7,mid,Bắc,Đông,Nội khu,False,reserved,2,1,1,1,2025-08-09,2025-08-12,2025-08-19,NOT_SOLD,39,49,-1,1,1,2025-05-31T00:00:00+00:00,demo,synthetic,1,1,1,0,5116,La Pura,active,2025-06-08,Zenia,3 PN,3,74.27,29,active,seed-batch-units-001,D-0135,reserved,1,2025-08-12T09:00:00+07:00,2025-08-19T17:00:00+07:00,1970-01-01T00:00:00+00:00,reserved,synthetic_v1_tower_stack_floor_band,synthetic_v1_causal_funnel
P-0001,A-0021,U-0261,mini_crm,mini-crm-dev,B3.14.07,Zenia,Zenia,B3,14,7,2 PN,67.92,60.29,3642451119,3704372788,MEGA REALTY,2PN,2,2,54540235,61442574,0.8877,1.7,mid,Tây,Bắc,Hồ bơi,False,sold,4,2,1,1,2025-08-16,2025-09-05,2025-09-14,2025-10-08,46,75,99,1,1,2025-05-31T00:00:00+00:00,demo,synthetic,1,1,1,1,3642,La Pura,active,2025-06-08,Zenia,2 PN,2,60.75,82,active,seed-batch-units-001,D-0136,sold,1,2025-09-05T09:00:00+07:00,2025-10-08T17:00:00+07:00,1970-01-01T00:00:00+00:00,sold,synthetic_v1_tower_stack_floor_band,synthetic_v1_causal_funnel
P-0001,A-0021,U-0262,mini_crm,mini-crm-dev,B3.14.08,Zenia,Zenia,B3,14,8,2 PN,66.3,59.76,3425600223,3483835427,MEGA REALTY,2PN,2,2,52546537,58297112,0.9014,1.7,mid,Tây Nam,Tây Bắc,Toàn cảnh,False,reserved,5,4,1,1,2025-08-12,2025-09-02,2025-09-07,NOT_SOLD,42,68,-1,1,1,2025-05-31T00:00:00+00:00,demo,synthetic,1,1,1,0,3426,La Pura,active,2025-06-08,Zenia,2 PN,2,60.75,82,active,seed-batch-units-001,D-0137,reserved,1,2025-09-02T09:00:00+07:00,2025-09-07T17:00:00+07:00,1970-01-01T00:00:00+00:00,reserved,synthetic_v1_tower_stack_floor_band,synthetic_v1_causal_funnel
P-0001,A-0021,U-0263,mini_crm,mini-crm-dev,B3.14.11,Zenia,Zenia,B3,14,11,2 PN,66.45,60.05,3354672911,3411702351,MEGA REALTY,2PN,2,2,51342398,56814361,0.9037,1.7,mid,Tây Bắc,Đông Bắc,Thành phố,False,available,3,2,0,0,2025-08-10,NO_BOOKING,NO_RESERVATION,NOT_SOLD,40,-1,-1,1,1,2025-05-31T00:00:00+00:00,demo,synthetic,1,0,0,0,3355,La Pura,active,2025-06-08,Zenia,2 PN,2,60.75,82,active,seed-batch-units-001,0,no_deal,0,1970-01-01T00:00:00+00:00,1970-01-01T00:00:00+00:00,1970-01-01T00:00:00+00:00,lead,synthetic_v1_tower_stack_floor_band,synthetic_v1_causal_funnel
P-0001,A-0021,U-0264,mini_crm,mini-crm-dev,B3.14.13,Zenia,Zenia,B3,14,13,2 PN,66.29,59.97,3372809737,3430147502,MEGA REALTY,2PN,2,2,51744569,57197724,0.9047,1.7,mid,Tây,Bắc,Hồ bơi,False,available,1,0,0,0,2025-08-22,NO_BOOKING,NO_RESERVATION,NOT_SOLD,52,-1,-1,1,1,2025-05-31T00:00:00+00:00,demo,synthetic,1,0,0,0,3373,La Pura,active,2025-06-08,Zenia,2 PN,2,60.75,82,active,seed-batch-units-001,0,no_deal,0,1970-01-01T00:00:00+00:00,1970-01-01T00:00:00+00:00,1970-01-01T00:00:00+00:00,lead,synthetic_v1_tower_stack_floor_band,synthetic_v1_causal_funnel
P-0001,A-0021,U-0265,mini_crm,mini-crm-dev,B3.14.14,Zenia,Zenia,B3,14,14,2 PN,66.76,60.43,3396502195,3454242732,MEGA REALTY,2PN,2,2,51741203,57161058,0.9052,1.7,mid,Tây Bắc,Đông Bắc,Nội khu,False,reserved,6,4,1,1,2025-08-18,2025-09-09,2025-09-20,NOT_SOLD,48,81,-1,1,1,2025-05-31T00:00:00+00:00,demo,synthetic,1,1,1,0,3397,La Pura,active,2025-06-08,Zenia,2 PN,2,60.75,82,active,seed-batch-units-001,D-0138,reserved,1,2025-09-09T09:00:00+07:00,2025-09-20T17:00:00+07:00,1970-01-01T00:00:00+00:00,reserved,synthetic_v1_tower_stack_floor_band,synthetic_v1_causal_funnel
P-0001,A-0022,U-0266,mini_crm,mini-crm-dev,B3.14.15,Zenia,Zenia,B3,14,15,3 PN,82.65,73.38,5122887322,5209976407,MEGA REALTY,3PN,3,2,63036617,70999951,0.8878,1.7,mid,Bắc,Đông,Nội khu,False,available,3,2,0,0,2025-08-04,NO_BOOKING,NO_RESERVATION,NOT_SOLD,34,-1,-1,1,1,2025-05-31T00:00:00+00:00,demo,synthetic,1,0,0,0,5123,La Pura,active,2025-06-08,Zenia,3 PN,3,74.27,29,active,seed-batch-units-001,0,no_deal,0,1970-01-01T00:00:00+00:00,1970-01-01T00:00:00+00:00,1970-01-01T00:00:00+00:00,lead,synthetic_v1_tower_stack_floor_band,synthetic_v1_causal_funnel
P-0001,A-0021,U-0267,mini_crm,mini-crm-dev,B3.15.09,Zenia,Zenia,B3,15,9,2 PN,66.29,59.97,3429767168,3488073210,MEGA REALTY,2PN,2,2,52618392,58163635,0.9047,1.7,mid,Đông Bắc,Đông Nam,Nội khu,False,sold,4,3,1,1,2025-08-16,2025-08-21,2025-08-30,2025-09-08,46,60,69,1,1,2025-05-31T00:00:00+00:00,demo,synthetic,1,1,1,1,3430,La Pura,active,2025-06-08,Zenia,2 PN,2,60.75,82,active,seed-batch-units-001,D-0139,sold,1,2025-08-21T09:00:00+07:00,2025-09-08T17:00:00+07:00,1970-01-01T00:00:00+00:00,sold,synthetic_v1_tower_stack_floor_band,synthetic_v1_causal_funnel
P-0001,A-0021,U-0268,mini_crm,mini-crm-dev,B3.16.13,Zenia,Zenia,B3,16,13,2 PN,66.29,59.97,3382167589,3439664438,Rever,2PN,2,2,51888135,57356419,0.9047,1.7,mid,Tây,Bắc,Hồ bơi,False,sold,6,1,1,1,2025-08-19,2025-09-05,2025-09-16,2025-10-27,49,77,118,1,1,2025-05-31T00:00:00+00:00,demo,observed,1,1,1,1,3382,La Pura,active,2025-06-08,Zenia,2 PN,2,60.75,82,active,seed-batch-units-001,D-0140,sold,1,2025-09-05T09:00:00+07:00,2025-10-27T17:00:00+07:00,1970-01-01T00:00:00+00:00,sold,synthetic_v1_tower_stack_floor_band,synthetic_v1_causal_funnel
P-0001,A-0022,U-0269,mini_crm,mini-crm-dev,B3.16.15,Zenia,Zenia,B3,16,15,3 PN,82.65,73.38,5136304738,5223621918,MEGA REALTY,3PN,3,2,63201717,71185908,0.8878,1.7,mid,Bắc,Đông,Nội khu,False,available,1,0,0,0,2025-08-05,NO_BOOKING,NO_RESERVATION,NOT_SOLD,35,-1,-1,1,1,2025-05-31T00:00:00+00:00,demo,synthetic,1,0,0,0,5136,La Pura,active,2025-06-08,Zenia,3 PN,3,74.27,29,active,seed-batch-units-001,0,no_deal,0,1970-01-01T00:00:00+00:00,1970-01-01T00:00:00+00:00,1970-01-01T00:00:00+00:00,lead,synthetic_v1_tower_stack_floor_band,synthetic_v1_causal_funnel
P-0001,A-0021,U-0270,mini_crm,mini-crm-dev,B3.17.13,Zenia,Zenia,B3,17,13,2 PN,66.45,60.05,3394945913,3452659993,MEGA REALTY,2PN,2,2,51958766,57496420,0.9037,1.7,mid,Tây,Bắc,Hồ bơi,False,sold,4,2,1,1,2025-08-21,2025-09-10,2025-09-24,2025-11-07,51,85,129,1,1,2025-05-31T00:00:00+00:00,demo,synthetic,1,1,1,1,3395,La Pura,active,2025-06-08,Zenia,2 PN,2,60.75,82,active,seed-batch-units-001,D-0141,sold,1,2025-09-10T09:00:00+07:00,2025-11-07T17:00:00+07:00,1970-01-01T00:00:00+00:00,sold,synthetic_v1_tower_stack_floor_band,synthetic_v1_causal_funnel
P-0001,A-0021,U-0271,mini_crm,mini-crm-dev,B3.17.14,Zenia,Zenia,B3,17,14,2 PN,66.45,60.05,3394945913,3452659993,MEGA REALTY,2PN,2,2,51958766,57496420,0.9037,1.7,mid,Tây Bắc,Đông Bắc,Nội khu,False,sold,6,6,1,1,2025-08-23,2025-09-14,2025-09-30,2025-11-15,53,91,137,1,1,2025-05-31T00:00:00+00:00,demo,synthetic,1,1,1,1,3395,La Pura,active,2025-06-08,Zenia,2 PN,2,60.75,82,active,seed-batch-units-001,D-0142,sold,1,2025-09-14T09:00:00+07:00,2025-11-15T17:00:00+07:00,1970-01-01T00:00:00+00:00,sold,synthetic_v1_tower_stack_floor_band,synthetic_v1_causal_funnel
P-0001,A-0022,U-0272,mini_crm,mini-crm-dev,B3.17.17,Zenia,Zenia,B3,17,17,3 PN,82.65,73.38,5143013445,5230444674,MEGA REALTY,3PN,3,2,63284267,71278886,0.8878,1.7,mid,Nam,Tây,Hồ bơi,False,available,3,2,0,0,2025-08-17,NO_BOOKING,NO_RESERVATION,NOT_SOLD,47,-1,-1,1,1,2025-05-31T00:00:00+00:00,demo,synthetic,1,0,0,0,5143,La Pura,active,2025-06-08,Zenia,3 PN,3,74.27,29,active,seed-batch-units-001,0,no_deal,0,1970-01-01T00:00:00+00:00,1970-01-01T00:00:00+00:00,1970-01-01T00:00:00+00:00,lead,synthetic_v1_tower_stack_floor_band,synthetic_v1_causal_funnel
P-0001,A-0023,U-0273,mini_crm,mini-crm-dev,B3.19.01,Zenia,Zenia,B3,19,1,Căn hộ Loft,55.23,48.68,3529786010,3589792372,MEGA REALTY,Loft,2,2,64997146,73742653,0.8814,1.7,mid,Tây,Bắc,Toàn cảnh,True,sold,2,1,1,1,2025-08-14,2025-08-17,2025-08-24,2025-09-20,44,54,81,1,1,2025-05-31T00:00:00+00:00,demo,synthetic,1,1,1,1,3530,La Pura,active,2025-06-08,Zenia,Căn hộ Loft,2,60.05,11,active,seed-batch-units-001,D-0143,sold,1,2025-08-17T09:00:00+07:00,2025-09-20T17:00:00+07:00,1970-01-01T00:00:00+00:00,sold,synthetic_v1_tower_stack_floor_band,synthetic_v1_causal_funnel
P-0001,A-0023,U-0274,mini_crm,mini-crm-dev,B3.19.02,Zenia,Zenia,B3,19,2,Căn hộ Loft,66.28,59.32,4196765495,4268110508,MEGA REALTY,Loft,2,2,64395149,71950615,0.895,1.7,mid,Tây Bắc,Đông Bắc,Thành phố,False,sold,4,1,1,1,2025-08-19,2025-09-03,2025-09-17,2025-10-26,49,78,117,1,1,2025-05-31T00:00:00+00:00,demo,synthetic,1,1,1,1,4197,La Pura,active,2025-06-08,Zenia,Căn hộ Loft,2,60.05,11,active,seed-batch-units-001,D-0144,sold,1,2025-09-03T09:00:00+07:00,2025-10-26T17:00:00+07:00,1970-01-01T00:00:00+00:00,sold,synthetic_v1_tower_stack_floor_band,synthetic_v1_causal_funnel
P-0001,A-0023,U-0275,mini_crm,mini-crm-dev,B3.19.09,Zenia,Zenia,B3,19,9,Căn hộ Loft,67.92,60.29,4599443298,4677633834,MEGA REALTY,Loft,2,2,68869756,77585567,0.8877,1.7,mid,Đông Bắc,Đông Nam,Nội khu,False,available,3,2,0,0,2025-08-07,NO_BOOKING,NO_RESERVATION,NOT_SOLD,37,-1,-1,1,1,2025-05-31T00:00:00+00:00,demo,synthetic,1,0,0,0,4599,La Pura,active,2025-06-08,Zenia,Căn hộ Loft,2,60.05,11,active,seed-batch-units-001,0,no_deal,0,1970-01-01T00:00:00+00:00,1970-01-01T00:00:00+00:00,1970-01-01T00:00:00+00:00,lead,synthetic_v1_tower_stack_floor_band,synthetic_v1_causal_funnel
P-0001,A-0023,U-0276,mini_crm,mini-crm-dev,B3.19.12,Zenia,Zenia,B3,19,12,Căn hộ Loft,66.29,59.97,4327383395,4400948913,MEGA REALTY,Loft,2,2,66389333,73385841,0.9047,1.7,mid,Nam,Tây,Nội khu,False,sold,2,1,1,1,2025-08-06,2025-08-19,2025-08-21,2025-09-27,36,51,88,1,1,2025-05-31T00:00:00+00:00,demo,synthetic,1,1,1,1,4327,La Pura,active,2025-06-08,Zenia,Căn hộ Loft,2,60.05,11,active,seed-batch-units-001,D-0145,sold,1,2025-08-19T09:00:00+07:00,2025-09-27T17:00:00+07:00,1970-01-01T00:00:00+00:00,sold,synthetic_v1_tower_stack_floor_band,synthetic_v1_causal_funnel
P-0001,A-0023,U-0277,mini_crm,mini-crm-dev,B3.19.13,Zenia,Zenia,B3,19,13,Căn hộ Loft,66.45,60.05,4272595036,4345229152,MEGA REALTY,Loft,2,2,65390958,72360186,0.9037,1.7,mid,Tây,Bắc,Hồ bơi,False,available,0,0,0,0,NO_LEAD,NO_BOOKING,NO_RESERVATION,NOT_SOLD,-1,-1,-1,1,1,2025-05-31T00:00:00+00:00,demo,synthetic,0,0,0,0,4273,La Pura,active,2025-06-08,Zenia,Căn hộ Loft,2,60.05,11,active,seed-batch-units-001,0,no_deal,0,1970-01-01T00:00:00+00:00,1970-01-01T00:00:00+00:00,1970-01-01T00:00:00+00:00,no_lead,synthetic_v1_tower_stack_floor_band,synthetic_v1_causal_funnel
P-0001,A-0023,U-0278,mini_crm,mini-crm-dev,B3.19.15,Zenia,Zenia,B3,19,15,Căn hộ Loft,66.29,59.97,4327383395,4400948913,MEGA REALTY,Loft,2,2,66389333,73385841,0.9047,1.7,mid,Bắc,Đông,Nội khu,False,available,0,0,0,0,NO_LEAD,NO_BOOKING,NO_RESERVATION,NOT_SOLD,-1,-1,-1,1,1,2025-05-31T00:00:00+00:00,demo,synthetic,0,0,0,0,4327,La Pura,active,2025-06-08,Zenia,Căn hộ Loft,2,60.05,11,active,seed-batch-units-001,0,no_deal,0,1970-01-01T00:00:00+00:00,1970-01-01T00:00:00+00:00,1970-01-01T00:00:00+00:00,no_lead,synthetic_v1_tower_stack_floor_band,synthetic_v1_causal_funnel
P-0001,A-0023,U-0279,mini_crm,mini-crm-dev,B3.19.16,Zenia,Zenia,B3,19,16,Căn hộ Loft,66.76,60.43,4357825921,4431908962,MEGA REALTY,Loft,2,2,66385694,73339549,0.9052,1.7,mid,Tây Nam,Tây Bắc,Nội khu,False,available,1,0,0,0,2025-08-20,NO_BOOKING,NO_RESERVATION,NOT_SOLD,50,-1,-1,1,1,2025-05-31T00:00:00+00:00,demo,synthetic,1,0,0,0,4358,La Pura,active,2025-06-08,Zenia,Căn hộ Loft,2,60.05,11,active,seed-batch-units-001,0,no_deal,0,1970-01-01T00:00:00+00:00,1970-01-01T00:00:00+00:00,1970-01-01T00:00:00+00:00,lead,synthetic_v1_tower_stack_floor_band,synthetic_v1_causal_funnel
P-0001,A-0022,U-0280,mini_crm,mini-crm-dev,B3.21.17,Zenia,Zenia,B3,21,17,3 PN,82.65,73.9,5169848277,5257735697,MEGA REALTY,3PN,3,2,63614467,71146626,0.8941,1.7,mid,Nam,Tây,Hồ bơi,False,sold,2,1,1,1,2025-08-09,2025-08-22,2025-08-29,2025-09-15,39,59,76,1,1,2025-05-31T00:00:00+00:00,demo,synthetic,1,1,1,1,5170,La Pura,active,2025-06-08,Zenia,3 PN,3,74.27,29,active,seed-batch-units-001,D-0146,sold,1,2025-08-22T09:00:00+07:00,2025-09-15T17:00:00+07:00,1970-01-01T00:00:00+00:00,sold,synthetic_v1_tower_stack_floor_band,synthetic_v1_causal_funnel
P-0001,A-0021,U-0281,mini_crm,mini-crm-dev,B3.22.14,Zenia,Zenia,B3,22,14,2 PN,66.45,60.42,3418397010,3476509759,MEGA REALTY,2PN,2,2,52317679,57539056,0.9093,1.7,mid,Tây Bắc,Đông Bắc,Nội khu,False,reserved,6,4,1,1,2025-08-18,2025-09-09,2025-09-20,NOT_SOLD,48,81,-1,1,1,2025-05-31T00:00:00+00:00,demo,synthetic,1,1,1,0,3418,La Pura,active,2025-06-08,Zenia,2 PN,2,60.75,82,active,seed-batch-units-001,D-0147,reserved,1,2025-09-09T09:00:00+07:00,2025-09-20T17:00:00+07:00,1970-01-01T00:00:00+00:00,reserved,synthetic_v1_tower_stack_floor_band,synthetic_v1_causal_funnel
P-0001,A-0022,U-0282,mini_crm,mini-crm-dev,B3.22.17,Zenia,Zenia,B3,22,17,3 PN,82.65,73.9,5176556984,5264558453,MEGA REALTY,3PN,3,2,63697017,71238951,0.8941,1.7,mid,Nam,Tây,Hồ bơi,False,sold,4,1,1,1,2025-08-11,2025-08-26,2025-09-04,2025-10-13,41,65,104,1,1,2025-05-31T00:00:00+00:00,demo,synthetic,1,1,1,1,5177,La Pura,active,2025-06-08,Zenia,3 PN,3,74.27,29,active,seed-batch-units-001,D-0148,sold,1,2025-08-26T09:00:00+07:00,2025-10-13T17:00:00+07:00,1970-01-01T00:00:00+00:00,sold,synthetic_v1_tower_stack_floor_band,synthetic_v1_causal_funnel
P-0001,A-0021,U-0283,mini_crm,mini-crm-dev,B3.24.13,Zenia,Zenia,B3,24,13,2 PN,66.45,60.42,3349170419,3406106316,MEGA REALTY,2PN,2,2,51258184,56373822,0.9093,1.7,mid,Tây,Bắc,Hồ bơi,False,sold,2,1,1,1,2025-08-20,2025-09-02,2025-09-14,2025-10-01,50,75,92,1,1,2025-05-31T00:00:00+00:00,demo,synthetic,1,1,1,1,3349,La Pura,active,2025-06-08,Zenia,2 PN,2,60.75,82,active,seed-batch-units-001,D-0149,sold,1,2025-09-02T09:00:00+07:00,2025-10-01T17:00:00+07:00,1970-01-01T00:00:00+00:00,sold,synthetic_v1_tower_stack_floor_band,synthetic_v1_causal_funnel
P-0001,A-0022,U-0284,mini_crm,mini-crm-dev,B3.25.17,Zenia,Zenia,B3,25,17,3 PN,82.65,73.9,5196683108,5285026721,MEGA REALTY,3PN,3,2,63944667,71515923,0.8941,1.7,mid,Nam,Tây,Hồ bơi,False,available,3,2,0,0,2025-08-16,NO_BOOKING,NO_RESERVATION,NOT_SOLD,46,-1,-1,1,1,2025-05-31T00:00:00+00:00,demo,synthetic,1,0,0,0,5197,La Pura,active,2025-06-08,Zenia,3 PN,3,74.27,29,active,seed-batch-units-001,0,no_deal,0,1970-01-01T00:00:00+00:00,1970-01-01T00:00:00+00:00,1970-01-01T00:00:00+00:00,lead,synthetic_v1_tower_stack_floor_band,synthetic_v1_causal_funnel
P-0001,A-0021,U-0285,mini_crm,mini-crm-dev,B3.26.13,Zenia,Zenia,B3,26,13,2 PN,66.45,60.42,3358550858,3415646223,MEGA REALTY,2PN,2,2,51401749,56531715,0.9093,1.7,high,Tây,Bắc,Toàn cảnh,False,available,1,0,0,0,2025-08-21,NO_BOOKING,NO_RESERVATION,NOT_SOLD,51,-1,-1,1,1,2025-05-31T00:00:00+00:00,demo,synthetic,1,0,0,0,3359,La Pura,active,2025-06-08,Zenia,2 PN,2,60.75,82,active,seed-batch-units-001,0,no_deal,0,1970-01-01T00:00:00+00:00,1970-01-01T00:00:00+00:00,1970-01-01T00:00:00+00:00,lead,synthetic_v1_tower_stack_floor_band,synthetic_v1_causal_funnel
P-0001,A-0024,U-0286,mini_crm,mini-crm-dev,B3.27.01,Zenia,Zenia,B3,27,1,Căn hộ sân vườn,132.18,121.08,8695966480,8843797910,MEGA REALTY,Garden,2,2,66907232,73040947,0.916,1.7,high,Tây,Bắc,Toàn cảnh,True,available,1,0,0,0,2025-07-30,NO_BOOKING,NO_RESERVATION,NOT_SOLD,29,-1,-1,1,1,2025-05-31T00:00:00+00:00,demo,synthetic,1,0,0,0,8696,La Pura,active,2025-06-08,Zenia,Căn hộ sân vườn,2,115.38,4,active,seed-batch-units-001,0,no_deal,0,1970-01-01T00:00:00+00:00,1970-01-01T00:00:00+00:00,1970-01-01T00:00:00+00:00,lead,synthetic_v1_tower_stack_floor_band,synthetic_v1_causal_funnel
P-0001,A-0024,U-0287,mini_crm,mini-crm-dev,B3.27.02,Zenia,Zenia,B3,27,2,Căn hộ sân vườn,119.46,110.38,7141580767,7262987640,MEGA REALTY,Garden,2,2,60798490,65799852,0.924,1.7,high,Tây Bắc,Đông Bắc,Thành phố,False,available,1,0,0,0,2025-08-03,NO_BOOKING,NO_RESERVATION,NOT_SOLD,33,-1,-1,1,1,2025-05-31T00:00:00+00:00,demo,synthetic,1,0,0,0,7142,La Pura,active,2025-06-08,Zenia,Căn hộ sân vườn,2,115.38,4,active,seed-batch-units-001,0,no_deal,0,1970-01-01T00:00:00+00:00,1970-01-01T00:00:00+00:00,1970-01-01T00:00:00+00:00,lead,synthetic_v1_tower_stack_floor_band,synthetic_v1_causal_funnel
P-0001,A-0021,U-0288,mini_crm,mini-crm-dev,B3.27.14,Zenia,Zenia,B3,27,14,2 PN,66.8,60.7,3459812578,3518629392,MEGA REALTY,2PN,2,2,52674093,57967535,0.9087,1.7,high,Tây Bắc,Đông Bắc,Sông,False,sold,5,4,1,1,2025-08-22,2025-08-28,2025-09-12,2025-09-22,52,73,83,1,1,2025-05-31T00:00:00+00:00,demo,synthetic,1,1,1,1,3460,La Pura,active,2025-06-08,Zenia,2 PN,2,60.75,82,active,seed-batch-units-001,D-0150,sold,1,2025-08-28T09:00:00+07:00,2025-09-22T17:00:00+07:00,1970-01-01T00:00:00+00:00,sold,synthetic_v1_tower_stack_floor_band,synthetic_v1_causal_funnel
P-0001,A-0022,U-0289,mini_crm,mini-crm-dev,B3.27.15,Zenia,Zenia,B3,27,15,3 PN,82.65,73.9,5210100523,5298672232,MEGA REALTY,3PN,3,2,64109767,71700571,0.8941,1.7,high,Bắc,Đông,Sông,False,available,3,2,0,0,2025-08-10,NO_BOOKING,NO_RESERVATION,NOT_SOLD,40,-1,-1,1,1,2025-05-31T00:00:00+00:00,demo,synthetic,1,0,0,0,5210,La Pura,active,2025-06-08,Zenia,3 PN,3,74.27,29,active,seed-batch-units-001,0,no_deal,0,1970-01-01T00:00:00+00:00,1970-01-01T00:00:00+00:00,1970-01-01T00:00:00+00:00,lead,synthetic_v1_tower_stack_floor_band,synthetic_v1_causal_funnel
P-0001,A-0021,U-0290,mini_crm,mini-crm-dev,B3.28.07,Zenia,Zenia,B3,28,7,2 PN,68.06,60.77,3717148883,3780340414,MEGA REALTY,2PN,2,2,55544232,62207346,0.8929,1.7,high,Tây,Bắc,Toàn cảnh,False,sold,5,4,1,1,2025-08-21,2025-08-27,2025-09-11,2025-09-21,51,72,82,1,1,2025-05-31T00:00:00+00:00,demo,synthetic,1,1,1,1,3717,La Pura,active,2025-06-08,Zenia,2 PN,2,60.75,82,active,seed-batch-units-001,D-0151,sold,1,2025-08-27T09:00:00+07:00,2025-09-21T17:00:00+07:00,1970-01-01T00:00:00+00:00,sold,synthetic_v1_tower_stack_floor_band,synthetic_v1_causal_funnel
P-0001,A-0021,U-0291,mini_crm,mini-crm-dev,B3.28.11,Zenia,Zenia,B3,28,11,2 PN,66.45,60.42,3420335983,3478481695,MEGA REALTY,2PN,2,2,52347354,57571693,0.9093,1.7,high,Tây Bắc,Đông Bắc,Thành phố,False,sold,3,1,1,1,2025-08-15,2025-08-19,2025-08-27,2025-09-04,45,57,65,1,1,2025-05-31T00:00:00+00:00,demo,synthetic,1,1,1,1,3420,La Pura,active,2025-06-08,Zenia,2 PN,2,60.75,82,active,seed-batch-units-001,D-0152,sold,1,2025-08-19T09:00:00+07:00,2025-09-04T17:00:00+07:00,1970-01-01T00:00:00+00:00,sold,synthetic_v1_tower_stack_floor_band,synthetic_v1_causal_funnel
P-0001,A-0021,U-0292,mini_crm,mini-crm-dev,B3.28.12,Zenia,Zenia,B3,28,12,2 PN,66.45,60.42,3498943013,3558425044,MEGA REALTY,2PN,2,2,53550415,58894820,0.9093,1.7,high,Nam,Tây,Thành phố,False,available,2,1,0,0,2025-08-10,NO_BOOKING,NO_RESERVATION,NOT_SOLD,40,-1,-1,1,1,2025-05-31T00:00:00+00:00,demo,synthetic,1,0,0,0,3499,La Pura,active,2025-06-08,Zenia,2 PN,2,60.75,82,active,seed-batch-units-001,0,no_deal,0,1970-01-01T00:00:00+00:00,1970-01-01T00:00:00+00:00,1970-01-01T00:00:00+00:00,lead,synthetic_v1_tower_stack_floor_band,synthetic_v1_causal_funnel
P-0001,A-0021,U-0293,mini_crm,mini-crm-dev,B3.29.13,Zenia,Zenia,B3,29,13,2 PN,66.33,60.42,3445052359,3503618249,MEGA REALTY,2PN,2,2,52821020,57987723,0.9109,1.7,high,Tây,Bắc,Toàn cảnh,False,available,0,0,0,0,NO_LEAD,NO_BOOKING,NO_RESERVATION,NOT_SOLD,-1,-1,-1,1,1,2025-05-31T00:00:00+00:00,demo,synthetic,0,0,0,0,3445,La Pura,active,2025-06-08,Zenia,2 PN,2,60.75,82,active,seed-batch-units-001,0,no_deal,0,1970-01-01T00:00:00+00:00,1970-01-01T00:00:00+00:00,1970-01-01T00:00:00+00:00,no_lead,synthetic_v1_tower_stack_floor_band,synthetic_v1_causal_funnel
P-0001,A-0021,U-0294,mini_crm,mini-crm-dev,B3.30.07,Zenia,Zenia,B3,30,7,2 PN,68.06,60.77,3726756598,3790111460,MEGA REALTY,2PN,2,2,55687797,62368133,0.8929,1.7,high,Tây,Bắc,Toàn cảnh,False,sold,4,4,1,1,2025-08-10,2025-08-20,2025-08-24,2025-09-27,40,54,88,1,1,2025-05-31T00:00:00+00:00,demo,synthetic,1,1,1,1,3727,La Pura,active,2025-06-08,Zenia,2 PN,2,60.75,82,active,seed-batch-units-001,D-0153,sold,1,2025-08-20T09:00:00+07:00,2025-09-27T17:00:00+07:00,1970-01-01T00:00:00+00:00,sold,synthetic_v1_tower_stack_floor_band,synthetic_v1_causal_funnel
P-0001,A-0021,U-0295,mini_crm,mini-crm-dev,B3.30.11,Zenia,Zenia,B3,30,11,2 PN,66.45,60.42,3429716422,3488021601,MEGA REALTY,2PN,2,2,52490920,57729586,0.9093,1.7,high,Tây Bắc,Đông Bắc,Thành phố,False,reserved,5,4,1,1,2025-08-12,2025-08-18,2025-08-23,NOT_SOLD,42,53,-1,1,1,2025-05-31T00:00:00+00:00,demo,synthetic,1,1,1,0,3430,La Pura,active,2025-06-08,Zenia,2 PN,2,60.75,82,active,seed-batch-units-001,D-0154,reserved,1,2025-08-18T09:00:00+07:00,2025-08-23T17:00:00+07:00,1970-01-01T00:00:00+00:00,reserved,synthetic_v1_tower_stack_floor_band,synthetic_v1_causal_funnel
P-0001,A-0021,U-0296,mini_crm,mini-crm-dev,B3.30.13,Zenia,Zenia,B3,30,13,2 PN,66.33,60.42,3449734109,3508379588,MEGA REALTY,2PN,2,2,52892802,58066527,0.9109,1.7,high,Tây,Bắc,Toàn cảnh,False,sold,2,2,1,1,2025-08-19,2025-08-27,2025-09-08,2025-10-10,49,69,101,1,1,2025-05-31T00:00:00+00:00,demo,synthetic,1,1,1,1,3450,La Pura,active,2025-06-08,Zenia,2 PN,2,60.75,82,active,seed-batch-units-001,D-0155,sold,1,2025-08-27T09:00:00+07:00,2025-10-10T17:00:00+07:00,1970-01-01T00:00:00+00:00,sold,synthetic_v1_tower_stack_floor_band,synthetic_v1_causal_funnel
P-0001,A-0022,U-0297,mini_crm,mini-crm-dev,B3.30.15,Zenia,Zenia,B3,30,15,3 PN,82.65,73.9,5230226647,5319140500,MEGA REALTY,3PN,3,2,64357417,71977544,0.8941,1.7,high,Bắc,Đông,Sông,False,available,1,0,0,0,2025-08-06,NO_BOOKING,NO_RESERVATION,NOT_SOLD,36,-1,-1,1,1,2025-05-31T00:00:00+00:00,demo,synthetic,1,0,0,0,5230,La Pura,active,2025-06-08,Zenia,3 PN,3,74.27,29,active,seed-batch-units-001,0,no_deal,0,1970-01-01T00:00:00+00:00,1970-01-01T00:00:00+00:00,1970-01-01T00:00:00+00:00,lead,synthetic_v1_tower_stack_floor_band,synthetic_v1_causal_funnel
P-0001,A-0022,U-0298,mini_crm,mini-crm-dev,B3.31.17,Zenia,Zenia,B3,31,17,3 PN,82.65,74.27,5236935354,5325963255,MEGA REALTY,3PN,3,2,64439967,71710829,0.8986,1.7,high,Nam,Tây,Toàn cảnh,False,available,3,2,0,0,2025-08-14,NO_BOOKING,NO_RESERVATION,NOT_SOLD,44,-1,-1,1,1,2025-05-31T00:00:00+00:00,demo,synthetic,1,0,0,0,5237,La Pura,active,2025-06-08,Zenia,3 PN,3,74.27,29,active,seed-batch-units-001,0,no_deal,0,1970-01-01T00:00:00+00:00,1970-01-01T00:00:00+00:00,1970-01-01T00:00:00+00:00,lead,synthetic_v1_tower_stack_floor_band,synthetic_v1_causal_funnel
P-0001,A-0021,U-0299,mini_crm,mini-crm-dev,B3.32.15,Zenia,Zenia,B3,32,15,2 PN,66.37,60.75,3513506402,3573236011,MEGA REALTY,2PN,2,2,53838120,58818700,0.9153,1.7,high,Bắc,Đông,Sông,False,available,2,1,0,0,2025-08-23,NO_BOOKING,NO_RESERVATION,NOT_SOLD,53,-1,-1,1,1,2025-05-31T00:00:00+00:00,demo,synthetic,1,0,0,0,3514,La Pura,active,2025-06-08,Zenia,2 PN,2,60.75,82,active,seed-batch-units-001,0,no_deal,0,1970-01-01T00:00:00+00:00,1970-01-01T00:00:00+00:00,1970-01-01T00:00:00+00:00,lead,synthetic_v1_tower_stack_floor_band,synthetic_v1_causal_funnel
P-0001,A-0021,U-0300,mini_crm,mini-crm-dev,B3.33.12,Zenia,Zenia,B3,33,12,2 PN,66.37,60.75,3518190975,3578000222,MEGA REALTY,2PN,2,2,53909902,58897123,0.9153,1.7,high,Nam,Tây,Thành phố,False,available,0,0,0,0,NO_LEAD,NO_BOOKING,NO_RESERVATION,NOT_SOLD,-1,-1,-1,1,1,2025-05-31T00:00:00+00:00,demo,synthetic,0,0,0,0,3518,La Pura,active,2025-06-08,Zenia,2 PN,2,60.75,82,active,seed-batch-units-001,0,no_deal,0,1970-01-01T00:00:00+00:00,1970-01-01T00:00:00+00:00,1970-01-01T00:00:00+00:00,no_lead,synthetic_v1_tower_stack_floor_band,synthetic_v1_causal_funnel
P-0001,A-0021,U-0301,mini_crm,mini-crm-dev,B3.33.13,Zenia,Zenia,B3,33,13,2 PN,66.45,60.75,3391382394,3449035895,MEGA REALTY,2PN,2,2,51904227,56774253,0.9142,1.7,high,Tây,Bắc,Toàn cảnh,False,reserved,3,3,1,1,2025-08-21,2025-09-09,2025-09-22,NOT_SOLD,51,83,-1,1,1,2025-05-31T00:00:00+00:00,demo,synthetic,1,1,1,0,3391,La Pura,active,2025-06-08,Zenia,2 PN,2,60.75,82,active,seed-batch-units-001,D-0156,reserved,1,2025-09-09T09:00:00+07:00,2025-09-22T17:00:00+07:00,1970-01-01T00:00:00+00:00,reserved,synthetic_v1_tower_stack_floor_band,synthetic_v1_causal_funnel
P-0001,A-0021,U-0302,mini_crm,mini-crm-dev,B3.33.14,Zenia,Zenia,B3,33,14,2 PN,66.45,60.75,3469989424,3528979244,MEGA REALTY,2PN,2,2,53107287,58090193,0.9142,1.7,high,Tây Bắc,Đông Bắc,Sông,False,reserved,2,1,1,1,2025-08-14,2025-08-27,2025-09-03,NOT_SOLD,44,64,-1,1,1,2025-05-31T00:00:00+00:00,demo,synthetic,1,1,1,0,3470,La Pura,active,2025-06-08,Zenia,2 PN,2,60.75,82,active,seed-batch-units-001,D-0157,reserved,1,2025-08-27T09:00:00+07:00,2025-09-03T17:00:00+07:00,1970-01-01T00:00:00+00:00,reserved,synthetic_v1_tower_stack_floor_band,synthetic_v1_causal_funnel
P-0001,A-0022,U-0303,mini_crm,mini-crm-dev,B3.33.17,Zenia,Zenia,B3,33,17,3 PN,82.65,74.27,5250352770,5339608767,MEGA REALTY,3PN,3,2,64605067,71894557,0.8986,1.7,high,Nam,Tây,Toàn cảnh,False,available,0,0,0,0,NO_LEAD,NO_BOOKING,NO_RESERVATION,NOT_SOLD,-1,-1,-1,1,1,2025-05-31T00:00:00+00:00,demo,synthetic,0,0,0,0,5250,La Pura,active,2025-06-08,Zenia,3 PN,3,74.27,29,active,seed-batch-units-001,0,no_deal,0,1970-01-01T00:00:00+00:00,1970-01-01T00:00:00+00:00,1970-01-01T00:00:00+00:00,no_lead,synthetic_v1_tower_stack_floor_band,synthetic_v1_causal_funnel
P-0001,A-0020,U-0304,mini_crm,mini-crm-dev,B3.34.01,Zenia,Zenia,B3,34,1,1 PN+,55.24,49.01,2997726560,3048687912,MEGA REALTY,1PN+,1,1,55189861,62205426,0.8872,1.7,high,Tây,Bắc,Toàn cảnh,True,available,1,0,0,0,2025-08-23,NO_BOOKING,NO_RESERVATION,NOT_SOLD,53,-1,-1,1,1,2025-05-31T00:00:00+00:00,demo,synthetic,1,0,0,0,2998,La Pura,active,2025-06-08,Zenia,1 PN+,1,49.14,31,active,seed-batch-units-001,0,no_deal,0,1970-01-01T00:00:00+00:00,1970-01-01T00:00:00+00:00,1970-01-01T00:00:00+00:00,lead,synthetic_v1_tower_stack_floor_band,synthetic_v1_causal_funnel
P-0001,A-0021,U-0305,mini_crm,mini-crm-dev,B3.34.09,Zenia,Zenia,B3,34,9,2 PN,68.14,61.27,3750338537,3814094292,MEGA REALTY,2PN,2,2,55974381,62250600,0.8992,1.7,high,Đông Bắc,Đông Nam,Thành phố,False,sold,4,2,1,1,2025-08-20,2025-09-09,2025-09-23,2025-11-06,50,84,128,1,1,2025-05-31T00:00:00+00:00,demo,synthetic,1,1,1,1,3750,La Pura,active,2025-06-08,Zenia,2 PN,2,60.75,82,active,seed-batch-units-001,D-0158,sold,1,2025-09-09T09:00:00+07:00,2025-11-06T17:00:00+07:00,1970-01-01T00:00:00+00:00,sold,synthetic_v1_tower_stack_floor_band,synthetic_v1_causal_funnel
P-0001,A-0021,U-0306,mini_crm,mini-crm-dev,B3.34.11,Zenia,Zenia,B3,34,11,2 PN,66.37,60.75,3522875548,3582764432,MEGA REALTY,2PN,2,2,53981685,58975546,0.9153,1.7,high,Tây Bắc,Đông Bắc,Thành phố,False,reserved,5,4,1,1,2025-08-17,2025-08-28,2025-09-07,NOT_SOLD,47,68,-1,1,1,2025-05-31T00:00:00+00:00,demo,synthetic,1,1,1,0,3523,La Pura,active,2025-06-08,Zenia,2 PN,2,60.75,82,active,seed-batch-units-001,D-0159,reserved,1,2025-08-28T09:00:00+07:00,2025-09-07T17:00:00+07:00,1970-01-01T00:00:00+00:00,reserved,synthetic_v1_tower_stack_floor_band,synthetic_v1_causal_funnel
P-0001,A-0021,U-0307,mini_crm,mini-crm-dev,B3.35.12,Zenia,Zenia,B3,35,12,2 PN,66.37,60.75,3527560121,3587528643,MEGA REALTY,2PN,2,2,54053468,59053969,0.9153,1.7,high,Nam,Tây,Thành phố,False,available,0,0,0,0,NO_LEAD,NO_BOOKING,NO_RESERVATION,NOT_SOLD,-1,-1,-1,1,1,2025-05-31T00:00:00+00:00,demo,synthetic,0,0,0,0,3528,La Pura,active,2025-06-08,Zenia,2 PN,2,60.75,82,active,seed-batch-units-001,0,no_deal,0,1970-01-01T00:00:00+00:00,1970-01-01T00:00:00+00:00,1970-01-01T00:00:00+00:00,no_lead,synthetic_v1_tower_stack_floor_band,synthetic_v1_causal_funnel
P-0001,A-0021,U-0308,mini_crm,mini-crm-dev,B3.35.13,Zenia,Zenia,B3,35,13,2 PN,66.45,60.75,3400762833,3458575801,MEGA REALTY,2PN,2,2,52047792,56931289,0.9142,1.7,high,Tây,Bắc,Toàn cảnh,False,sold,4,4,1,1,2025-08-21,2025-08-31,2025-09-14,2025-10-18,51,75,109,1,1,2025-05-31T00:00:00+00:00,demo,synthetic,1,1,1,1,3401,La Pura,active,2025-06-08,Zenia,2 PN,2,60.75,82,active,seed-batch-units-001,D-0160,sold,1,2025-08-31T09:00:00+07:00,2025-10-18T17:00:00+07:00,1970-01-01T00:00:00+00:00,sold,synthetic_v1_tower_stack_floor_band,synthetic_v1_causal_funnel
P-0001,A-0021,U-0309,mini_crm,mini-crm-dev,B3.35.14,Zenia,Zenia,B3,35,14,2 PN,66.45,60.75,3479369863,3538519150,MEGA REALTY,2PN,2,2,53250853,58247229,0.9142,1.7,high,Tây Bắc,Đông Bắc,Sông,False,sold,4,2,1,1,2025-08-21,2025-09-10,2025-09-24,2025-10-18,51,85,109,1,1,2025-05-31T00:00:00+00:00,demo,synthetic,1,1,1,1,3479,La Pura,active,2025-06-08,Zenia,2 PN,2,60.75,82,active,seed-batch-units-001,D-0161,sold,1,2025-09-10T09:00:00+07:00,2025-10-18T17:00:00+07:00,1970-01-01T00:00:00+00:00,sold,synthetic_v1_tower_stack_floor_band,synthetic_v1_causal_funnel
P-0001,A-0021,U-0310,mini_crm,mini-crm-dev,B3.35.15,Zenia,Zenia,B3,35,15,2 PN,66.37,60.75,3527560121,3587528643,MEGA REALTY,2PN,2,2,54053468,59053969,0.9153,1.7,high,Bắc,Đông,Sông,False,sold,6,6,1,1,2025-08-23,2025-09-04,2025-09-20,2025-10-26,53,81,117,1,1,2025-05-31T00:00:00+00:00,demo,synthetic,1,1,1,1,3528,La Pura,active,2025-06-08,Zenia,2 PN,2,60.75,82,active,seed-batch-units-001,D-0162,sold,1,2025-09-04T09:00:00+07:00,2025-10-26T17:00:00+07:00,1970-01-01T00:00:00+00:00,sold,synthetic_v1_tower_stack_floor_band,synthetic_v1_causal_funnel
P-0001,A-0021,U-0311,mini_crm,mini-crm-dev,B3.35.16,Zenia,Zenia,B3,35,16,2 PN,66.84,60.89,3552319888,3612709326,MEGA REALTY,2PN,2,2,54050110,59331735,0.911,1.7,high,Tây Nam,Tây Bắc,Thành phố,False,sold,3,1,1,1,2025-08-15,2025-08-19,2025-08-27,2025-09-04,45,57,65,1,1,2025-05-31T00:00:00+00:00,demo,synthetic,1,1,1,1,3552,La Pura,active,2025-06-08,Zenia,2 PN,2,60.75,82,active,seed-batch-units-001,D-0163,sold,1,2025-08-19T09:00:00+07:00,2025-09-04T17:00:00+07:00,1970-01-01T00:00:00+00:00,sold,synthetic_v1_tower_stack_floor_band,synthetic_v1_causal_funnel
P-0001,A-0020,U-0312,mini_crm,mini-crm-dev,B3.36.01,Zenia,Zenia,B3,36,1,1 PN+,55.24,49.01,3005524535,3056618452,MEGA REALTY,1PN+,1,1,55333426,62367240,0.8872,1.7,high,Tây,Bắc,Toàn cảnh,True,sold,2,2,1,1,2025-08-21,2025-09-08,2025-09-20,2025-11-01,51,81,123,1,1,2025-05-31T00:00:00+00:00,demo,synthetic,1,1,1,1,3006,La Pura,active,2025-06-08,Zenia,1 PN+,1,49.14,31,active,seed-batch-units-001,D-0164,sold,1,2025-09-08T09:00:00+07:00,2025-11-01T17:00:00+07:00,1970-01-01T00:00:00+00:00,sold,synthetic_v1_tower_stack_floor_band,synthetic_v1_causal_funnel
P-0001,A-0021,U-0313,mini_crm,mini-crm-dev,B3.36.12,Zenia,Zenia,B3,36,12,2 PN,66.37,60.75,3532244694,3592292853,MEGA REALTY,2PN,2,2,54125250,59132393,0.9153,1.7,high,Nam,Tây,Thành phố,False,available,2,1,0,0,2025-08-10,NO_BOOKING,NO_RESERVATION,NOT_SOLD,40,-1,-1,1,1,2025-05-31T00:00:00+00:00,demo,synthetic,1,0,0,0,3532,La Pura,active,2025-06-08,Zenia,2 PN,2,60.75,82,active,seed-batch-units-001,0,no_deal,0,1970-01-01T00:00:00+00:00,1970-01-01T00:00:00+00:00,1970-01-01T00:00:00+00:00,lead,synthetic_v1_tower_stack_floor_band,synthetic_v1_causal_funnel
P-0001,A-0022,U-0314,mini_crm,mini-crm-dev,B3.36.17,Zenia,Zenia,B3,36,17,3 PN,82.65,74.27,5270478893,5360077034,MEGA REALTY,3PN,3,2,64852717,72170150,0.8986,1.7,high,Nam,Tây,Toàn cảnh,False,reserved,3,2,1,1,2025-08-04,2025-08-13,2025-08-16,NOT_SOLD,34,46,-1,1,1,2025-05-31T00:00:00+00:00,demo,synthetic,1,1,1,0,5270,La Pura,active,2025-06-08,Zenia,3 PN,3,74.27,29,active,seed-batch-units-001,D-0165,reserved,1,2025-08-13T09:00:00+07:00,2025-08-16T17:00:00+07:00,1970-01-01T00:00:00+00:00,reserved,synthetic_v1_tower_stack_floor_band,synthetic_v1_causal_funnel
P-0001,A-0020,U-0315,mini_crm,mini-crm-dev,B3.37.01,Zenia,Zenia,B3,37,1,1 PN+,55.24,49.01,3009423523,3060583722,MEGA REALTY,1PN+,1,1,55405209,62448148,0.8872,1.7,high,Tây,Bắc,Toàn cảnh,True,reserved,2,1,1,1,2025-08-16,2025-08-19,2025-08-26,NOT_SOLD,46,56,-1,1,1,2025-05-31T00:00:00+00:00,demo,synthetic,1,1,1,0,3009,La Pura,active,2025-06-08,Zenia,1 PN+,1,49.14,31,active,seed-batch-units-001,D-0166,reserved,1,2025-08-19T09:00:00+07:00,2025-08-26T17:00:00+07:00,1970-01-01T00:00:00+00:00,reserved,synthetic_v1_tower_stack_floor_band,synthetic_v1_causal_funnel
P-0001,A-0021,U-0316,mini_crm,mini-crm-dev,B3.37.13,Zenia,Zenia,B3,37,13,2 PN,66.45,60.75,3410143272,3468115708,MEGA REALTY,2PN,2,2,52191358,57088324,0.9142,1.7,high,Tây,Bắc,Toàn cảnh,False,available,0,0,0,0,NO_LEAD,NO_BOOKING,NO_RESERVATION,NOT_SOLD,-1,-1,-1,1,1,2025-05-31T00:00:00+00:00,demo,synthetic,0,0,0,0,3410,La Pura,active,2025-06-08,Zenia,2 PN,2,60.75,82,active,seed-batch-units-001,0,no_deal,0,1970-01-01T00:00:00+00:00,1970-01-01T00:00:00+00:00,1970-01-01T00:00:00+00:00,no_lead,synthetic_v1_tower_stack_floor_band,synthetic_v1_causal_funnel
P-0001,A-0021,U-0317,mini_crm,mini-crm-dev,B3.37.14,Zenia,Zenia,B3,37,14,2 PN,66.45,60.75,3488750302,3548059057,MEGA REALTY,2PN,2,2,53394418,58404264,0.9142,1.7,high,Tây Bắc,Đông Bắc,Sông,False,available,2,1,0,0,2025-08-11,NO_BOOKING,NO_RESERVATION,NOT_SOLD,41,-1,-1,1,1,2025-05-31T00:00:00+00:00,demo,synthetic,1,0,0,0,3489,La Pura,active,2025-06-08,Zenia,2 PN,2,60.75,82,active,seed-batch-units-001,0,no_deal,0,1970-01-01T00:00:00+00:00,1970-01-01T00:00:00+00:00,1970-01-01T00:00:00+00:00,lead,synthetic_v1_tower_stack_floor_band,synthetic_v1_causal_funnel
P-0001,A-0021,U-0318,mini_crm,mini-crm-dev,B3.37.15,Zenia,Zenia,B3,37,15,2 PN,66.37,60.75,3536929266,3597057064,MEGA REALTY,2PN,2,2,54197033,59210816,0.9153,1.7,high,Bắc,Đông,Sông,False,available,1,0,0,0,2025-08-09,NO_BOOKING,NO_RESERVATION,NOT_SOLD,39,-1,-1,1,1,2025-05-31T00:00:00+00:00,demo,synthetic,1,0,0,0,3537,La Pura,active,2025-06-08,Zenia,2 PN,2,60.75,82,active,seed-batch-units-001,0,no_deal,0,1970-01-01T00:00:00+00:00,1970-01-01T00:00:00+00:00,1970-01-01T00:00:00+00:00,lead,synthetic_v1_tower_stack_floor_band,synthetic_v1_causal_funnel
P-0001,A-0022,U-0319,mini_crm,mini-crm-dev,B3.37.17,Zenia,Zenia,B3,37,17,3 PN,82.65,74.27,5277187601,5366899790,MEGA REALTY,3PN,3,2,64935267,72262014,0.8986,1.7,high,Nam,Tây,Toàn cảnh,False,available,0,0,0,0,NO_LEAD,NO_BOOKING,NO_RESERVATION,NOT_SOLD,-1,-1,-1,1,1,2025-05-31T00:00:00+00:00,demo,synthetic,0,0,0,0,5277,La Pura,active,2025-06-08,Zenia,3 PN,3,74.27,29,active,seed-batch-units-001,0,no_deal,0,1970-01-01T00:00:00+00:00,1970-01-01T00:00:00+00:00,1970-01-01T00:00:00+00:00,no_lead,synthetic_v1_tower_stack_floor_band,synthetic_v1_causal_funnel
P-0001,A-0021,U-0320,mini_crm,mini-crm-dev,B3.38.09,Zenia,Zenia,B3,38,9,2 PN,68.14,61.27,3769576553,3833659355,MEGA REALTY,2PN,2,2,56261511,62569926,0.8992,1.7,high,Đông Bắc,Đông Nam,Thành phố,False,available,3,2,0,0,2025-08-21,NO_BOOKING,NO_RESERVATION,NOT_SOLD,51,-1,-1,1,1,2025-05-31T00:00:00+00:00,demo,synthetic,1,0,0,0,3770,La Pura,active,2025-06-08,Zenia,2 PN,2,60.75,82,active,seed-batch-units-001,0,no_deal,0,1970-01-01T00:00:00+00:00,1970-01-01T00:00:00+00:00,1970-01-01T00:00:00+00:00,lead,synthetic_v1_tower_stack_floor_band,synthetic_v1_causal_funnel
P-0001,A-0021,U-0321,mini_crm,mini-crm-dev,B3.39.02,Zenia,Zenia,B3,39,2,2 PN,66.28,59.64,3436990533,3495419372,MEGA REALTY,2PN,2,2,52737166,58608641,0.8998,1.7,high,Tây Bắc,Đông Bắc,Thành phố,False,sold,2,2,1,1,2025-08-14,2025-09-01,2025-09-08,2025-09-30,44,69,91,1,1,2025-05-31T00:00:00+00:00,demo,synthetic,1,1,1,1,3437,La Pura,active,2025-06-08,Zenia,2 PN,2,60.75,82,active,seed-batch-units-001,D-0167,sold,1,2025-09-01T09:00:00+07:00,2025-09-30T17:00:00+07:00,1970-01-01T00:00:00+00:00,sold,synthetic_v1_tower_stack_floor_band,synthetic_v1_causal_funnel
P-0001,A-0021,U-0322,mini_crm,mini-crm-dev,B3.39.11,Zenia,Zenia,B3,39,11,2 PN,66.37,60.75,3546298412,3606585485,MEGA REALTY,2PN,2,2,54340598,59367662,0.9153,1.7,high,Tây Bắc,Đông Bắc,Thành phố,False,sold,4,4,1,1,2025-08-11,2025-08-21,2025-08-25,2025-09-08,41,55,69,1,1,2025-05-31T00:00:00+00:00,demo,synthetic,1,1,1,1,3546,La Pura,active,2025-06-08,Zenia,2 PN,2,60.75,82,active,seed-batch-units-001,D-0168,sold,1,2025-08-21T09:00:00+07:00,2025-09-08T17:00:00+07:00,1970-01-01T00:00:00+00:00,sold,synthetic_v1_tower_stack_floor_band,synthetic_v1_causal_funnel
P-0001,A-0021,U-0323,mini_crm,mini-crm-dev,B3.39.13,Zenia,Zenia,B3,39,13,2 PN,66.45,60.75,3419523711,3477655614,MEGA REALTY,2PN,2,2,52334923,57245360,0.9142,1.7,high,Tây,Bắc,Toàn cảnh,False,sold,5,4,1,1,2025-08-17,2025-08-23,2025-09-02,2025-10-02,47,63,93,1,1,2025-05-31T00:00:00+00:00,demo,synthetic,1,1,1,1,3420,La Pura,active,2025-06-08,Zenia,2 PN,2,60.75,82,active,seed-batch-units-001,D-0169,sold,1,2025-08-23T09:00:00+07:00,2025-10-02T17:00:00+07:00,1970-01-01T00:00:00+00:00,sold,synthetic_v1_tower_stack_floor_band,synthetic_v1_causal_funnel
P-0001,A-0021,U-0324,mini_crm,mini-crm-dev,B3.39.14,Zenia,Zenia,B3,39,14,2 PN,66.45,60.75,3498130740,3557598963,MEGA REALTY,2PN,2,2,53537983,58561300,0.9142,1.7,high,Tây Bắc,Đông Bắc,Sông,False,sold,5,4,1,1,2025-08-17,2025-08-23,2025-09-02,2025-09-12,47,63,73,1,1,2025-05-31T00:00:00+00:00,demo,synthetic,1,1,1,1,3498,La Pura,active,2025-06-08,Zenia,2 PN,2,60.75,82,active,seed-batch-units-001,D-0170,sold,1,2025-08-23T09:00:00+07:00,2025-09-12T17:00:00+07:00,1970-01-01T00:00:00+00:00,sold,synthetic_v1_tower_stack_floor_band,synthetic_v1_causal_funnel
P-0001,A-0021,U-0325,mini_crm,mini-crm-dev,B3.39.15,Zenia,Zenia,B3,39,15,2 PN,66.37,60.75,3546298412,3606585485,MEGA REALTY,2PN,2,2,54340598,59367662,0.9153,1.7,high,Bắc,Đông,Sông,False,available,3,2,0,0,2025-08-18,NO_BOOKING,NO_RESERVATION,NOT_SOLD,48,-1,-1,1,1,2025-05-31T00:00:00+00:00,demo,synthetic,1,0,0,0,3546,La Pura,active,2025-06-08,Zenia,2 PN,2,60.75,82,active,seed-batch-units-001,0,no_deal,0,1970-01-01T00:00:00+00:00,1970-01-01T00:00:00+00:00,1970-01-01T00:00:00+00:00,lead,synthetic_v1_tower_stack_floor_band,synthetic_v1_causal_funnel
P-0001,A-0021,U-0326,mini_crm,mini-crm-dev,B3.39.16,Zenia,Zenia,B3,39,16,2 PN,66.84,60.89,3571190874,3631901119,MEGA REALTY,2PN,2,2,54337240,59646923,0.911,1.7,high,Tây Nam,Tây Bắc,Thành phố,False,reserved,3,3,1,1,2025-08-20,2025-09-08,2025-09-21,NOT_SOLD,50,82,-1,1,1,2025-05-31T00:00:00+00:00,demo,synthetic,1,1,1,0,3571,La Pura,active,2025-06-08,Zenia,2 PN,2,60.75,82,active,seed-batch-units-001,D-0171,reserved,1,2025-09-08T09:00:00+07:00,2025-09-21T17:00:00+07:00,1970-01-01T00:00:00+00:00,reserved,synthetic_v1_tower_stack_floor_band,synthetic_v1_causal_funnel
P-0001,A-0021,U-0327,mini_crm,mini-crm-dev,B4.04.03,Zenia,Zenia,B4,4,3,2 PN,76.91,69.16,4033590509,4102161547,VSH,2PN,2,2,53337167,59314077,0.8992,1.7,low,Nam,Tây,Nội khu,True,sold,3,3,1,1,2025-08-18,2025-08-22,2025-09-04,2025-10-02,48,65,93,1,1,2025-05-31T00:00:00+00:00,demo,synthetic,1,1,1,1,4034,La Pura,active,2025-06-08,Zenia,2 PN,2,60.75,82,active,seed-batch-units-001,D-0172,sold,1,2025-08-22T09:00:00+07:00,2025-10-02T17:00:00+07:00,1970-01-01T00:00:00+00:00,sold,synthetic_v1_tower_stack_floor_band,synthetic_v1_causal_funnel
P-0001,A-0022,U-0328,mini_crm,mini-crm-dev,B4.04.08,Zenia,Zenia,B4,4,8,3 PN,85.55,76.02,5193309376,5281595635,VSH,3PN,3,2,61736945,69476396,0.8886,1.7,low,Đông Nam,Tây Nam,Nội khu,False,reserved,6,2,1,1,2025-08-08,2025-08-20,2025-08-26,NOT_SOLD,38,56,-1,1,1,2025-05-31T00:00:00+00:00,demo,synthetic,1,1,1,0,5193,La Pura,active,2025-06-08,Zenia,3 PN,3,74.27,29,active,seed-batch-units-001,D-0173,reserved,1,2025-08-20T09:00:00+07:00,2025-08-26T17:00:00+07:00,1970-01-01T00:00:00+00:00,reserved,synthetic_v1_tower_stack_floor_band,synthetic_v1_causal_funnel
P-0001,A-0021,U-0329,mini_crm,mini-crm-dev,B4.04.09,Zenia,Zenia,B4,4,9,2 PN,71.81,63.55,3770279952,3834374711,VSH,2PN,2,2,53396111,60336345,0.885,1.7,low,Đông Bắc,Đông Nam,Nội khu,False,available,0,0,0,0,NO_LEAD,NO_BOOKING,NO_RESERVATION,NOT_SOLD,-1,-1,-1,1,1,2025-05-31T00:00:00+00:00,demo,synthetic,0,0,0,0,3770,La Pura,active,2025-06-08,Zenia,2 PN,2,60.75,82,active,seed-batch-units-001,0,no_deal,0,1970-01-01T00:00:00+00:00,1970-01-01T00:00:00+00:00,1970-01-01T00:00:00+00:00,no_lead,synthetic_v1_tower_stack_floor_band,synthetic_v1_causal_funnel
P-0001,A-0021,U-0330,mini_crm,mini-crm-dev,B4.04.17,Zenia,Zenia,B4,4,17,2 PN,67.25,59.19,3504362653,3563936818,VSH,2PN,2,2,52995343,60211806,0.8801,1.7,low,Đông Bắc,Đông Nam,Cảnh quan nội khu,False,available,3,2,0,0,2025-08-09,NO_BOOKING,NO_RESERVATION,NOT_SOLD,39,-1,-1,1,1,2025-05-31T00:00:00+00:00,demo,synthetic,1,0,0,0,3504,La Pura,active,2025-06-08,Zenia,2 PN,2,60.75,82,active,seed-batch-units-001,0,no_deal,0,1970-01-01T00:00:00+00:00,1970-01-01T00:00:00+00:00,1970-01-01T00:00:00+00:00,lead,synthetic_v1_tower_stack_floor_band,synthetic_v1_causal_funnel
P-0001,A-0020,U-0331,mini_crm,mini-crm-dev,B4.04.19,Zenia,Zenia,B4,4,19,1 PN+,53.94,48.78,3109893817,3162762012,VSH,1PN+,1,1,58634817,64837270,0.9043,1.7,low,Đông Bắc,Đông Nam,Cảnh quan nội khu,False,available,1,0,0,0,2025-08-24,NO_BOOKING,NO_RESERVATION,NOT_SOLD,54,-1,-1,1,1,2025-05-31T00:00:00+00:00,demo,synthetic,1,0,0,0,3110,La Pura,active,2025-06-08,Zenia,1 PN+,1,49.14,31,active,seed-batch-units-001,0,no_deal,0,1970-01-01T00:00:00+00:00,1970-01-01T00:00:00+00:00,1970-01-01T00:00:00+00:00,lead,synthetic_v1_tower_stack_floor_band,synthetic_v1_causal_funnel
P-0001,A-0021,U-0332,mini_crm,mini-crm-dev,B4.05.03,Zenia,Zenia,B4,5,3,2 PN,76.91,69.16,4028161994,4096640748,VSH,2PN,2,2,53265385,59234250,0.8992,1.7,low,Nam,Tây,Nội khu,True,available,3,2,0,0,2025-08-10,NO_BOOKING,NO_RESERVATION,NOT_SOLD,40,-1,-1,1,1,2025-05-31T00:00:00+00:00,demo,synthetic,1,0,0,0,4028,La Pura,active,2025-06-08,Zenia,2 PN,2,60.75,82,active,seed-batch-units-001,0,no_deal,0,1970-01-01T00:00:00+00:00,1970-01-01T00:00:00+00:00,1970-01-01T00:00:00+00:00,lead,synthetic_v1_tower_stack_floor_band,synthetic_v1_causal_funnel
P-0001,A-0021,U-0333,mini_crm,mini-crm-dev,B4.05.04,Zenia,Zenia,B4,5,4,2 PN,76.91,69.16,3586359778,3647327895,VSH,2PN,2,2,47423325,52737535,0.8992,1.7,low,Tây Bắc,Đông Bắc,Cảnh quan nội khu,False,available,0,0,0,0,NO_LEAD,NO_BOOKING,NO_RESERVATION,NOT_SOLD,-1,-1,-1,1,1,2025-05-31T00:00:00+00:00,demo,synthetic,0,0,0,0,3586,La Pura,active,2025-06-08,Zenia,2 PN,2,60.75,82,active,seed-batch-units-001,0,no_deal,0,1970-01-01T00:00:00+00:00,1970-01-01T00:00:00+00:00,1970-01-01T00:00:00+00:00,no_lead,synthetic_v1_tower_stack_floor_band,synthetic_v1_causal_funnel
P-0001,A-0022,U-0334,mini_crm,mini-crm-dev,B4.05.08,Zenia,Zenia,B4,5,8,3 PN,85.55,76.02,5200253477,5288657786,VSH,3PN,3,2,61819495,69569295,0.8886,1.7,low,Đông Nam,Tây Nam,Nội khu,False,available,2,1,0,0,2025-08-07,NO_BOOKING,NO_RESERVATION,NOT_SOLD,37,-1,-1,1,1,2025-05-31T00:00:00+00:00,demo,synthetic,1,0,0,0,5200,La Pura,active,2025-06-08,Zenia,3 PN,3,74.27,29,active,seed-batch-units-001,0,no_deal,0,1970-01-01T00:00:00+00:00,1970-01-01T00:00:00+00:00,1970-01-01T00:00:00+00:00,lead,synthetic_v1_tower_stack_floor_band,synthetic_v1_causal_funnel
P-0001,A-0021,U-0335,mini_crm,mini-crm-dev,B4.05.09,Zenia,Zenia,B4,5,9,2 PN,71.81,63.55,3775348494,3839529419,VSH,2PN,2,2,53467893,60417457,0.885,1.7,low,Đông Bắc,Đông Nam,Nội khu,False,sold,2,2,1,1,2025-08-08,2025-08-16,2025-08-18,2025-09-19,38,48,80,1,1,2025-05-31T00:00:00+00:00,demo,synthetic,1,1,1,1,3775,La Pura,active,2025-06-08,Zenia,2 PN,2,60.75,82,active,seed-batch-units-001,D-0174,sold,1,2025-08-16T09:00:00+07:00,2025-09-19T17:00:00+07:00,1970-01-01T00:00:00+00:00,sold,synthetic_v1_tower_stack_floor_band,synthetic_v1_causal_funnel
P-0001,A-0020,U-0336,mini_crm,mini-crm-dev,B4.05.19,Zenia,Zenia,B4,5,19,1 PN+,53.94,48.78,3106086587,3158890059,VSH,1PN+,1,1,58563034,64757894,0.9043,1.7,low,Đông Bắc,Đông Nam,Cảnh quan nội khu,False,available,2,1,0,0,2025-08-12,NO_BOOKING,NO_RESERVATION,NOT_SOLD,42,-1,-1,1,1,2025-05-31T00:00:00+00:00,demo,synthetic,1,0,0,0,3106,La Pura,active,2025-06-08,Zenia,1 PN+,1,49.14,31,active,seed-batch-units-001,0,no_deal,0,1970-01-01T00:00:00+00:00,1970-01-01T00:00:00+00:00,1970-01-01T00:00:00+00:00,lead,synthetic_v1_tower_stack_floor_band,synthetic_v1_causal_funnel
P-0001,A-0020,U-0337,mini_crm,mini-crm-dev,B4.05.20,Zenia,Zenia,B4,5,20,1 PN+,53.94,48.78,2999739379,3050734949,VAL,1PN+,1,1,56557934,62540692,0.9043,1.7,low,Tây Bắc,Đông Bắc,Hồ bơi,False,available,3,2,0,0,2025-08-20,NO_BOOKING,NO_RESERVATION,NOT_SOLD,50,-1,-1,1,1,2025-05-31T00:00:00+00:00,demo,observed,1,0,0,0,3000,La Pura,active,2025-06-08,Zenia,1 PN+,1,49.14,31,active,seed-batch-units-001,0,no_deal,0,1970-01-01T00:00:00+00:00,1970-01-01T00:00:00+00:00,1970-01-01T00:00:00+00:00,lead,synthetic_v1_tower_stack_floor_band,synthetic_v1_causal_funnel
P-0001,A-0021,U-0338,mini_crm,mini-crm-dev,B4.06.03,Zenia,Zenia,B4,6,3,2 PN,76.91,69.16,4022733480,4091119949,VSH,2PN,2,2,53193602,59154424,0.8992,1.7,low,Nam,Tây,Nội khu,True,available,3,2,0,0,2025-08-20,NO_BOOKING,NO_RESERVATION,NOT_SOLD,50,-1,-1,1,1,2025-05-31T00:00:00+00:00,demo,synthetic,1,0,0,0,4023,La Pura,active,2025-06-08,Zenia,2 PN,2,60.75,82,active,seed-batch-units-001,0,no_deal,0,1970-01-01T00:00:00+00:00,1970-01-01T00:00:00+00:00,1970-01-01T00:00:00+00:00,lead,synthetic_v1_tower_stack_floor_band,synthetic_v1_causal_funnel
P-0001,A-0022,U-0339,mini_crm,mini-crm-dev,B4.06.08,Zenia,Zenia,B4,6,8,3 PN,85.55,76.02,5207197578,5295719937,VSH,3PN,3,2,61902045,69662193,0.8886,1.7,low,Đông Nam,Tây Nam,Nội khu,False,available,0,0,0,0,NO_LEAD,NO_BOOKING,NO_RESERVATION,NOT_SOLD,-1,-1,-1,1,1,2025-05-31T00:00:00+00:00,demo,synthetic,0,0,0,0,5207,La Pura,active,2025-06-08,Zenia,3 PN,3,74.27,29,active,seed-batch-units-001,0,no_deal,0,1970-01-01T00:00:00+00:00,1970-01-01T00:00:00+00:00,1970-01-01T00:00:00+00:00,no_lead,synthetic_v1_tower_stack_floor_band,synthetic_v1_causal_funnel
P-0001,A-0020,U-0340,mini_crm,mini-crm-dev,B4.06.19,Zenia,Zenia,B4,6,19,1 PN+,53.94,48.78,3102279357,3155018106,VSH,1PN+,1,1,58491252,64678518,0.9043,1.7,low,Đông Bắc,Đông Nam,Cảnh quan nội khu,False,sold,2,1,1,1,2025-08-15,2025-08-18,2025-08-25,2025-09-21,45,55,82,1,1,2025-05-31T00:00:00+00:00,demo,synthetic,1,1,1,1,3102,La Pura,active,2025-06-08,Zenia,1 PN+,1,49.14,31,active,seed-batch-units-001,D-0175,sold,1,2025-08-18T09:00:00+07:00,2025-09-21T17:00:00+07:00,1970-01-01T00:00:00+00:00,sold,synthetic_v1_tower_stack_floor_band,synthetic_v1_causal_funnel
P-0001,A-0021,U-0341,mini_crm,mini-crm-dev,B4.07.03,Zenia,Zenia,B4,7,3,2 PN,76.91,69.16,4017304966,4085599150,VSH,2PN,2,2,53121820,59074597,0.8992,1.7,low,Nam,Tây,Nội khu,True,sold,3,2,1,1,2025-08-08,2025-08-12,2025-08-15,2025-08-23,38,45,53,1,1,2025-05-31T00:00:00+00:00,demo,synthetic,1,1,1,1,4017,La Pura,active,2025-06-08,Zenia,2 PN,2,60.75,82,active,seed-batch-units-001,D-0176,sold,1,2025-08-12T09:00:00+07:00,2025-08-23T17:00:00+07:00,1970-01-01T00:00:00+00:00,sold,synthetic_v1_tower_stack_floor_band,synthetic_v1_causal_funnel
P-0001,A-0020,U-0342,mini_crm,mini-crm-dev,B4.07.20,Zenia,Zenia,B4,7,20,1 PN+,53.94,48.78,2992124919,3042991043,VSH,1PN+,1,1,56414369,62381940,0.9043,1.7,low,Tây Bắc,Đông Bắc,Hồ bơi,False,reserved,6,2,1,1,2025-08-15,2025-09-06,2025-09-12,NOT_SOLD,45,73,-1,1,1,2025-05-31T00:00:00+00:00,demo,synthetic,1,1,1,0,2992,La Pura,active,2025-06-08,Zenia,1 PN+,1,49.14,31,active,seed-batch-units-001,D-0177,reserved,1,2025-09-06T09:00:00+07:00,2025-09-12T17:00:00+07:00,1970-01-01T00:00:00+00:00,reserved,synthetic_v1_tower_stack_floor_band,synthetic_v1_causal_funnel
P-0001,A-0020,U-0343,mini_crm,mini-crm-dev,B4.08.19,Zenia,Zenia,B4,8,19,1 PN+,53.94,48.78,3094664897,3147274200,VSH,1PN+,1,1,58347686,64519766,0.9043,1.7,low,Đông Bắc,Đông Nam,Cảnh quan nội khu,False,available,1,0,0,0,2025-08-23,NO_BOOKING,NO_RESERVATION,NOT_SOLD,53,-1,-1,1,1,2025-05-31T00:00:00+00:00,demo,synthetic,1,0,0,0,3095,La Pura,active,2025-06-08,Zenia,1 PN+,1,49.14,31,active,seed-batch-units-001,0,no_deal,0,1970-01-01T00:00:00+00:00,1970-01-01T00:00:00+00:00,1970-01-01T00:00:00+00:00,lead,synthetic_v1_tower_stack_floor_band,synthetic_v1_causal_funnel
P-0001,A-0020,U-0344,mini_crm,mini-crm-dev,B4.08.20,Zenia,Zenia,B4,8,20,1 PN+,53.94,48.78,2988317689,3039119090,VSH,1PN+,1,1,56342586,62302564,0.9043,1.7,low,Tây Bắc,Đông Bắc,Hồ bơi,False,available,2,1,0,0,2025-08-21,NO_BOOKING,NO_RESERVATION,NOT_SOLD,51,-1,-1,1,1,2025-05-31T00:00:00+00:00,demo,synthetic,1,0,0,0,2988,La Pura,active,2025-06-08,Zenia,1 PN+,1,49.14,31,active,seed-batch-units-001,0,no_deal,0,1970-01-01T00:00:00+00:00,1970-01-01T00:00:00+00:00,1970-01-01T00:00:00+00:00,lead,synthetic_v1_tower_stack_floor_band,synthetic_v1_causal_funnel
P-0001,A-0020,U-0345,mini_crm,mini-crm-dev,B4.09.19,Zenia,Zenia,B4,9,19,1 PN+,53.94,48.78,3090857667,3143402247,VSH,1PN+,1,1,58275904,64440390,0.9043,1.7,low,Đông Bắc,Đông Nam,Cảnh quan nội khu,False,available,3,2,0,0,2025-08-11,NO_BOOKING,NO_RESERVATION,NOT_SOLD,41,-1,-1,1,1,2025-05-31T00:00:00+00:00,demo,synthetic,1,0,0,0,3091,La Pura,active,2025-06-08,Zenia,1 PN+,1,49.14,31,active,seed-batch-units-001,0,no_deal,0,1970-01-01T00:00:00+00:00,1970-01-01T00:00:00+00:00,1970-01-01T00:00:00+00:00,lead,synthetic_v1_tower_stack_floor_band,synthetic_v1_causal_funnel
P-0001,A-0022,U-0346,mini_crm,mini-crm-dev,B4.10.08,Zenia,Zenia,B4,10,8,3 PN,85.55,76.02,5234973982,5323968540,VSH,3PN,3,2,62232245,70033788,0.8886,1.7,low,Đông Nam,Tây Nam,Nội khu,False,available,2,1,0,0,2025-08-12,NO_BOOKING,NO_RESERVATION,NOT_SOLD,42,-1,-1,1,1,2025-05-31T00:00:00+00:00,demo,synthetic,1,0,0,0,5235,La Pura,active,2025-06-08,Zenia,3 PN,3,74.27,29,active,seed-batch-units-001,0,no_deal,0,1970-01-01T00:00:00+00:00,1970-01-01T00:00:00+00:00,1970-01-01T00:00:00+00:00,lead,synthetic_v1_tower_stack_floor_band,synthetic_v1_causal_funnel
P-0001,A-0021,U-0347,mini_crm,mini-crm-dev,B4.13.03,Zenia,Zenia,B4,13,3,2 PN,76.91,69.48,3833099402,3898262091,VSH,2PN,2,2,50686024,56106248,0.9034,1.7,mid,Nam,Tây,Nội khu,True,available,3,2,0,0,2025-08-16,NO_BOOKING,NO_RESERVATION,NOT_SOLD,46,-1,-1,1,1,2025-05-31T00:00:00+00:00,demo,synthetic,1,0,0,0,3833,La Pura,active,2025-06-08,Zenia,2 PN,2,60.75,82,active,seed-batch-units-001,0,no_deal,0,1970-01-01T00:00:00+00:00,1970-01-01T00:00:00+00:00,1970-01-01T00:00:00+00:00,lead,synthetic_v1_tower_stack_floor_band,synthetic_v1_causal_funnel
P-0001,A-0021,U-0348,mini_crm,mini-crm-dev,B4.13.04,Zenia,Zenia,B4,13,4,2 PN,76.91,69.48,3629787893,3691494287,VSH,2PN,2,2,47997585,53130315,0.9034,1.7,mid,Tây Bắc,Đông Bắc,Cảnh quan nội khu,False,available,3,2,0,0,2025-08-21,NO_BOOKING,NO_RESERVATION,NOT_SOLD,51,-1,-1,1,1,2025-05-31T00:00:00+00:00,demo,synthetic,1,0,0,0,3630,La Pura,active,2025-06-08,Zenia,2 PN,2,60.75,82,active,seed-batch-units-001,0,no_deal,0,1970-01-01T00:00:00+00:00,1970-01-01T00:00:00+00:00,1970-01-01T00:00:00+00:00,lead,synthetic_v1_tower_stack_floor_band,synthetic_v1_causal_funnel
P-0001,A-0021,U-0349,mini_crm,mini-crm-dev,B4.13.09,Zenia,Zenia,B4,13,9,2 PN,71.81,64.06,3815896836,3880767082,VSH,2PN,2,2,54042154,60580192,0.8921,1.7,mid,Đông Bắc,Đông Nam,Thành phố,False,available,3,2,0,0,2025-08-18,NO_BOOKING,NO_RESERVATION,NOT_SOLD,48,-1,-1,1,1,2025-05-31T00:00:00+00:00,demo,synthetic,1,0,0,0,3816,La Pura,active,2025-06-08,Zenia,2 PN,2,60.75,82,active,seed-batch-units-001,0,no_deal,0,1970-01-01T00:00:00+00:00,1970-01-01T00:00:00+00:00,1970-01-01T00:00:00+00:00,lead,synthetic_v1_tower_stack_floor_band,synthetic_v1_causal_funnel
P-0001,A-0020,U-0350,mini_crm,mini-crm-dev,B4.13.19,Zenia,Zenia,B4,13,19,1 PN+,53.94,48.96,2969281539,3019759325,VSH,1PN+,1,1,55983673,61678091,0.9077,1.7,mid,Đông Bắc,Đông Nam,Cảnh quan nội khu,False,available,0,0,0,0,NO_LEAD,NO_BOOKING,NO_RESERVATION,NOT_SOLD,-1,-1,-1,1,1,2025-05-31T00:00:00+00:00,demo,synthetic,0,0,0,0,2969,La Pura,active,2025-06-08,Zenia,1 PN+,1,49.14,31,active,seed-batch-units-001,0,no_deal,0,1970-01-01T00:00:00+00:00,1970-01-01T00:00:00+00:00,1970-01-01T00:00:00+00:00,no_lead,synthetic_v1_tower_stack_floor_band,synthetic_v1_causal_funnel
P-0001,A-0020,U-0351,mini_crm,mini-crm-dev,B4.14.19,Zenia,Zenia,B4,14,19,1 PN+,53.94,48.96,2965474309,3015887372,VSH,1PN+,1,1,55911890,61599007,0.9077,1.7,mid,Đông Bắc,Đông Nam,Cảnh quan nội khu,False,available,1,0,0,0,2025-08-19,NO_BOOKING,NO_RESERVATION,NOT_SOLD,49,-1,-1,1,1,2025-05-31T00:00:00+00:00,demo,synthetic,1,0,0,0,2965,La Pura,active,2025-06-08,Zenia,1 PN+,1,49.14,31,active,seed-batch-units-001,0,no_deal,0,1970-01-01T00:00:00+00:00,1970-01-01T00:00:00+00:00,1970-01-01T00:00:00+00:00,lead,synthetic_v1_tower_stack_floor_band,synthetic_v1_causal_funnel
P-0001,A-0022,U-0352,mini_crm,mini-crm-dev,B4.17.08,Zenia,Zenia,B4,17,8,3 PN,85.55,76.34,5283582689,5373403595,VSH,3PN,3,2,62810095,70387786,0.8923,1.7,mid,Đông Nam,Tây Nam,Nội khu,False,available,0,0,0,0,NO_LEAD,NO_BOOKING,NO_RESERVATION,NOT_SOLD,-1,-1,-1,1,1,2025-05-31T00:00:00+00:00,demo,synthetic,0,0,0,0,5284,La Pura,active,2025-06-08,Zenia,3 PN,3,74.27,29,active,seed-batch-units-001,0,no_deal,0,1970-01-01T00:00:00+00:00,1970-01-01T00:00:00+00:00,1970-01-01T00:00:00+00:00,no_lead,synthetic_v1_tower_stack_floor_band,synthetic_v1_causal_funnel
P-0001,A-0023,U-0353,mini_crm,mini-crm-dev,B4.19.04,Zenia,Zenia,B4,19,4,Căn hộ Loft,76.91,69.48,4600514141,4678722882,VSH,Loft,2,2,60833739,67339132,0.9034,1.7,mid,Tây Bắc,Đông Bắc,Cảnh quan nội khu,False,available,2,1,0,0,2025-08-15,NO_BOOKING,NO_RESERVATION,NOT_SOLD,45,-1,-1,1,1,2025-05-31T00:00:00+00:00,demo,synthetic,1,0,0,0,4601,La Pura,active,2025-06-08,Zenia,Căn hộ Loft,2,60.05,11,active,seed-batch-units-001,0,no_deal,0,1970-01-01T00:00:00+00:00,1970-01-01T00:00:00+00:00,1970-01-01T00:00:00+00:00,lead,synthetic_v1_tower_stack_floor_band,synthetic_v1_causal_funnel
P-0001,A-0023,U-0354,mini_crm,mini-crm-dev,B4.19.08,Zenia,Zenia,B4,19,8,Căn hộ Loft,85.55,76.34,5574879231,5669652178,VSH,Loft,2,2,66272965,74268433,0.8923,1.7,mid,Đông Nam,Tây Nam,Nội khu,False,available,3,2,0,0,2025-08-06,NO_BOOKING,NO_RESERVATION,NOT_SOLD,36,-1,-1,1,1,2025-05-31T00:00:00+00:00,demo,synthetic,1,0,0,0,5575,La Pura,active,2025-06-08,Zenia,Căn hộ Loft,2,60.05,11,active,seed-batch-units-001,0,no_deal,0,1970-01-01T00:00:00+00:00,1970-01-01T00:00:00+00:00,1970-01-01T00:00:00+00:00,lead,synthetic_v1_tower_stack_floor_band,synthetic_v1_causal_funnel
P-0001,A-0023,U-0355,mini_crm,mini-crm-dev,B4.19.09,Zenia,Zenia,B4,19,9,Căn hộ Loft,71.81,64.06,4825735252,4907772751,VSH,Loft,2,2,68343862,76612125,0.8921,1.7,mid,Đông Bắc,Đông Nam,Thành phố,False,sold,2,2,1,1,2025-08-05,2025-08-23,2025-08-25,2025-10-06,35,55,97,1,1,2025-05-31T00:00:00+00:00,demo,synthetic,1,1,1,1,4826,La Pura,active,2025-06-08,Zenia,Căn hộ Loft,2,60.05,11,active,seed-batch-units-001,D-0178,sold,1,2025-08-23T09:00:00+07:00,2025-10-06T17:00:00+07:00,1970-01-01T00:00:00+00:00,sold,synthetic_v1_tower_stack_floor_band,synthetic_v1_causal_funnel
P-0001,A-0023,U-0356,mini_crm,mini-crm-dev,B4.19.21,Zenia,Zenia,B4,19,21,Căn hộ Loft,62.73,56.49,3714116771,3777256756,VSH,Loft,2,2,60214519,66865937,0.9005,1.7,mid,Bắc,Đông,Hồ bơi,True,sold,4,3,1,1,2025-08-15,2025-08-20,2025-08-29,2025-09-27,45,59,88,1,1,2025-05-31T00:00:00+00:00,demo,synthetic,1,1,1,1,3714,La Pura,active,2025-06-08,Zenia,Căn hộ Loft,2,60.05,11,active,seed-batch-units-001,D-0179,sold,1,2025-08-20T09:00:00+07:00,2025-09-27T17:00:00+07:00,1970-01-01T00:00:00+00:00,sold,synthetic_v1_tower_stack_floor_band,synthetic_v1_causal_funnel
P-0001,A-0020,U-0357,mini_crm,mini-crm-dev,B4.21.19,Zenia,Zenia,B4,21,19,1 PN+,53.94,49.14,2938823698,2988783701,VSH,1PN+,1,1,55409412,60821809,0.911,1.7,mid,Đông Bắc,Đông Nam,Cảnh quan nội khu,False,sold,5,4,1,1,2025-08-14,2025-08-25,2025-08-30,2025-09-14,44,60,75,1,1,2025-05-31T00:00:00+00:00,demo,synthetic,1,1,1,1,2939,La Pura,active,2025-06-08,Zenia,1 PN+,1,49.14,31,active,seed-batch-units-001,D-0180,sold,1,2025-08-25T09:00:00+07:00,2025-09-14T17:00:00+07:00,1970-01-01T00:00:00+00:00,sold,synthetic_v1_tower_stack_floor_band,synthetic_v1_causal_funnel
P-0001,A-0020,U-0358,mini_crm,mini-crm-dev,B4.22.19,Zenia,Zenia,B4,22,19,1 PN+,53.94,49.14,2935016468,2984911748,VSH,1PN+,1,1,55337630,60743015,0.911,1.7,mid,Đông Bắc,Đông Nam,Cảnh quan nội khu,False,sold,4,4,1,1,2025-08-18,2025-08-28,2025-09-06,2025-10-10,48,67,101,1,1,2025-05-31T00:00:00+00:00,demo,synthetic,1,1,1,1,2935,La Pura,active,2025-06-08,Zenia,1 PN+,1,49.14,31,active,seed-batch-units-001,D-0181,sold,1,2025-08-28T09:00:00+07:00,2025-10-10T17:00:00+07:00,1970-01-01T00:00:00+00:00,sold,synthetic_v1_tower_stack_floor_band,synthetic_v1_causal_funnel
P-0001,A-0021,U-0359,mini_crm,mini-crm-dev,B4.23.03,Zenia,Zenia,B4,23,3,2 PN,76.91,69.96,3778814258,3843054101,VSH,2PN,2,2,49968198,54932163,0.9096,1.7,mid,Nam,Tây,Nội khu,True,available,3,2,0,0,2025-08-14,NO_BOOKING,NO_RESERVATION,NOT_SOLD,44,-1,-1,1,1,2025-05-31T00:00:00+00:00,demo,synthetic,1,0,0,0,3779,La Pura,active,2025-06-08,Zenia,2 PN,2,60.75,82,active,seed-batch-units-001,0,no_deal,0,1970-01-01T00:00:00+00:00,1970-01-01T00:00:00+00:00,1970-01-01T00:00:00+00:00,lead,synthetic_v1_tower_stack_floor_band,synthetic_v1_causal_funnel
P-0001,A-0020,U-0360,mini_crm,mini-crm-dev,B4.23.20,Zenia,Zenia,B4,23,20,1 PN+,53.94,49.14,2824862030,2872884685,VSH,1PN+,1,1,53260747,58463262,0.911,1.7,mid,Tây Bắc,Đông Bắc,Hồ bơi,False,sold,6,4,1,1,2025-08-20,2025-09-01,2025-09-12,2025-10-18,50,73,109,1,1,2025-05-31T00:00:00+00:00,demo,synthetic,1,1,1,1,2825,La Pura,active,2025-06-08,Zenia,1 PN+,1,49.14,31,active,seed-batch-units-001,D-0182,sold,1,2025-09-01T09:00:00+07:00,2025-10-18T17:00:00+07:00,1970-01-01T00:00:00+00:00,sold,synthetic_v1_tower_stack_floor_band,synthetic_v1_causal_funnel
P-0001,A-0021,U-0361,mini_crm,mini-crm-dev,B4.24.03,Zenia,Zenia,B4,24,3,2 PN,76.91,69.96,3773385744,3837533302,VSH,2PN,2,2,49896415,54853249,0.9096,1.7,mid,Nam,Tây,Nội khu,True,available,1,0,0,0,2025-08-19,NO_BOOKING,NO_RESERVATION,NOT_SOLD,49,-1,-1,1,1,2025-05-31T00:00:00+00:00,demo,synthetic,1,0,0,0,3773,La Pura,active,2025-06-08,Zenia,2 PN,2,60.75,82,active,seed-batch-units-001,0,no_deal,0,1970-01-01T00:00:00+00:00,1970-01-01T00:00:00+00:00,1970-01-01T00:00:00+00:00,lead,synthetic_v1_tower_stack_floor_band,synthetic_v1_causal_funnel
P-0001,A-0020,U-0362,mini_crm,mini-crm-dev,B4.26.19,Zenia,Zenia,B4,26,19,1 PN+,53.94,49.14,2919787548,2969423936,VSH,1PN+,1,1,55050499,60427838,0.911,1.7,high,Đông Bắc,Đông Nam,Hồ bơi,False,available,2,1,0,0,2025-08-13,NO_BOOKING,NO_RESERVATION,NOT_SOLD,43,-1,-1,1,1,2025-05-31T00:00:00+00:00,demo,synthetic,1,0,0,0,2920,La Pura,active,2025-06-08,Zenia,1 PN+,1,49.14,31,active,seed-batch-units-001,0,no_deal,0,1970-01-01T00:00:00+00:00,1970-01-01T00:00:00+00:00,1970-01-01T00:00:00+00:00,lead,synthetic_v1_tower_stack_floor_band,synthetic_v1_causal_funnel
P-0001,A-0020,U-0363,mini_crm,mini-crm-dev,B4.27.20,Zenia,Zenia,B4,27,20,1 PN+,53.94,49.14,2809633110,2857396873,VSH,1PN+,1,1,52973616,58148085,0.911,1.7,high,Tây Bắc,Đông Bắc,Toàn cảnh,False,available,1,0,0,0,2025-08-21,NO_BOOKING,NO_RESERVATION,NOT_SOLD,51,-1,-1,1,1,2025-05-31T00:00:00+00:00,demo,synthetic,1,0,0,0,2810,La Pura,active,2025-06-08,Zenia,1 PN+,1,49.14,31,active,seed-batch-units-001,0,no_deal,0,1970-01-01T00:00:00+00:00,1970-01-01T00:00:00+00:00,1970-01-01T00:00:00+00:00,lead,synthetic_v1_tower_stack_floor_band,synthetic_v1_causal_funnel
P-0001,A-0021,U-0364,mini_crm,mini-crm-dev,B4.28.03,Zenia,Zenia,B4,28,3,2 PN,76.91,69.96,3751671687,3815450105,VSH,2PN,2,2,49609285,54537594,0.9096,1.7,high,Nam,Tây,Thành phố,True,reserved,6,1,1,1,2025-08-17,2025-09-03,2025-09-14,NOT_SOLD,47,75,-1,1,1,2025-05-31T00:00:00+00:00,demo,synthetic,1,1,1,0,3752,La Pura,active,2025-06-08,Zenia,2 PN,2,60.75,82,active,seed-batch-units-001,D-0183,reserved,1,2025-09-03T09:00:00+07:00,2025-09-14T17:00:00+07:00,1970-01-01T00:00:00+00:00,reserved,synthetic_v1_tower_stack_floor_band,synthetic_v1_causal_funnel
P-0001,A-0021,U-0365,mini_crm,mini-crm-dev,B4.28.04,Zenia,Zenia,B4,28,4,2 PN,76.91,69.8,3711215608,3774306273,VSH,2PN,2,2,49074324,54073156,0.9076,1.7,high,Tây Bắc,Đông Bắc,Hồ bơi,False,available,0,0,0,0,NO_LEAD,NO_BOOKING,NO_RESERVATION,NOT_SOLD,-1,-1,-1,1,1,2025-05-31T00:00:00+00:00,demo,synthetic,0,0,0,0,3711,La Pura,active,2025-06-08,Zenia,2 PN,2,60.75,82,active,seed-batch-units-001,0,no_deal,0,1970-01-01T00:00:00+00:00,1970-01-01T00:00:00+00:00,1970-01-01T00:00:00+00:00,no_lead,synthetic_v1_tower_stack_floor_band,synthetic_v1_causal_funnel
P-0001,A-0022,U-0366,mini_crm,mini-crm-dev,B4.29.08,Zenia,Zenia,B4,29,8,3 PN,85.55,76.81,5366911902,5458149404,VSH,3PN,3,2,63800694,71060401,0.8978,1.7,high,Đông Nam,Tây Nam,Thành phố,False,available,2,1,0,0,2025-08-14,NO_BOOKING,NO_RESERVATION,NOT_SOLD,44,-1,-1,1,1,2025-05-31T00:00:00+00:00,demo,synthetic,1,0,0,0,5367,La Pura,active,2025-06-08,Zenia,3 PN,3,74.27,29,active,seed-batch-units-001,0,no_deal,0,1970-01-01T00:00:00+00:00,1970-01-01T00:00:00+00:00,1970-01-01T00:00:00+00:00,lead,synthetic_v1_tower_stack_floor_band,synthetic_v1_causal_funnel
P-0001,A-0020,U-0367,mini_crm,mini-crm-dev,B4.29.19,Zenia,Zenia,B4,29,19,1 PN+,53.94,49.14,2908365858,2957808078,VSH,1PN+,1,1,54835152,60191455,0.911,1.7,high,Đông Bắc,Đông Nam,Hồ bơi,False,available,0,0,0,0,NO_LEAD,NO_BOOKING,NO_RESERVATION,NOT_SOLD,-1,-1,-1,1,1,2025-05-31T00:00:00+00:00,demo,synthetic,0,0,0,0,2908,La Pura,active,2025-06-08,Zenia,1 PN+,1,49.14,31,active,seed-batch-units-001,0,no_deal,0,1970-01-01T00:00:00+00:00,1970-01-01T00:00:00+00:00,1970-01-01T00:00:00+00:00,no_lead,synthetic_v1_tower_stack_floor_band,synthetic_v1_causal_funnel
P-0001,A-0022,U-0368,mini_crm,mini-crm-dev,B4.30.08,Zenia,Zenia,B4,30,8,3 PN,85.55,76.81,5373856003,5465211555,VSH,3PN,3,2,63883244,71152344,0.8978,1.7,high,Đông Nam,Tây Nam,Thành phố,False,available,1,0,0,0,2025-08-03,NO_BOOKING,NO_RESERVATION,NOT_SOLD,33,-1,-1,1,1,2025-05-31T00:00:00+00:00,demo,synthetic,1,0,0,0,5374,La Pura,active,2025-06-08,Zenia,3 PN,3,74.27,29,active,seed-batch-units-001,0,no_deal,0,1970-01-01T00:00:00+00:00,1970-01-01T00:00:00+00:00,1970-01-01T00:00:00+00:00,lead,synthetic_v1_tower_stack_floor_band,synthetic_v1_causal_funnel
P-0001,A-0020,U-0369,mini_crm,mini-crm-dev,B4.31.19,Zenia,Zenia,B4,31,19,1 PN+,53.94,49.26,2900751398,2950064172,VSH,1PN+,1,1,54691586,59887620,0.9132,1.7,high,Đông Bắc,Đông Nam,Hồ bơi,False,available,1,0,0,0,2025-08-24,NO_BOOKING,NO_RESERVATION,NOT_SOLD,54,-1,-1,1,1,2025-05-31T00:00:00+00:00,demo,synthetic,1,0,0,0,2901,La Pura,active,2025-06-08,Zenia,1 PN+,1,49.14,31,active,seed-batch-units-001,0,no_deal,0,1970-01-01T00:00:00+00:00,1970-01-01T00:00:00+00:00,1970-01-01T00:00:00+00:00,lead,synthetic_v1_tower_stack_floor_band,synthetic_v1_causal_funnel
P-0001,A-0022,U-0370,mini_crm,mini-crm-dev,B4.32.08,Zenia,Zenia,B4,32,8,3 PN,85.55,77.13,5387744205,5479335856,VSH,3PN,3,2,64048344,71040268,0.9016,1.7,high,Đông Nam,Tây Nam,Thành phố,False,available,1,0,0,0,2025-08-14,NO_BOOKING,NO_RESERVATION,NOT_SOLD,44,-1,-1,1,1,2025-05-31T00:00:00+00:00,demo,synthetic,1,0,0,0,5388,La Pura,active,2025-06-08,Zenia,3 PN,3,74.27,29,active,seed-batch-units-001,0,no_deal,0,1970-01-01T00:00:00+00:00,1970-01-01T00:00:00+00:00,1970-01-01T00:00:00+00:00,lead,synthetic_v1_tower_stack_floor_band,synthetic_v1_causal_funnel
P-0001,A-0021,U-0371,mini_crm,mini-crm-dev,B4.33.03,Zenia,Zenia,B4,33,3,2 PN,76.91,69.96,3724529115,3787846110,VSH,2PN,2,2,49250372,54143026,0.9096,1.7,high,Nam,Tây,Thành phố,True,sold,2,1,1,1,2025-08-18,2025-08-31,2025-09-12,2025-09-29,48,73,90,1,1,2025-05-31T00:00:00+00:00,demo,synthetic,1,1,1,1,3725,La Pura,active,2025-06-08,Zenia,2 PN,2,60.75,82,active,seed-batch-units-001,D-0184,sold,1,2025-08-31T09:00:00+07:00,2025-09-29T17:00:00+07:00,1970-01-01T00:00:00+00:00,sold,synthetic_v1_tower_stack_floor_band,synthetic_v1_causal_funnel
P-0001,A-0021,U-0372,mini_crm,mini-crm-dev,B4.33.04,Zenia,Zenia,B4,33,4,2 PN,76.91,69.8,3738358179,3801910268,VSH,2PN,2,2,49433237,54468628,0.9076,1.7,high,Tây Bắc,Đông Bắc,Hồ bơi,False,sold,4,2,1,1,2025-08-15,2025-09-04,2025-09-13,2025-10-27,45,74,118,1,1,2025-05-31T00:00:00+00:00,demo,synthetic,1,1,1,1,3738,La Pura,active,2025-06-08,Zenia,2 PN,2,60.75,82,active,seed-batch-units-001,D-0185,sold,1,2025-09-04T09:00:00+07:00,2025-10-27T17:00:00+07:00,1970-01-01T00:00:00+00:00,sold,synthetic_v1_tower_stack_floor_band,synthetic_v1_causal_funnel
P-0001,A-0020,U-0373,mini_crm,mini-crm-dev,B4.33.20,Zenia,Zenia,B4,33,20,1 PN+,53.94,49.26,2786789730,2834165155,VSH,1PN+,1,1,52542921,57534818,0.9132,1.7,high,Tây Bắc,Đông Bắc,Toàn cảnh,False,available,3,2,0,0,2025-08-21,NO_BOOKING,NO_RESERVATION,NOT_SOLD,51,-1,-1,1,1,2025-05-31T00:00:00+00:00,demo,synthetic,1,0,0,0,2787,La Pura,active,2025-06-08,Zenia,1 PN+,1,49.14,31,active,seed-batch-units-001,0,no_deal,0,1970-01-01T00:00:00+00:00,1970-01-01T00:00:00+00:00,1970-01-01T00:00:00+00:00,lead,synthetic_v1_tower_stack_floor_band,synthetic_v1_causal_funnel
P-0001,A-0021,U-0374,mini_crm,mini-crm-dev,B4.34.04,Zenia,Zenia,B4,34,4,2 PN,76.91,69.8,3743786694,3807431068,VSH,2PN,2,2,49505020,54547723,0.9076,1.7,high,Tây Bắc,Đông Bắc,Hồ bơi,False,reserved,6,4,1,1,2025-08-17,2025-09-08,2025-09-19,NOT_SOLD,47,80,-1,1,1,2025-05-31T00:00:00+00:00,demo,synthetic,1,1,1,0,3744,La Pura,active,2025-06-08,Zenia,2 PN,2,60.75,82,active,seed-batch-units-001,D-0186,reserved,1,2025-09-08T09:00:00+07:00,2025-09-19T17:00:00+07:00,1970-01-01T00:00:00+00:00,reserved,synthetic_v1_tower_stack_floor_band,synthetic_v1_causal_funnel
P-0001,A-0022,U-0375,mini_crm,mini-crm-dev,B4.34.08,Zenia,Zenia,B4,34,8,3 PN,85.55,77.13,5401632407,5493460158,VSH,3PN,3,2,64213444,71223391,0.9016,1.7,high,Đông Nam,Tây Nam,Thành phố,False,sold,5,4,1,1,2025-08-06,2025-08-12,2025-08-17,2025-08-27,36,47,57,1,1,2025-05-31T00:00:00+00:00,demo,synthetic,1,1,1,1,5402,La Pura,active,2025-06-08,Zenia,3 PN,3,74.27,29,active,seed-batch-units-001,D-0187,sold,1,2025-08-12T09:00:00+07:00,2025-08-27T17:00:00+07:00,1970-01-01T00:00:00+00:00,sold,synthetic_v1_tower_stack_floor_band,synthetic_v1_causal_funnel
P-0001,A-0020,U-0376,mini_crm,mini-crm-dev,B4.34.19,Zenia,Zenia,B4,34,19,1 PN+,53.94,49.26,2889329708,2938448313,VSH,1PN+,1,1,54476239,59651813,0.9132,1.7,high,Đông Bắc,Đông Nam,Hồ bơi,False,available,0,0,0,0,NO_LEAD,NO_BOOKING,NO_RESERVATION,NOT_SOLD,-1,-1,-1,1,1,2025-05-31T00:00:00+00:00,demo,synthetic,0,0,0,0,2889,La Pura,active,2025-06-08,Zenia,1 PN+,1,49.14,31,active,seed-batch-units-001,0,no_deal,0,1970-01-01T00:00:00+00:00,1970-01-01T00:00:00+00:00,1970-01-01T00:00:00+00:00,no_lead,synthetic_v1_tower_stack_floor_band,synthetic_v1_causal_funnel
P-0001,A-0020,U-0377,mini_crm,mini-crm-dev,B4.34.20,Zenia,Zenia,B4,34,20,1 PN+,53.94,49.26,2782982500,2830293202,VSH,1PN+,1,1,52471138,57456216,0.9132,1.7,high,Tây Bắc,Đông Bắc,Toàn cảnh,False,available,3,2,0,0,2025-08-17,NO_BOOKING,NO_RESERVATION,NOT_SOLD,47,-1,-1,1,1,2025-05-31T00:00:00+00:00,demo,synthetic,1,0,0,0,2783,La Pura,active,2025-06-08,Zenia,1 PN+,1,49.14,31,active,seed-batch-units-001,0,no_deal,0,1970-01-01T00:00:00+00:00,1970-01-01T00:00:00+00:00,1970-01-01T00:00:00+00:00,lead,synthetic_v1_tower_stack_floor_band,synthetic_v1_causal_funnel
P-0001,A-0020,U-0378,mini_crm,mini-crm-dev,B4.35.19,Zenia,Zenia,B4,35,19,1 PN+,53.94,49.26,2885522478,2934576360,VSH,1PN+,1,1,54404456,59573211,0.9132,1.7,high,Đông Bắc,Đông Nam,Hồ bơi,False,sold,5,4,1,1,2025-08-19,2025-08-25,2025-09-04,2025-09-14,49,65,75,1,1,2025-05-31T00:00:00+00:00,demo,synthetic,1,1,1,1,2886,La Pura,active,2025-06-08,Zenia,1 PN+,1,49.14,31,active,seed-batch-units-001,D-0188,sold,1,2025-08-25T09:00:00+07:00,2025-09-14T17:00:00+07:00,1970-01-01T00:00:00+00:00,sold,synthetic_v1_tower_stack_floor_band,synthetic_v1_causal_funnel
P-0001,A-0022,U-0379,mini_crm,mini-crm-dev,B4.36.08,Zenia,Zenia,B4,36,8,3 PN,85.55,77.13,5415520609,5507584459,VSH,3PN,3,2,64378544,71406514,0.9016,1.7,high,Đông Nam,Tây Nam,Thành phố,False,available,3,2,0,0,2025-08-04,NO_BOOKING,NO_RESERVATION,NOT_SOLD,34,-1,-1,1,1,2025-05-31T00:00:00+00:00,demo,synthetic,1,0,0,0,5416,La Pura,active,2025-06-08,Zenia,3 PN,3,74.27,29,active,seed-batch-units-001,0,no_deal,0,1970-01-01T00:00:00+00:00,1970-01-01T00:00:00+00:00,1970-01-01T00:00:00+00:00,lead,synthetic_v1_tower_stack_floor_band,synthetic_v1_causal_funnel
P-0001,A-0020,U-0380,mini_crm,mini-crm-dev,B4.36.19,Zenia,Zenia,B4,36,19,1 PN+,53.94,49.26,2881715248,2930704407,VSH,1PN+,1,1,54332673,59494608,0.9132,1.7,high,Đông Bắc,Đông Nam,Hồ bơi,False,available,0,0,0,0,NO_LEAD,NO_BOOKING,NO_RESERVATION,NOT_SOLD,-1,-1,-1,1,1,2025-05-31T00:00:00+00:00,demo,synthetic,0,0,0,0,2882,La Pura,active,2025-06-08,Zenia,1 PN+,1,49.14,31,active,seed-batch-units-001,0,no_deal,0,1970-01-01T00:00:00+00:00,1970-01-01T00:00:00+00:00,1970-01-01T00:00:00+00:00,no_lead,synthetic_v1_tower_stack_floor_band,synthetic_v1_causal_funnel
P-0001,A-0021,U-0381,mini_crm,mini-crm-dev,B4.37.03,Zenia,Zenia,B4,37,3,2 PN,76.91,69.96,3702815058,3765762914,VSH,2PN,2,2,48963242,53827372,0.9096,1.7,high,Nam,Tây,Thành phố,True,sold,5,4,1,1,2025-08-17,2025-09-07,2025-09-17,2025-10-12,47,78,103,1,1,2025-05-31T00:00:00+00:00,demo,synthetic,1,1,1,1,3703,La Pura,active,2025-06-08,Zenia,2 PN,2,60.75,82,active,seed-batch-units-001,D-0189,sold,1,2025-09-07T09:00:00+07:00,2025-10-12T17:00:00+07:00,1970-01-01T00:00:00+00:00,sold,synthetic_v1_tower_stack_floor_band,synthetic_v1_causal_funnel
P-0001,A-0021,U-0382,mini_crm,mini-crm-dev,B4.37.04,Zenia,Zenia,B4,37,4,2 PN,76.91,69.8,3760072237,3823993465,VSH,2PN,2,2,49720368,54785007,0.9076,1.7,high,Tây Bắc,Đông Bắc,Hồ bơi,False,available,1,0,0,0,2025-08-18,NO_BOOKING,NO_RESERVATION,NOT_SOLD,48,-1,-1,1,1,2025-05-31T00:00:00+00:00,demo,synthetic,1,0,0,0,3760,La Pura,active,2025-06-08,Zenia,2 PN,2,60.75,82,active,seed-batch-units-001,0,no_deal,0,1970-01-01T00:00:00+00:00,1970-01-01T00:00:00+00:00,1970-01-01T00:00:00+00:00,lead,synthetic_v1_tower_stack_floor_band,synthetic_v1_causal_funnel
P-0001,A-0022,U-0383,mini_crm,mini-crm-dev,B4.37.08,Zenia,Zenia,B4,37,8,3 PN,85.55,77.13,5422464710,5514646610,VSH,3PN,3,2,64461094,71498076,0.9016,1.7,high,Đông Nam,Tây Nam,Thành phố,False,sold,5,4,1,1,2025-08-11,2025-08-17,2025-08-27,2025-09-26,41,57,87,1,1,2025-05-31T00:00:00+00:00,demo,synthetic,1,1,1,1,5422,La Pura,active,2025-06-08,Zenia,3 PN,3,74.27,29,active,seed-batch-units-001,D-0190,sold,1,2025-08-17T09:00:00+07:00,2025-09-26T17:00:00+07:00,1970-01-01T00:00:00+00:00,sold,synthetic_v1_tower_stack_floor_band,synthetic_v1_causal_funnel
P-0001,A-0020,U-0384,mini_crm,mini-crm-dev,B4.37.19,Zenia,Zenia,B4,37,19,1 PN+,53.94,49.26,2877908018,2926832454,VSH,1PN+,1,1,54260891,59416006,0.9132,1.7,high,Đông Bắc,Đông Nam,Hồ bơi,False,available,1,0,0,0,2025-08-15,NO_BOOKING,NO_RESERVATION,NOT_SOLD,45,-1,-1,1,1,2025-05-31T00:00:00+00:00,demo,synthetic,1,0,0,0,2878,La Pura,active,2025-06-08,Zenia,1 PN+,1,49.14,31,active,seed-batch-units-001,0,no_deal,0,1970-01-01T00:00:00+00:00,1970-01-01T00:00:00+00:00,1970-01-01T00:00:00+00:00,lead,synthetic_v1_tower_stack_floor_band,synthetic_v1_causal_funnel
P-0001,A-0020,U-0385,mini_crm,mini-crm-dev,B4.37.20,Zenia,Zenia,B4,37,20,1 PN+,53.94,49.26,2771560810,2818677343,VSH,1PN+,1,1,52255791,57220409,0.9132,1.7,high,Tây Bắc,Đông Bắc,Toàn cảnh,False,available,3,2,0,0,2025-08-15,NO_BOOKING,NO_RESERVATION,NOT_SOLD,45,-1,-1,1,1,2025-05-31T00:00:00+00:00,demo,synthetic,1,0,0,0,2772,La Pura,active,2025-06-08,Zenia,1 PN+,1,49.14,31,active,seed-batch-units-001,0,no_deal,0,1970-01-01T00:00:00+00:00,1970-01-01T00:00:00+00:00,1970-01-01T00:00:00+00:00,lead,synthetic_v1_tower_stack_floor_band,synthetic_v1_causal_funnel
P-0001,A-0020,U-0386,mini_crm,mini-crm-dev,B4.38.06,Zenia,Zenia,B4,38,6,1 PN+,54.6,49.01,2871123354,2919932451,VSH,1PN+,1,1,53478616,59578299,0.8976,1.7,high,Tây Bắc,Đông Bắc,Thành phố,False,available,2,1,0,0,2025-08-18,NO_BOOKING,NO_RESERVATION,NOT_SOLD,48,-1,-1,1,1,2025-05-31T00:00:00+00:00,demo,synthetic,1,0,0,0,2871,La Pura,active,2025-06-08,Zenia,1 PN+,1,49.14,31,active,seed-batch-units-001,0,no_deal,0,1970-01-01T00:00:00+00:00,1970-01-01T00:00:00+00:00,1970-01-01T00:00:00+00:00,lead,synthetic_v1_tower_stack_floor_band,synthetic_v1_causal_funnel
P-0001,A-0022,U-0387,mini_crm,mini-crm-dev,B4.38.08,Zenia,Zenia,B4,38,8,3 PN,85.55,77.13,5429408811,5521708761,VSH,3PN,3,2,64543644,71589638,0.9016,1.7,high,Đông Nam,Tây Nam,Thành phố,False,available,0,0,0,0,NO_LEAD,NO_BOOKING,NO_RESERVATION,NOT_SOLD,-1,-1,-1,1,1,2025-05-31T00:00:00+00:00,demo,synthetic,0,0,0,0,5429,La Pura,active,2025-06-08,Zenia,3 PN,3,74.27,29,active,seed-batch-units-001,0,no_deal,0,1970-01-01T00:00:00+00:00,1970-01-01T00:00:00+00:00,1970-01-01T00:00:00+00:00,no_lead,synthetic_v1_tower_stack_floor_band,synthetic_v1_causal_funnel
P-0001,A-0020,U-0388,mini_crm,mini-crm-dev,B4.38.19,Zenia,Zenia,B4,38,19,1 PN+,53.94,49.26,2874100788,2922960501,VSH,1PN+,1,1,54189108,59337404,0.9132,1.7,high,Đông Bắc,Đông Nam,Hồ bơi,False,reserved,5,4,1,1,2025-08-19,2025-08-30,2025-09-09,NOT_SOLD,49,70,-1,1,1,2025-05-31T00:00:00+00:00,demo,synthetic,1,1,1,0,2874,La Pura,active,2025-06-08,Zenia,1 PN+,1,49.14,31,active,seed-batch-units-001,D-0191,reserved,1,2025-08-30T09:00:00+07:00,2025-09-09T17:00:00+07:00,1970-01-01T00:00:00+00:00,reserved,synthetic_v1_tower_stack_floor_band,synthetic_v1_causal_funnel
P-0001,A-0021,U-0389,mini_crm,mini-crm-dev,B4.39.03,Zenia,Zenia,B4,39,3,2 PN,76.91,69.96,3691958029,3754721316,VSH,2PN,2,2,48819676,53669544,0.9096,1.7,high,Nam,Tây,Thành phố,True,available,1,0,0,0,2025-08-16,NO_BOOKING,NO_RESERVATION,NOT_SOLD,46,-1,-1,1,1,2025-05-31T00:00:00+00:00,demo,synthetic,1,0,0,0,3692,La Pura,active,2025-06-08,Zenia,2 PN,2,60.75,82,active,seed-batch-units-001,0,no_deal,0,1970-01-01T00:00:00+00:00,1970-01-01T00:00:00+00:00,1970-01-01T00:00:00+00:00,lead,synthetic_v1_tower_stack_floor_band,synthetic_v1_causal_funnel
P-0001,A-0021,U-0390,mini_crm,mini-crm-dev,B4.39.04,Zenia,Zenia,B4,39,4,2 PN,76.91,69.8,3770929265,3835035063,VSH,2PN,2,2,49863933,54943196,0.9076,1.7,high,Tây Bắc,Đông Bắc,Hồ bơi,False,sold,5,4,1,1,2025-08-21,2025-09-11,2025-09-26,2025-10-21,51,87,112,1,1,2025-05-31T00:00:00+00:00,demo,synthetic,1,1,1,1,3771,La Pura,active,2025-06-08,Zenia,2 PN,2,60.75,82,active,seed-batch-units-001,D-0192,sold,1,2025-09-11T09:00:00+07:00,2025-10-21T17:00:00+07:00,1970-01-01T00:00:00+00:00,sold,synthetic_v1_tower_stack_floor_band,synthetic_v1_causal_funnel
P-0001,A-0019,U-0391,mini_crm,mini-crm-dev,B4.39.05,Zenia,Zenia,B4,39,5,1 PN,46.73,42.01,2459597467,2501410624,VSH,1PN,1,1,53529010,59543219,0.899,1.7,high,Tây,Bắc,Toàn cảnh,False,available,1,0,0,0,2025-08-22,NO_BOOKING,NO_RESERVATION,NOT_SOLD,52,-1,-1,1,1,2025-05-31T00:00:00+00:00,demo,synthetic,1,0,0,0,2460,La Pura,active,2025-06-08,Zenia,1 PN,1,42.01,1,active,seed-batch-units-001,0,no_deal,0,1970-01-01T00:00:00+00:00,1970-01-01T00:00:00+00:00,1970-01-01T00:00:00+00:00,lead,synthetic_v1_tower_stack_floor_band,synthetic_v1_causal_funnel
P-0001,A-0020,U-0392,mini_crm,mini-crm-dev,B4.39.20,Zenia,Zenia,B4,39,20,1 PN+,53.94,49.26,2763946350,2810933438,VSH,1PN+,1,1,52112225,57063204,0.9132,1.7,high,Tây Bắc,Đông Bắc,Toàn cảnh,False,sold,5,4,1,1,2025-08-25,2025-09-10,2025-09-25,2025-10-15,55,86,106,1,1,2025-05-31T00:00:00+00:00,demo,synthetic,1,1,1,1,2764,La Pura,active,2025-06-08,Zenia,1 PN+,1,49.14,31,active,seed-batch-units-001,D-0193,sold,1,2025-09-10T09:00:00+07:00,2025-10-15T17:00:00+07:00,1970-01-01T00:00:00+00:00,sold,synthetic_v1_tower_stack_floor_band,synthetic_v1_causal_funnel
