snapshot_date,calculator,project_id,project_external_id,project_name,project_active_calculator,is_active_lineage,launch_date,area_id,area_external_id,area_name,area_bedrooms,area_sqm,area_total_units_planned,units_sold,velocity_7d,velocity_30d,units_remaining,units_reserved,data_quality_status,is_observed,computed_at,units_remaining_is_missing,units_reserved_is_missing,live_units_mirrored,units_available_now,units_reserved_now,units_sold_now,units_blocked_now,area_deals_sold,area_deals_alive,area_conversion_norm
2026-06-08,domain_units_deals,a453a5c4-63a5-5872-95b7-a3b4911aa072,syn1-P-001,Harbor Crest Residences,domain_units_deals,1,2025-08-03,bafde881-f411-5372-9d43-e72f63cd45dd,syn1-A-001,Harbor Crest 1,2,68.50,120,1,1.0000,1.0000,36,3,warning,1,2026-08-18 12:00:42.901000+00:00,0,0,40,23,3,14,0,14,45,0.3111111111111111111111111111
2026-06-09,domain_units_deals,a453a5c4-63a5-5872-95b7-a3b4911aa072,syn1-P-001,Harbor Crest Residences,domain_units_deals,1,2025-08-03,bafde881-f411-5372-9d43-e72f63cd45dd,syn1-A-001,Harbor Crest 1,2,68.50,120,0,0.5000,0.5000,36,3,warning,0,2026-08-18 12:00:42.901000+00:00,0,0,40,23,3,14,0,14,45,0.3111111111111111111111111111
2026-06-10,domain_units_deals,a453a5c4-63a5-5872-95b7-a3b4911aa072,syn1-P-001,Harbor Crest Residences,domain_units_deals,1,2025-08-03,bafde881-f411-5372-9d43-e72f63cd45dd,syn1-A-001,Harbor Crest 1,2,68.50,120,0,0.3333,0.3333,36,3,warning,0,2026-08-18 12:00:42.901000+00:00,0,0,40,23,3,14,0,14,45,0.3111111111111111111111111111
2026-06-11,domain_units_deals,a453a5c4-63a5-5872-95b7-a3b4911aa072,syn1-P-001,Harbor Crest Residences,domain_units_deals,1,2025-08-03,bafde881-f411-5372-9d43-e72f63cd45dd,syn1-A-001,Harbor Crest 1,2,68.50,120,0,0.2500,0.2500,36,3,warning,0,2026-08-18 12:00:42.901000+00:00,0,0,40,23,3,14,0,14,45,0.3111111111111111111111111111
2026-06-12,domain_units_deals,a453a5c4-63a5-5872-95b7-a3b4911aa072,syn1-P-001,Harbor Crest Residences,domain_units_deals,1,2025-08-03,bafde881-f411-5372-9d43-e72f63cd45dd,syn1-A-001,Harbor Crest 1,2,68.50,120,0,0.2000,0.2000,36,3,warning,0,2026-08-18 12:00:42.901000+00:00,0,0,40,23,3,14,0,14,45,0.3111111111111111111111111111
2026-06-13,domain_units_deals,a453a5c4-63a5-5872-95b7-a3b4911aa072,syn1-P-001,Harbor Crest Residences,domain_units_deals,1,2025-08-03,bafde881-f411-5372-9d43-e72f63cd45dd,syn1-A-001,Harbor Crest 1,2,68.50,120,0,0.1667,0.1667,36,3,warning,0,2026-08-18 12:00:42.901000+00:00,0,0,40,23,3,14,0,14,45,0.3111111111111111111111111111
2026-06-14,domain_units_deals,a453a5c4-63a5-5872-95b7-a3b4911aa072,syn1-P-001,Harbor Crest Residences,domain_units_deals,1,2025-08-03,bafde881-f411-5372-9d43-e72f63cd45dd,syn1-A-001,Harbor Crest 1,2,68.50,120,0,0.1429,0.1429,36,3,warning,0,2026-08-18 12:00:42.901000+00:00,0,0,40,23,3,14,0,14,45,0.3111111111111111111111111111
2026-06-15,domain_units_deals,a453a5c4-63a5-5872-95b7-a3b4911aa072,syn1-P-001,Harbor Crest Residences,domain_units_deals,1,2025-08-03,bafde881-f411-5372-9d43-e72f63cd45dd,syn1-A-001,Harbor Crest 1,2,68.50,120,0,0.0000,0.1250,36,3,warning,0,2026-08-18 12:00:42.901000+00:00,0,0,40,23,3,14,0,14,45,0.3111111111111111111111111111
2026-06-16,domain_units_deals,a453a5c4-63a5-5872-95b7-a3b4911aa072,syn1-P-001,Harbor Crest Residences,domain_units_deals,1,2025-08-03,bafde881-f411-5372-9d43-e72f63cd45dd,syn1-A-001,Harbor Crest 1,2,68.50,120,0,0.0000,0.1111,36,3,warning,0,2026-08-18 12:00:42.901000+00:00,0,0,40,23,3,14,0,14,45,0.3111111111111111111111111111
2026-06-17,domain_units_deals,a453a5c4-63a5-5872-95b7-a3b4911aa072,syn1-P-001,Harbor Crest Residences,domain_units_deals,1,2025-08-03,bafde881-f411-5372-9d43-e72f63cd45dd,syn1-A-001,Harbor Crest 1,2,68.50,120,1,0.1429,0.2000,35,3,warning,1,2026-08-18 12:00:42.901000+00:00,0,0,40,23,3,14,0,14,45,0.3111111111111111111111111111
2026-06-18,domain_units_deals,a453a5c4-63a5-5872-95b7-a3b4911aa072,syn1-P-001,Harbor Crest Residences,domain_units_deals,1,2025-08-03,bafde881-f411-5372-9d43-e72f63cd45dd,syn1-A-001,Harbor Crest 1,2,68.50,120,0,0.1429,0.1818,35,3,warning,0,2026-08-18 12:00:42.901000+00:00,0,0,40,23,3,14,0,14,45,0.3111111111111111111111111111
2026-06-19,domain_units_deals,a453a5c4-63a5-5872-95b7-a3b4911aa072,syn1-P-001,Harbor Crest Residences,domain_units_deals,1,2025-08-03,bafde881-f411-5372-9d43-e72f63cd45dd,syn1-A-001,Harbor Crest 1,2,68.50,120,0,0.1429,0.1667,35,3,warning,0,2026-08-18 12:00:42.901000+00:00,0,0,40,23,3,14,0,14,45,0.3111111111111111111111111111
2026-06-20,domain_units_deals,a453a5c4-63a5-5872-95b7-a3b4911aa072,syn1-P-001,Harbor Crest Residences,domain_units_deals,1,2025-08-03,bafde881-f411-5372-9d43-e72f63cd45dd,syn1-A-001,Harbor Crest 1,2,68.50,120,0,0.1429,0.1538,35,3,warning,0,2026-08-18 12:00:42.901000+00:00,0,0,40,23,3,14,0,14,45,0.3111111111111111111111111111
2026-06-21,domain_units_deals,a453a5c4-63a5-5872-95b7-a3b4911aa072,syn1-P-001,Harbor Crest Residences,domain_units_deals,1,2025-08-03,bafde881-f411-5372-9d43-e72f63cd45dd,syn1-A-001,Harbor Crest 1,2,68.50,120,0,0.1429,0.1429,35,3,warning,0,2026-08-18 12:00:42.901000+00:00,0,0,40,23,3,14,0,14,45,0.3111111111111111111111111111
2026-06-22,domain_units_deals,a453a5c4-63a5-5872-95b7-a3b4911aa072,syn1-P-001,Harbor Crest Residences,domain_units_deals,1,2025-08-03,bafde881-f411-5372-9d43-e72f63cd45dd,syn1-A-001,Harbor Crest 1,2,68.50,120,0,0.1429,0.1333,35,3,warning,0,2026-08-18 12:00:42.901000+00:00,0,0,40,23,3,14,0,14,45,0.3111111111111111111111111111
2026-06-23,domain_units_deals,a453a5c4-63a5-5872-95b7-a3b4911aa072,syn1-P-001,Harbor Crest Residences,domain_units_deals,1,2025-08-03,bafde881-f411-5372-9d43-e72f63cd45dd,syn1-A-001,Harbor Crest 1,2,68.50,120,0,0.1429,0.1250,35,3,warning,0,2026-08-18 12:00:42.901000+00:00,0,0,40,23,3,14,0,14,45,0.3111111111111111111111111111
2026-06-24,domain_units_deals,a453a5c4-63a5-5872-95b7-a3b4911aa072,syn1-P-001,Harbor Crest Residences,domain_units_deals,1,2025-08-03,bafde881-f411-5372-9d43-e72f63cd45dd,syn1-A-001,Harbor Crest 1,2,68.50,120,0,0.0000,0.1176,35,3,warning,0,2026-08-18 12:00:42.901000+00:00,0,0,40,23,3,14,0,14,45,0.3111111111111111111111111111
2026-06-25,domain_units_deals,a453a5c4-63a5-5872-95b7-a3b4911aa072,syn1-P-001,Harbor Crest Residences,domain_units_deals,1,2025-08-03,bafde881-f411-5372-9d43-e72f63cd45dd,syn1-A-001,Harbor Crest 1,2,68.50,120,0,0.0000,0.1111,35,3,warning,0,2026-08-18 12:00:42.901000+00:00,0,0,40,23,3,14,0,14,45,0.3111111111111111111111111111
2026-06-26,domain_units_deals,a453a5c4-63a5-5872-95b7-a3b4911aa072,syn1-P-001,Harbor Crest Residences,domain_units_deals,1,2025-08-03,bafde881-f411-5372-9d43-e72f63cd45dd,syn1-A-001,Harbor Crest 1,2,68.50,120,1,0.1429,0.1579,34,3,warning,1,2026-08-18 12:00:42.901000+00:00,0,0,40,23,3,14,0,14,45,0.3111111111111111111111111111
2026-06-27,domain_units_deals,a453a5c4-63a5-5872-95b7-a3b4911aa072,syn1-P-001,Harbor Crest Residences,domain_units_deals,1,2025-08-03,bafde881-f411-5372-9d43-e72f63cd45dd,syn1-A-001,Harbor Crest 1,2,68.50,120,0,0.1429,0.1500,34,3,warning,0,2026-08-18 12:00:42.901000+00:00,0,0,40,23,3,14,0,14,45,0.3111111111111111111111111111
2026-06-28,domain_units_deals,a453a5c4-63a5-5872-95b7-a3b4911aa072,syn1-P-001,Harbor Crest Residences,domain_units_deals,1,2025-08-03,bafde881-f411-5372-9d43-e72f63cd45dd,syn1-A-001,Harbor Crest 1,2,68.50,120,0,0.1429,0.1429,34,3,warning,0,2026-08-18 12:00:42.901000+00:00,0,0,40,23,3,14,0,14,45,0.3111111111111111111111111111
2026-06-29,domain_units_deals,a453a5c4-63a5-5872-95b7-a3b4911aa072,syn1-P-001,Harbor Crest Residences,domain_units_deals,1,2025-08-03,bafde881-f411-5372-9d43-e72f63cd45dd,syn1-A-001,Harbor Crest 1,2,68.50,120,0,0.1429,0.1364,34,3,warning,0,2026-08-18 12:00:42.901000+00:00,0,0,40,23,3,14,0,14,45,0.3111111111111111111111111111
2026-06-30,domain_units_deals,a453a5c4-63a5-5872-95b7-a3b4911aa072,syn1-P-001,Harbor Crest Residences,domain_units_deals,1,2025-08-03,bafde881-f411-5372-9d43-e72f63cd45dd,syn1-A-001,Harbor Crest 1,2,68.50,120,0,0.1429,0.1304,34,3,warning,0,2026-08-18 12:00:42.901000+00:00,0,0,40,23,3,14,0,14,45,0.3111111111111111111111111111
2026-07-01,domain_units_deals,a453a5c4-63a5-5872-95b7-a3b4911aa072,syn1-P-001,Harbor Crest Residences,domain_units_deals,1,2025-08-03,bafde881-f411-5372-9d43-e72f63cd45dd,syn1-A-001,Harbor Crest 1,2,68.50,120,0,0.1429,0.1250,34,3,warning,0,2026-08-18 12:00:42.901000+00:00,0,0,40,23,3,14,0,14,45,0.3111111111111111111111111111
2026-07-02,domain_units_deals,a453a5c4-63a5-5872-95b7-a3b4911aa072,syn1-P-001,Harbor Crest Residences,domain_units_deals,1,2025-08-03,bafde881-f411-5372-9d43-e72f63cd45dd,syn1-A-001,Harbor Crest 1,2,68.50,120,0,0.1429,0.1200,34,3,warning,0,2026-08-18 12:00:42.901000+00:00,0,0,40,23,3,14,0,14,45,0.3111111111111111111111111111
2026-07-03,domain_units_deals,a453a5c4-63a5-5872-95b7-a3b4911aa072,syn1-P-001,Harbor Crest Residences,domain_units_deals,1,2025-08-03,bafde881-f411-5372-9d43-e72f63cd45dd,syn1-A-001,Harbor Crest 1,2,68.50,120,0,0.0000,0.1154,34,3,warning,0,2026-08-18 12:00:42.901000+00:00,0,0,40,23,3,14,0,14,45,0.3111111111111111111111111111
2026-07-04,domain_units_deals,a453a5c4-63a5-5872-95b7-a3b4911aa072,syn1-P-001,Harbor Crest Residences,domain_units_deals,1,2025-08-03,bafde881-f411-5372-9d43-e72f63cd45dd,syn1-A-001,Harbor Crest 1,2,68.50,120,0,0.0000,0.1111,34,3,warning,0,2026-08-18 12:00:42.901000+00:00,0,0,40,23,3,14,0,14,45,0.3111111111111111111111111111
2026-07-05,domain_units_deals,a453a5c4-63a5-5872-95b7-a3b4911aa072,syn1-P-001,Harbor Crest Residences,domain_units_deals,1,2025-08-03,bafde881-f411-5372-9d43-e72f63cd45dd,syn1-A-001,Harbor Crest 1,2,68.50,120,1,0.1429,0.1429,33,3,warning,1,2026-08-18 12:00:42.901000+00:00,0,0,40,23,3,14,0,14,45,0.3111111111111111111111111111
2026-07-06,domain_units_deals,a453a5c4-63a5-5872-95b7-a3b4911aa072,syn1-P-001,Harbor Crest Residences,domain_units_deals,1,2025-08-03,bafde881-f411-5372-9d43-e72f63cd45dd,syn1-A-001,Harbor Crest 1,2,68.50,120,0,0.1429,0.1379,33,3,warning,0,2026-08-18 12:00:42.901000+00:00,0,0,40,23,3,14,0,14,45,0.3111111111111111111111111111
2026-07-07,domain_units_deals,a453a5c4-63a5-5872-95b7-a3b4911aa072,syn1-P-001,Harbor Crest Residences,domain_units_deals,1,2025-08-03,bafde881-f411-5372-9d43-e72f63cd45dd,syn1-A-001,Harbor Crest 1,2,68.50,120,0,0.1429,0.1333,33,3,ok,0,2026-08-18 12:00:42.901000+00:00,0,0,40,23,3,14,0,14,45,0.3111111111111111111111111111
2026-07-08,domain_units_deals,a453a5c4-63a5-5872-95b7-a3b4911aa072,syn1-P-001,Harbor Crest Residences,domain_units_deals,1,2025-08-03,bafde881-f411-5372-9d43-e72f63cd45dd,syn1-A-001,Harbor Crest 1,2,68.50,120,0,0.1429,0.1000,33,3,ok,0,2026-08-18 12:00:42.901000+00:00,0,0,40,23,3,14,0,14,45,0.3111111111111111111111111111
2026-07-09,domain_units_deals,a453a5c4-63a5-5872-95b7-a3b4911aa072,syn1-P-001,Harbor Crest Residences,domain_units_deals,1,2025-08-03,bafde881-f411-5372-9d43-e72f63cd45dd,syn1-A-001,Harbor Crest 1,2,68.50,120,0,0.1429,0.1000,33,3,ok,0,2026-08-18 12:00:42.901000+00:00,0,0,40,23,3,14,0,14,45,0.3111111111111111111111111111
2026-07-10,domain_units_deals,a453a5c4-63a5-5872-95b7-a3b4911aa072,syn1-P-001,Harbor Crest Residences,domain_units_deals,1,2025-08-03,bafde881-f411-5372-9d43-e72f63cd45dd,syn1-A-001,Harbor Crest 1,2,68.50,120,0,0.1429,0.1000,33,3,ok,0,2026-08-18 12:00:42.901000+00:00,0,0,40,23,3,14,0,14,45,0.3111111111111111111111111111
2026-07-11,domain_units_deals,a453a5c4-63a5-5872-95b7-a3b4911aa072,syn1-P-001,Harbor Crest Residences,domain_units_deals,1,2025-08-03,bafde881-f411-5372-9d43-e72f63cd45dd,syn1-A-001,Harbor Crest 1,2,68.50,120,0,0.1429,0.1000,33,3,ok,0,2026-08-18 12:00:42.901000+00:00,0,0,40,23,3,14,0,14,45,0.3111111111111111111111111111
2026-07-12,domain_units_deals,a453a5c4-63a5-5872-95b7-a3b4911aa072,syn1-P-001,Harbor Crest Residences,domain_units_deals,1,2025-08-03,bafde881-f411-5372-9d43-e72f63cd45dd,syn1-A-001,Harbor Crest 1,2,68.50,120,0,0.0000,0.1000,33,3,ok,0,2026-08-18 12:00:42.901000+00:00,0,0,40,23,3,14,0,14,45,0.3111111111111111111111111111
2026-07-13,domain_units_deals,a453a5c4-63a5-5872-95b7-a3b4911aa072,syn1-P-001,Harbor Crest Residences,domain_units_deals,1,2025-08-03,bafde881-f411-5372-9d43-e72f63cd45dd,syn1-A-001,Harbor Crest 1,2,68.50,120,0,0.0000,0.1000,33,3,ok,0,2026-08-18 12:00:42.901000+00:00,0,0,40,23,3,14,0,14,45,0.3111111111111111111111111111
2026-07-14,domain_units_deals,a453a5c4-63a5-5872-95b7-a3b4911aa072,syn1-P-001,Harbor Crest Residences,domain_units_deals,1,2025-08-03,bafde881-f411-5372-9d43-e72f63cd45dd,syn1-A-001,Harbor Crest 1,2,68.50,120,1,0.1429,0.1333,32,3,ok,1,2026-08-18 12:00:42.901000+00:00,0,0,40,23,3,14,0,14,45,0.3111111111111111111111111111
2026-07-15,domain_units_deals,a453a5c4-63a5-5872-95b7-a3b4911aa072,syn1-P-001,Harbor Crest Residences,domain_units_deals,1,2025-08-03,bafde881-f411-5372-9d43-e72f63cd45dd,syn1-A-001,Harbor Crest 1,2,68.50,120,0,0.1429,0.1333,32,3,ok,0,2026-08-18 12:00:42.901000+00:00,0,0,40,23,3,14,0,14,45,0.3111111111111111111111111111
2026-07-16,domain_units_deals,a453a5c4-63a5-5872-95b7-a3b4911aa072,syn1-P-001,Harbor Crest Residences,domain_units_deals,1,2025-08-03,bafde881-f411-5372-9d43-e72f63cd45dd,syn1-A-001,Harbor Crest 1,2,68.50,120,0,0.1429,0.1333,32,3,ok,0,2026-08-18 12:00:42.901000+00:00,0,0,40,23,3,14,0,14,45,0.3111111111111111111111111111
2026-07-17,domain_units_deals,a453a5c4-63a5-5872-95b7-a3b4911aa072,syn1-P-001,Harbor Crest Residences,domain_units_deals,1,2025-08-03,bafde881-f411-5372-9d43-e72f63cd45dd,syn1-A-001,Harbor Crest 1,2,68.50,120,0,0.1429,0.1000,32,3,ok,0,2026-08-18 12:00:42.901000+00:00,0,0,40,23,3,14,0,14,45,0.3111111111111111111111111111
2026-07-18,domain_units_deals,a453a5c4-63a5-5872-95b7-a3b4911aa072,syn1-P-001,Harbor Crest Residences,domain_units_deals,1,2025-08-03,bafde881-f411-5372-9d43-e72f63cd45dd,syn1-A-001,Harbor Crest 1,2,68.50,120,0,0.1429,0.1000,32,3,ok,0,2026-08-18 12:00:42.901000+00:00,0,0,40,23,3,14,0,14,45,0.3111111111111111111111111111
2026-07-19,domain_units_deals,a453a5c4-63a5-5872-95b7-a3b4911aa072,syn1-P-001,Harbor Crest Residences,domain_units_deals,1,2025-08-03,bafde881-f411-5372-9d43-e72f63cd45dd,syn1-A-001,Harbor Crest 1,2,68.50,120,0,0.1429,0.1000,32,3,ok,0,2026-08-18 12:00:42.901000+00:00,0,0,40,23,3,14,0,14,45,0.3111111111111111111111111111
2026-07-20,domain_units_deals,a453a5c4-63a5-5872-95b7-a3b4911aa072,syn1-P-001,Harbor Crest Residences,domain_units_deals,1,2025-08-03,bafde881-f411-5372-9d43-e72f63cd45dd,syn1-A-001,Harbor Crest 1,2,68.50,120,0,0.1429,0.1000,32,3,ok,0,2026-08-18 12:00:42.901000+00:00,0,0,40,23,3,14,0,14,45,0.3111111111111111111111111111
2026-07-21,domain_units_deals,a453a5c4-63a5-5872-95b7-a3b4911aa072,syn1-P-001,Harbor Crest Residences,domain_units_deals,1,2025-08-03,bafde881-f411-5372-9d43-e72f63cd45dd,syn1-A-001,Harbor Crest 1,2,68.50,120,0,0.0000,0.1000,32,3,ok,0,2026-08-18 12:00:42.901000+00:00,0,0,40,23,3,14,0,14,45,0.3111111111111111111111111111
2026-07-22,domain_units_deals,a453a5c4-63a5-5872-95b7-a3b4911aa072,syn1-P-001,Harbor Crest Residences,domain_units_deals,1,2025-08-03,bafde881-f411-5372-9d43-e72f63cd45dd,syn1-A-001,Harbor Crest 1,2,68.50,120,1,0.1429,0.1333,31,3,ok,1,2026-08-18 12:00:42.901000+00:00,0,0,40,23,3,14,0,14,45,0.3111111111111111111111111111
2026-07-23,domain_units_deals,a453a5c4-63a5-5872-95b7-a3b4911aa072,syn1-P-001,Harbor Crest Residences,domain_units_deals,1,2025-08-03,bafde881-f411-5372-9d43-e72f63cd45dd,syn1-A-001,Harbor Crest 1,2,68.50,120,0,0.1429,0.1333,31,3,ok,0,2026-08-18 12:00:42.901000+00:00,0,0,40,23,3,14,0,14,45,0.3111111111111111111111111111
2026-07-24,domain_units_deals,a453a5c4-63a5-5872-95b7-a3b4911aa072,syn1-P-001,Harbor Crest Residences,domain_units_deals,1,2025-08-03,bafde881-f411-5372-9d43-e72f63cd45dd,syn1-A-001,Harbor Crest 1,2,68.50,120,0,0.1429,0.1333,31,3,ok,0,2026-08-18 12:00:42.901000+00:00,0,0,40,23,3,14,0,14,45,0.3111111111111111111111111111
2026-07-25,domain_units_deals,a453a5c4-63a5-5872-95b7-a3b4911aa072,syn1-P-001,Harbor Crest Residences,domain_units_deals,1,2025-08-03,bafde881-f411-5372-9d43-e72f63cd45dd,syn1-A-001,Harbor Crest 1,2,68.50,120,1,0.2857,0.1667,30,3,ok,1,2026-08-18 12:00:42.901000+00:00,0,0,40,23,3,14,0,14,45,0.3111111111111111111111111111
2026-07-26,domain_units_deals,a453a5c4-63a5-5872-95b7-a3b4911aa072,syn1-P-001,Harbor Crest Residences,domain_units_deals,1,2025-08-03,bafde881-f411-5372-9d43-e72f63cd45dd,syn1-A-001,Harbor Crest 1,2,68.50,120,0,0.2857,0.1333,30,3,ok,0,2026-08-18 12:00:42.901000+00:00,0,0,40,23,3,14,0,14,45,0.3111111111111111111111111111
2026-07-27,domain_units_deals,a453a5c4-63a5-5872-95b7-a3b4911aa072,syn1-P-001,Harbor Crest Residences,domain_units_deals,1,2025-08-03,bafde881-f411-5372-9d43-e72f63cd45dd,syn1-A-001,Harbor Crest 1,2,68.50,120,0,0.2857,0.1333,30,3,ok,0,2026-08-18 12:00:42.901000+00:00,0,0,40,23,3,14,0,14,45,0.3111111111111111111111111111
2026-07-28,domain_units_deals,a453a5c4-63a5-5872-95b7-a3b4911aa072,syn1-P-001,Harbor Crest Residences,domain_units_deals,1,2025-08-03,bafde881-f411-5372-9d43-e72f63cd45dd,syn1-A-001,Harbor Crest 1,2,68.50,120,1,0.4286,0.1667,29,3,ok,1,2026-08-18 12:00:42.901000+00:00,0,0,40,23,3,14,0,14,45,0.3111111111111111111111111111
2026-07-29,domain_units_deals,a453a5c4-63a5-5872-95b7-a3b4911aa072,syn1-P-001,Harbor Crest Residences,domain_units_deals,1,2025-08-03,bafde881-f411-5372-9d43-e72f63cd45dd,syn1-A-001,Harbor Crest 1,2,68.50,120,0,0.2857,0.1667,29,3,ok,0,2026-08-18 12:00:42.901000+00:00,0,0,40,23,3,14,0,14,45,0.3111111111111111111111111111
2026-07-30,domain_units_deals,a453a5c4-63a5-5872-95b7-a3b4911aa072,syn1-P-001,Harbor Crest Residences,domain_units_deals,1,2025-08-03,bafde881-f411-5372-9d43-e72f63cd45dd,syn1-A-001,Harbor Crest 1,2,68.50,120,0,0.2857,0.1667,29,3,ok,0,2026-08-18 12:00:42.901000+00:00,0,0,40,23,3,14,0,14,45,0.3111111111111111111111111111
2026-07-31,domain_units_deals,a453a5c4-63a5-5872-95b7-a3b4911aa072,syn1-P-001,Harbor Crest Residences,domain_units_deals,1,2025-08-03,bafde881-f411-5372-9d43-e72f63cd45dd,syn1-A-001,Harbor Crest 1,2,68.50,120,1,0.4286,0.2000,28,3,ok,1,2026-08-18 12:00:42.901000+00:00,0,0,40,23,3,14,0,14,45,0.3111111111111111111111111111
2026-08-01,domain_units_deals,a453a5c4-63a5-5872-95b7-a3b4911aa072,syn1-P-001,Harbor Crest Residences,domain_units_deals,1,2025-08-03,bafde881-f411-5372-9d43-e72f63cd45dd,syn1-A-001,Harbor Crest 1,2,68.50,120,0,0.2857,0.2000,28,3,ok,0,2026-08-18 12:00:42.901000+00:00,0,0,40,23,3,14,0,14,45,0.3111111111111111111111111111
2026-08-02,domain_units_deals,a453a5c4-63a5-5872-95b7-a3b4911aa072,syn1-P-001,Harbor Crest Residences,domain_units_deals,1,2025-08-03,bafde881-f411-5372-9d43-e72f63cd45dd,syn1-A-001,Harbor Crest 1,2,68.50,120,0,0.2857,0.2000,28,3,ok,0,2026-08-18 12:00:42.901000+00:00,0,0,40,23,3,14,0,14,45,0.3111111111111111111111111111
2026-08-03,domain_units_deals,a453a5c4-63a5-5872-95b7-a3b4911aa072,syn1-P-001,Harbor Crest Residences,domain_units_deals,1,2025-08-03,bafde881-f411-5372-9d43-e72f63cd45dd,syn1-A-001,Harbor Crest 1,2,68.50,120,1,0.4286,0.2333,27,3,ok,1,2026-08-18 12:00:42.901000+00:00,0,0,40,23,3,14,0,14,45,0.3111111111111111111111111111
2026-08-04,domain_units_deals,a453a5c4-63a5-5872-95b7-a3b4911aa072,syn1-P-001,Harbor Crest Residences,domain_units_deals,1,2025-08-03,bafde881-f411-5372-9d43-e72f63cd45dd,syn1-A-001,Harbor Crest 1,2,68.50,120,0,0.2857,0.2000,27,3,ok,0,2026-08-18 12:00:42.901000+00:00,0,0,40,23,3,14,0,14,45,0.3111111111111111111111111111
2026-08-05,domain_units_deals,a453a5c4-63a5-5872-95b7-a3b4911aa072,syn1-P-001,Harbor Crest Residences,domain_units_deals,1,2025-08-03,bafde881-f411-5372-9d43-e72f63cd45dd,syn1-A-001,Harbor Crest 1,2,68.50,120,0,0.2857,0.2000,27,3,ok,0,2026-08-18 12:00:42.901000+00:00,0,0,40,23,3,14,0,14,45,0.3111111111111111111111111111
2026-08-06,domain_units_deals,a453a5c4-63a5-5872-95b7-a3b4911aa072,syn1-P-001,Harbor Crest Residences,domain_units_deals,1,2025-08-03,bafde881-f411-5372-9d43-e72f63cd45dd,syn1-A-001,Harbor Crest 1,2,68.50,120,1,0.4286,0.2333,26,3,ok,1,2026-08-18 12:00:42.901000+00:00,0,0,40,23,3,14,0,14,45,0.3111111111111111111111111111
2026-08-07,domain_units_deals,a453a5c4-63a5-5872-95b7-a3b4911aa072,syn1-P-001,Harbor Crest Residences,domain_units_deals,1,2025-08-03,bafde881-f411-5372-9d43-e72f63cd45dd,syn1-A-001,Harbor Crest 1,2,68.50,120,0,0.2857,0.2333,26,3,ok,0,2026-08-18 12:00:42.901000+00:00,0,0,40,23,3,14,0,14,45,0.3111111111111111111111111111
2026-08-08,domain_units_deals,a453a5c4-63a5-5872-95b7-a3b4911aa072,syn1-P-001,Harbor Crest Residences,domain_units_deals,1,2025-08-03,bafde881-f411-5372-9d43-e72f63cd45dd,syn1-A-001,Harbor Crest 1,2,68.50,120,0,0.2857,0.2333,26,3,ok,0,2026-08-18 12:00:42.901000+00:00,0,0,40,23,3,14,0,14,45,0.3111111111111111111111111111
2026-08-09,domain_units_deals,a453a5c4-63a5-5872-95b7-a3b4911aa072,syn1-P-001,Harbor Crest Residences,domain_units_deals,1,2025-08-03,bafde881-f411-5372-9d43-e72f63cd45dd,syn1-A-001,Harbor Crest 1,2,68.50,120,1,0.4286,0.2667,25,3,ok,1,2026-08-18 12:00:42.901000+00:00,0,0,40,23,3,14,0,14,45,0.3111111111111111111111111111
2026-08-10,domain_units_deals,a453a5c4-63a5-5872-95b7-a3b4911aa072,syn1-P-001,Harbor Crest Residences,domain_units_deals,1,2025-08-03,bafde881-f411-5372-9d43-e72f63cd45dd,syn1-A-001,Harbor Crest 1,2,68.50,120,0,0.2857,0.2667,25,3,ok,0,2026-08-18 12:00:42.901000+00:00,0,0,40,23,3,14,0,14,45,0.3111111111111111111111111111
2026-08-11,domain_units_deals,a453a5c4-63a5-5872-95b7-a3b4911aa072,syn1-P-001,Harbor Crest Residences,domain_units_deals,1,2025-08-03,bafde881-f411-5372-9d43-e72f63cd45dd,syn1-A-001,Harbor Crest 1,2,68.50,120,0,0.2857,0.2667,25,3,ok,0,2026-08-18 12:00:42.901000+00:00,0,0,40,23,3,14,0,14,45,0.3111111111111111111111111111
2026-08-12,domain_units_deals,a453a5c4-63a5-5872-95b7-a3b4911aa072,syn1-P-001,Harbor Crest Residences,domain_units_deals,1,2025-08-03,bafde881-f411-5372-9d43-e72f63cd45dd,syn1-A-001,Harbor Crest 1,2,68.50,120,1,0.4286,0.3000,24,3,ok,1,2026-08-18 12:00:42.901000+00:00,0,0,40,23,3,14,0,14,45,0.3111111111111111111111111111
2026-08-13,domain_units_deals,a453a5c4-63a5-5872-95b7-a3b4911aa072,syn1-P-001,Harbor Crest Residences,domain_units_deals,1,2025-08-03,bafde881-f411-5372-9d43-e72f63cd45dd,syn1-A-001,Harbor Crest 1,2,68.50,120,0,0.2857,0.2667,24,3,ok,0,2026-08-18 12:00:42.901000+00:00,0,0,40,23,3,14,0,14,45,0.3111111111111111111111111111
2026-08-14,domain_units_deals,a453a5c4-63a5-5872-95b7-a3b4911aa072,syn1-P-001,Harbor Crest Residences,domain_units_deals,1,2025-08-03,bafde881-f411-5372-9d43-e72f63cd45dd,syn1-A-001,Harbor Crest 1,2,68.50,120,0,0.2857,0.2667,24,3,ok,0,2026-08-18 12:00:42.901000+00:00,0,0,40,23,3,14,0,14,45,0.3111111111111111111111111111
2026-08-15,domain_units_deals,a453a5c4-63a5-5872-95b7-a3b4911aa072,syn1-P-001,Harbor Crest Residences,domain_units_deals,1,2025-08-03,bafde881-f411-5372-9d43-e72f63cd45dd,syn1-A-001,Harbor Crest 1,2,68.50,120,1,0.4286,0.3000,23,3,ok,1,2026-08-18 12:00:42.901000+00:00,0,0,40,23,3,14,0,14,45,0.3111111111111111111111111111
2026-06-26,domain_units_deals,a453a5c4-63a5-5872-95b7-a3b4911aa072,syn1-P-001,Harbor Crest Residences,domain_units_deals,1,2025-08-03,595d9f18-8f5d-5c43-8866-791052463081,syn1-A-002,Harbor Crest 2,3,94.00,90,1,1.0000,1.0000,27,2,warning,1,2026-08-18 12:00:42.901000+00:00,0,0,30,22,2,6,0,6,20,0.3
2026-06-27,domain_units_deals,a453a5c4-63a5-5872-95b7-a3b4911aa072,syn1-P-001,Harbor Crest Residences,domain_units_deals,1,2025-08-03,595d9f18-8f5d-5c43-8866-791052463081,syn1-A-002,Harbor Crest 2,3,94.00,90,0,0.5000,0.5000,27,2,warning,0,2026-08-18 12:00:42.901000+00:00,0,0,30,22,2,6,0,6,20,0.3
2026-06-28,domain_units_deals,a453a5c4-63a5-5872-95b7-a3b4911aa072,syn1-P-001,Harbor Crest Residences,domain_units_deals,1,2025-08-03,595d9f18-8f5d-5c43-8866-791052463081,syn1-A-002,Harbor Crest 2,3,94.00,90,0,0.3333,0.3333,27,2,warning,0,2026-08-18 12:00:42.901000+00:00,0,0,30,22,2,6,0,6,20,0.3
2026-06-29,domain_units_deals,a453a5c4-63a5-5872-95b7-a3b4911aa072,syn1-P-001,Harbor Crest Residences,domain_units_deals,1,2025-08-03,595d9f18-8f5d-5c43-8866-791052463081,syn1-A-002,Harbor Crest 2,3,94.00,90,0,0.2500,0.2500,27,2,warning,0,2026-08-18 12:00:42.901000+00:00,0,0,30,22,2,6,0,6,20,0.3
2026-06-30,domain_units_deals,a453a5c4-63a5-5872-95b7-a3b4911aa072,syn1-P-001,Harbor Crest Residences,domain_units_deals,1,2025-08-03,595d9f18-8f5d-5c43-8866-791052463081,syn1-A-002,Harbor Crest 2,3,94.00,90,0,0.2000,0.2000,27,2,warning,0,2026-08-18 12:00:42.901000+00:00,0,0,30,22,2,6,0,6,20,0.3
2026-07-01,domain_units_deals,a453a5c4-63a5-5872-95b7-a3b4911aa072,syn1-P-001,Harbor Crest Residences,domain_units_deals,1,2025-08-03,595d9f18-8f5d-5c43-8866-791052463081,syn1-A-002,Harbor Crest 2,3,94.00,90,0,0.1667,0.1667,27,2,warning,0,2026-08-18 12:00:42.901000+00:00,0,0,30,22,2,6,0,6,20,0.3
2026-07-02,domain_units_deals,a453a5c4-63a5-5872-95b7-a3b4911aa072,syn1-P-001,Harbor Crest Residences,domain_units_deals,1,2025-08-03,595d9f18-8f5d-5c43-8866-791052463081,syn1-A-002,Harbor Crest 2,3,94.00,90,0,0.1429,0.1429,27,2,warning,0,2026-08-18 12:00:42.901000+00:00,0,0,30,22,2,6,0,6,20,0.3
2026-07-03,domain_units_deals,a453a5c4-63a5-5872-95b7-a3b4911aa072,syn1-P-001,Harbor Crest Residences,domain_units_deals,1,2025-08-03,595d9f18-8f5d-5c43-8866-791052463081,syn1-A-002,Harbor Crest 2,3,94.00,90,0,0.0000,0.1250,27,2,warning,0,2026-08-18 12:00:42.901000+00:00,0,0,30,22,2,6,0,6,20,0.3
2026-07-04,domain_units_deals,a453a5c4-63a5-5872-95b7-a3b4911aa072,syn1-P-001,Harbor Crest Residences,domain_units_deals,1,2025-08-03,595d9f18-8f5d-5c43-8866-791052463081,syn1-A-002,Harbor Crest 2,3,94.00,90,0,0.0000,0.1111,27,2,warning,0,2026-08-18 12:00:42.901000+00:00,0,0,30,22,2,6,0,6,20,0.3
2026-07-05,domain_units_deals,a453a5c4-63a5-5872-95b7-a3b4911aa072,syn1-P-001,Harbor Crest Residences,domain_units_deals,1,2025-08-03,595d9f18-8f5d-5c43-8866-791052463081,syn1-A-002,Harbor Crest 2,3,94.00,90,1,0.1429,0.2000,26,2,warning,1,2026-08-18 12:00:42.901000+00:00,0,0,30,22,2,6,0,6,20,0.3
2026-07-06,domain_units_deals,a453a5c4-63a5-5872-95b7-a3b4911aa072,syn1-P-001,Harbor Crest Residences,domain_units_deals,1,2025-08-03,595d9f18-8f5d-5c43-8866-791052463081,syn1-A-002,Harbor Crest 2,3,94.00,90,0,0.1429,0.1818,26,2,warning,0,2026-08-18 12:00:42.901000+00:00,0,0,30,22,2,6,0,6,20,0.3
2026-07-07,domain_units_deals,a453a5c4-63a5-5872-95b7-a3b4911aa072,syn1-P-001,Harbor Crest Residences,domain_units_deals,1,2025-08-03,595d9f18-8f5d-5c43-8866-791052463081,syn1-A-002,Harbor Crest 2,3,94.00,90,0,0.1429,0.1667,26,2,warning,0,2026-08-18 12:00:42.901000+00:00,0,0,30,22,2,6,0,6,20,0.3
2026-07-08,domain_units_deals,a453a5c4-63a5-5872-95b7-a3b4911aa072,syn1-P-001,Harbor Crest Residences,domain_units_deals,1,2025-08-03,595d9f18-8f5d-5c43-8866-791052463081,syn1-A-002,Harbor Crest 2,3,94.00,90,0,0.1429,0.1538,26,2,warning,0,2026-08-18 12:00:42.901000+00:00,0,0,30,22,2,6,0,6,20,0.3
2026-07-09,domain_units_deals,a453a5c4-63a5-5872-95b7-a3b4911aa072,syn1-P-001,Harbor Crest Residences,domain_units_deals,1,2025-08-03,595d9f18-8f5d-5c43-8866-791052463081,syn1-A-002,Harbor Crest 2,3,94.00,90,0,0.1429,0.1429,26,2,warning,0,2026-08-18 12:00:42.901000+00:00,0,0,30,22,2,6,0,6,20,0.3
2026-07-10,domain_units_deals,a453a5c4-63a5-5872-95b7-a3b4911aa072,syn1-P-001,Harbor Crest Residences,domain_units_deals,1,2025-08-03,595d9f18-8f5d-5c43-8866-791052463081,syn1-A-002,Harbor Crest 2,3,94.00,90,0,0.1429,0.1333,26,2,warning,0,2026-08-18 12:00:42.901000+00:00,0,0,30,22,2,6,0,6,20,0.3
2026-07-11,domain_units_deals,a453a5c4-63a5-5872-95b7-a3b4911aa072,syn1-P-001,Harbor Crest Residences,domain_units_deals,1,2025-08-03,595d9f18-8f5d-5c43-8866-791052463081,syn1-A-002,Harbor Crest 2,3,94.00,90,0,0.1429,0.1250,26,2,warning,0,2026-08-18 12:00:42.901000+00:00,0,0,30,22,2,6,0,6,20,0.3
2026-07-12,domain_units_deals,a453a5c4-63a5-5872-95b7-a3b4911aa072,syn1-P-001,Harbor Crest Residences,domain_units_deals,1,2025-08-03,595d9f18-8f5d-5c43-8866-791052463081,syn1-A-002,Harbor Crest 2,3,94.00,90,0,0.0000,0.1176,26,2,warning,0,2026-08-18 12:00:42.901000+00:00,0,0,30,22,2,6,0,6,20,0.3
2026-07-13,domain_units_deals,a453a5c4-63a5-5872-95b7-a3b4911aa072,syn1-P-001,Harbor Crest Residences,domain_units_deals,1,2025-08-03,595d9f18-8f5d-5c43-8866-791052463081,syn1-A-002,Harbor Crest 2,3,94.00,90,0,0.0000,0.1111,26,2,warning,0,2026-08-18 12:00:42.901000+00:00,0,0,30,22,2,6,0,6,20,0.3
2026-07-14,domain_units_deals,a453a5c4-63a5-5872-95b7-a3b4911aa072,syn1-P-001,Harbor Crest Residences,domain_units_deals,1,2025-08-03,595d9f18-8f5d-5c43-8866-791052463081,syn1-A-002,Harbor Crest 2,3,94.00,90,1,0.1429,0.1579,25,2,warning,1,2026-08-18 12:00:42.901000+00:00,0,0,30,22,2,6,0,6,20,0.3
2026-07-15,domain_units_deals,a453a5c4-63a5-5872-95b7-a3b4911aa072,syn1-P-001,Harbor Crest Residences,domain_units_deals,1,2025-08-03,595d9f18-8f5d-5c43-8866-791052463081,syn1-A-002,Harbor Crest 2,3,94.00,90,0,0.1429,0.1500,25,2,warning,0,2026-08-18 12:00:42.901000+00:00,0,0,30,22,2,6,0,6,20,0.3
2026-07-16,domain_units_deals,a453a5c4-63a5-5872-95b7-a3b4911aa072,syn1-P-001,Harbor Crest Residences,domain_units_deals,1,2025-08-03,595d9f18-8f5d-5c43-8866-791052463081,syn1-A-002,Harbor Crest 2,3,94.00,90,0,0.1429,0.1429,25,2,warning,0,2026-08-18 12:00:42.901000+00:00,0,0,30,22,2,6,0,6,20,0.3
2026-07-17,domain_units_deals,a453a5c4-63a5-5872-95b7-a3b4911aa072,syn1-P-001,Harbor Crest Residences,domain_units_deals,1,2025-08-03,595d9f18-8f5d-5c43-8866-791052463081,syn1-A-002,Harbor Crest 2,3,94.00,90,0,0.1429,0.1364,25,2,warning,0,2026-08-18 12:00:42.901000+00:00,0,0,30,22,2,6,0,6,20,0.3
2026-07-18,domain_units_deals,a453a5c4-63a5-5872-95b7-a3b4911aa072,syn1-P-001,Harbor Crest Residences,domain_units_deals,1,2025-08-03,595d9f18-8f5d-5c43-8866-791052463081,syn1-A-002,Harbor Crest 2,3,94.00,90,0,0.1429,0.1304,25,2,warning,0,2026-08-18 12:00:42.901000+00:00,0,0,30,22,2,6,0,6,20,0.3
2026-07-19,domain_units_deals,a453a5c4-63a5-5872-95b7-a3b4911aa072,syn1-P-001,Harbor Crest Residences,domain_units_deals,1,2025-08-03,595d9f18-8f5d-5c43-8866-791052463081,syn1-A-002,Harbor Crest 2,3,94.00,90,0,0.1429,0.1250,25,2,warning,0,2026-08-18 12:00:42.901000+00:00,0,0,30,22,2,6,0,6,20,0.3
2026-07-20,domain_units_deals,a453a5c4-63a5-5872-95b7-a3b4911aa072,syn1-P-001,Harbor Crest Residences,domain_units_deals,1,2025-08-03,595d9f18-8f5d-5c43-8866-791052463081,syn1-A-002,Harbor Crest 2,3,94.00,90,0,0.1429,0.1200,25,2,warning,0,2026-08-18 12:00:42.901000+00:00,0,0,30,22,2,6,0,6,20,0.3
2026-07-21,domain_units_deals,a453a5c4-63a5-5872-95b7-a3b4911aa072,syn1-P-001,Harbor Crest Residences,domain_units_deals,1,2025-08-03,595d9f18-8f5d-5c43-8866-791052463081,syn1-A-002,Harbor Crest 2,3,94.00,90,0,0.0000,0.1154,25,2,warning,0,2026-08-18 12:00:42.901000+00:00,0,0,30,22,2,6,0,6,20,0.3
2026-07-22,domain_units_deals,a453a5c4-63a5-5872-95b7-a3b4911aa072,syn1-P-001,Harbor Crest Residences,domain_units_deals,1,2025-08-03,595d9f18-8f5d-5c43-8866-791052463081,syn1-A-002,Harbor Crest 2,3,94.00,90,0,0.0000,0.1111,25,2,warning,0,2026-08-18 12:00:42.901000+00:00,0,0,30,22,2,6,0,6,20,0.3
2026-07-23,domain_units_deals,a453a5c4-63a5-5872-95b7-a3b4911aa072,syn1-P-001,Harbor Crest Residences,domain_units_deals,1,2025-08-03,595d9f18-8f5d-5c43-8866-791052463081,syn1-A-002,Harbor Crest 2,3,94.00,90,0,0.0000,0.1071,25,2,warning,0,2026-08-18 12:00:42.901000+00:00,0,0,30,22,2,6,0,6,20,0.3
2026-07-24,domain_units_deals,a453a5c4-63a5-5872-95b7-a3b4911aa072,syn1-P-001,Harbor Crest Residences,domain_units_deals,1,2025-08-03,595d9f18-8f5d-5c43-8866-791052463081,syn1-A-002,Harbor Crest 2,3,94.00,90,0,0.0000,0.1034,25,2,warning,0,2026-08-18 12:00:42.901000+00:00,0,0,30,22,2,6,0,6,20,0.3
2026-07-25,domain_units_deals,a453a5c4-63a5-5872-95b7-a3b4911aa072,syn1-P-001,Harbor Crest Residences,domain_units_deals,1,2025-08-03,595d9f18-8f5d-5c43-8866-791052463081,syn1-A-002,Harbor Crest 2,3,94.00,90,0,0.0000,0.1000,25,2,ok,0,2026-08-18 12:00:42.901000+00:00,0,0,30,22,2,6,0,6,20,0.3
2026-07-26,domain_units_deals,a453a5c4-63a5-5872-95b7-a3b4911aa072,syn1-P-001,Harbor Crest Residences,domain_units_deals,1,2025-08-03,595d9f18-8f5d-5c43-8866-791052463081,syn1-A-002,Harbor Crest 2,3,94.00,90,0,0.0000,0.0667,25,2,ok,0,2026-08-18 12:00:42.901000+00:00,0,0,30,22,2,6,0,6,20,0.3
2026-07-27,domain_units_deals,a453a5c4-63a5-5872-95b7-a3b4911aa072,syn1-P-001,Harbor Crest Residences,domain_units_deals,1,2025-08-03,595d9f18-8f5d-5c43-8866-791052463081,syn1-A-002,Harbor Crest 2,3,94.00,90,0,0.0000,0.0667,25,2,ok,0,2026-08-18 12:00:42.901000+00:00,0,0,30,22,2,6,0,6,20,0.3
2026-07-28,domain_units_deals,a453a5c4-63a5-5872-95b7-a3b4911aa072,syn1-P-001,Harbor Crest Residences,domain_units_deals,1,2025-08-03,595d9f18-8f5d-5c43-8866-791052463081,syn1-A-002,Harbor Crest 2,3,94.00,90,0,0.0000,0.0667,25,2,ok,0,2026-08-18 12:00:42.901000+00:00,0,0,30,22,2,6,0,6,20,0.3
2026-07-29,domain_units_deals,a453a5c4-63a5-5872-95b7-a3b4911aa072,syn1-P-001,Harbor Crest Residences,domain_units_deals,1,2025-08-03,595d9f18-8f5d-5c43-8866-791052463081,syn1-A-002,Harbor Crest 2,3,94.00,90,0,0.0000,0.0667,25,2,ok,0,2026-08-18 12:00:42.901000+00:00,0,0,30,22,2,6,0,6,20,0.3
2026-07-30,domain_units_deals,a453a5c4-63a5-5872-95b7-a3b4911aa072,syn1-P-001,Harbor Crest Residences,domain_units_deals,1,2025-08-03,595d9f18-8f5d-5c43-8866-791052463081,syn1-A-002,Harbor Crest 2,3,94.00,90,0,0.0000,0.0667,25,2,ok,0,2026-08-18 12:00:42.901000+00:00,0,0,30,22,2,6,0,6,20,0.3
2026-07-31,domain_units_deals,a453a5c4-63a5-5872-95b7-a3b4911aa072,syn1-P-001,Harbor Crest Residences,domain_units_deals,1,2025-08-03,595d9f18-8f5d-5c43-8866-791052463081,syn1-A-002,Harbor Crest 2,3,94.00,90,0,0.0000,0.0667,25,2,ok,0,2026-08-18 12:00:42.901000+00:00,0,0,30,22,2,6,0,6,20,0.3
2026-08-01,domain_units_deals,a453a5c4-63a5-5872-95b7-a3b4911aa072,syn1-P-001,Harbor Crest Residences,domain_units_deals,1,2025-08-03,595d9f18-8f5d-5c43-8866-791052463081,syn1-A-002,Harbor Crest 2,3,94.00,90,0,0.0000,0.0667,25,2,ok,0,2026-08-18 12:00:42.901000+00:00,0,0,30,22,2,6,0,6,20,0.3
2026-08-02,domain_units_deals,a453a5c4-63a5-5872-95b7-a3b4911aa072,syn1-P-001,Harbor Crest Residences,domain_units_deals,1,2025-08-03,595d9f18-8f5d-5c43-8866-791052463081,syn1-A-002,Harbor Crest 2,3,94.00,90,0,0.0000,0.0667,25,2,ok,0,2026-08-18 12:00:42.901000+00:00,0,0,30,22,2,6,0,6,20,0.3
2026-08-03,domain_units_deals,a453a5c4-63a5-5872-95b7-a3b4911aa072,syn1-P-001,Harbor Crest Residences,domain_units_deals,1,2025-08-03,595d9f18-8f5d-5c43-8866-791052463081,syn1-A-002,Harbor Crest 2,3,94.00,90,0,0.0000,0.0667,25,2,ok,0,2026-08-18 12:00:42.901000+00:00,0,0,30,22,2,6,0,6,20,0.3
2026-08-04,domain_units_deals,a453a5c4-63a5-5872-95b7-a3b4911aa072,syn1-P-001,Harbor Crest Residences,domain_units_deals,1,2025-08-03,595d9f18-8f5d-5c43-8866-791052463081,syn1-A-002,Harbor Crest 2,3,94.00,90,0,0.0000,0.0333,25,2,ok,0,2026-08-18 12:00:42.901000+00:00,0,0,30,22,2,6,0,6,20,0.3
2026-08-05,domain_units_deals,a453a5c4-63a5-5872-95b7-a3b4911aa072,syn1-P-001,Harbor Crest Residences,domain_units_deals,1,2025-08-03,595d9f18-8f5d-5c43-8866-791052463081,syn1-A-002,Harbor Crest 2,3,94.00,90,0,0.0000,0.0333,25,2,ok,0,2026-08-18 12:00:42.901000+00:00,0,0,30,22,2,6,0,6,20,0.3
2026-08-06,domain_units_deals,a453a5c4-63a5-5872-95b7-a3b4911aa072,syn1-P-001,Harbor Crest Residences,domain_units_deals,1,2025-08-03,595d9f18-8f5d-5c43-8866-791052463081,syn1-A-002,Harbor Crest 2,3,94.00,90,0,0.0000,0.0333,25,2,ok,0,2026-08-18 12:00:42.901000+00:00,0,0,30,22,2,6,0,6,20,0.3
2026-08-07,domain_units_deals,a453a5c4-63a5-5872-95b7-a3b4911aa072,syn1-P-001,Harbor Crest Residences,domain_units_deals,1,2025-08-03,595d9f18-8f5d-5c43-8866-791052463081,syn1-A-002,Harbor Crest 2,3,94.00,90,0,0.0000,0.0333,25,2,ok,0,2026-08-18 12:00:42.901000+00:00,0,0,30,22,2,6,0,6,20,0.3
2026-08-08,domain_units_deals,a453a5c4-63a5-5872-95b7-a3b4911aa072,syn1-P-001,Harbor Crest Residences,domain_units_deals,1,2025-08-03,595d9f18-8f5d-5c43-8866-791052463081,syn1-A-002,Harbor Crest 2,3,94.00,90,0,0.0000,0.0333,25,2,ok,0,2026-08-18 12:00:42.901000+00:00,0,0,30,22,2,6,0,6,20,0.3
2026-08-09,domain_units_deals,a453a5c4-63a5-5872-95b7-a3b4911aa072,syn1-P-001,Harbor Crest Residences,domain_units_deals,1,2025-08-03,595d9f18-8f5d-5c43-8866-791052463081,syn1-A-002,Harbor Crest 2,3,94.00,90,1,0.1429,0.0667,24,2,ok,1,2026-08-18 12:00:42.901000+00:00,0,0,30,22,2,6,0,6,20,0.3
2026-08-10,domain_units_deals,a453a5c4-63a5-5872-95b7-a3b4911aa072,syn1-P-001,Harbor Crest Residences,domain_units_deals,1,2025-08-03,595d9f18-8f5d-5c43-8866-791052463081,syn1-A-002,Harbor Crest 2,3,94.00,90,0,0.1429,0.0667,24,2,ok,0,2026-08-18 12:00:42.901000+00:00,0,0,30,22,2,6,0,6,20,0.3
2026-08-11,domain_units_deals,a453a5c4-63a5-5872-95b7-a3b4911aa072,syn1-P-001,Harbor Crest Residences,domain_units_deals,1,2025-08-03,595d9f18-8f5d-5c43-8866-791052463081,syn1-A-002,Harbor Crest 2,3,94.00,90,0,0.1429,0.0667,24,2,ok,0,2026-08-18 12:00:42.901000+00:00,0,0,30,22,2,6,0,6,20,0.3
2026-08-12,domain_units_deals,a453a5c4-63a5-5872-95b7-a3b4911aa072,syn1-P-001,Harbor Crest Residences,domain_units_deals,1,2025-08-03,595d9f18-8f5d-5c43-8866-791052463081,syn1-A-002,Harbor Crest 2,3,94.00,90,1,0.2857,0.1000,23,2,ok,1,2026-08-18 12:00:42.901000+00:00,0,0,30,22,2,6,0,6,20,0.3
2026-08-13,domain_units_deals,a453a5c4-63a5-5872-95b7-a3b4911aa072,syn1-P-001,Harbor Crest Residences,domain_units_deals,1,2025-08-03,595d9f18-8f5d-5c43-8866-791052463081,syn1-A-002,Harbor Crest 2,3,94.00,90,0,0.2857,0.0667,23,2,ok,0,2026-08-18 12:00:42.901000+00:00,0,0,30,22,2,6,0,6,20,0.3
2026-08-14,domain_units_deals,a453a5c4-63a5-5872-95b7-a3b4911aa072,syn1-P-001,Harbor Crest Residences,domain_units_deals,1,2025-08-03,595d9f18-8f5d-5c43-8866-791052463081,syn1-A-002,Harbor Crest 2,3,94.00,90,0,0.2857,0.0667,23,2,ok,0,2026-08-18 12:00:42.901000+00:00,0,0,30,22,2,6,0,6,20,0.3
2026-08-15,domain_units_deals,a453a5c4-63a5-5872-95b7-a3b4911aa072,syn1-P-001,Harbor Crest Residences,domain_units_deals,1,2025-08-03,595d9f18-8f5d-5c43-8866-791052463081,syn1-A-002,Harbor Crest 2,3,94.00,90,1,0.4286,0.1000,22,2,ok,1,2026-08-18 12:00:42.901000+00:00,0,0,30,22,2,6,0,6,20,0.3
2026-07-05,domain_units_deals,a453a5c4-63a5-5872-95b7-a3b4911aa072,syn1-P-001,Harbor Crest Residences,domain_units_deals,1,2025-08-03,0b24d289-da6c-5de3-9062-67af2813f4ea,syn1-A-003,Harbor Crest 3,1,45.20,80,1,1.0000,1.0000,21,1,warning,1,2026-08-18 12:00:42.901000+00:00,0,0,24,20,1,2,1,2,13,0.1538461538461538461538461538
2026-07-06,domain_units_deals,a453a5c4-63a5-5872-95b7-a3b4911aa072,syn1-P-001,Harbor Crest Residences,domain_units_deals,1,2025-08-03,0b24d289-da6c-5de3-9062-67af2813f4ea,syn1-A-003,Harbor Crest 3,1,45.20,80,0,0.5000,0.5000,21,1,warning,0,2026-08-18 12:00:42.901000+00:00,0,0,24,20,1,2,1,2,13,0.1538461538461538461538461538
2026-07-07,domain_units_deals,a453a5c4-63a5-5872-95b7-a3b4911aa072,syn1-P-001,Harbor Crest Residences,domain_units_deals,1,2025-08-03,0b24d289-da6c-5de3-9062-67af2813f4ea,syn1-A-003,Harbor Crest 3,1,45.20,80,0,0.3333,0.3333,21,1,warning,0,2026-08-18 12:00:42.901000+00:00,0,0,24,20,1,2,1,2,13,0.1538461538461538461538461538
2026-07-08,domain_units_deals,a453a5c4-63a5-5872-95b7-a3b4911aa072,syn1-P-001,Harbor Crest Residences,domain_units_deals,1,2025-08-03,0b24d289-da6c-5de3-9062-67af2813f4ea,syn1-A-003,Harbor Crest 3,1,45.20,80,0,0.2500,0.2500,21,1,warning,0,2026-08-18 12:00:42.901000+00:00,0,0,24,20,1,2,1,2,13,0.1538461538461538461538461538
2026-07-09,domain_units_deals,a453a5c4-63a5-5872-95b7-a3b4911aa072,syn1-P-001,Harbor Crest Residences,domain_units_deals,1,2025-08-03,0b24d289-da6c-5de3-9062-67af2813f4ea,syn1-A-003,Harbor Crest 3,1,45.20,80,0,0.2000,0.2000,21,1,warning,0,2026-08-18 12:00:42.901000+00:00,0,0,24,20,1,2,1,2,13,0.1538461538461538461538461538
2026-07-10,domain_units_deals,a453a5c4-63a5-5872-95b7-a3b4911aa072,syn1-P-001,Harbor Crest Residences,domain_units_deals,1,2025-08-03,0b24d289-da6c-5de3-9062-67af2813f4ea,syn1-A-003,Harbor Crest 3,1,45.20,80,0,0.1667,0.1667,21,1,warning,0,2026-08-18 12:00:42.901000+00:00,0,0,24,20,1,2,1,2,13,0.1538461538461538461538461538
2026-07-11,domain_units_deals,a453a5c4-63a5-5872-95b7-a3b4911aa072,syn1-P-001,Harbor Crest Residences,domain_units_deals,1,2025-08-03,0b24d289-da6c-5de3-9062-67af2813f4ea,syn1-A-003,Harbor Crest 3,1,45.20,80,0,0.1429,0.1429,21,1,warning,0,2026-08-18 12:00:42.901000+00:00,0,0,24,20,1,2,1,2,13,0.1538461538461538461538461538
2026-07-12,domain_units_deals,a453a5c4-63a5-5872-95b7-a3b4911aa072,syn1-P-001,Harbor Crest Residences,domain_units_deals,1,2025-08-03,0b24d289-da6c-5de3-9062-67af2813f4ea,syn1-A-003,Harbor Crest 3,1,45.20,80,0,0.0000,0.1250,21,1,warning,0,2026-08-18 12:00:42.901000+00:00,0,0,24,20,1,2,1,2,13,0.1538461538461538461538461538
2026-07-13,domain_units_deals,a453a5c4-63a5-5872-95b7-a3b4911aa072,syn1-P-001,Harbor Crest Residences,domain_units_deals,1,2025-08-03,0b24d289-da6c-5de3-9062-67af2813f4ea,syn1-A-003,Harbor Crest 3,1,45.20,80,0,0.0000,0.1111,21,1,warning,0,2026-08-18 12:00:42.901000+00:00,0,0,24,20,1,2,1,2,13,0.1538461538461538461538461538
2026-07-14,domain_units_deals,a453a5c4-63a5-5872-95b7-a3b4911aa072,syn1-P-001,Harbor Crest Residences,domain_units_deals,1,2025-08-03,0b24d289-da6c-5de3-9062-67af2813f4ea,syn1-A-003,Harbor Crest 3,1,45.20,80,1,0.1429,0.2000,20,1,warning,1,2026-08-18 12:00:42.901000+00:00,0,0,24,20,1,2,1,2,13,0.1538461538461538461538461538
2026-06-17,domain_units_deals,7887a084-3d77-59c1-8dca-983994b0cb6e,syn1-P-002,Willow Park Gardens,legacy_aggregate,0,2025-08-03,d1c16841-dee0-58bc-aa62-67fd335b971f,syn1-A-005,Willow Park A,2,70.00,100,1,1.0000,1.0000,27,2,warning,1,2026-08-18 12:00:43.697846+00:00,0,0,30,19,2,9,0,9,23,0.3913043478260869565217391304
2026-06-18,domain_units_deals,7887a084-3d77-59c1-8dca-983994b0cb6e,syn1-P-002,Willow Park Gardens,legacy_aggregate,0,2025-08-03,d1c16841-dee0-58bc-aa62-67fd335b971f,syn1-A-005,Willow Park A,2,70.00,100,0,0.5000,0.5000,27,2,warning,0,2026-08-18 12:00:43.697846+00:00,0,0,30,19,2,9,0,9,23,0.3913043478260869565217391304
2026-06-19,domain_units_deals,7887a084-3d77-59c1-8dca-983994b0cb6e,syn1-P-002,Willow Park Gardens,legacy_aggregate,0,2025-08-03,d1c16841-dee0-58bc-aa62-67fd335b971f,syn1-A-005,Willow Park A,2,70.00,100,0,0.3333,0.3333,27,2,warning,0,2026-08-18 12:00:43.697846+00:00,0,0,30,19,2,9,0,9,23,0.3913043478260869565217391304
2026-06-20,domain_units_deals,7887a084-3d77-59c1-8dca-983994b0cb6e,syn1-P-002,Willow Park Gardens,legacy_aggregate,0,2025-08-03,d1c16841-dee0-58bc-aa62-67fd335b971f,syn1-A-005,Willow Park A,2,70.00,100,0,0.2500,0.2500,27,2,warning,0,2026-08-18 12:00:43.697846+00:00,0,0,30,19,2,9,0,9,23,0.3913043478260869565217391304
2026-06-21,domain_units_deals,7887a084-3d77-59c1-8dca-983994b0cb6e,syn1-P-002,Willow Park Gardens,legacy_aggregate,0,2025-08-03,d1c16841-dee0-58bc-aa62-67fd335b971f,syn1-A-005,Willow Park A,2,70.00,100,0,0.2000,0.2000,27,2,warning,0,2026-08-18 12:00:43.697846+00:00,0,0,30,19,2,9,0,9,23,0.3913043478260869565217391304
2026-06-22,domain_units_deals,7887a084-3d77-59c1-8dca-983994b0cb6e,syn1-P-002,Willow Park Gardens,legacy_aggregate,0,2025-08-03,d1c16841-dee0-58bc-aa62-67fd335b971f,syn1-A-005,Willow Park A,2,70.00,100,0,0.1667,0.1667,27,2,warning,0,2026-08-18 12:00:43.697846+00:00,0,0,30,19,2,9,0,9,23,0.3913043478260869565217391304
2026-06-23,domain_units_deals,7887a084-3d77-59c1-8dca-983994b0cb6e,syn1-P-002,Willow Park Gardens,legacy_aggregate,0,2025-08-03,d1c16841-dee0-58bc-aa62-67fd335b971f,syn1-A-005,Willow Park A,2,70.00,100,0,0.1429,0.1429,27,2,warning,0,2026-08-18 12:00:43.697846+00:00,0,0,30,19,2,9,0,9,23,0.3913043478260869565217391304
2026-06-24,domain_units_deals,7887a084-3d77-59c1-8dca-983994b0cb6e,syn1-P-002,Willow Park Gardens,legacy_aggregate,0,2025-08-03,d1c16841-dee0-58bc-aa62-67fd335b971f,syn1-A-005,Willow Park A,2,70.00,100,0,0.0000,0.1250,27,2,warning,0,2026-08-18 12:00:43.697846+00:00,0,0,30,19,2,9,0,9,23,0.3913043478260869565217391304
2026-06-25,domain_units_deals,7887a084-3d77-59c1-8dca-983994b0cb6e,syn1-P-002,Willow Park Gardens,legacy_aggregate,0,2025-08-03,d1c16841-dee0-58bc-aa62-67fd335b971f,syn1-A-005,Willow Park A,2,70.00,100,0,0.0000,0.1111,27,2,warning,0,2026-08-18 12:00:43.697846+00:00,0,0,30,19,2,9,0,9,23,0.3913043478260869565217391304
2026-06-26,domain_units_deals,7887a084-3d77-59c1-8dca-983994b0cb6e,syn1-P-002,Willow Park Gardens,legacy_aggregate,0,2025-08-03,d1c16841-dee0-58bc-aa62-67fd335b971f,syn1-A-005,Willow Park A,2,70.00,100,1,0.1429,0.2000,26,2,warning,1,2026-08-18 12:00:43.697846+00:00,0,0,30,19,2,9,0,9,23,0.3913043478260869565217391304
2026-06-27,domain_units_deals,7887a084-3d77-59c1-8dca-983994b0cb6e,syn1-P-002,Willow Park Gardens,legacy_aggregate,0,2025-08-03,d1c16841-dee0-58bc-aa62-67fd335b971f,syn1-A-005,Willow Park A,2,70.00,100,0,0.1429,0.1818,26,2,warning,0,2026-08-18 12:00:43.697846+00:00,0,0,30,19,2,9,0,9,23,0.3913043478260869565217391304
2026-06-28,domain_units_deals,7887a084-3d77-59c1-8dca-983994b0cb6e,syn1-P-002,Willow Park Gardens,legacy_aggregate,0,2025-08-03,d1c16841-dee0-58bc-aa62-67fd335b971f,syn1-A-005,Willow Park A,2,70.00,100,0,0.1429,0.1667,26,2,warning,0,2026-08-18 12:00:43.697846+00:00,0,0,30,19,2,9,0,9,23,0.3913043478260869565217391304
2026-06-29,domain_units_deals,7887a084-3d77-59c1-8dca-983994b0cb6e,syn1-P-002,Willow Park Gardens,legacy_aggregate,0,2025-08-03,d1c16841-dee0-58bc-aa62-67fd335b971f,syn1-A-005,Willow Park A,2,70.00,100,0,0.1429,0.1538,26,2,warning,0,2026-08-18 12:00:43.697846+00:00,0,0,30,19,2,9,0,9,23,0.3913043478260869565217391304
2026-06-30,domain_units_deals,7887a084-3d77-59c1-8dca-983994b0cb6e,syn1-P-002,Willow Park Gardens,legacy_aggregate,0,2025-08-03,d1c16841-dee0-58bc-aa62-67fd335b971f,syn1-A-005,Willow Park A,2,70.00,100,0,0.1429,0.1429,26,2,warning,0,2026-08-18 12:00:43.697846+00:00,0,0,30,19,2,9,0,9,23,0.3913043478260869565217391304
2026-07-01,domain_units_deals,7887a084-3d77-59c1-8dca-983994b0cb6e,syn1-P-002,Willow Park Gardens,legacy_aggregate,0,2025-08-03,d1c16841-dee0-58bc-aa62-67fd335b971f,syn1-A-005,Willow Park A,2,70.00,100,0,0.1429,0.1333,26,2,warning,0,2026-08-18 12:00:43.697846+00:00,0,0,30,19,2,9,0,9,23,0.3913043478260869565217391304
2026-07-02,domain_units_deals,7887a084-3d77-59c1-8dca-983994b0cb6e,syn1-P-002,Willow Park Gardens,legacy_aggregate,0,2025-08-03,d1c16841-dee0-58bc-aa62-67fd335b971f,syn1-A-005,Willow Park A,2,70.00,100,0,0.1429,0.1250,26,2,warning,0,2026-08-18 12:00:43.697846+00:00,0,0,30,19,2,9,0,9,23,0.3913043478260869565217391304
2026-07-03,domain_units_deals,7887a084-3d77-59c1-8dca-983994b0cb6e,syn1-P-002,Willow Park Gardens,legacy_aggregate,0,2025-08-03,d1c16841-dee0-58bc-aa62-67fd335b971f,syn1-A-005,Willow Park A,2,70.00,100,0,0.0000,0.1176,26,2,warning,0,2026-08-18 12:00:43.697846+00:00,0,0,30,19,2,9,0,9,23,0.3913043478260869565217391304
2026-07-04,domain_units_deals,7887a084-3d77-59c1-8dca-983994b0cb6e,syn1-P-002,Willow Park Gardens,legacy_aggregate,0,2025-08-03,d1c16841-dee0-58bc-aa62-67fd335b971f,syn1-A-005,Willow Park A,2,70.00,100,0,0.0000,0.1111,26,2,warning,0,2026-08-18 12:00:43.697846+00:00,0,0,30,19,2,9,0,9,23,0.3913043478260869565217391304
2026-07-05,domain_units_deals,7887a084-3d77-59c1-8dca-983994b0cb6e,syn1-P-002,Willow Park Gardens,legacy_aggregate,0,2025-08-03,d1c16841-dee0-58bc-aa62-67fd335b971f,syn1-A-005,Willow Park A,2,70.00,100,1,0.1429,0.1579,25,2,warning,1,2026-08-18 12:00:43.697846+00:00,0,0,30,19,2,9,0,9,23,0.3913043478260869565217391304
2026-07-06,domain_units_deals,7887a084-3d77-59c1-8dca-983994b0cb6e,syn1-P-002,Willow Park Gardens,legacy_aggregate,0,2025-08-03,d1c16841-dee0-58bc-aa62-67fd335b971f,syn1-A-005,Willow Park A,2,70.00,100,0,0.1429,0.1500,25,2,warning,0,2026-08-18 12:00:43.697846+00:00,0,0,30,19,2,9,0,9,23,0.3913043478260869565217391304
2026-07-07,domain_units_deals,7887a084-3d77-59c1-8dca-983994b0cb6e,syn1-P-002,Willow Park Gardens,legacy_aggregate,0,2025-08-03,d1c16841-dee0-58bc-aa62-67fd335b971f,syn1-A-005,Willow Park A,2,70.00,100,0,0.1429,0.1429,25,2,warning,0,2026-08-18 12:00:43.697846+00:00,0,0,30,19,2,9,0,9,23,0.3913043478260869565217391304
2026-07-08,domain_units_deals,7887a084-3d77-59c1-8dca-983994b0cb6e,syn1-P-002,Willow Park Gardens,legacy_aggregate,0,2025-08-03,d1c16841-dee0-58bc-aa62-67fd335b971f,syn1-A-005,Willow Park A,2,70.00,100,0,0.1429,0.1364,25,2,warning,0,2026-08-18 12:00:43.697846+00:00,0,0,30,19,2,9,0,9,23,0.3913043478260869565217391304
2026-07-09,domain_units_deals,7887a084-3d77-59c1-8dca-983994b0cb6e,syn1-P-002,Willow Park Gardens,legacy_aggregate,0,2025-08-03,d1c16841-dee0-58bc-aa62-67fd335b971f,syn1-A-005,Willow Park A,2,70.00,100,0,0.1429,0.1304,25,2,warning,0,2026-08-18 12:00:43.697846+00:00,0,0,30,19,2,9,0,9,23,0.3913043478260869565217391304
2026-07-10,domain_units_deals,7887a084-3d77-59c1-8dca-983994b0cb6e,syn1-P-002,Willow Park Gardens,legacy_aggregate,0,2025-08-03,d1c16841-dee0-58bc-aa62-67fd335b971f,syn1-A-005,Willow Park A,2,70.00,100,0,0.1429,0.1250,25,2,warning,0,2026-08-18 12:00:43.697846+00:00,0,0,30,19,2,9,0,9,23,0.3913043478260869565217391304
2026-07-11,domain_units_deals,7887a084-3d77-59c1-8dca-983994b0cb6e,syn1-P-002,Willow Park Gardens,legacy_aggregate,0,2025-08-03,d1c16841-dee0-58bc-aa62-67fd335b971f,syn1-A-005,Willow Park A,2,70.00,100,0,0.1429,0.1200,25,2,warning,0,2026-08-18 12:00:43.697846+00:00,0,0,30,19,2,9,0,9,23,0.3913043478260869565217391304
2026-07-12,domain_units_deals,7887a084-3d77-59c1-8dca-983994b0cb6e,syn1-P-002,Willow Park Gardens,legacy_aggregate,0,2025-08-03,d1c16841-dee0-58bc-aa62-67fd335b971f,syn1-A-005,Willow Park A,2,70.00,100,0,0.0000,0.1154,25,2,warning,0,2026-08-18 12:00:43.697846+00:00,0,0,30,19,2,9,0,9,23,0.3913043478260869565217391304
2026-07-13,domain_units_deals,7887a084-3d77-59c1-8dca-983994b0cb6e,syn1-P-002,Willow Park Gardens,legacy_aggregate,0,2025-08-03,d1c16841-dee0-58bc-aa62-67fd335b971f,syn1-A-005,Willow Park A,2,70.00,100,0,0.0000,0.1111,25,2,warning,0,2026-08-18 12:00:43.697846+00:00,0,0,30,19,2,9,0,9,23,0.3913043478260869565217391304
2026-07-14,domain_units_deals,7887a084-3d77-59c1-8dca-983994b0cb6e,syn1-P-002,Willow Park Gardens,legacy_aggregate,0,2025-08-03,d1c16841-dee0-58bc-aa62-67fd335b971f,syn1-A-005,Willow Park A,2,70.00,100,1,0.1429,0.1429,24,2,warning,1,2026-08-18 12:00:43.697846+00:00,0,0,30,19,2,9,0,9,23,0.3913043478260869565217391304
2026-07-15,domain_units_deals,7887a084-3d77-59c1-8dca-983994b0cb6e,syn1-P-002,Willow Park Gardens,legacy_aggregate,0,2025-08-03,d1c16841-dee0-58bc-aa62-67fd335b971f,syn1-A-005,Willow Park A,2,70.00,100,0,0.1429,0.1379,24,2,warning,0,2026-08-18 12:00:43.697846+00:00,0,0,30,19,2,9,0,9,23,0.3913043478260869565217391304
2026-07-16,domain_units_deals,7887a084-3d77-59c1-8dca-983994b0cb6e,syn1-P-002,Willow Park Gardens,legacy_aggregate,0,2025-08-03,d1c16841-dee0-58bc-aa62-67fd335b971f,syn1-A-005,Willow Park A,2,70.00,100,0,0.1429,0.1333,24,2,ok,0,2026-08-18 12:00:43.697846+00:00,0,0,30,19,2,9,0,9,23,0.3913043478260869565217391304
2026-07-17,domain_units_deals,7887a084-3d77-59c1-8dca-983994b0cb6e,syn1-P-002,Willow Park Gardens,legacy_aggregate,0,2025-08-03,d1c16841-dee0-58bc-aa62-67fd335b971f,syn1-A-005,Willow Park A,2,70.00,100,0,0.1429,0.1000,24,2,ok,0,2026-08-18 12:00:43.697846+00:00,0,0,30,19,2,9,0,9,23,0.3913043478260869565217391304
2026-07-18,domain_units_deals,7887a084-3d77-59c1-8dca-983994b0cb6e,syn1-P-002,Willow Park Gardens,legacy_aggregate,0,2025-08-03,d1c16841-dee0-58bc-aa62-67fd335b971f,syn1-A-005,Willow Park A,2,70.00,100,0,0.1429,0.1000,24,2,ok,0,2026-08-18 12:00:43.697846+00:00,0,0,30,19,2,9,0,9,23,0.3913043478260869565217391304
2026-07-19,domain_units_deals,7887a084-3d77-59c1-8dca-983994b0cb6e,syn1-P-002,Willow Park Gardens,legacy_aggregate,0,2025-08-03,d1c16841-dee0-58bc-aa62-67fd335b971f,syn1-A-005,Willow Park A,2,70.00,100,0,0.1429,0.1000,24,2,ok,0,2026-08-18 12:00:43.697846+00:00,0,0,30,19,2,9,0,9,23,0.3913043478260869565217391304
2026-07-20,domain_units_deals,7887a084-3d77-59c1-8dca-983994b0cb6e,syn1-P-002,Willow Park Gardens,legacy_aggregate,0,2025-08-03,d1c16841-dee0-58bc-aa62-67fd335b971f,syn1-A-005,Willow Park A,2,70.00,100,0,0.1429,0.1000,24,2,ok,0,2026-08-18 12:00:43.697846+00:00,0,0,30,19,2,9,0,9,23,0.3913043478260869565217391304
2026-07-21,domain_units_deals,7887a084-3d77-59c1-8dca-983994b0cb6e,syn1-P-002,Willow Park Gardens,legacy_aggregate,0,2025-08-03,d1c16841-dee0-58bc-aa62-67fd335b971f,syn1-A-005,Willow Park A,2,70.00,100,0,0.0000,0.1000,24,2,ok,0,2026-08-18 12:00:43.697846+00:00,0,0,30,19,2,9,0,9,23,0.3913043478260869565217391304
2026-07-22,domain_units_deals,7887a084-3d77-59c1-8dca-983994b0cb6e,syn1-P-002,Willow Park Gardens,legacy_aggregate,0,2025-08-03,d1c16841-dee0-58bc-aa62-67fd335b971f,syn1-A-005,Willow Park A,2,70.00,100,0,0.0000,0.1000,24,2,ok,0,2026-08-18 12:00:43.697846+00:00,0,0,30,19,2,9,0,9,23,0.3913043478260869565217391304
2026-07-23,domain_units_deals,7887a084-3d77-59c1-8dca-983994b0cb6e,syn1-P-002,Willow Park Gardens,legacy_aggregate,0,2025-08-03,d1c16841-dee0-58bc-aa62-67fd335b971f,syn1-A-005,Willow Park A,2,70.00,100,0,0.0000,0.1000,24,2,ok,0,2026-08-18 12:00:43.697846+00:00,0,0,30,19,2,9,0,9,23,0.3913043478260869565217391304
2026-07-24,domain_units_deals,7887a084-3d77-59c1-8dca-983994b0cb6e,syn1-P-002,Willow Park Gardens,legacy_aggregate,0,2025-08-03,d1c16841-dee0-58bc-aa62-67fd335b971f,syn1-A-005,Willow Park A,2,70.00,100,0,0.0000,0.1000,24,2,ok,0,2026-08-18 12:00:43.697846+00:00,0,0,30,19,2,9,0,9,23,0.3913043478260869565217391304
2026-07-25,domain_units_deals,7887a084-3d77-59c1-8dca-983994b0cb6e,syn1-P-002,Willow Park Gardens,legacy_aggregate,0,2025-08-03,d1c16841-dee0-58bc-aa62-67fd335b971f,syn1-A-005,Willow Park A,2,70.00,100,0,0.0000,0.1000,24,2,ok,0,2026-08-18 12:00:43.697846+00:00,0,0,30,19,2,9,0,9,23,0.3913043478260869565217391304
2026-07-26,domain_units_deals,7887a084-3d77-59c1-8dca-983994b0cb6e,syn1-P-002,Willow Park Gardens,legacy_aggregate,0,2025-08-03,d1c16841-dee0-58bc-aa62-67fd335b971f,syn1-A-005,Willow Park A,2,70.00,100,0,0.0000,0.0667,24,2,ok,0,2026-08-18 12:00:43.697846+00:00,0,0,30,19,2,9,0,9,23,0.3913043478260869565217391304
2026-07-27,domain_units_deals,7887a084-3d77-59c1-8dca-983994b0cb6e,syn1-P-002,Willow Park Gardens,legacy_aggregate,0,2025-08-03,d1c16841-dee0-58bc-aa62-67fd335b971f,syn1-A-005,Willow Park A,2,70.00,100,0,0.0000,0.0667,24,2,ok,0,2026-08-18 12:00:43.697846+00:00,0,0,30,19,2,9,0,9,23,0.3913043478260869565217391304
2026-07-28,domain_units_deals,7887a084-3d77-59c1-8dca-983994b0cb6e,syn1-P-002,Willow Park Gardens,legacy_aggregate,0,2025-08-03,d1c16841-dee0-58bc-aa62-67fd335b971f,syn1-A-005,Willow Park A,2,70.00,100,0,0.0000,0.0667,24,2,ok,0,2026-08-18 12:00:43.697846+00:00,0,0,30,19,2,9,0,9,23,0.3913043478260869565217391304
2026-07-29,domain_units_deals,7887a084-3d77-59c1-8dca-983994b0cb6e,syn1-P-002,Willow Park Gardens,legacy_aggregate,0,2025-08-03,d1c16841-dee0-58bc-aa62-67fd335b971f,syn1-A-005,Willow Park A,2,70.00,100,0,0.0000,0.0667,24,2,ok,0,2026-08-18 12:00:43.697846+00:00,0,0,30,19,2,9,0,9,23,0.3913043478260869565217391304
2026-07-30,domain_units_deals,7887a084-3d77-59c1-8dca-983994b0cb6e,syn1-P-002,Willow Park Gardens,legacy_aggregate,0,2025-08-03,d1c16841-dee0-58bc-aa62-67fd335b971f,syn1-A-005,Willow Park A,2,70.00,100,0,0.0000,0.0667,24,2,ok,0,2026-08-18 12:00:43.697846+00:00,0,0,30,19,2,9,0,9,23,0.3913043478260869565217391304
2026-07-31,domain_units_deals,7887a084-3d77-59c1-8dca-983994b0cb6e,syn1-P-002,Willow Park Gardens,legacy_aggregate,0,2025-08-03,d1c16841-dee0-58bc-aa62-67fd335b971f,syn1-A-005,Willow Park A,2,70.00,100,0,0.0000,0.0667,24,2,ok,0,2026-08-18 12:00:43.697846+00:00,0,0,30,19,2,9,0,9,23,0.3913043478260869565217391304
2026-08-01,domain_units_deals,7887a084-3d77-59c1-8dca-983994b0cb6e,syn1-P-002,Willow Park Gardens,legacy_aggregate,0,2025-08-03,d1c16841-dee0-58bc-aa62-67fd335b971f,syn1-A-005,Willow Park A,2,70.00,100,0,0.0000,0.0667,24,2,ok,0,2026-08-18 12:00:43.697846+00:00,0,0,30,19,2,9,0,9,23,0.3913043478260869565217391304
2026-08-02,domain_units_deals,7887a084-3d77-59c1-8dca-983994b0cb6e,syn1-P-002,Willow Park Gardens,legacy_aggregate,0,2025-08-03,d1c16841-dee0-58bc-aa62-67fd335b971f,syn1-A-005,Willow Park A,2,70.00,100,0,0.0000,0.0667,24,2,ok,0,2026-08-18 12:00:43.697846+00:00,0,0,30,19,2,9,0,9,23,0.3913043478260869565217391304
2026-08-03,domain_units_deals,7887a084-3d77-59c1-8dca-983994b0cb6e,syn1-P-002,Willow Park Gardens,legacy_aggregate,0,2025-08-03,d1c16841-dee0-58bc-aa62-67fd335b971f,syn1-A-005,Willow Park A,2,70.00,100,1,0.1429,0.1000,23,2,ok,1,2026-08-18 12:00:43.697846+00:00,0,0,30,19,2,9,0,9,23,0.3913043478260869565217391304
2026-08-04,domain_units_deals,7887a084-3d77-59c1-8dca-983994b0cb6e,syn1-P-002,Willow Park Gardens,legacy_aggregate,0,2025-08-03,d1c16841-dee0-58bc-aa62-67fd335b971f,syn1-A-005,Willow Park A,2,70.00,100,0,0.1429,0.0667,23,2,ok,0,2026-08-18 12:00:43.697846+00:00,0,0,30,19,2,9,0,9,23,0.3913043478260869565217391304
2026-08-05,domain_units_deals,7887a084-3d77-59c1-8dca-983994b0cb6e,syn1-P-002,Willow Park Gardens,legacy_aggregate,0,2025-08-03,d1c16841-dee0-58bc-aa62-67fd335b971f,syn1-A-005,Willow Park A,2,70.00,100,0,0.1429,0.0667,23,2,ok,0,2026-08-18 12:00:43.697846+00:00,0,0,30,19,2,9,0,9,23,0.3913043478260869565217391304
2026-08-06,domain_units_deals,7887a084-3d77-59c1-8dca-983994b0cb6e,syn1-P-002,Willow Park Gardens,legacy_aggregate,0,2025-08-03,d1c16841-dee0-58bc-aa62-67fd335b971f,syn1-A-005,Willow Park A,2,70.00,100,1,0.2857,0.1000,22,2,ok,1,2026-08-18 12:00:43.697846+00:00,0,0,30,19,2,9,0,9,23,0.3913043478260869565217391304
2026-08-07,domain_units_deals,7887a084-3d77-59c1-8dca-983994b0cb6e,syn1-P-002,Willow Park Gardens,legacy_aggregate,0,2025-08-03,d1c16841-dee0-58bc-aa62-67fd335b971f,syn1-A-005,Willow Park A,2,70.00,100,0,0.2857,0.1000,22,2,ok,0,2026-08-18 12:00:43.697846+00:00,0,0,30,19,2,9,0,9,23,0.3913043478260869565217391304
2026-08-08,domain_units_deals,7887a084-3d77-59c1-8dca-983994b0cb6e,syn1-P-002,Willow Park Gardens,legacy_aggregate,0,2025-08-03,d1c16841-dee0-58bc-aa62-67fd335b971f,syn1-A-005,Willow Park A,2,70.00,100,0,0.2857,0.1000,22,2,ok,0,2026-08-18 12:00:43.697846+00:00,0,0,30,19,2,9,0,9,23,0.3913043478260869565217391304
2026-08-09,domain_units_deals,7887a084-3d77-59c1-8dca-983994b0cb6e,syn1-P-002,Willow Park Gardens,legacy_aggregate,0,2025-08-03,d1c16841-dee0-58bc-aa62-67fd335b971f,syn1-A-005,Willow Park A,2,70.00,100,1,0.4286,0.1333,21,2,ok,1,2026-08-18 12:00:43.697846+00:00,0,0,30,19,2,9,0,9,23,0.3913043478260869565217391304
2026-08-10,domain_units_deals,7887a084-3d77-59c1-8dca-983994b0cb6e,syn1-P-002,Willow Park Gardens,legacy_aggregate,0,2025-08-03,d1c16841-dee0-58bc-aa62-67fd335b971f,syn1-A-005,Willow Park A,2,70.00,100,0,0.2857,0.1333,21,2,ok,0,2026-08-18 12:00:43.697846+00:00,0,0,30,19,2,9,0,9,23,0.3913043478260869565217391304
2026-08-11,domain_units_deals,7887a084-3d77-59c1-8dca-983994b0cb6e,syn1-P-002,Willow Park Gardens,legacy_aggregate,0,2025-08-03,d1c16841-dee0-58bc-aa62-67fd335b971f,syn1-A-005,Willow Park A,2,70.00,100,0,0.2857,0.1333,21,2,ok,0,2026-08-18 12:00:43.697846+00:00,0,0,30,19,2,9,0,9,23,0.3913043478260869565217391304
2026-08-12,domain_units_deals,7887a084-3d77-59c1-8dca-983994b0cb6e,syn1-P-002,Willow Park Gardens,legacy_aggregate,0,2025-08-03,d1c16841-dee0-58bc-aa62-67fd335b971f,syn1-A-005,Willow Park A,2,70.00,100,1,0.4286,0.1667,20,2,ok,1,2026-08-18 12:00:43.697846+00:00,0,0,30,19,2,9,0,9,23,0.3913043478260869565217391304
2026-08-13,domain_units_deals,7887a084-3d77-59c1-8dca-983994b0cb6e,syn1-P-002,Willow Park Gardens,legacy_aggregate,0,2025-08-03,d1c16841-dee0-58bc-aa62-67fd335b971f,syn1-A-005,Willow Park A,2,70.00,100,0,0.2857,0.1333,20,2,ok,0,2026-08-18 12:00:43.697846+00:00,0,0,30,19,2,9,0,9,23,0.3913043478260869565217391304
2026-08-14,domain_units_deals,7887a084-3d77-59c1-8dca-983994b0cb6e,syn1-P-002,Willow Park Gardens,legacy_aggregate,0,2025-08-03,d1c16841-dee0-58bc-aa62-67fd335b971f,syn1-A-005,Willow Park A,2,70.00,100,0,0.2857,0.1333,20,2,ok,0,2026-08-18 12:00:43.697846+00:00,0,0,30,19,2,9,0,9,23,0.3913043478260869565217391304
2026-08-15,domain_units_deals,7887a084-3d77-59c1-8dca-983994b0cb6e,syn1-P-002,Willow Park Gardens,legacy_aggregate,0,2025-08-03,d1c16841-dee0-58bc-aa62-67fd335b971f,syn1-A-005,Willow Park A,2,70.00,100,1,0.4286,0.1667,19,2,ok,1,2026-08-18 12:00:43.697846+00:00,0,0,30,19,2,9,0,9,23,0.3913043478260869565217391304
2026-05-26,legacy_aggregate,7887a084-3d77-59c1-8dca-983994b0cb6e,syn1-P-002,Willow Park Gardens,legacy_aggregate,1,2025-08-03,d1c16841-dee0-58bc-aa62-67fd335b971f,syn1-A-005,Willow Park A,2,70.00,100,1,1.0000,1.0000,,,warning,1,2026-08-18 12:00:43.809995+00:00,1,1,30,19,2,9,0,9,23,0.3913043478260869565217391304
2026-05-27,legacy_aggregate,7887a084-3d77-59c1-8dca-983994b0cb6e,syn1-P-002,Willow Park Gardens,legacy_aggregate,1,2025-08-03,d1c16841-dee0-58bc-aa62-67fd335b971f,syn1-A-005,Willow Park A,2,70.00,100,0,0.5000,0.5000,,,warning,0,2026-08-18 12:00:43.809995+00:00,1,1,30,19,2,9,0,9,23,0.3913043478260869565217391304
2026-05-28,legacy_aggregate,7887a084-3d77-59c1-8dca-983994b0cb6e,syn1-P-002,Willow Park Gardens,legacy_aggregate,1,2025-08-03,d1c16841-dee0-58bc-aa62-67fd335b971f,syn1-A-005,Willow Park A,2,70.00,100,0,0.3333,0.3333,,,warning,0,2026-08-18 12:00:43.809995+00:00,1,1,30,19,2,9,0,9,23,0.3913043478260869565217391304
2026-05-29,legacy_aggregate,7887a084-3d77-59c1-8dca-983994b0cb6e,syn1-P-002,Willow Park Gardens,legacy_aggregate,1,2025-08-03,d1c16841-dee0-58bc-aa62-67fd335b971f,syn1-A-005,Willow Park A,2,70.00,100,0,0.2500,0.2500,,,warning,0,2026-08-18 12:00:43.809995+00:00,1,1,30,19,2,9,0,9,23,0.3913043478260869565217391304
2026-05-30,legacy_aggregate,7887a084-3d77-59c1-8dca-983994b0cb6e,syn1-P-002,Willow Park Gardens,legacy_aggregate,1,2025-08-03,d1c16841-dee0-58bc-aa62-67fd335b971f,syn1-A-005,Willow Park A,2,70.00,100,0,0.2000,0.2000,,,warning,0,2026-08-18 12:00:43.809995+00:00,1,1,30,19,2,9,0,9,23,0.3913043478260869565217391304
2026-05-31,legacy_aggregate,7887a084-3d77-59c1-8dca-983994b0cb6e,syn1-P-002,Willow Park Gardens,legacy_aggregate,1,2025-08-03,d1c16841-dee0-58bc-aa62-67fd335b971f,syn1-A-005,Willow Park A,2,70.00,100,0,0.1667,0.1667,,,warning,0,2026-08-18 12:00:43.809995+00:00,1,1,30,19,2,9,0,9,23,0.3913043478260869565217391304
2026-06-01,legacy_aggregate,7887a084-3d77-59c1-8dca-983994b0cb6e,syn1-P-002,Willow Park Gardens,legacy_aggregate,1,2025-08-03,d1c16841-dee0-58bc-aa62-67fd335b971f,syn1-A-005,Willow Park A,2,70.00,100,0,0.1429,0.1429,,,warning,0,2026-08-18 12:00:43.809995+00:00,1,1,30,19,2,9,0,9,23,0.3913043478260869565217391304
2026-06-02,legacy_aggregate,7887a084-3d77-59c1-8dca-983994b0cb6e,syn1-P-002,Willow Park Gardens,legacy_aggregate,1,2025-08-03,d1c16841-dee0-58bc-aa62-67fd335b971f,syn1-A-005,Willow Park A,2,70.00,100,3,0.4286,0.5000,,,warning,1,2026-08-18 12:00:43.809995+00:00,1,1,30,19,2,9,0,9,23,0.3913043478260869565217391304
2026-06-03,legacy_aggregate,7887a084-3d77-59c1-8dca-983994b0cb6e,syn1-P-002,Willow Park Gardens,legacy_aggregate,1,2025-08-03,d1c16841-dee0-58bc-aa62-67fd335b971f,syn1-A-005,Willow Park A,2,70.00,100,0,0.4286,0.4444,,,warning,0,2026-08-18 12:00:43.809995+00:00,1,1,30,19,2,9,0,9,23,0.3913043478260869565217391304
2026-06-04,legacy_aggregate,7887a084-3d77-59c1-8dca-983994b0cb6e,syn1-P-002,Willow Park Gardens,legacy_aggregate,1,2025-08-03,d1c16841-dee0-58bc-aa62-67fd335b971f,syn1-A-005,Willow Park A,2,70.00,100,0,0.4286,0.4000,,,warning,0,2026-08-18 12:00:43.809995+00:00,1,1,30,19,2,9,0,9,23,0.3913043478260869565217391304
2026-06-05,legacy_aggregate,7887a084-3d77-59c1-8dca-983994b0cb6e,syn1-P-002,Willow Park Gardens,legacy_aggregate,1,2025-08-03,d1c16841-dee0-58bc-aa62-67fd335b971f,syn1-A-005,Willow Park A,2,70.00,100,0,0.4286,0.3636,,,warning,0,2026-08-18 12:00:43.809995+00:00,1,1,30,19,2,9,0,9,23,0.3913043478260869565217391304
2026-06-06,legacy_aggregate,7887a084-3d77-59c1-8dca-983994b0cb6e,syn1-P-002,Willow Park Gardens,legacy_aggregate,1,2025-08-03,d1c16841-dee0-58bc-aa62-67fd335b971f,syn1-A-005,Willow Park A,2,70.00,100,0,0.4286,0.3333,,,warning,0,2026-08-18 12:00:43.809995+00:00,1,1,30,19,2,9,0,9,23,0.3913043478260869565217391304
2026-06-07,legacy_aggregate,7887a084-3d77-59c1-8dca-983994b0cb6e,syn1-P-002,Willow Park Gardens,legacy_aggregate,1,2025-08-03,d1c16841-dee0-58bc-aa62-67fd335b971f,syn1-A-005,Willow Park A,2,70.00,100,0,0.4286,0.3077,,,warning,0,2026-08-18 12:00:43.809995+00:00,1,1,30,19,2,9,0,9,23,0.3913043478260869565217391304
2026-06-08,legacy_aggregate,7887a084-3d77-59c1-8dca-983994b0cb6e,syn1-P-002,Willow Park Gardens,legacy_aggregate,1,2025-08-03,d1c16841-dee0-58bc-aa62-67fd335b971f,syn1-A-005,Willow Park A,2,70.00,100,0,0.4286,0.2857,,,warning,0,2026-08-18 12:00:43.809995+00:00,1,1,30,19,2,9,0,9,23,0.3913043478260869565217391304
2026-06-09,legacy_aggregate,7887a084-3d77-59c1-8dca-983994b0cb6e,syn1-P-002,Willow Park Gardens,legacy_aggregate,1,2025-08-03,d1c16841-dee0-58bc-aa62-67fd335b971f,syn1-A-005,Willow Park A,2,70.00,100,1,0.1429,0.3333,,,warning,1,2026-08-18 12:00:43.809995+00:00,1,1,30,19,2,9,0,9,23,0.3913043478260869565217391304
2026-06-10,legacy_aggregate,7887a084-3d77-59c1-8dca-983994b0cb6e,syn1-P-002,Willow Park Gardens,legacy_aggregate,1,2025-08-03,d1c16841-dee0-58bc-aa62-67fd335b971f,syn1-A-005,Willow Park A,2,70.00,100,0,0.1429,0.3125,,,warning,0,2026-08-18 12:00:43.809995+00:00,1,1,30,19,2,9,0,9,23,0.3913043478260869565217391304
2026-06-11,legacy_aggregate,7887a084-3d77-59c1-8dca-983994b0cb6e,syn1-P-002,Willow Park Gardens,legacy_aggregate,1,2025-08-03,d1c16841-dee0-58bc-aa62-67fd335b971f,syn1-A-005,Willow Park A,2,70.00,100,0,0.1429,0.2941,,,warning,0,2026-08-18 12:00:43.809995+00:00,1,1,30,19,2,9,0,9,23,0.3913043478260869565217391304
2026-06-12,legacy_aggregate,7887a084-3d77-59c1-8dca-983994b0cb6e,syn1-P-002,Willow Park Gardens,legacy_aggregate,1,2025-08-03,d1c16841-dee0-58bc-aa62-67fd335b971f,syn1-A-005,Willow Park A,2,70.00,100,0,0.1429,0.2778,,,warning,0,2026-08-18 12:00:43.809995+00:00,1,1,30,19,2,9,0,9,23,0.3913043478260869565217391304
2026-06-13,legacy_aggregate,7887a084-3d77-59c1-8dca-983994b0cb6e,syn1-P-002,Willow Park Gardens,legacy_aggregate,1,2025-08-03,d1c16841-dee0-58bc-aa62-67fd335b971f,syn1-A-005,Willow Park A,2,70.00,100,0,0.1429,0.2632,,,warning,0,2026-08-18 12:00:43.809995+00:00,1,1,30,19,2,9,0,9,23,0.3913043478260869565217391304
2026-06-14,legacy_aggregate,7887a084-3d77-59c1-8dca-983994b0cb6e,syn1-P-002,Willow Park Gardens,legacy_aggregate,1,2025-08-03,d1c16841-dee0-58bc-aa62-67fd335b971f,syn1-A-005,Willow Park A,2,70.00,100,0,0.1429,0.2500,,,warning,0,2026-08-18 12:00:43.809995+00:00,1,1,30,19,2,9,0,9,23,0.3913043478260869565217391304
2026-06-15,legacy_aggregate,7887a084-3d77-59c1-8dca-983994b0cb6e,syn1-P-002,Willow Park Gardens,legacy_aggregate,1,2025-08-03,d1c16841-dee0-58bc-aa62-67fd335b971f,syn1-A-005,Willow Park A,2,70.00,100,0,0.1429,0.2381,,,warning,0,2026-08-18 12:00:43.809995+00:00,1,1,30,19,2,9,0,9,23,0.3913043478260869565217391304
2026-06-16,legacy_aggregate,7887a084-3d77-59c1-8dca-983994b0cb6e,syn1-P-002,Willow Park Gardens,legacy_aggregate,1,2025-08-03,d1c16841-dee0-58bc-aa62-67fd335b971f,syn1-A-005,Willow Park A,2,70.00,100,1,0.1429,0.2727,,,warning,1,2026-08-18 12:00:43.809995+00:00,1,1,30,19,2,9,0,9,23,0.3913043478260869565217391304
2026-06-17,legacy_aggregate,7887a084-3d77-59c1-8dca-983994b0cb6e,syn1-P-002,Willow Park Gardens,legacy_aggregate,1,2025-08-03,d1c16841-dee0-58bc-aa62-67fd335b971f,syn1-A-005,Willow Park A,2,70.00,100,0,0.1429,0.2609,,,warning,0,2026-08-18 12:00:43.809995+00:00,1,1,30,19,2,9,0,9,23,0.3913043478260869565217391304
2026-06-18,legacy_aggregate,7887a084-3d77-59c1-8dca-983994b0cb6e,syn1-P-002,Willow Park Gardens,legacy_aggregate,1,2025-08-03,d1c16841-dee0-58bc-aa62-67fd335b971f,syn1-A-005,Willow Park A,2,70.00,100,0,0.1429,0.2500,,,warning,0,2026-08-18 12:00:43.809995+00:00,1,1,30,19,2,9,0,9,23,0.3913043478260869565217391304
2026-06-19,legacy_aggregate,7887a084-3d77-59c1-8dca-983994b0cb6e,syn1-P-002,Willow Park Gardens,legacy_aggregate,1,2025-08-03,d1c16841-dee0-58bc-aa62-67fd335b971f,syn1-A-005,Willow Park A,2,70.00,100,0,0.1429,0.2400,,,warning,0,2026-08-18 12:00:43.809995+00:00,1,1,30,19,2,9,0,9,23,0.3913043478260869565217391304
2026-06-20,legacy_aggregate,7887a084-3d77-59c1-8dca-983994b0cb6e,syn1-P-002,Willow Park Gardens,legacy_aggregate,1,2025-08-03,d1c16841-dee0-58bc-aa62-67fd335b971f,syn1-A-005,Willow Park A,2,70.00,100,0,0.1429,0.2308,,,warning,0,2026-08-18 12:00:43.809995+00:00,1,1,30,19,2,9,0,9,23,0.3913043478260869565217391304
2026-06-21,legacy_aggregate,7887a084-3d77-59c1-8dca-983994b0cb6e,syn1-P-002,Willow Park Gardens,legacy_aggregate,1,2025-08-03,d1c16841-dee0-58bc-aa62-67fd335b971f,syn1-A-005,Willow Park A,2,70.00,100,0,0.1429,0.2222,,,warning,0,2026-08-18 12:00:43.809995+00:00,1,1,30,19,2,9,0,9,23,0.3913043478260869565217391304
2026-06-22,legacy_aggregate,7887a084-3d77-59c1-8dca-983994b0cb6e,syn1-P-002,Willow Park Gardens,legacy_aggregate,1,2025-08-03,d1c16841-dee0-58bc-aa62-67fd335b971f,syn1-A-005,Willow Park A,2,70.00,100,0,0.1429,0.2143,,,warning,0,2026-08-18 12:00:43.809995+00:00,1,1,30,19,2,9,0,9,23,0.3913043478260869565217391304
2026-06-23,legacy_aggregate,7887a084-3d77-59c1-8dca-983994b0cb6e,syn1-P-002,Willow Park Gardens,legacy_aggregate,1,2025-08-03,d1c16841-dee0-58bc-aa62-67fd335b971f,syn1-A-005,Willow Park A,2,70.00,100,4,0.5714,0.3448,,,warning,1,2026-08-18 12:00:43.809995+00:00,1,1,30,19,2,9,0,9,23,0.3913043478260869565217391304
2026-06-24,legacy_aggregate,7887a084-3d77-59c1-8dca-983994b0cb6e,syn1-P-002,Willow Park Gardens,legacy_aggregate,1,2025-08-03,d1c16841-dee0-58bc-aa62-67fd335b971f,syn1-A-005,Willow Park A,2,70.00,100,0,0.5714,0.3333,,,ok,0,2026-08-18 12:00:43.809995+00:00,1,1,30,19,2,9,0,9,23,0.3913043478260869565217391304
2026-06-25,legacy_aggregate,7887a084-3d77-59c1-8dca-983994b0cb6e,syn1-P-002,Willow Park Gardens,legacy_aggregate,1,2025-08-03,d1c16841-dee0-58bc-aa62-67fd335b971f,syn1-A-005,Willow Park A,2,70.00,100,0,0.5714,0.3000,,,ok,0,2026-08-18 12:00:43.809995+00:00,1,1,30,19,2,9,0,9,23,0.3913043478260869565217391304
2026-06-26,legacy_aggregate,7887a084-3d77-59c1-8dca-983994b0cb6e,syn1-P-002,Willow Park Gardens,legacy_aggregate,1,2025-08-03,d1c16841-dee0-58bc-aa62-67fd335b971f,syn1-A-005,Willow Park A,2,70.00,100,0,0.5714,0.3000,,,ok,0,2026-08-18 12:00:43.809995+00:00,1,1,30,19,2,9,0,9,23,0.3913043478260869565217391304
2026-06-27,legacy_aggregate,7887a084-3d77-59c1-8dca-983994b0cb6e,syn1-P-002,Willow Park Gardens,legacy_aggregate,1,2025-08-03,d1c16841-dee0-58bc-aa62-67fd335b971f,syn1-A-005,Willow Park A,2,70.00,100,0,0.5714,0.3000,,,ok,0,2026-08-18 12:00:43.809995+00:00,1,1,30,19,2,9,0,9,23,0.3913043478260869565217391304
2026-06-28,legacy_aggregate,7887a084-3d77-59c1-8dca-983994b0cb6e,syn1-P-002,Willow Park Gardens,legacy_aggregate,1,2025-08-03,d1c16841-dee0-58bc-aa62-67fd335b971f,syn1-A-005,Willow Park A,2,70.00,100,0,0.5714,0.3000,,,ok,0,2026-08-18 12:00:43.809995+00:00,1,1,30,19,2,9,0,9,23,0.3913043478260869565217391304
2026-06-29,legacy_aggregate,7887a084-3d77-59c1-8dca-983994b0cb6e,syn1-P-002,Willow Park Gardens,legacy_aggregate,1,2025-08-03,d1c16841-dee0-58bc-aa62-67fd335b971f,syn1-A-005,Willow Park A,2,70.00,100,0,0.5714,0.3000,,,ok,0,2026-08-18 12:00:43.809995+00:00,1,1,30,19,2,9,0,9,23,0.3913043478260869565217391304
2026-06-30,legacy_aggregate,7887a084-3d77-59c1-8dca-983994b0cb6e,syn1-P-002,Willow Park Gardens,legacy_aggregate,1,2025-08-03,d1c16841-dee0-58bc-aa62-67fd335b971f,syn1-A-005,Willow Park A,2,70.00,100,2,0.2857,0.3667,,,ok,1,2026-08-18 12:00:43.809995+00:00,1,1,30,19,2,9,0,9,23,0.3913043478260869565217391304
2026-07-01,legacy_aggregate,7887a084-3d77-59c1-8dca-983994b0cb6e,syn1-P-002,Willow Park Gardens,legacy_aggregate,1,2025-08-03,d1c16841-dee0-58bc-aa62-67fd335b971f,syn1-A-005,Willow Park A,2,70.00,100,0,0.2857,0.3667,,,ok,0,2026-08-18 12:00:43.809995+00:00,1,1,30,19,2,9,0,9,23,0.3913043478260869565217391304
2026-07-02,legacy_aggregate,7887a084-3d77-59c1-8dca-983994b0cb6e,syn1-P-002,Willow Park Gardens,legacy_aggregate,1,2025-08-03,d1c16841-dee0-58bc-aa62-67fd335b971f,syn1-A-005,Willow Park A,2,70.00,100,0,0.2857,0.2667,,,ok,0,2026-08-18 12:00:43.809995+00:00,1,1,30,19,2,9,0,9,23,0.3913043478260869565217391304
2026-07-03,legacy_aggregate,7887a084-3d77-59c1-8dca-983994b0cb6e,syn1-P-002,Willow Park Gardens,legacy_aggregate,1,2025-08-03,d1c16841-dee0-58bc-aa62-67fd335b971f,syn1-A-005,Willow Park A,2,70.00,100,0,0.2857,0.2667,,,ok,0,2026-08-18 12:00:43.809995+00:00,1,1,30,19,2,9,0,9,23,0.3913043478260869565217391304
2026-07-04,legacy_aggregate,7887a084-3d77-59c1-8dca-983994b0cb6e,syn1-P-002,Willow Park Gardens,legacy_aggregate,1,2025-08-03,d1c16841-dee0-58bc-aa62-67fd335b971f,syn1-A-005,Willow Park A,2,70.00,100,0,0.2857,0.2667,,,ok,0,2026-08-18 12:00:43.809995+00:00,1,1,30,19,2,9,0,9,23,0.3913043478260869565217391304
2026-07-05,legacy_aggregate,7887a084-3d77-59c1-8dca-983994b0cb6e,syn1-P-002,Willow Park Gardens,legacy_aggregate,1,2025-08-03,d1c16841-dee0-58bc-aa62-67fd335b971f,syn1-A-005,Willow Park A,2,70.00,100,0,0.2857,0.2667,,,ok,0,2026-08-18 12:00:43.809995+00:00,1,1,30,19,2,9,0,9,23,0.3913043478260869565217391304
2026-07-06,legacy_aggregate,7887a084-3d77-59c1-8dca-983994b0cb6e,syn1-P-002,Willow Park Gardens,legacy_aggregate,1,2025-08-03,d1c16841-dee0-58bc-aa62-67fd335b971f,syn1-A-005,Willow Park A,2,70.00,100,0,0.2857,0.2667,,,ok,0,2026-08-18 12:00:43.809995+00:00,1,1,30,19,2,9,0,9,23,0.3913043478260869565217391304
2026-07-07,legacy_aggregate,7887a084-3d77-59c1-8dca-983994b0cb6e,syn1-P-002,Willow Park Gardens,legacy_aggregate,1,2025-08-03,d1c16841-dee0-58bc-aa62-67fd335b971f,syn1-A-005,Willow Park A,2,70.00,100,1,0.1429,0.3000,,,ok,1,2026-08-18 12:00:43.809995+00:00,1,1,30,19,2,9,0,9,23,0.3913043478260869565217391304
2026-07-08,legacy_aggregate,7887a084-3d77-59c1-8dca-983994b0cb6e,syn1-P-002,Willow Park Gardens,legacy_aggregate,1,2025-08-03,d1c16841-dee0-58bc-aa62-67fd335b971f,syn1-A-005,Willow Park A,2,70.00,100,0,0.1429,0.3000,,,ok,0,2026-08-18 12:00:43.809995+00:00,1,1,30,19,2,9,0,9,23,0.3913043478260869565217391304
2026-07-09,legacy_aggregate,7887a084-3d77-59c1-8dca-983994b0cb6e,syn1-P-002,Willow Park Gardens,legacy_aggregate,1,2025-08-03,d1c16841-dee0-58bc-aa62-67fd335b971f,syn1-A-005,Willow Park A,2,70.00,100,0,0.1429,0.2667,,,ok,0,2026-08-18 12:00:43.809995+00:00,1,1,30,19,2,9,0,9,23,0.3913043478260869565217391304
2026-07-10,legacy_aggregate,7887a084-3d77-59c1-8dca-983994b0cb6e,syn1-P-002,Willow Park Gardens,legacy_aggregate,1,2025-08-03,d1c16841-dee0-58bc-aa62-67fd335b971f,syn1-A-005,Willow Park A,2,70.00,100,0,0.1429,0.2667,,,ok,0,2026-08-18 12:00:43.809995+00:00,1,1,30,19,2,9,0,9,23,0.3913043478260869565217391304
2026-07-11,legacy_aggregate,7887a084-3d77-59c1-8dca-983994b0cb6e,syn1-P-002,Willow Park Gardens,legacy_aggregate,1,2025-08-03,d1c16841-dee0-58bc-aa62-67fd335b971f,syn1-A-005,Willow Park A,2,70.00,100,0,0.1429,0.2667,,,ok,0,2026-08-18 12:00:43.809995+00:00,1,1,30,19,2,9,0,9,23,0.3913043478260869565217391304
2026-07-12,legacy_aggregate,7887a084-3d77-59c1-8dca-983994b0cb6e,syn1-P-002,Willow Park Gardens,legacy_aggregate,1,2025-08-03,d1c16841-dee0-58bc-aa62-67fd335b971f,syn1-A-005,Willow Park A,2,70.00,100,0,0.1429,0.2667,,,ok,0,2026-08-18 12:00:43.809995+00:00,1,1,30,19,2,9,0,9,23,0.3913043478260869565217391304
2026-07-13,legacy_aggregate,7887a084-3d77-59c1-8dca-983994b0cb6e,syn1-P-002,Willow Park Gardens,legacy_aggregate,1,2025-08-03,d1c16841-dee0-58bc-aa62-67fd335b971f,syn1-A-005,Willow Park A,2,70.00,100,0,0.1429,0.2667,,,ok,0,2026-08-18 12:00:43.809995+00:00,1,1,30,19,2,9,0,9,23,0.3913043478260869565217391304
2026-07-14,legacy_aggregate,7887a084-3d77-59c1-8dca-983994b0cb6e,syn1-P-002,Willow Park Gardens,legacy_aggregate,1,2025-08-03,d1c16841-dee0-58bc-aa62-67fd335b971f,syn1-A-005,Willow Park A,2,70.00,100,2,0.2857,0.3333,,,ok,1,2026-08-18 12:00:43.809995+00:00,1,1,30,19,2,9,0,9,23,0.3913043478260869565217391304
2026-07-15,legacy_aggregate,7887a084-3d77-59c1-8dca-983994b0cb6e,syn1-P-002,Willow Park Gardens,legacy_aggregate,1,2025-08-03,d1c16841-dee0-58bc-aa62-67fd335b971f,syn1-A-005,Willow Park A,2,70.00,100,0,0.2857,0.3333,,,ok,0,2026-08-18 12:00:43.809995+00:00,1,1,30,19,2,9,0,9,23,0.3913043478260869565217391304
2026-07-16,legacy_aggregate,7887a084-3d77-59c1-8dca-983994b0cb6e,syn1-P-002,Willow Park Gardens,legacy_aggregate,1,2025-08-03,d1c16841-dee0-58bc-aa62-67fd335b971f,syn1-A-005,Willow Park A,2,70.00,100,0,0.2857,0.3000,,,ok,0,2026-08-18 12:00:43.809995+00:00,1,1,30,19,2,9,0,9,23,0.3913043478260869565217391304
2026-07-17,legacy_aggregate,7887a084-3d77-59c1-8dca-983994b0cb6e,syn1-P-002,Willow Park Gardens,legacy_aggregate,1,2025-08-03,d1c16841-dee0-58bc-aa62-67fd335b971f,syn1-A-005,Willow Park A,2,70.00,100,0,0.2857,0.3000,,,ok,0,2026-08-18 12:00:43.809995+00:00,1,1,30,19,2,9,0,9,23,0.3913043478260869565217391304
2026-07-18,legacy_aggregate,7887a084-3d77-59c1-8dca-983994b0cb6e,syn1-P-002,Willow Park Gardens,legacy_aggregate,1,2025-08-03,d1c16841-dee0-58bc-aa62-67fd335b971f,syn1-A-005,Willow Park A,2,70.00,100,0,0.2857,0.3000,,,ok,0,2026-08-18 12:00:43.809995+00:00,1,1,30,19,2,9,0,9,23,0.3913043478260869565217391304
2026-07-19,legacy_aggregate,7887a084-3d77-59c1-8dca-983994b0cb6e,syn1-P-002,Willow Park Gardens,legacy_aggregate,1,2025-08-03,d1c16841-dee0-58bc-aa62-67fd335b971f,syn1-A-005,Willow Park A,2,70.00,100,0,0.2857,0.3000,,,ok,0,2026-08-18 12:00:43.809995+00:00,1,1,30,19,2,9,0,9,23,0.3913043478260869565217391304
2026-07-20,legacy_aggregate,7887a084-3d77-59c1-8dca-983994b0cb6e,syn1-P-002,Willow Park Gardens,legacy_aggregate,1,2025-08-03,d1c16841-dee0-58bc-aa62-67fd335b971f,syn1-A-005,Willow Park A,2,70.00,100,0,0.2857,0.3000,,,ok,0,2026-08-18 12:00:43.809995+00:00,1,1,30,19,2,9,0,9,23,0.3913043478260869565217391304
2026-07-21,legacy_aggregate,7887a084-3d77-59c1-8dca-983994b0cb6e,syn1-P-002,Willow Park Gardens,legacy_aggregate,1,2025-08-03,d1c16841-dee0-58bc-aa62-67fd335b971f,syn1-A-005,Willow Park A,2,70.00,100,3,0.4286,0.4000,,,ok,1,2026-08-18 12:00:43.809995+00:00,1,1,30,19,2,9,0,9,23,0.3913043478260869565217391304
2026-07-22,legacy_aggregate,7887a084-3d77-59c1-8dca-983994b0cb6e,syn1-P-002,Willow Park Gardens,legacy_aggregate,1,2025-08-03,d1c16841-dee0-58bc-aa62-67fd335b971f,syn1-A-005,Willow Park A,2,70.00,100,0,0.4286,0.4000,,,ok,0,2026-08-18 12:00:43.809995+00:00,1,1,30,19,2,9,0,9,23,0.3913043478260869565217391304
2026-07-23,legacy_aggregate,7887a084-3d77-59c1-8dca-983994b0cb6e,syn1-P-002,Willow Park Gardens,legacy_aggregate,1,2025-08-03,d1c16841-dee0-58bc-aa62-67fd335b971f,syn1-A-005,Willow Park A,2,70.00,100,0,0.4286,0.2667,,,ok,0,2026-08-18 12:00:43.809995+00:00,1,1,30,19,2,9,0,9,23,0.3913043478260869565217391304
2026-07-24,legacy_aggregate,7887a084-3d77-59c1-8dca-983994b0cb6e,syn1-P-002,Willow Park Gardens,legacy_aggregate,1,2025-08-03,d1c16841-dee0-58bc-aa62-67fd335b971f,syn1-A-005,Willow Park A,2,70.00,100,0,0.4286,0.2667,,,ok,0,2026-08-18 12:00:43.809995+00:00,1,1,30,19,2,9,0,9,23,0.3913043478260869565217391304
2026-07-25,legacy_aggregate,7887a084-3d77-59c1-8dca-983994b0cb6e,syn1-P-002,Willow Park Gardens,legacy_aggregate,1,2025-08-03,d1c16841-dee0-58bc-aa62-67fd335b971f,syn1-A-005,Willow Park A,2,70.00,100,0,0.4286,0.2667,,,ok,0,2026-08-18 12:00:43.809995+00:00,1,1,30,19,2,9,0,9,23,0.3913043478260869565217391304
2026-07-26,legacy_aggregate,7887a084-3d77-59c1-8dca-983994b0cb6e,syn1-P-002,Willow Park Gardens,legacy_aggregate,1,2025-08-03,d1c16841-dee0-58bc-aa62-67fd335b971f,syn1-A-005,Willow Park A,2,70.00,100,0,0.4286,0.2667,,,ok,0,2026-08-18 12:00:43.809995+00:00,1,1,30,19,2,9,0,9,23,0.3913043478260869565217391304
2026-07-27,legacy_aggregate,7887a084-3d77-59c1-8dca-983994b0cb6e,syn1-P-002,Willow Park Gardens,legacy_aggregate,1,2025-08-03,d1c16841-dee0-58bc-aa62-67fd335b971f,syn1-A-005,Willow Park A,2,70.00,100,0,0.4286,0.2667,,,ok,0,2026-08-18 12:00:43.809995+00:00,1,1,30,19,2,9,0,9,23,0.3913043478260869565217391304
2026-07-28,legacy_aggregate,7887a084-3d77-59c1-8dca-983994b0cb6e,syn1-P-002,Willow Park Gardens,legacy_aggregate,1,2025-08-03,d1c16841-dee0-58bc-aa62-67fd335b971f,syn1-A-005,Willow Park A,2,70.00,100,1,0.1429,0.3000,,,ok,1,2026-08-18 12:00:43.809995+00:00,1,1,30,19,2,9,0,9,23,0.3913043478260869565217391304
2026-07-29,legacy_aggregate,7887a084-3d77-59c1-8dca-983994b0cb6e,syn1-P-002,Willow Park Gardens,legacy_aggregate,1,2025-08-03,d1c16841-dee0-58bc-aa62-67fd335b971f,syn1-A-005,Willow Park A,2,70.00,100,0,0.1429,0.3000,,,ok,0,2026-08-18 12:00:43.809995+00:00,1,1,30,19,2,9,0,9,23,0.3913043478260869565217391304
2026-07-30,legacy_aggregate,7887a084-3d77-59c1-8dca-983994b0cb6e,syn1-P-002,Willow Park Gardens,legacy_aggregate,1,2025-08-03,d1c16841-dee0-58bc-aa62-67fd335b971f,syn1-A-005,Willow Park A,2,70.00,100,0,0.1429,0.2333,,,ok,0,2026-08-18 12:00:43.809995+00:00,1,1,30,19,2,9,0,9,23,0.3913043478260869565217391304
2026-07-31,legacy_aggregate,7887a084-3d77-59c1-8dca-983994b0cb6e,syn1-P-002,Willow Park Gardens,legacy_aggregate,1,2025-08-03,d1c16841-dee0-58bc-aa62-67fd335b971f,syn1-A-005,Willow Park A,2,70.00,100,0,0.1429,0.2333,,,ok,0,2026-08-18 12:00:43.809995+00:00,1,1,30,19,2,9,0,9,23,0.3913043478260869565217391304
2026-08-01,legacy_aggregate,7887a084-3d77-59c1-8dca-983994b0cb6e,syn1-P-002,Willow Park Gardens,legacy_aggregate,1,2025-08-03,d1c16841-dee0-58bc-aa62-67fd335b971f,syn1-A-005,Willow Park A,2,70.00,100,0,0.1429,0.2333,,,ok,0,2026-08-18 12:00:43.809995+00:00,1,1,30,19,2,9,0,9,23,0.3913043478260869565217391304
2026-08-02,legacy_aggregate,7887a084-3d77-59c1-8dca-983994b0cb6e,syn1-P-002,Willow Park Gardens,legacy_aggregate,1,2025-08-03,d1c16841-dee0-58bc-aa62-67fd335b971f,syn1-A-005,Willow Park A,2,70.00,100,0,0.1429,0.2333,,,ok,0,2026-08-18 12:00:43.809995+00:00,1,1,30,19,2,9,0,9,23,0.3913043478260869565217391304
2026-08-03,legacy_aggregate,7887a084-3d77-59c1-8dca-983994b0cb6e,syn1-P-002,Willow Park Gardens,legacy_aggregate,1,2025-08-03,d1c16841-dee0-58bc-aa62-67fd335b971f,syn1-A-005,Willow Park A,2,70.00,100,0,0.1429,0.2333,,,ok,0,2026-08-18 12:00:43.809995+00:00,1,1,30,19,2,9,0,9,23,0.3913043478260869565217391304
2026-08-04,legacy_aggregate,7887a084-3d77-59c1-8dca-983994b0cb6e,syn1-P-002,Willow Park Gardens,legacy_aggregate,1,2025-08-03,d1c16841-dee0-58bc-aa62-67fd335b971f,syn1-A-005,Willow Park A,2,70.00,100,4,0.5714,0.3667,,,ok,1,2026-08-18 12:00:43.809995+00:00,1,1,30,19,2,9,0,9,23,0.3913043478260869565217391304
2026-08-05,legacy_aggregate,7887a084-3d77-59c1-8dca-983994b0cb6e,syn1-P-002,Willow Park Gardens,legacy_aggregate,1,2025-08-03,d1c16841-dee0-58bc-aa62-67fd335b971f,syn1-A-005,Willow Park A,2,70.00,100,0,0.5714,0.3667,,,ok,0,2026-08-18 12:00:43.809995+00:00,1,1,30,19,2,9,0,9,23,0.3913043478260869565217391304
2026-08-06,legacy_aggregate,7887a084-3d77-59c1-8dca-983994b0cb6e,syn1-P-002,Willow Park Gardens,legacy_aggregate,1,2025-08-03,d1c16841-dee0-58bc-aa62-67fd335b971f,syn1-A-005,Willow Park A,2,70.00,100,0,0.5714,0.3333,,,ok,0,2026-08-18 12:00:43.809995+00:00,1,1,30,19,2,9,0,9,23,0.3913043478260869565217391304
2026-08-07,legacy_aggregate,7887a084-3d77-59c1-8dca-983994b0cb6e,syn1-P-002,Willow Park Gardens,legacy_aggregate,1,2025-08-03,d1c16841-dee0-58bc-aa62-67fd335b971f,syn1-A-005,Willow Park A,2,70.00,100,0,0.5714,0.3333,,,ok,0,2026-08-18 12:00:43.809995+00:00,1,1,30,19,2,9,0,9,23,0.3913043478260869565217391304
2026-08-08,legacy_aggregate,7887a084-3d77-59c1-8dca-983994b0cb6e,syn1-P-002,Willow Park Gardens,legacy_aggregate,1,2025-08-03,d1c16841-dee0-58bc-aa62-67fd335b971f,syn1-A-005,Willow Park A,2,70.00,100,0,0.5714,0.3333,,,ok,0,2026-08-18 12:00:43.809995+00:00,1,1,30,19,2,9,0,9,23,0.3913043478260869565217391304
2026-08-09,legacy_aggregate,7887a084-3d77-59c1-8dca-983994b0cb6e,syn1-P-002,Willow Park Gardens,legacy_aggregate,1,2025-08-03,d1c16841-dee0-58bc-aa62-67fd335b971f,syn1-A-005,Willow Park A,2,70.00,100,0,0.5714,0.3333,,,ok,0,2026-08-18 12:00:43.809995+00:00,1,1,30,19,2,9,0,9,23,0.3913043478260869565217391304
2026-08-10,legacy_aggregate,7887a084-3d77-59c1-8dca-983994b0cb6e,syn1-P-002,Willow Park Gardens,legacy_aggregate,1,2025-08-03,d1c16841-dee0-58bc-aa62-67fd335b971f,syn1-A-005,Willow Park A,2,70.00,100,0,0.5714,0.3333,,,ok,0,2026-08-18 12:00:43.809995+00:00,1,1,30,19,2,9,0,9,23,0.3913043478260869565217391304
2026-08-11,legacy_aggregate,7887a084-3d77-59c1-8dca-983994b0cb6e,syn1-P-002,Willow Park Gardens,legacy_aggregate,1,2025-08-03,d1c16841-dee0-58bc-aa62-67fd335b971f,syn1-A-005,Willow Park A,2,70.00,100,3,0.4286,0.4333,,,ok,1,2026-08-18 12:00:43.809995+00:00,1,1,30,19,2,9,0,9,23,0.3913043478260869565217391304
2026-07-05,domain_units_deals,7887a084-3d77-59c1-8dca-983994b0cb6e,syn1-P-002,Willow Park Gardens,legacy_aggregate,0,2025-08-03,992af92a-c20b-56be-bce2-001f0c1968e6,syn1-A-006,Willow Park B,3,98.75,70,1,1.0000,1.0000,17,1,warning,1,2026-08-18 12:00:43.697846+00:00,0,0,20,14,1,4,1,4,11,0.3636363636363636363636363636
2026-07-06,domain_units_deals,7887a084-3d77-59c1-8dca-983994b0cb6e,syn1-P-002,Willow Park Gardens,legacy_aggregate,0,2025-08-03,992af92a-c20b-56be-bce2-001f0c1968e6,syn1-A-006,Willow Park B,3,98.75,70,0,0.5000,0.5000,17,1,warning,0,2026-08-18 12:00:43.697846+00:00,0,0,20,14,1,4,1,4,11,0.3636363636363636363636363636
2026-07-07,domain_units_deals,7887a084-3d77-59c1-8dca-983994b0cb6e,syn1-P-002,Willow Park Gardens,legacy_aggregate,0,2025-08-03,992af92a-c20b-56be-bce2-001f0c1968e6,syn1-A-006,Willow Park B,3,98.75,70,0,0.3333,0.3333,17,1,warning,0,2026-08-18 12:00:43.697846+00:00,0,0,20,14,1,4,1,4,11,0.3636363636363636363636363636
2026-07-08,domain_units_deals,7887a084-3d77-59c1-8dca-983994b0cb6e,syn1-P-002,Willow Park Gardens,legacy_aggregate,0,2025-08-03,992af92a-c20b-56be-bce2-001f0c1968e6,syn1-A-006,Willow Park B,3,98.75,70,0,0.2500,0.2500,17,1,warning,0,2026-08-18 12:00:43.697846+00:00,0,0,20,14,1,4,1,4,11,0.3636363636363636363636363636
2026-07-09,domain_units_deals,7887a084-3d77-59c1-8dca-983994b0cb6e,syn1-P-002,Willow Park Gardens,legacy_aggregate,0,2025-08-03,992af92a-c20b-56be-bce2-001f0c1968e6,syn1-A-006,Willow Park B,3,98.75,70,0,0.2000,0.2000,17,1,warning,0,2026-08-18 12:00:43.697846+00:00,0,0,20,14,1,4,1,4,11,0.3636363636363636363636363636
2026-07-10,domain_units_deals,7887a084-3d77-59c1-8dca-983994b0cb6e,syn1-P-002,Willow Park Gardens,legacy_aggregate,0,2025-08-03,992af92a-c20b-56be-bce2-001f0c1968e6,syn1-A-006,Willow Park B,3,98.75,70,0,0.1667,0.1667,17,1,warning,0,2026-08-18 12:00:43.697846+00:00,0,0,20,14,1,4,1,4,11,0.3636363636363636363636363636
2026-07-11,domain_units_deals,7887a084-3d77-59c1-8dca-983994b0cb6e,syn1-P-002,Willow Park Gardens,legacy_aggregate,0,2025-08-03,992af92a-c20b-56be-bce2-001f0c1968e6,syn1-A-006,Willow Park B,3,98.75,70,0,0.1429,0.1429,17,1,warning,0,2026-08-18 12:00:43.697846+00:00,0,0,20,14,1,4,1,4,11,0.3636363636363636363636363636
2026-07-12,domain_units_deals,7887a084-3d77-59c1-8dca-983994b0cb6e,syn1-P-002,Willow Park Gardens,legacy_aggregate,0,2025-08-03,992af92a-c20b-56be-bce2-001f0c1968e6,syn1-A-006,Willow Park B,3,98.75,70,0,0.0000,0.1250,17,1,warning,0,2026-08-18 12:00:43.697846+00:00,0,0,20,14,1,4,1,4,11,0.3636363636363636363636363636
2026-07-13,domain_units_deals,7887a084-3d77-59c1-8dca-983994b0cb6e,syn1-P-002,Willow Park Gardens,legacy_aggregate,0,2025-08-03,992af92a-c20b-56be-bce2-001f0c1968e6,syn1-A-006,Willow Park B,3,98.75,70,0,0.0000,0.1111,17,1,warning,0,2026-08-18 12:00:43.697846+00:00,0,0,20,14,1,4,1,4,11,0.3636363636363636363636363636
2026-07-14,domain_units_deals,7887a084-3d77-59c1-8dca-983994b0cb6e,syn1-P-002,Willow Park Gardens,legacy_aggregate,0,2025-08-03,992af92a-c20b-56be-bce2-001f0c1968e6,syn1-A-006,Willow Park B,3,98.75,70,1,0.1429,0.2000,16,1,warning,1,2026-08-18 12:00:43.697846+00:00,0,0,20,14,1,4,1,4,11,0.3636363636363636363636363636
2026-07-15,domain_units_deals,7887a084-3d77-59c1-8dca-983994b0cb6e,syn1-P-002,Willow Park Gardens,legacy_aggregate,0,2025-08-03,992af92a-c20b-56be-bce2-001f0c1968e6,syn1-A-006,Willow Park B,3,98.75,70,0,0.1429,0.1818,16,1,warning,0,2026-08-18 12:00:43.697846+00:00,0,0,20,14,1,4,1,4,11,0.3636363636363636363636363636
2026-07-16,domain_units_deals,7887a084-3d77-59c1-8dca-983994b0cb6e,syn1-P-002,Willow Park Gardens,legacy_aggregate,0,2025-08-03,992af92a-c20b-56be-bce2-001f0c1968e6,syn1-A-006,Willow Park B,3,98.75,70,0,0.1429,0.1667,16,1,warning,0,2026-08-18 12:00:43.697846+00:00,0,0,20,14,1,4,1,4,11,0.3636363636363636363636363636
2026-07-17,domain_units_deals,7887a084-3d77-59c1-8dca-983994b0cb6e,syn1-P-002,Willow Park Gardens,legacy_aggregate,0,2025-08-03,992af92a-c20b-56be-bce2-001f0c1968e6,syn1-A-006,Willow Park B,3,98.75,70,0,0.1429,0.1538,16,1,warning,0,2026-08-18 12:00:43.697846+00:00,0,0,20,14,1,4,1,4,11,0.3636363636363636363636363636
2026-07-18,domain_units_deals,7887a084-3d77-59c1-8dca-983994b0cb6e,syn1-P-002,Willow Park Gardens,legacy_aggregate,0,2025-08-03,992af92a-c20b-56be-bce2-001f0c1968e6,syn1-A-006,Willow Park B,3,98.75,70,0,0.1429,0.1429,16,1,warning,0,2026-08-18 12:00:43.697846+00:00,0,0,20,14,1,4,1,4,11,0.3636363636363636363636363636
2026-07-19,domain_units_deals,7887a084-3d77-59c1-8dca-983994b0cb6e,syn1-P-002,Willow Park Gardens,legacy_aggregate,0,2025-08-03,992af92a-c20b-56be-bce2-001f0c1968e6,syn1-A-006,Willow Park B,3,98.75,70,0,0.1429,0.1333,16,1,warning,0,2026-08-18 12:00:43.697846+00:00,0,0,20,14,1,4,1,4,11,0.3636363636363636363636363636
2026-07-20,domain_units_deals,7887a084-3d77-59c1-8dca-983994b0cb6e,syn1-P-002,Willow Park Gardens,legacy_aggregate,0,2025-08-03,992af92a-c20b-56be-bce2-001f0c1968e6,syn1-A-006,Willow Park B,3,98.75,70,0,0.1429,0.1250,16,1,warning,0,2026-08-18 12:00:43.697846+00:00,0,0,20,14,1,4,1,4,11,0.3636363636363636363636363636
2026-07-21,domain_units_deals,7887a084-3d77-59c1-8dca-983994b0cb6e,syn1-P-002,Willow Park Gardens,legacy_aggregate,0,2025-08-03,992af92a-c20b-56be-bce2-001f0c1968e6,syn1-A-006,Willow Park B,3,98.75,70,0,0.0000,0.1176,16,1,warning,0,2026-08-18 12:00:43.697846+00:00,0,0,20,14,1,4,1,4,11,0.3636363636363636363636363636
2026-07-22,domain_units_deals,7887a084-3d77-59c1-8dca-983994b0cb6e,syn1-P-002,Willow Park Gardens,legacy_aggregate,0,2025-08-03,992af92a-c20b-56be-bce2-001f0c1968e6,syn1-A-006,Willow Park B,3,98.75,70,0,0.0000,0.1111,16,1,warning,0,2026-08-18 12:00:43.697846+00:00,0,0,20,14,1,4,1,4,11,0.3636363636363636363636363636
2026-07-23,domain_units_deals,7887a084-3d77-59c1-8dca-983994b0cb6e,syn1-P-002,Willow Park Gardens,legacy_aggregate,0,2025-08-03,992af92a-c20b-56be-bce2-001f0c1968e6,syn1-A-006,Willow Park B,3,98.75,70,0,0.0000,0.1053,16,1,warning,0,2026-08-18 12:00:43.697846+00:00,0,0,20,14,1,4,1,4,11,0.3636363636363636363636363636
2026-07-24,domain_units_deals,7887a084-3d77-59c1-8dca-983994b0cb6e,syn1-P-002,Willow Park Gardens,legacy_aggregate,0,2025-08-03,992af92a-c20b-56be-bce2-001f0c1968e6,syn1-A-006,Willow Park B,3,98.75,70,0,0.0000,0.1000,16,1,warning,0,2026-08-18 12:00:43.697846+00:00,0,0,20,14,1,4,1,4,11,0.3636363636363636363636363636
2026-07-25,domain_units_deals,7887a084-3d77-59c1-8dca-983994b0cb6e,syn1-P-002,Willow Park Gardens,legacy_aggregate,0,2025-08-03,992af92a-c20b-56be-bce2-001f0c1968e6,syn1-A-006,Willow Park B,3,98.75,70,0,0.0000,0.0952,16,1,warning,0,2026-08-18 12:00:43.697846+00:00,0,0,20,14,1,4,1,4,11,0.3636363636363636363636363636
2026-07-26,domain_units_deals,7887a084-3d77-59c1-8dca-983994b0cb6e,syn1-P-002,Willow Park Gardens,legacy_aggregate,0,2025-08-03,992af92a-c20b-56be-bce2-001f0c1968e6,syn1-A-006,Willow Park B,3,98.75,70,0,0.0000,0.0909,16,1,warning,0,2026-08-18 12:00:43.697846+00:00,0,0,20,14,1,4,1,4,11,0.3636363636363636363636363636
2026-07-27,domain_units_deals,7887a084-3d77-59c1-8dca-983994b0cb6e,syn1-P-002,Willow Park Gardens,legacy_aggregate,0,2025-08-03,992af92a-c20b-56be-bce2-001f0c1968e6,syn1-A-006,Willow Park B,3,98.75,70,0,0.0000,0.0870,16,1,warning,0,2026-08-18 12:00:43.697846+00:00,0,0,20,14,1,4,1,4,11,0.3636363636363636363636363636
2026-07-28,domain_units_deals,7887a084-3d77-59c1-8dca-983994b0cb6e,syn1-P-002,Willow Park Gardens,legacy_aggregate,0,2025-08-03,992af92a-c20b-56be-bce2-001f0c1968e6,syn1-A-006,Willow Park B,3,98.75,70,0,0.0000,0.0833,16,1,warning,0,2026-08-18 12:00:43.697846+00:00,0,0,20,14,1,4,1,4,11,0.3636363636363636363636363636
2026-07-29,domain_units_deals,7887a084-3d77-59c1-8dca-983994b0cb6e,syn1-P-002,Willow Park Gardens,legacy_aggregate,0,2025-08-03,992af92a-c20b-56be-bce2-001f0c1968e6,syn1-A-006,Willow Park B,3,98.75,70,0,0.0000,0.0800,16,1,warning,0,2026-08-18 12:00:43.697846+00:00,0,0,20,14,1,4,1,4,11,0.3636363636363636363636363636
2026-07-30,domain_units_deals,7887a084-3d77-59c1-8dca-983994b0cb6e,syn1-P-002,Willow Park Gardens,legacy_aggregate,0,2025-08-03,992af92a-c20b-56be-bce2-001f0c1968e6,syn1-A-006,Willow Park B,3,98.75,70,0,0.0000,0.0769,16,1,warning,0,2026-08-18 12:00:43.697846+00:00,0,0,20,14,1,4,1,4,11,0.3636363636363636363636363636
2026-07-31,domain_units_deals,7887a084-3d77-59c1-8dca-983994b0cb6e,syn1-P-002,Willow Park Gardens,legacy_aggregate,0,2025-08-03,992af92a-c20b-56be-bce2-001f0c1968e6,syn1-A-006,Willow Park B,3,98.75,70,0,0.0000,0.0741,16,1,warning,0,2026-08-18 12:00:43.697846+00:00,0,0,20,14,1,4,1,4,11,0.3636363636363636363636363636
2026-08-01,domain_units_deals,7887a084-3d77-59c1-8dca-983994b0cb6e,syn1-P-002,Willow Park Gardens,legacy_aggregate,0,2025-08-03,992af92a-c20b-56be-bce2-001f0c1968e6,syn1-A-006,Willow Park B,3,98.75,70,0,0.0000,0.0714,16,1,warning,0,2026-08-18 12:00:43.697846+00:00,0,0,20,14,1,4,1,4,11,0.3636363636363636363636363636
2026-08-02,domain_units_deals,7887a084-3d77-59c1-8dca-983994b0cb6e,syn1-P-002,Willow Park Gardens,legacy_aggregate,0,2025-08-03,992af92a-c20b-56be-bce2-001f0c1968e6,syn1-A-006,Willow Park B,3,98.75,70,0,0.0000,0.0690,16,1,warning,0,2026-08-18 12:00:43.697846+00:00,0,0,20,14,1,4,1,4,11,0.3636363636363636363636363636
2026-08-03,domain_units_deals,7887a084-3d77-59c1-8dca-983994b0cb6e,syn1-P-002,Willow Park Gardens,legacy_aggregate,0,2025-08-03,992af92a-c20b-56be-bce2-001f0c1968e6,syn1-A-006,Willow Park B,3,98.75,70,0,0.0000,0.0667,16,1,ok,0,2026-08-18 12:00:43.697846+00:00,0,0,20,14,1,4,1,4,11,0.3636363636363636363636363636
2026-08-04,domain_units_deals,7887a084-3d77-59c1-8dca-983994b0cb6e,syn1-P-002,Willow Park Gardens,legacy_aggregate,0,2025-08-03,992af92a-c20b-56be-bce2-001f0c1968e6,syn1-A-006,Willow Park B,3,98.75,70,0,0.0000,0.0333,16,1,ok,0,2026-08-18 12:00:43.697846+00:00,0,0,20,14,1,4,1,4,11,0.3636363636363636363636363636
2026-08-05,domain_units_deals,7887a084-3d77-59c1-8dca-983994b0cb6e,syn1-P-002,Willow Park Gardens,legacy_aggregate,0,2025-08-03,992af92a-c20b-56be-bce2-001f0c1968e6,syn1-A-006,Willow Park B,3,98.75,70,0,0.0000,0.0333,16,1,ok,0,2026-08-18 12:00:43.697846+00:00,0,0,20,14,1,4,1,4,11,0.3636363636363636363636363636
2026-08-06,domain_units_deals,7887a084-3d77-59c1-8dca-983994b0cb6e,syn1-P-002,Willow Park Gardens,legacy_aggregate,0,2025-08-03,992af92a-c20b-56be-bce2-001f0c1968e6,syn1-A-006,Willow Park B,3,98.75,70,0,0.0000,0.0333,16,1,ok,0,2026-08-18 12:00:43.697846+00:00,0,0,20,14,1,4,1,4,11,0.3636363636363636363636363636
2026-08-07,domain_units_deals,7887a084-3d77-59c1-8dca-983994b0cb6e,syn1-P-002,Willow Park Gardens,legacy_aggregate,0,2025-08-03,992af92a-c20b-56be-bce2-001f0c1968e6,syn1-A-006,Willow Park B,3,98.75,70,0,0.0000,0.0333,16,1,ok,0,2026-08-18 12:00:43.697846+00:00,0,0,20,14,1,4,1,4,11,0.3636363636363636363636363636
2026-08-08,domain_units_deals,7887a084-3d77-59c1-8dca-983994b0cb6e,syn1-P-002,Willow Park Gardens,legacy_aggregate,0,2025-08-03,992af92a-c20b-56be-bce2-001f0c1968e6,syn1-A-006,Willow Park B,3,98.75,70,0,0.0000,0.0333,16,1,ok,0,2026-08-18 12:00:43.697846+00:00,0,0,20,14,1,4,1,4,11,0.3636363636363636363636363636
2026-08-09,domain_units_deals,7887a084-3d77-59c1-8dca-983994b0cb6e,syn1-P-002,Willow Park Gardens,legacy_aggregate,0,2025-08-03,992af92a-c20b-56be-bce2-001f0c1968e6,syn1-A-006,Willow Park B,3,98.75,70,0,0.0000,0.0333,16,1,ok,0,2026-08-18 12:00:43.697846+00:00,0,0,20,14,1,4,1,4,11,0.3636363636363636363636363636
2026-08-10,domain_units_deals,7887a084-3d77-59c1-8dca-983994b0cb6e,syn1-P-002,Willow Park Gardens,legacy_aggregate,0,2025-08-03,992af92a-c20b-56be-bce2-001f0c1968e6,syn1-A-006,Willow Park B,3,98.75,70,0,0.0000,0.0333,16,1,ok,0,2026-08-18 12:00:43.697846+00:00,0,0,20,14,1,4,1,4,11,0.3636363636363636363636363636
2026-08-11,domain_units_deals,7887a084-3d77-59c1-8dca-983994b0cb6e,syn1-P-002,Willow Park Gardens,legacy_aggregate,0,2025-08-03,992af92a-c20b-56be-bce2-001f0c1968e6,syn1-A-006,Willow Park B,3,98.75,70,0,0.0000,0.0333,16,1,ok,0,2026-08-18 12:00:43.697846+00:00,0,0,20,14,1,4,1,4,11,0.3636363636363636363636363636
2026-08-12,domain_units_deals,7887a084-3d77-59c1-8dca-983994b0cb6e,syn1-P-002,Willow Park Gardens,legacy_aggregate,0,2025-08-03,992af92a-c20b-56be-bce2-001f0c1968e6,syn1-A-006,Willow Park B,3,98.75,70,1,0.1429,0.0667,15,1,ok,1,2026-08-18 12:00:43.697846+00:00,0,0,20,14,1,4,1,4,11,0.3636363636363636363636363636
2026-08-13,domain_units_deals,7887a084-3d77-59c1-8dca-983994b0cb6e,syn1-P-002,Willow Park Gardens,legacy_aggregate,0,2025-08-03,992af92a-c20b-56be-bce2-001f0c1968e6,syn1-A-006,Willow Park B,3,98.75,70,0,0.1429,0.0333,15,1,ok,0,2026-08-18 12:00:43.697846+00:00,0,0,20,14,1,4,1,4,11,0.3636363636363636363636363636
2026-08-14,domain_units_deals,7887a084-3d77-59c1-8dca-983994b0cb6e,syn1-P-002,Willow Park Gardens,legacy_aggregate,0,2025-08-03,992af92a-c20b-56be-bce2-001f0c1968e6,syn1-A-006,Willow Park B,3,98.75,70,0,0.1429,0.0333,15,1,ok,0,2026-08-18 12:00:43.697846+00:00,0,0,20,14,1,4,1,4,11,0.3636363636363636363636363636
2026-08-15,domain_units_deals,7887a084-3d77-59c1-8dca-983994b0cb6e,syn1-P-002,Willow Park Gardens,legacy_aggregate,0,2025-08-03,992af92a-c20b-56be-bce2-001f0c1968e6,syn1-A-006,Willow Park B,3,98.75,70,1,0.2857,0.0667,14,1,ok,1,2026-08-18 12:00:43.697846+00:00,0,0,20,14,1,4,1,4,11,0.3636363636363636363636363636
2026-05-26,legacy_aggregate,7887a084-3d77-59c1-8dca-983994b0cb6e,syn1-P-002,Willow Park Gardens,legacy_aggregate,1,2025-08-03,992af92a-c20b-56be-bce2-001f0c1968e6,syn1-A-006,Willow Park B,3,98.75,70,1,1.0000,1.0000,,,warning,1,2026-08-18 12:00:43.809995+00:00,1,1,20,14,1,4,1,4,11,0.3636363636363636363636363636
2026-05-27,legacy_aggregate,7887a084-3d77-59c1-8dca-983994b0cb6e,syn1-P-002,Willow Park Gardens,legacy_aggregate,1,2025-08-03,992af92a-c20b-56be-bce2-001f0c1968e6,syn1-A-006,Willow Park B,3,98.75,70,0,0.5000,0.5000,,,warning,0,2026-08-18 12:00:43.809995+00:00,1,1,20,14,1,4,1,4,11,0.3636363636363636363636363636
2026-05-28,legacy_aggregate,7887a084-3d77-59c1-8dca-983994b0cb6e,syn1-P-002,Willow Park Gardens,legacy_aggregate,1,2025-08-03,992af92a-c20b-56be-bce2-001f0c1968e6,syn1-A-006,Willow Park B,3,98.75,70,0,0.3333,0.3333,,,warning,0,2026-08-18 12:00:43.809995+00:00,1,1,20,14,1,4,1,4,11,0.3636363636363636363636363636
2026-05-29,legacy_aggregate,7887a084-3d77-59c1-8dca-983994b0cb6e,syn1-P-002,Willow Park Gardens,legacy_aggregate,1,2025-08-03,992af92a-c20b-56be-bce2-001f0c1968e6,syn1-A-006,Willow Park B,3,98.75,70,0,0.2500,0.2500,,,warning,0,2026-08-18 12:00:43.809995+00:00,1,1,20,14,1,4,1,4,11,0.3636363636363636363636363636
2026-05-30,legacy_aggregate,7887a084-3d77-59c1-8dca-983994b0cb6e,syn1-P-002,Willow Park Gardens,legacy_aggregate,1,2025-08-03,992af92a-c20b-56be-bce2-001f0c1968e6,syn1-A-006,Willow Park B,3,98.75,70,0,0.2000,0.2000,,,warning,0,2026-08-18 12:00:43.809995+00:00,1,1,20,14,1,4,1,4,11,0.3636363636363636363636363636
2026-05-31,legacy_aggregate,7887a084-3d77-59c1-8dca-983994b0cb6e,syn1-P-002,Willow Park Gardens,legacy_aggregate,1,2025-08-03,992af92a-c20b-56be-bce2-001f0c1968e6,syn1-A-006,Willow Park B,3,98.75,70,0,0.1667,0.1667,,,warning,0,2026-08-18 12:00:43.809995+00:00,1,1,20,14,1,4,1,4,11,0.3636363636363636363636363636
2026-06-01,legacy_aggregate,7887a084-3d77-59c1-8dca-983994b0cb6e,syn1-P-002,Willow Park Gardens,legacy_aggregate,1,2025-08-03,992af92a-c20b-56be-bce2-001f0c1968e6,syn1-A-006,Willow Park B,3,98.75,70,0,0.1429,0.1429,,,warning,0,2026-08-18 12:00:43.809995+00:00,1,1,20,14,1,4,1,4,11,0.3636363636363636363636363636
2026-06-02,legacy_aggregate,7887a084-3d77-59c1-8dca-983994b0cb6e,syn1-P-002,Willow Park Gardens,legacy_aggregate,1,2025-08-03,992af92a-c20b-56be-bce2-001f0c1968e6,syn1-A-006,Willow Park B,3,98.75,70,2,0.2857,0.3750,,,warning,1,2026-08-18 12:00:43.809995+00:00,1,1,20,14,1,4,1,4,11,0.3636363636363636363636363636
2026-06-03,legacy_aggregate,7887a084-3d77-59c1-8dca-983994b0cb6e,syn1-P-002,Willow Park Gardens,legacy_aggregate,1,2025-08-03,992af92a-c20b-56be-bce2-001f0c1968e6,syn1-A-006,Willow Park B,3,98.75,70,0,0.2857,0.3333,,,warning,0,2026-08-18 12:00:43.809995+00:00,1,1,20,14,1,4,1,4,11,0.3636363636363636363636363636
2026-06-04,legacy_aggregate,7887a084-3d77-59c1-8dca-983994b0cb6e,syn1-P-002,Willow Park Gardens,legacy_aggregate,1,2025-08-03,992af92a-c20b-56be-bce2-001f0c1968e6,syn1-A-006,Willow Park B,3,98.75,70,0,0.2857,0.3000,,,warning,0,2026-08-18 12:00:43.809995+00:00,1,1,20,14,1,4,1,4,11,0.3636363636363636363636363636
2026-06-05,legacy_aggregate,7887a084-3d77-59c1-8dca-983994b0cb6e,syn1-P-002,Willow Park Gardens,legacy_aggregate,1,2025-08-03,992af92a-c20b-56be-bce2-001f0c1968e6,syn1-A-006,Willow Park B,3,98.75,70,0,0.2857,0.2727,,,warning,0,2026-08-18 12:00:43.809995+00:00,1,1,20,14,1,4,1,4,11,0.3636363636363636363636363636
2026-06-06,legacy_aggregate,7887a084-3d77-59c1-8dca-983994b0cb6e,syn1-P-002,Willow Park Gardens,legacy_aggregate,1,2025-08-03,992af92a-c20b-56be-bce2-001f0c1968e6,syn1-A-006,Willow Park B,3,98.75,70,0,0.2857,0.2500,,,warning,0,2026-08-18 12:00:43.809995+00:00,1,1,20,14,1,4,1,4,11,0.3636363636363636363636363636
2026-06-07,legacy_aggregate,7887a084-3d77-59c1-8dca-983994b0cb6e,syn1-P-002,Willow Park Gardens,legacy_aggregate,1,2025-08-03,992af92a-c20b-56be-bce2-001f0c1968e6,syn1-A-006,Willow Park B,3,98.75,70,0,0.2857,0.2308,,,warning,0,2026-08-18 12:00:43.809995+00:00,1,1,20,14,1,4,1,4,11,0.3636363636363636363636363636
2026-06-08,legacy_aggregate,7887a084-3d77-59c1-8dca-983994b0cb6e,syn1-P-002,Willow Park Gardens,legacy_aggregate,1,2025-08-03,992af92a-c20b-56be-bce2-001f0c1968e6,syn1-A-006,Willow Park B,3,98.75,70,0,0.2857,0.2143,,,warning,0,2026-08-18 12:00:43.809995+00:00,1,1,20,14,1,4,1,4,11,0.3636363636363636363636363636
2026-06-09,legacy_aggregate,7887a084-3d77-59c1-8dca-983994b0cb6e,syn1-P-002,Willow Park Gardens,legacy_aggregate,1,2025-08-03,992af92a-c20b-56be-bce2-001f0c1968e6,syn1-A-006,Willow Park B,3,98.75,70,3,0.4286,0.4000,,,warning,1,2026-08-18 12:00:43.809995+00:00,1,1,20,14,1,4,1,4,11,0.3636363636363636363636363636
2026-06-10,legacy_aggregate,7887a084-3d77-59c1-8dca-983994b0cb6e,syn1-P-002,Willow Park Gardens,legacy_aggregate,1,2025-08-03,992af92a-c20b-56be-bce2-001f0c1968e6,syn1-A-006,Willow Park B,3,98.75,70,0,0.4286,0.3750,,,warning,0,2026-08-18 12:00:43.809995+00:00,1,1,20,14,1,4,1,4,11,0.3636363636363636363636363636
2026-06-11,legacy_aggregate,7887a084-3d77-59c1-8dca-983994b0cb6e,syn1-P-002,Willow Park Gardens,legacy_aggregate,1,2025-08-03,992af92a-c20b-56be-bce2-001f0c1968e6,syn1-A-006,Willow Park B,3,98.75,70,0,0.4286,0.3529,,,warning,0,2026-08-18 12:00:43.809995+00:00,1,1,20,14,1,4,1,4,11,0.3636363636363636363636363636
2026-06-12,legacy_aggregate,7887a084-3d77-59c1-8dca-983994b0cb6e,syn1-P-002,Willow Park Gardens,legacy_aggregate,1,2025-08-03,992af92a-c20b-56be-bce2-001f0c1968e6,syn1-A-006,Willow Park B,3,98.75,70,0,0.4286,0.3333,,,warning,0,2026-08-18 12:00:43.809995+00:00,1,1,20,14,1,4,1,4,11,0.3636363636363636363636363636
2026-06-13,legacy_aggregate,7887a084-3d77-59c1-8dca-983994b0cb6e,syn1-P-002,Willow Park Gardens,legacy_aggregate,1,2025-08-03,992af92a-c20b-56be-bce2-001f0c1968e6,syn1-A-006,Willow Park B,3,98.75,70,0,0.4286,0.3158,,,warning,0,2026-08-18 12:00:43.809995+00:00,1,1,20,14,1,4,1,4,11,0.3636363636363636363636363636
2026-06-14,legacy_aggregate,7887a084-3d77-59c1-8dca-983994b0cb6e,syn1-P-002,Willow Park Gardens,legacy_aggregate,1,2025-08-03,992af92a-c20b-56be-bce2-001f0c1968e6,syn1-A-006,Willow Park B,3,98.75,70,0,0.4286,0.3000,,,warning,0,2026-08-18 12:00:43.809995+00:00,1,1,20,14,1,4,1,4,11,0.3636363636363636363636363636
2026-06-15,legacy_aggregate,7887a084-3d77-59c1-8dca-983994b0cb6e,syn1-P-002,Willow Park Gardens,legacy_aggregate,1,2025-08-03,992af92a-c20b-56be-bce2-001f0c1968e6,syn1-A-006,Willow Park B,3,98.75,70,0,0.4286,0.2857,,,warning,0,2026-08-18 12:00:43.809995+00:00,1,1,20,14,1,4,1,4,11,0.3636363636363636363636363636
2026-06-16,legacy_aggregate,7887a084-3d77-59c1-8dca-983994b0cb6e,syn1-P-002,Willow Park Gardens,legacy_aggregate,1,2025-08-03,992af92a-c20b-56be-bce2-001f0c1968e6,syn1-A-006,Willow Park B,3,98.75,70,1,0.1429,0.3182,,,warning,1,2026-08-18 12:00:43.809995+00:00,1,1,20,14,1,4,1,4,11,0.3636363636363636363636363636
2026-06-17,legacy_aggregate,7887a084-3d77-59c1-8dca-983994b0cb6e,syn1-P-002,Willow Park Gardens,legacy_aggregate,1,2025-08-03,992af92a-c20b-56be-bce2-001f0c1968e6,syn1-A-006,Willow Park B,3,98.75,70,0,0.1429,0.3043,,,warning,0,2026-08-18 12:00:43.809995+00:00,1,1,20,14,1,4,1,4,11,0.3636363636363636363636363636
2026-06-18,legacy_aggregate,7887a084-3d77-59c1-8dca-983994b0cb6e,syn1-P-002,Willow Park Gardens,legacy_aggregate,1,2025-08-03,992af92a-c20b-56be-bce2-001f0c1968e6,syn1-A-006,Willow Park B,3,98.75,70,0,0.1429,0.2917,,,warning,0,2026-08-18 12:00:43.809995+00:00,1,1,20,14,1,4,1,4,11,0.3636363636363636363636363636
2026-06-19,legacy_aggregate,7887a084-3d77-59c1-8dca-983994b0cb6e,syn1-P-002,Willow Park Gardens,legacy_aggregate,1,2025-08-03,992af92a-c20b-56be-bce2-001f0c1968e6,syn1-A-006,Willow Park B,3,98.75,70,0,0.1429,0.2800,,,warning,0,2026-08-18 12:00:43.809995+00:00,1,1,20,14,1,4,1,4,11,0.3636363636363636363636363636
2026-06-20,legacy_aggregate,7887a084-3d77-59c1-8dca-983994b0cb6e,syn1-P-002,Willow Park Gardens,legacy_aggregate,1,2025-08-03,992af92a-c20b-56be-bce2-001f0c1968e6,syn1-A-006,Willow Park B,3,98.75,70,0,0.1429,0.2692,,,warning,0,2026-08-18 12:00:43.809995+00:00,1,1,20,14,1,4,1,4,11,0.3636363636363636363636363636
2026-06-21,legacy_aggregate,7887a084-3d77-59c1-8dca-983994b0cb6e,syn1-P-002,Willow Park Gardens,legacy_aggregate,1,2025-08-03,992af92a-c20b-56be-bce2-001f0c1968e6,syn1-A-006,Willow Park B,3,98.75,70,0,0.1429,0.2593,,,warning,0,2026-08-18 12:00:43.809995+00:00,1,1,20,14,1,4,1,4,11,0.3636363636363636363636363636
2026-06-22,legacy_aggregate,7887a084-3d77-59c1-8dca-983994b0cb6e,syn1-P-002,Willow Park Gardens,legacy_aggregate,1,2025-08-03,992af92a-c20b-56be-bce2-001f0c1968e6,syn1-A-006,Willow Park B,3,98.75,70,0,0.1429,0.2500,,,warning,0,2026-08-18 12:00:43.809995+00:00,1,1,20,14,1,4,1,4,11,0.3636363636363636363636363636
2026-06-23,legacy_aggregate,7887a084-3d77-59c1-8dca-983994b0cb6e,syn1-P-002,Willow Park Gardens,legacy_aggregate,1,2025-08-03,992af92a-c20b-56be-bce2-001f0c1968e6,syn1-A-006,Willow Park B,3,98.75,70,2,0.2857,0.3103,,,warning,1,2026-08-18 12:00:43.809995+00:00,1,1,20,14,1,4,1,4,11,0.3636363636363636363636363636
2026-06-24,legacy_aggregate,7887a084-3d77-59c1-8dca-983994b0cb6e,syn1-P-002,Willow Park Gardens,legacy_aggregate,1,2025-08-03,992af92a-c20b-56be-bce2-001f0c1968e6,syn1-A-006,Willow Park B,3,98.75,70,0,0.2857,0.3000,,,ok,0,2026-08-18 12:00:43.809995+00:00,1,1,20,14,1,4,1,4,11,0.3636363636363636363636363636
2026-06-25,legacy_aggregate,7887a084-3d77-59c1-8dca-983994b0cb6e,syn1-P-002,Willow Park Gardens,legacy_aggregate,1,2025-08-03,992af92a-c20b-56be-bce2-001f0c1968e6,syn1-A-006,Willow Park B,3,98.75,70,0,0.2857,0.2667,,,ok,0,2026-08-18 12:00:43.809995+00:00,1,1,20,14,1,4,1,4,11,0.3636363636363636363636363636
2026-06-26,legacy_aggregate,7887a084-3d77-59c1-8dca-983994b0cb6e,syn1-P-002,Willow Park Gardens,legacy_aggregate,1,2025-08-03,992af92a-c20b-56be-bce2-001f0c1968e6,syn1-A-006,Willow Park B,3,98.75,70,0,0.2857,0.2667,,,ok,0,2026-08-18 12:00:43.809995+00:00,1,1,20,14,1,4,1,4,11,0.3636363636363636363636363636
2026-06-27,legacy_aggregate,7887a084-3d77-59c1-8dca-983994b0cb6e,syn1-P-002,Willow Park Gardens,legacy_aggregate,1,2025-08-03,992af92a-c20b-56be-bce2-001f0c1968e6,syn1-A-006,Willow Park B,3,98.75,70,0,0.2857,0.2667,,,ok,0,2026-08-18 12:00:43.809995+00:00,1,1,20,14,1,4,1,4,11,0.3636363636363636363636363636
2026-06-28,legacy_aggregate,7887a084-3d77-59c1-8dca-983994b0cb6e,syn1-P-002,Willow Park Gardens,legacy_aggregate,1,2025-08-03,992af92a-c20b-56be-bce2-001f0c1968e6,syn1-A-006,Willow Park B,3,98.75,70,0,0.2857,0.2667,,,ok,0,2026-08-18 12:00:43.809995+00:00,1,1,20,14,1,4,1,4,11,0.3636363636363636363636363636
2026-06-29,legacy_aggregate,7887a084-3d77-59c1-8dca-983994b0cb6e,syn1-P-002,Willow Park Gardens,legacy_aggregate,1,2025-08-03,992af92a-c20b-56be-bce2-001f0c1968e6,syn1-A-006,Willow Park B,3,98.75,70,0,0.2857,0.2667,,,ok,0,2026-08-18 12:00:43.809995+00:00,1,1,20,14,1,4,1,4,11,0.3636363636363636363636363636
2026-06-30,legacy_aggregate,7887a084-3d77-59c1-8dca-983994b0cb6e,syn1-P-002,Willow Park Gardens,legacy_aggregate,1,2025-08-03,992af92a-c20b-56be-bce2-001f0c1968e6,syn1-A-006,Willow Park B,3,98.75,70,1,0.1429,0.3000,,,ok,1,2026-08-18 12:00:43.809995+00:00,1,1,20,14,1,4,1,4,11,0.3636363636363636363636363636
2026-07-01,legacy_aggregate,7887a084-3d77-59c1-8dca-983994b0cb6e,syn1-P-002,Willow Park Gardens,legacy_aggregate,1,2025-08-03,992af92a-c20b-56be-bce2-001f0c1968e6,syn1-A-006,Willow Park B,3,98.75,70,0,0.1429,0.3000,,,ok,0,2026-08-18 12:00:43.809995+00:00,1,1,20,14,1,4,1,4,11,0.3636363636363636363636363636
2026-07-02,legacy_aggregate,7887a084-3d77-59c1-8dca-983994b0cb6e,syn1-P-002,Willow Park Gardens,legacy_aggregate,1,2025-08-03,992af92a-c20b-56be-bce2-001f0c1968e6,syn1-A-006,Willow Park B,3,98.75,70,0,0.1429,0.2333,,,ok,0,2026-08-18 12:00:43.809995+00:00,1,1,20,14,1,4,1,4,11,0.3636363636363636363636363636
2026-07-03,legacy_aggregate,7887a084-3d77-59c1-8dca-983994b0cb6e,syn1-P-002,Willow Park Gardens,legacy_aggregate,1,2025-08-03,992af92a-c20b-56be-bce2-001f0c1968e6,syn1-A-006,Willow Park B,3,98.75,70,0,0.1429,0.2333,,,ok,0,2026-08-18 12:00:43.809995+00:00,1,1,20,14,1,4,1,4,11,0.3636363636363636363636363636
2026-07-04,legacy_aggregate,7887a084-3d77-59c1-8dca-983994b0cb6e,syn1-P-002,Willow Park Gardens,legacy_aggregate,1,2025-08-03,992af92a-c20b-56be-bce2-001f0c1968e6,syn1-A-006,Willow Park B,3,98.75,70,0,0.1429,0.2333,,,ok,0,2026-08-18 12:00:43.809995+00:00,1,1,20,14,1,4,1,4,11,0.3636363636363636363636363636
2026-07-05,legacy_aggregate,7887a084-3d77-59c1-8dca-983994b0cb6e,syn1-P-002,Willow Park Gardens,legacy_aggregate,1,2025-08-03,992af92a-c20b-56be-bce2-001f0c1968e6,syn1-A-006,Willow Park B,3,98.75,70,0,0.1429,0.2333,,,ok,0,2026-08-18 12:00:43.809995+00:00,1,1,20,14,1,4,1,4,11,0.3636363636363636363636363636
2026-07-06,legacy_aggregate,7887a084-3d77-59c1-8dca-983994b0cb6e,syn1-P-002,Willow Park Gardens,legacy_aggregate,1,2025-08-03,992af92a-c20b-56be-bce2-001f0c1968e6,syn1-A-006,Willow Park B,3,98.75,70,0,0.1429,0.2333,,,ok,0,2026-08-18 12:00:43.809995+00:00,1,1,20,14,1,4,1,4,11,0.3636363636363636363636363636
2026-07-07,legacy_aggregate,7887a084-3d77-59c1-8dca-983994b0cb6e,syn1-P-002,Willow Park Gardens,legacy_aggregate,1,2025-08-03,992af92a-c20b-56be-bce2-001f0c1968e6,syn1-A-006,Willow Park B,3,98.75,70,1,0.1429,0.2667,,,ok,1,2026-08-18 12:00:43.809995+00:00,1,1,20,14,1,4,1,4,11,0.3636363636363636363636363636
2026-07-08,legacy_aggregate,7887a084-3d77-59c1-8dca-983994b0cb6e,syn1-P-002,Willow Park Gardens,legacy_aggregate,1,2025-08-03,992af92a-c20b-56be-bce2-001f0c1968e6,syn1-A-006,Willow Park B,3,98.75,70,0,0.1429,0.2667,,,ok,0,2026-08-18 12:00:43.809995+00:00,1,1,20,14,1,4,1,4,11,0.3636363636363636363636363636
2026-07-09,legacy_aggregate,7887a084-3d77-59c1-8dca-983994b0cb6e,syn1-P-002,Willow Park Gardens,legacy_aggregate,1,2025-08-03,992af92a-c20b-56be-bce2-001f0c1968e6,syn1-A-006,Willow Park B,3,98.75,70,0,0.1429,0.1667,,,ok,0,2026-08-18 12:00:43.809995+00:00,1,1,20,14,1,4,1,4,11,0.3636363636363636363636363636
2026-07-10,legacy_aggregate,7887a084-3d77-59c1-8dca-983994b0cb6e,syn1-P-002,Willow Park Gardens,legacy_aggregate,1,2025-08-03,992af92a-c20b-56be-bce2-001f0c1968e6,syn1-A-006,Willow Park B,3,98.75,70,0,0.1429,0.1667,,,ok,0,2026-08-18 12:00:43.809995+00:00,1,1,20,14,1,4,1,4,11,0.3636363636363636363636363636
2026-07-11,legacy_aggregate,7887a084-3d77-59c1-8dca-983994b0cb6e,syn1-P-002,Willow Park Gardens,legacy_aggregate,1,2025-08-03,992af92a-c20b-56be-bce2-001f0c1968e6,syn1-A-006,Willow Park B,3,98.75,70,0,0.1429,0.1667,,,ok,0,2026-08-18 12:00:43.809995+00:00,1,1,20,14,1,4,1,4,11,0.3636363636363636363636363636
2026-07-12,legacy_aggregate,7887a084-3d77-59c1-8dca-983994b0cb6e,syn1-P-002,Willow Park Gardens,legacy_aggregate,1,2025-08-03,992af92a-c20b-56be-bce2-001f0c1968e6,syn1-A-006,Willow Park B,3,98.75,70,0,0.1429,0.1667,,,ok,0,2026-08-18 12:00:43.809995+00:00,1,1,20,14,1,4,1,4,11,0.3636363636363636363636363636
2026-07-13,legacy_aggregate,7887a084-3d77-59c1-8dca-983994b0cb6e,syn1-P-002,Willow Park Gardens,legacy_aggregate,1,2025-08-03,992af92a-c20b-56be-bce2-001f0c1968e6,syn1-A-006,Willow Park B,3,98.75,70,0,0.1429,0.1667,,,ok,0,2026-08-18 12:00:43.809995+00:00,1,1,20,14,1,4,1,4,11,0.3636363636363636363636363636
2026-07-14,legacy_aggregate,7887a084-3d77-59c1-8dca-983994b0cb6e,syn1-P-002,Willow Park Gardens,legacy_aggregate,1,2025-08-03,992af92a-c20b-56be-bce2-001f0c1968e6,syn1-A-006,Willow Park B,3,98.75,70,1,0.1429,0.2000,,,ok,1,2026-08-18 12:00:43.809995+00:00,1,1,20,14,1,4,1,4,11,0.3636363636363636363636363636
2026-07-15,legacy_aggregate,7887a084-3d77-59c1-8dca-983994b0cb6e,syn1-P-002,Willow Park Gardens,legacy_aggregate,1,2025-08-03,992af92a-c20b-56be-bce2-001f0c1968e6,syn1-A-006,Willow Park B,3,98.75,70,0,0.1429,0.2000,,,ok,0,2026-08-18 12:00:43.809995+00:00,1,1,20,14,1,4,1,4,11,0.3636363636363636363636363636
2026-07-16,legacy_aggregate,7887a084-3d77-59c1-8dca-983994b0cb6e,syn1-P-002,Willow Park Gardens,legacy_aggregate,1,2025-08-03,992af92a-c20b-56be-bce2-001f0c1968e6,syn1-A-006,Willow Park B,3,98.75,70,0,0.1429,0.1667,,,ok,0,2026-08-18 12:00:43.809995+00:00,1,1,20,14,1,4,1,4,11,0.3636363636363636363636363636
2026-07-17,legacy_aggregate,7887a084-3d77-59c1-8dca-983994b0cb6e,syn1-P-002,Willow Park Gardens,legacy_aggregate,1,2025-08-03,992af92a-c20b-56be-bce2-001f0c1968e6,syn1-A-006,Willow Park B,3,98.75,70,0,0.1429,0.1667,,,ok,0,2026-08-18 12:00:43.809995+00:00,1,1,20,14,1,4,1,4,11,0.3636363636363636363636363636
2026-07-18,legacy_aggregate,7887a084-3d77-59c1-8dca-983994b0cb6e,syn1-P-002,Willow Park Gardens,legacy_aggregate,1,2025-08-03,992af92a-c20b-56be-bce2-001f0c1968e6,syn1-A-006,Willow Park B,3,98.75,70,0,0.1429,0.1667,,,ok,0,2026-08-18 12:00:43.809995+00:00,1,1,20,14,1,4,1,4,11,0.3636363636363636363636363636
2026-07-19,legacy_aggregate,7887a084-3d77-59c1-8dca-983994b0cb6e,syn1-P-002,Willow Park Gardens,legacy_aggregate,1,2025-08-03,992af92a-c20b-56be-bce2-001f0c1968e6,syn1-A-006,Willow Park B,3,98.75,70,0,0.1429,0.1667,,,ok,0,2026-08-18 12:00:43.809995+00:00,1,1,20,14,1,4,1,4,11,0.3636363636363636363636363636
2026-07-20,legacy_aggregate,7887a084-3d77-59c1-8dca-983994b0cb6e,syn1-P-002,Willow Park Gardens,legacy_aggregate,1,2025-08-03,992af92a-c20b-56be-bce2-001f0c1968e6,syn1-A-006,Willow Park B,3,98.75,70,0,0.1429,0.1667,,,ok,0,2026-08-18 12:00:43.809995+00:00,1,1,20,14,1,4,1,4,11,0.3636363636363636363636363636
2026-07-21,legacy_aggregate,7887a084-3d77-59c1-8dca-983994b0cb6e,syn1-P-002,Willow Park Gardens,legacy_aggregate,1,2025-08-03,992af92a-c20b-56be-bce2-001f0c1968e6,syn1-A-006,Willow Park B,3,98.75,70,3,0.4286,0.2667,,,ok,1,2026-08-18 12:00:43.809995+00:00,1,1,20,14,1,4,1,4,11,0.3636363636363636363636363636
2026-07-22,legacy_aggregate,7887a084-3d77-59c1-8dca-983994b0cb6e,syn1-P-002,Willow Park Gardens,legacy_aggregate,1,2025-08-03,992af92a-c20b-56be-bce2-001f0c1968e6,syn1-A-006,Willow Park B,3,98.75,70,0,0.4286,0.2667,,,ok,0,2026-08-18 12:00:43.809995+00:00,1,1,20,14,1,4,1,4,11,0.3636363636363636363636363636
2026-07-23,legacy_aggregate,7887a084-3d77-59c1-8dca-983994b0cb6e,syn1-P-002,Willow Park Gardens,legacy_aggregate,1,2025-08-03,992af92a-c20b-56be-bce2-001f0c1968e6,syn1-A-006,Willow Park B,3,98.75,70,0,0.4286,0.2000,,,ok,0,2026-08-18 12:00:43.809995+00:00,1,1,20,14,1,4,1,4,11,0.3636363636363636363636363636
2026-07-24,legacy_aggregate,7887a084-3d77-59c1-8dca-983994b0cb6e,syn1-P-002,Willow Park Gardens,legacy_aggregate,1,2025-08-03,992af92a-c20b-56be-bce2-001f0c1968e6,syn1-A-006,Willow Park B,3,98.75,70,0,0.4286,0.2000,,,ok,0,2026-08-18 12:00:43.809995+00:00,1,1,20,14,1,4,1,4,11,0.3636363636363636363636363636
2026-07-25,legacy_aggregate,7887a084-3d77-59c1-8dca-983994b0cb6e,syn1-P-002,Willow Park Gardens,legacy_aggregate,1,2025-08-03,992af92a-c20b-56be-bce2-001f0c1968e6,syn1-A-006,Willow Park B,3,98.75,70,0,0.4286,0.2000,,,ok,0,2026-08-18 12:00:43.809995+00:00,1,1,20,14,1,4,1,4,11,0.3636363636363636363636363636
2026-07-26,legacy_aggregate,7887a084-3d77-59c1-8dca-983994b0cb6e,syn1-P-002,Willow Park Gardens,legacy_aggregate,1,2025-08-03,992af92a-c20b-56be-bce2-001f0c1968e6,syn1-A-006,Willow Park B,3,98.75,70,0,0.4286,0.2000,,,ok,0,2026-08-18 12:00:43.809995+00:00,1,1,20,14,1,4,1,4,11,0.3636363636363636363636363636
2026-07-27,legacy_aggregate,7887a084-3d77-59c1-8dca-983994b0cb6e,syn1-P-002,Willow Park Gardens,legacy_aggregate,1,2025-08-03,992af92a-c20b-56be-bce2-001f0c1968e6,syn1-A-006,Willow Park B,3,98.75,70,0,0.4286,0.2000,,,ok,0,2026-08-18 12:00:43.809995+00:00,1,1,20,14,1,4,1,4,11,0.3636363636363636363636363636
2026-07-28,legacy_aggregate,7887a084-3d77-59c1-8dca-983994b0cb6e,syn1-P-002,Willow Park Gardens,legacy_aggregate,1,2025-08-03,992af92a-c20b-56be-bce2-001f0c1968e6,syn1-A-006,Willow Park B,3,98.75,70,1,0.1429,0.2333,,,ok,1,2026-08-18 12:00:43.809995+00:00,1,1,20,14,1,4,1,4,11,0.3636363636363636363636363636
2026-07-29,legacy_aggregate,7887a084-3d77-59c1-8dca-983994b0cb6e,syn1-P-002,Willow Park Gardens,legacy_aggregate,1,2025-08-03,992af92a-c20b-56be-bce2-001f0c1968e6,syn1-A-006,Willow Park B,3,98.75,70,0,0.1429,0.2333,,,ok,0,2026-08-18 12:00:43.809995+00:00,1,1,20,14,1,4,1,4,11,0.3636363636363636363636363636
2026-07-30,legacy_aggregate,7887a084-3d77-59c1-8dca-983994b0cb6e,syn1-P-002,Willow Park Gardens,legacy_aggregate,1,2025-08-03,992af92a-c20b-56be-bce2-001f0c1968e6,syn1-A-006,Willow Park B,3,98.75,70,0,0.1429,0.2000,,,ok,0,2026-08-18 12:00:43.809995+00:00,1,1,20,14,1,4,1,4,11,0.3636363636363636363636363636
2026-07-31,legacy_aggregate,7887a084-3d77-59c1-8dca-983994b0cb6e,syn1-P-002,Willow Park Gardens,legacy_aggregate,1,2025-08-03,992af92a-c20b-56be-bce2-001f0c1968e6,syn1-A-006,Willow Park B,3,98.75,70,0,0.1429,0.2000,,,ok,0,2026-08-18 12:00:43.809995+00:00,1,1,20,14,1,4,1,4,11,0.3636363636363636363636363636
2026-08-01,legacy_aggregate,7887a084-3d77-59c1-8dca-983994b0cb6e,syn1-P-002,Willow Park Gardens,legacy_aggregate,1,2025-08-03,992af92a-c20b-56be-bce2-001f0c1968e6,syn1-A-006,Willow Park B,3,98.75,70,0,0.1429,0.2000,,,ok,0,2026-08-18 12:00:43.809995+00:00,1,1,20,14,1,4,1,4,11,0.3636363636363636363636363636
2026-08-02,legacy_aggregate,7887a084-3d77-59c1-8dca-983994b0cb6e,syn1-P-002,Willow Park Gardens,legacy_aggregate,1,2025-08-03,992af92a-c20b-56be-bce2-001f0c1968e6,syn1-A-006,Willow Park B,3,98.75,70,0,0.1429,0.2000,,,ok,0,2026-08-18 12:00:43.809995+00:00,1,1,20,14,1,4,1,4,11,0.3636363636363636363636363636
2026-08-03,legacy_aggregate,7887a084-3d77-59c1-8dca-983994b0cb6e,syn1-P-002,Willow Park Gardens,legacy_aggregate,1,2025-08-03,992af92a-c20b-56be-bce2-001f0c1968e6,syn1-A-006,Willow Park B,3,98.75,70,0,0.1429,0.2000,,,ok,0,2026-08-18 12:00:43.809995+00:00,1,1,20,14,1,4,1,4,11,0.3636363636363636363636363636
2026-08-04,legacy_aggregate,7887a084-3d77-59c1-8dca-983994b0cb6e,syn1-P-002,Willow Park Gardens,legacy_aggregate,1,2025-08-03,992af92a-c20b-56be-bce2-001f0c1968e6,syn1-A-006,Willow Park B,3,98.75,70,4,0.5714,0.3333,,,ok,1,2026-08-18 12:00:43.809995+00:00,1,1,20,14,1,4,1,4,11,0.3636363636363636363636363636
2026-08-05,legacy_aggregate,7887a084-3d77-59c1-8dca-983994b0cb6e,syn1-P-002,Willow Park Gardens,legacy_aggregate,1,2025-08-03,992af92a-c20b-56be-bce2-001f0c1968e6,syn1-A-006,Willow Park B,3,98.75,70,0,0.5714,0.3333,,,ok,0,2026-08-18 12:00:43.809995+00:00,1,1,20,14,1,4,1,4,11,0.3636363636363636363636363636
2026-08-06,legacy_aggregate,7887a084-3d77-59c1-8dca-983994b0cb6e,syn1-P-002,Willow Park Gardens,legacy_aggregate,1,2025-08-03,992af92a-c20b-56be-bce2-001f0c1968e6,syn1-A-006,Willow Park B,3,98.75,70,0,0.5714,0.3000,,,ok,0,2026-08-18 12:00:43.809995+00:00,1,1,20,14,1,4,1,4,11,0.3636363636363636363636363636
2026-08-07,legacy_aggregate,7887a084-3d77-59c1-8dca-983994b0cb6e,syn1-P-002,Willow Park Gardens,legacy_aggregate,1,2025-08-03,992af92a-c20b-56be-bce2-001f0c1968e6,syn1-A-006,Willow Park B,3,98.75,70,0,0.5714,0.3000,,,ok,0,2026-08-18 12:00:43.809995+00:00,1,1,20,14,1,4,1,4,11,0.3636363636363636363636363636
2026-08-08,legacy_aggregate,7887a084-3d77-59c1-8dca-983994b0cb6e,syn1-P-002,Willow Park Gardens,legacy_aggregate,1,2025-08-03,992af92a-c20b-56be-bce2-001f0c1968e6,syn1-A-006,Willow Park B,3,98.75,70,0,0.5714,0.3000,,,ok,0,2026-08-18 12:00:43.809995+00:00,1,1,20,14,1,4,1,4,11,0.3636363636363636363636363636
2026-08-09,legacy_aggregate,7887a084-3d77-59c1-8dca-983994b0cb6e,syn1-P-002,Willow Park Gardens,legacy_aggregate,1,2025-08-03,992af92a-c20b-56be-bce2-001f0c1968e6,syn1-A-006,Willow Park B,3,98.75,70,0,0.5714,0.3000,,,ok,0,2026-08-18 12:00:43.809995+00:00,1,1,20,14,1,4,1,4,11,0.3636363636363636363636363636
2026-08-10,legacy_aggregate,7887a084-3d77-59c1-8dca-983994b0cb6e,syn1-P-002,Willow Park Gardens,legacy_aggregate,1,2025-08-03,992af92a-c20b-56be-bce2-001f0c1968e6,syn1-A-006,Willow Park B,3,98.75,70,0,0.5714,0.3000,,,ok,0,2026-08-18 12:00:43.809995+00:00,1,1,20,14,1,4,1,4,11,0.3636363636363636363636363636
2026-08-11,legacy_aggregate,7887a084-3d77-59c1-8dca-983994b0cb6e,syn1-P-002,Willow Park Gardens,legacy_aggregate,1,2025-08-03,992af92a-c20b-56be-bce2-001f0c1968e6,syn1-A-006,Willow Park B,3,98.75,70,1,0.1429,0.3333,,,ok,1,2026-08-18 12:00:43.809995+00:00,1,1,20,14,1,4,1,4,11,0.3636363636363636363636363636
2026-07-05,domain_units_deals,7887a084-3d77-59c1-8dca-983994b0cb6e,syn1-P-002,Willow Park Gardens,legacy_aggregate,0,2025-08-03,aabfb001-73bc-592e-833b-3eab1b0f7220,syn1-A-007,Willow Park C,1,47.00,50,1,1.0000,1.0000,15,0,warning,1,2026-08-18 12:00:43.697846+00:00,0,0,16,13,0,3,0,3,6,0.5
2026-07-06,domain_units_deals,7887a084-3d77-59c1-8dca-983994b0cb6e,syn1-P-002,Willow Park Gardens,legacy_aggregate,0,2025-08-03,aabfb001-73bc-592e-833b-3eab1b0f7220,syn1-A-007,Willow Park C,1,47.00,50,0,0.5000,0.5000,15,0,warning,0,2026-08-18 12:00:43.697846+00:00,0,0,16,13,0,3,0,3,6,0.5
2026-07-07,domain_units_deals,7887a084-3d77-59c1-8dca-983994b0cb6e,syn1-P-002,Willow Park Gardens,legacy_aggregate,0,2025-08-03,aabfb001-73bc-592e-833b-3eab1b0f7220,syn1-A-007,Willow Park C,1,47.00,50,0,0.3333,0.3333,15,0,warning,0,2026-08-18 12:00:43.697846+00:00,0,0,16,13,0,3,0,3,6,0.5
2026-07-08,domain_units_deals,7887a084-3d77-59c1-8dca-983994b0cb6e,syn1-P-002,Willow Park Gardens,legacy_aggregate,0,2025-08-03,aabfb001-73bc-592e-833b-3eab1b0f7220,syn1-A-007,Willow Park C,1,47.00,50,0,0.2500,0.2500,15,0,warning,0,2026-08-18 12:00:43.697846+00:00,0,0,16,13,0,3,0,3,6,0.5
2026-07-09,domain_units_deals,7887a084-3d77-59c1-8dca-983994b0cb6e,syn1-P-002,Willow Park Gardens,legacy_aggregate,0,2025-08-03,aabfb001-73bc-592e-833b-3eab1b0f7220,syn1-A-007,Willow Park C,1,47.00,50,0,0.2000,0.2000,15,0,warning,0,2026-08-18 12:00:43.697846+00:00,0,0,16,13,0,3,0,3,6,0.5
2026-07-10,domain_units_deals,7887a084-3d77-59c1-8dca-983994b0cb6e,syn1-P-002,Willow Park Gardens,legacy_aggregate,0,2025-08-03,aabfb001-73bc-592e-833b-3eab1b0f7220,syn1-A-007,Willow Park C,1,47.00,50,0,0.1667,0.1667,15,0,warning,0,2026-08-18 12:00:43.697846+00:00,0,0,16,13,0,3,0,3,6,0.5
2026-07-11,domain_units_deals,7887a084-3d77-59c1-8dca-983994b0cb6e,syn1-P-002,Willow Park Gardens,legacy_aggregate,0,2025-08-03,aabfb001-73bc-592e-833b-3eab1b0f7220,syn1-A-007,Willow Park C,1,47.00,50,0,0.1429,0.1429,15,0,warning,0,2026-08-18 12:00:43.697846+00:00,0,0,16,13,0,3,0,3,6,0.5
2026-07-12,domain_units_deals,7887a084-3d77-59c1-8dca-983994b0cb6e,syn1-P-002,Willow Park Gardens,legacy_aggregate,0,2025-08-03,aabfb001-73bc-592e-833b-3eab1b0f7220,syn1-A-007,Willow Park C,1,47.00,50,0,0.0000,0.1250,15,0,warning,0,2026-08-18 12:00:43.697846+00:00,0,0,16,13,0,3,0,3,6,0.5
2026-07-13,domain_units_deals,7887a084-3d77-59c1-8dca-983994b0cb6e,syn1-P-002,Willow Park Gardens,legacy_aggregate,0,2025-08-03,aabfb001-73bc-592e-833b-3eab1b0f7220,syn1-A-007,Willow Park C,1,47.00,50,0,0.0000,0.1111,15,0,warning,0,2026-08-18 12:00:43.697846+00:00,0,0,16,13,0,3,0,3,6,0.5
2026-07-14,domain_units_deals,7887a084-3d77-59c1-8dca-983994b0cb6e,syn1-P-002,Willow Park Gardens,legacy_aggregate,0,2025-08-03,aabfb001-73bc-592e-833b-3eab1b0f7220,syn1-A-007,Willow Park C,1,47.00,50,1,0.1429,0.2000,14,0,warning,1,2026-08-18 12:00:43.697846+00:00,0,0,16,13,0,3,0,3,6,0.5
2026-07-15,domain_units_deals,7887a084-3d77-59c1-8dca-983994b0cb6e,syn1-P-002,Willow Park Gardens,legacy_aggregate,0,2025-08-03,aabfb001-73bc-592e-833b-3eab1b0f7220,syn1-A-007,Willow Park C,1,47.00,50,0,0.1429,0.1818,14,0,warning,0,2026-08-18 12:00:43.697846+00:00,0,0,16,13,0,3,0,3,6,0.5
2026-07-16,domain_units_deals,7887a084-3d77-59c1-8dca-983994b0cb6e,syn1-P-002,Willow Park Gardens,legacy_aggregate,0,2025-08-03,aabfb001-73bc-592e-833b-3eab1b0f7220,syn1-A-007,Willow Park C,1,47.00,50,0,0.1429,0.1667,14,0,warning,0,2026-08-18 12:00:43.697846+00:00,0,0,16,13,0,3,0,3,6,0.5
2026-07-17,domain_units_deals,7887a084-3d77-59c1-8dca-983994b0cb6e,syn1-P-002,Willow Park Gardens,legacy_aggregate,0,2025-08-03,aabfb001-73bc-592e-833b-3eab1b0f7220,syn1-A-007,Willow Park C,1,47.00,50,0,0.1429,0.1538,14,0,warning,0,2026-08-18 12:00:43.697846+00:00,0,0,16,13,0,3,0,3,6,0.5
2026-07-18,domain_units_deals,7887a084-3d77-59c1-8dca-983994b0cb6e,syn1-P-002,Willow Park Gardens,legacy_aggregate,0,2025-08-03,aabfb001-73bc-592e-833b-3eab1b0f7220,syn1-A-007,Willow Park C,1,47.00,50,0,0.1429,0.1429,14,0,warning,0,2026-08-18 12:00:43.697846+00:00,0,0,16,13,0,3,0,3,6,0.5
2026-07-19,domain_units_deals,7887a084-3d77-59c1-8dca-983994b0cb6e,syn1-P-002,Willow Park Gardens,legacy_aggregate,0,2025-08-03,aabfb001-73bc-592e-833b-3eab1b0f7220,syn1-A-007,Willow Park C,1,47.00,50,0,0.1429,0.1333,14,0,warning,0,2026-08-18 12:00:43.697846+00:00,0,0,16,13,0,3,0,3,6,0.5
2026-07-20,domain_units_deals,7887a084-3d77-59c1-8dca-983994b0cb6e,syn1-P-002,Willow Park Gardens,legacy_aggregate,0,2025-08-03,aabfb001-73bc-592e-833b-3eab1b0f7220,syn1-A-007,Willow Park C,1,47.00,50,0,0.1429,0.1250,14,0,warning,0,2026-08-18 12:00:43.697846+00:00,0,0,16,13,0,3,0,3,6,0.5
2026-07-21,domain_units_deals,7887a084-3d77-59c1-8dca-983994b0cb6e,syn1-P-002,Willow Park Gardens,legacy_aggregate,0,2025-08-03,aabfb001-73bc-592e-833b-3eab1b0f7220,syn1-A-007,Willow Park C,1,47.00,50,0,0.0000,0.1176,14,0,warning,0,2026-08-18 12:00:43.697846+00:00,0,0,16,13,0,3,0,3,6,0.5
2026-07-22,domain_units_deals,7887a084-3d77-59c1-8dca-983994b0cb6e,syn1-P-002,Willow Park Gardens,legacy_aggregate,0,2025-08-03,aabfb001-73bc-592e-833b-3eab1b0f7220,syn1-A-007,Willow Park C,1,47.00,50,0,0.0000,0.1111,14,0,warning,0,2026-08-18 12:00:43.697846+00:00,0,0,16,13,0,3,0,3,6,0.5
2026-07-23,domain_units_deals,7887a084-3d77-59c1-8dca-983994b0cb6e,syn1-P-002,Willow Park Gardens,legacy_aggregate,0,2025-08-03,aabfb001-73bc-592e-833b-3eab1b0f7220,syn1-A-007,Willow Park C,1,47.00,50,0,0.0000,0.1053,14,0,warning,0,2026-08-18 12:00:43.697846+00:00,0,0,16,13,0,3,0,3,6,0.5
2026-07-24,domain_units_deals,7887a084-3d77-59c1-8dca-983994b0cb6e,syn1-P-002,Willow Park Gardens,legacy_aggregate,0,2025-08-03,aabfb001-73bc-592e-833b-3eab1b0f7220,syn1-A-007,Willow Park C,1,47.00,50,0,0.0000,0.1000,14,0,warning,0,2026-08-18 12:00:43.697846+00:00,0,0,16,13,0,3,0,3,6,0.5
2026-07-25,domain_units_deals,7887a084-3d77-59c1-8dca-983994b0cb6e,syn1-P-002,Willow Park Gardens,legacy_aggregate,0,2025-08-03,aabfb001-73bc-592e-833b-3eab1b0f7220,syn1-A-007,Willow Park C,1,47.00,50,0,0.0000,0.0952,14,0,warning,0,2026-08-18 12:00:43.697846+00:00,0,0,16,13,0,3,0,3,6,0.5
2026-07-26,domain_units_deals,7887a084-3d77-59c1-8dca-983994b0cb6e,syn1-P-002,Willow Park Gardens,legacy_aggregate,0,2025-08-03,aabfb001-73bc-592e-833b-3eab1b0f7220,syn1-A-007,Willow Park C,1,47.00,50,0,0.0000,0.0909,14,0,warning,0,2026-08-18 12:00:43.697846+00:00,0,0,16,13,0,3,0,3,6,0.5
2026-07-27,domain_units_deals,7887a084-3d77-59c1-8dca-983994b0cb6e,syn1-P-002,Willow Park Gardens,legacy_aggregate,0,2025-08-03,aabfb001-73bc-592e-833b-3eab1b0f7220,syn1-A-007,Willow Park C,1,47.00,50,0,0.0000,0.0870,14,0,warning,0,2026-08-18 12:00:43.697846+00:00,0,0,16,13,0,3,0,3,6,0.5
2026-07-28,domain_units_deals,7887a084-3d77-59c1-8dca-983994b0cb6e,syn1-P-002,Willow Park Gardens,legacy_aggregate,0,2025-08-03,aabfb001-73bc-592e-833b-3eab1b0f7220,syn1-A-007,Willow Park C,1,47.00,50,0,0.0000,0.0833,14,0,warning,0,2026-08-18 12:00:43.697846+00:00,0,0,16,13,0,3,0,3,6,0.5
2026-07-29,domain_units_deals,7887a084-3d77-59c1-8dca-983994b0cb6e,syn1-P-002,Willow Park Gardens,legacy_aggregate,0,2025-08-03,aabfb001-73bc-592e-833b-3eab1b0f7220,syn1-A-007,Willow Park C,1,47.00,50,0,0.0000,0.0800,14,0,warning,0,2026-08-18 12:00:43.697846+00:00,0,0,16,13,0,3,0,3,6,0.5
2026-07-30,domain_units_deals,7887a084-3d77-59c1-8dca-983994b0cb6e,syn1-P-002,Willow Park Gardens,legacy_aggregate,0,2025-08-03,aabfb001-73bc-592e-833b-3eab1b0f7220,syn1-A-007,Willow Park C,1,47.00,50,0,0.0000,0.0769,14,0,warning,0,2026-08-18 12:00:43.697846+00:00,0,0,16,13,0,3,0,3,6,0.5
2026-07-31,domain_units_deals,7887a084-3d77-59c1-8dca-983994b0cb6e,syn1-P-002,Willow Park Gardens,legacy_aggregate,0,2025-08-03,aabfb001-73bc-592e-833b-3eab1b0f7220,syn1-A-007,Willow Park C,1,47.00,50,0,0.0000,0.0741,14,0,warning,0,2026-08-18 12:00:43.697846+00:00,0,0,16,13,0,3,0,3,6,0.5
2026-08-01,domain_units_deals,7887a084-3d77-59c1-8dca-983994b0cb6e,syn1-P-002,Willow Park Gardens,legacy_aggregate,0,2025-08-03,aabfb001-73bc-592e-833b-3eab1b0f7220,syn1-A-007,Willow Park C,1,47.00,50,0,0.0000,0.0714,14,0,warning,0,2026-08-18 12:00:43.697846+00:00,0,0,16,13,0,3,0,3,6,0.5
2026-08-02,domain_units_deals,7887a084-3d77-59c1-8dca-983994b0cb6e,syn1-P-002,Willow Park Gardens,legacy_aggregate,0,2025-08-03,aabfb001-73bc-592e-833b-3eab1b0f7220,syn1-A-007,Willow Park C,1,47.00,50,0,0.0000,0.0690,14,0,warning,0,2026-08-18 12:00:43.697846+00:00,0,0,16,13,0,3,0,3,6,0.5
2026-08-03,domain_units_deals,7887a084-3d77-59c1-8dca-983994b0cb6e,syn1-P-002,Willow Park Gardens,legacy_aggregate,0,2025-08-03,aabfb001-73bc-592e-833b-3eab1b0f7220,syn1-A-007,Willow Park C,1,47.00,50,0,0.0000,0.0667,14,0,ok,0,2026-08-18 12:00:43.697846+00:00,0,0,16,13,0,3,0,3,6,0.5
2026-08-04,domain_units_deals,7887a084-3d77-59c1-8dca-983994b0cb6e,syn1-P-002,Willow Park Gardens,legacy_aggregate,0,2025-08-03,aabfb001-73bc-592e-833b-3eab1b0f7220,syn1-A-007,Willow Park C,1,47.00,50,0,0.0000,0.0333,14,0,ok,0,2026-08-18 12:00:43.697846+00:00,0,0,16,13,0,3,0,3,6,0.5
2026-08-05,domain_units_deals,7887a084-3d77-59c1-8dca-983994b0cb6e,syn1-P-002,Willow Park Gardens,legacy_aggregate,0,2025-08-03,aabfb001-73bc-592e-833b-3eab1b0f7220,syn1-A-007,Willow Park C,1,47.00,50,0,0.0000,0.0333,14,0,ok,0,2026-08-18 12:00:43.697846+00:00,0,0,16,13,0,3,0,3,6,0.5
2026-08-06,domain_units_deals,7887a084-3d77-59c1-8dca-983994b0cb6e,syn1-P-002,Willow Park Gardens,legacy_aggregate,0,2025-08-03,aabfb001-73bc-592e-833b-3eab1b0f7220,syn1-A-007,Willow Park C,1,47.00,50,0,0.0000,0.0333,14,0,ok,0,2026-08-18 12:00:43.697846+00:00,0,0,16,13,0,3,0,3,6,0.5
2026-08-07,domain_units_deals,7887a084-3d77-59c1-8dca-983994b0cb6e,syn1-P-002,Willow Park Gardens,legacy_aggregate,0,2025-08-03,aabfb001-73bc-592e-833b-3eab1b0f7220,syn1-A-007,Willow Park C,1,47.00,50,0,0.0000,0.0333,14,0,ok,0,2026-08-18 12:00:43.697846+00:00,0,0,16,13,0,3,0,3,6,0.5
2026-08-08,domain_units_deals,7887a084-3d77-59c1-8dca-983994b0cb6e,syn1-P-002,Willow Park Gardens,legacy_aggregate,0,2025-08-03,aabfb001-73bc-592e-833b-3eab1b0f7220,syn1-A-007,Willow Park C,1,47.00,50,0,0.0000,0.0333,14,0,ok,0,2026-08-18 12:00:43.697846+00:00,0,0,16,13,0,3,0,3,6,0.5
2026-08-09,domain_units_deals,7887a084-3d77-59c1-8dca-983994b0cb6e,syn1-P-002,Willow Park Gardens,legacy_aggregate,0,2025-08-03,aabfb001-73bc-592e-833b-3eab1b0f7220,syn1-A-007,Willow Park C,1,47.00,50,0,0.0000,0.0333,14,0,ok,0,2026-08-18 12:00:43.697846+00:00,0,0,16,13,0,3,0,3,6,0.5
2026-08-10,domain_units_deals,7887a084-3d77-59c1-8dca-983994b0cb6e,syn1-P-002,Willow Park Gardens,legacy_aggregate,0,2025-08-03,aabfb001-73bc-592e-833b-3eab1b0f7220,syn1-A-007,Willow Park C,1,47.00,50,0,0.0000,0.0333,14,0,ok,0,2026-08-18 12:00:43.697846+00:00,0,0,16,13,0,3,0,3,6,0.5
2026-08-11,domain_units_deals,7887a084-3d77-59c1-8dca-983994b0cb6e,syn1-P-002,Willow Park Gardens,legacy_aggregate,0,2025-08-03,aabfb001-73bc-592e-833b-3eab1b0f7220,syn1-A-007,Willow Park C,1,47.00,50,0,0.0000,0.0333,14,0,ok,0,2026-08-18 12:00:43.697846+00:00,0,0,16,13,0,3,0,3,6,0.5
2026-08-12,domain_units_deals,7887a084-3d77-59c1-8dca-983994b0cb6e,syn1-P-002,Willow Park Gardens,legacy_aggregate,0,2025-08-03,aabfb001-73bc-592e-833b-3eab1b0f7220,syn1-A-007,Willow Park C,1,47.00,50,0,0.0000,0.0333,14,0,ok,0,2026-08-18 12:00:43.697846+00:00,0,0,16,13,0,3,0,3,6,0.5
2026-08-13,domain_units_deals,7887a084-3d77-59c1-8dca-983994b0cb6e,syn1-P-002,Willow Park Gardens,legacy_aggregate,0,2025-08-03,aabfb001-73bc-592e-833b-3eab1b0f7220,syn1-A-007,Willow Park C,1,47.00,50,0,0.0000,0.0000,14,0,ok,0,2026-08-18 12:00:43.697846+00:00,0,0,16,13,0,3,0,3,6,0.5
2026-08-14,domain_units_deals,7887a084-3d77-59c1-8dca-983994b0cb6e,syn1-P-002,Willow Park Gardens,legacy_aggregate,0,2025-08-03,aabfb001-73bc-592e-833b-3eab1b0f7220,syn1-A-007,Willow Park C,1,47.00,50,0,0.0000,0.0000,14,0,ok,0,2026-08-18 12:00:43.697846+00:00,0,0,16,13,0,3,0,3,6,0.5
2026-08-15,domain_units_deals,7887a084-3d77-59c1-8dca-983994b0cb6e,syn1-P-002,Willow Park Gardens,legacy_aggregate,0,2025-08-03,aabfb001-73bc-592e-833b-3eab1b0f7220,syn1-A-007,Willow Park C,1,47.00,50,1,0.1429,0.0333,13,0,ok,1,2026-08-18 12:00:43.697846+00:00,0,0,16,13,0,3,0,3,6,0.5
2026-05-26,legacy_aggregate,7887a084-3d77-59c1-8dca-983994b0cb6e,syn1-P-002,Willow Park Gardens,legacy_aggregate,1,2025-08-03,aabfb001-73bc-592e-833b-3eab1b0f7220,syn1-A-007,Willow Park C,1,47.00,50,1,1.0000,1.0000,,,warning,1,2026-08-18 12:00:43.809995+00:00,1,1,16,13,0,3,0,3,6,0.5
2026-05-27,legacy_aggregate,7887a084-3d77-59c1-8dca-983994b0cb6e,syn1-P-002,Willow Park Gardens,legacy_aggregate,1,2025-08-03,aabfb001-73bc-592e-833b-3eab1b0f7220,syn1-A-007,Willow Park C,1,47.00,50,0,0.5000,0.5000,,,warning,0,2026-08-18 12:00:43.809995+00:00,1,1,16,13,0,3,0,3,6,0.5
2026-05-28,legacy_aggregate,7887a084-3d77-59c1-8dca-983994b0cb6e,syn1-P-002,Willow Park Gardens,legacy_aggregate,1,2025-08-03,aabfb001-73bc-592e-833b-3eab1b0f7220,syn1-A-007,Willow Park C,1,47.00,50,0,0.3333,0.3333,,,warning,0,2026-08-18 12:00:43.809995+00:00,1,1,16,13,0,3,0,3,6,0.5
2026-05-29,legacy_aggregate,7887a084-3d77-59c1-8dca-983994b0cb6e,syn1-P-002,Willow Park Gardens,legacy_aggregate,1,2025-08-03,aabfb001-73bc-592e-833b-3eab1b0f7220,syn1-A-007,Willow Park C,1,47.00,50,0,0.2500,0.2500,,,warning,0,2026-08-18 12:00:43.809995+00:00,1,1,16,13,0,3,0,3,6,0.5
2026-05-30,legacy_aggregate,7887a084-3d77-59c1-8dca-983994b0cb6e,syn1-P-002,Willow Park Gardens,legacy_aggregate,1,2025-08-03,aabfb001-73bc-592e-833b-3eab1b0f7220,syn1-A-007,Willow Park C,1,47.00,50,0,0.2000,0.2000,,,warning,0,2026-08-18 12:00:43.809995+00:00,1,1,16,13,0,3,0,3,6,0.5
2026-05-31,legacy_aggregate,7887a084-3d77-59c1-8dca-983994b0cb6e,syn1-P-002,Willow Park Gardens,legacy_aggregate,1,2025-08-03,aabfb001-73bc-592e-833b-3eab1b0f7220,syn1-A-007,Willow Park C,1,47.00,50,0,0.1667,0.1667,,,warning,0,2026-08-18 12:00:43.809995+00:00,1,1,16,13,0,3,0,3,6,0.5
2026-06-01,legacy_aggregate,7887a084-3d77-59c1-8dca-983994b0cb6e,syn1-P-002,Willow Park Gardens,legacy_aggregate,1,2025-08-03,aabfb001-73bc-592e-833b-3eab1b0f7220,syn1-A-007,Willow Park C,1,47.00,50,0,0.1429,0.1429,,,warning,0,2026-08-18 12:00:43.809995+00:00,1,1,16,13,0,3,0,3,6,0.5
2026-06-02,legacy_aggregate,7887a084-3d77-59c1-8dca-983994b0cb6e,syn1-P-002,Willow Park Gardens,legacy_aggregate,1,2025-08-03,aabfb001-73bc-592e-833b-3eab1b0f7220,syn1-A-007,Willow Park C,1,47.00,50,1,0.1429,0.2500,,,warning,1,2026-08-18 12:00:43.809995+00:00,1,1,16,13,0,3,0,3,6,0.5
2026-06-03,legacy_aggregate,7887a084-3d77-59c1-8dca-983994b0cb6e,syn1-P-002,Willow Park Gardens,legacy_aggregate,1,2025-08-03,aabfb001-73bc-592e-833b-3eab1b0f7220,syn1-A-007,Willow Park C,1,47.00,50,0,0.1429,0.2222,,,warning,0,2026-08-18 12:00:43.809995+00:00,1,1,16,13,0,3,0,3,6,0.5
2026-06-04,legacy_aggregate,7887a084-3d77-59c1-8dca-983994b0cb6e,syn1-P-002,Willow Park Gardens,legacy_aggregate,1,2025-08-03,aabfb001-73bc-592e-833b-3eab1b0f7220,syn1-A-007,Willow Park C,1,47.00,50,0,0.1429,0.2000,,,warning,0,2026-08-18 12:00:43.809995+00:00,1,1,16,13,0,3,0,3,6,0.5
2026-06-05,legacy_aggregate,7887a084-3d77-59c1-8dca-983994b0cb6e,syn1-P-002,Willow Park Gardens,legacy_aggregate,1,2025-08-03,aabfb001-73bc-592e-833b-3eab1b0f7220,syn1-A-007,Willow Park C,1,47.00,50,0,0.1429,0.1818,,,warning,0,2026-08-18 12:00:43.809995+00:00,1,1,16,13,0,3,0,3,6,0.5
2026-06-06,legacy_aggregate,7887a084-3d77-59c1-8dca-983994b0cb6e,syn1-P-002,Willow Park Gardens,legacy_aggregate,1,2025-08-03,aabfb001-73bc-592e-833b-3eab1b0f7220,syn1-A-007,Willow Park C,1,47.00,50,0,0.1429,0.1667,,,warning,0,2026-08-18 12:00:43.809995+00:00,1,1,16,13,0,3,0,3,6,0.5
2026-06-07,legacy_aggregate,7887a084-3d77-59c1-8dca-983994b0cb6e,syn1-P-002,Willow Park Gardens,legacy_aggregate,1,2025-08-03,aabfb001-73bc-592e-833b-3eab1b0f7220,syn1-A-007,Willow Park C,1,47.00,50,0,0.1429,0.1538,,,warning,0,2026-08-18 12:00:43.809995+00:00,1,1,16,13,0,3,0,3,6,0.5
2026-06-08,legacy_aggregate,7887a084-3d77-59c1-8dca-983994b0cb6e,syn1-P-002,Willow Park Gardens,legacy_aggregate,1,2025-08-03,aabfb001-73bc-592e-833b-3eab1b0f7220,syn1-A-007,Willow Park C,1,47.00,50,0,0.1429,0.1429,,,warning,0,2026-08-18 12:00:43.809995+00:00,1,1,16,13,0,3,0,3,6,0.5
2026-06-09,legacy_aggregate,7887a084-3d77-59c1-8dca-983994b0cb6e,syn1-P-002,Willow Park Gardens,legacy_aggregate,1,2025-08-03,aabfb001-73bc-592e-833b-3eab1b0f7220,syn1-A-007,Willow Park C,1,47.00,50,2,0.2857,0.2667,,,warning,1,2026-08-18 12:00:43.809995+00:00,1,1,16,13,0,3,0,3,6,0.5
2026-06-10,legacy_aggregate,7887a084-3d77-59c1-8dca-983994b0cb6e,syn1-P-002,Willow Park Gardens,legacy_aggregate,1,2025-08-03,aabfb001-73bc-592e-833b-3eab1b0f7220,syn1-A-007,Willow Park C,1,47.00,50,0,0.2857,0.2500,,,warning,0,2026-08-18 12:00:43.809995+00:00,1,1,16,13,0,3,0,3,6,0.5
2026-06-11,legacy_aggregate,7887a084-3d77-59c1-8dca-983994b0cb6e,syn1-P-002,Willow Park Gardens,legacy_aggregate,1,2025-08-03,aabfb001-73bc-592e-833b-3eab1b0f7220,syn1-A-007,Willow Park C,1,47.00,50,0,0.2857,0.2353,,,warning,0,2026-08-18 12:00:43.809995+00:00,1,1,16,13,0,3,0,3,6,0.5
2026-06-12,legacy_aggregate,7887a084-3d77-59c1-8dca-983994b0cb6e,syn1-P-002,Willow Park Gardens,legacy_aggregate,1,2025-08-03,aabfb001-73bc-592e-833b-3eab1b0f7220,syn1-A-007,Willow Park C,1,47.00,50,0,0.2857,0.2222,,,warning,0,2026-08-18 12:00:43.809995+00:00,1,1,16,13,0,3,0,3,6,0.5
2026-06-13,legacy_aggregate,7887a084-3d77-59c1-8dca-983994b0cb6e,syn1-P-002,Willow Park Gardens,legacy_aggregate,1,2025-08-03,aabfb001-73bc-592e-833b-3eab1b0f7220,syn1-A-007,Willow Park C,1,47.00,50,0,0.2857,0.2105,,,warning,0,2026-08-18 12:00:43.809995+00:00,1,1,16,13,0,3,0,3,6,0.5
2026-06-14,legacy_aggregate,7887a084-3d77-59c1-8dca-983994b0cb6e,syn1-P-002,Willow Park Gardens,legacy_aggregate,1,2025-08-03,aabfb001-73bc-592e-833b-3eab1b0f7220,syn1-A-007,Willow Park C,1,47.00,50,0,0.2857,0.2000,,,warning,0,2026-08-18 12:00:43.809995+00:00,1,1,16,13,0,3,0,3,6,0.5
2026-06-15,legacy_aggregate,7887a084-3d77-59c1-8dca-983994b0cb6e,syn1-P-002,Willow Park Gardens,legacy_aggregate,1,2025-08-03,aabfb001-73bc-592e-833b-3eab1b0f7220,syn1-A-007,Willow Park C,1,47.00,50,0,0.2857,0.1905,,,warning,0,2026-08-18 12:00:43.809995+00:00,1,1,16,13,0,3,0,3,6,0.5
2026-06-16,legacy_aggregate,7887a084-3d77-59c1-8dca-983994b0cb6e,syn1-P-002,Willow Park Gardens,legacy_aggregate,1,2025-08-03,aabfb001-73bc-592e-833b-3eab1b0f7220,syn1-A-007,Willow Park C,1,47.00,50,1,0.1429,0.2273,,,warning,1,2026-08-18 12:00:43.809995+00:00,1,1,16,13,0,3,0,3,6,0.5
2026-06-17,legacy_aggregate,7887a084-3d77-59c1-8dca-983994b0cb6e,syn1-P-002,Willow Park Gardens,legacy_aggregate,1,2025-08-03,aabfb001-73bc-592e-833b-3eab1b0f7220,syn1-A-007,Willow Park C,1,47.00,50,0,0.1429,0.2174,,,warning,0,2026-08-18 12:00:43.809995+00:00,1,1,16,13,0,3,0,3,6,0.5
2026-06-18,legacy_aggregate,7887a084-3d77-59c1-8dca-983994b0cb6e,syn1-P-002,Willow Park Gardens,legacy_aggregate,1,2025-08-03,aabfb001-73bc-592e-833b-3eab1b0f7220,syn1-A-007,Willow Park C,1,47.00,50,0,0.1429,0.2083,,,warning,0,2026-08-18 12:00:43.809995+00:00,1,1,16,13,0,3,0,3,6,0.5
2026-06-19,legacy_aggregate,7887a084-3d77-59c1-8dca-983994b0cb6e,syn1-P-002,Willow Park Gardens,legacy_aggregate,1,2025-08-03,aabfb001-73bc-592e-833b-3eab1b0f7220,syn1-A-007,Willow Park C,1,47.00,50,0,0.1429,0.2000,,,warning,0,2026-08-18 12:00:43.809995+00:00,1,1,16,13,0,3,0,3,6,0.5
2026-06-20,legacy_aggregate,7887a084-3d77-59c1-8dca-983994b0cb6e,syn1-P-002,Willow Park Gardens,legacy_aggregate,1,2025-08-03,aabfb001-73bc-592e-833b-3eab1b0f7220,syn1-A-007,Willow Park C,1,47.00,50,0,0.1429,0.1923,,,warning,0,2026-08-18 12:00:43.809995+00:00,1,1,16,13,0,3,0,3,6,0.5
2026-06-21,legacy_aggregate,7887a084-3d77-59c1-8dca-983994b0cb6e,syn1-P-002,Willow Park Gardens,legacy_aggregate,1,2025-08-03,aabfb001-73bc-592e-833b-3eab1b0f7220,syn1-A-007,Willow Park C,1,47.00,50,0,0.1429,0.1852,,,warning,0,2026-08-18 12:00:43.809995+00:00,1,1,16,13,0,3,0,3,6,0.5
2026-06-22,legacy_aggregate,7887a084-3d77-59c1-8dca-983994b0cb6e,syn1-P-002,Willow Park Gardens,legacy_aggregate,1,2025-08-03,aabfb001-73bc-592e-833b-3eab1b0f7220,syn1-A-007,Willow Park C,1,47.00,50,0,0.1429,0.1786,,,warning,0,2026-08-18 12:00:43.809995+00:00,1,1,16,13,0,3,0,3,6,0.5
2026-06-23,legacy_aggregate,7887a084-3d77-59c1-8dca-983994b0cb6e,syn1-P-002,Willow Park Gardens,legacy_aggregate,1,2025-08-03,aabfb001-73bc-592e-833b-3eab1b0f7220,syn1-A-007,Willow Park C,1,47.00,50,4,0.5714,0.3103,,,warning,1,2026-08-18 12:00:43.809995+00:00,1,1,16,13,0,3,0,3,6,0.5
2026-06-24,legacy_aggregate,7887a084-3d77-59c1-8dca-983994b0cb6e,syn1-P-002,Willow Park Gardens,legacy_aggregate,1,2025-08-03,aabfb001-73bc-592e-833b-3eab1b0f7220,syn1-A-007,Willow Park C,1,47.00,50,0,0.5714,0.3000,,,ok,0,2026-08-18 12:00:43.809995+00:00,1,1,16,13,0,3,0,3,6,0.5
2026-06-25,legacy_aggregate,7887a084-3d77-59c1-8dca-983994b0cb6e,syn1-P-002,Willow Park Gardens,legacy_aggregate,1,2025-08-03,aabfb001-73bc-592e-833b-3eab1b0f7220,syn1-A-007,Willow Park C,1,47.00,50,0,0.5714,0.2667,,,ok,0,2026-08-18 12:00:43.809995+00:00,1,1,16,13,0,3,0,3,6,0.5
2026-06-26,legacy_aggregate,7887a084-3d77-59c1-8dca-983994b0cb6e,syn1-P-002,Willow Park Gardens,legacy_aggregate,1,2025-08-03,aabfb001-73bc-592e-833b-3eab1b0f7220,syn1-A-007,Willow Park C,1,47.00,50,0,0.5714,0.2667,,,ok,0,2026-08-18 12:00:43.809995+00:00,1,1,16,13,0,3,0,3,6,0.5
2026-06-27,legacy_aggregate,7887a084-3d77-59c1-8dca-983994b0cb6e,syn1-P-002,Willow Park Gardens,legacy_aggregate,1,2025-08-03,aabfb001-73bc-592e-833b-3eab1b0f7220,syn1-A-007,Willow Park C,1,47.00,50,0,0.5714,0.2667,,,ok,0,2026-08-18 12:00:43.809995+00:00,1,1,16,13,0,3,0,3,6,0.5
2026-06-28,legacy_aggregate,7887a084-3d77-59c1-8dca-983994b0cb6e,syn1-P-002,Willow Park Gardens,legacy_aggregate,1,2025-08-03,aabfb001-73bc-592e-833b-3eab1b0f7220,syn1-A-007,Willow Park C,1,47.00,50,0,0.5714,0.2667,,,ok,0,2026-08-18 12:00:43.809995+00:00,1,1,16,13,0,3,0,3,6,0.5
2026-06-29,legacy_aggregate,7887a084-3d77-59c1-8dca-983994b0cb6e,syn1-P-002,Willow Park Gardens,legacy_aggregate,1,2025-08-03,aabfb001-73bc-592e-833b-3eab1b0f7220,syn1-A-007,Willow Park C,1,47.00,50,0,0.5714,0.2667,,,ok,0,2026-08-18 12:00:43.809995+00:00,1,1,16,13,0,3,0,3,6,0.5
2026-06-30,legacy_aggregate,7887a084-3d77-59c1-8dca-983994b0cb6e,syn1-P-002,Willow Park Gardens,legacy_aggregate,1,2025-08-03,aabfb001-73bc-592e-833b-3eab1b0f7220,syn1-A-007,Willow Park C,1,47.00,50,2,0.2857,0.3333,,,ok,1,2026-08-18 12:00:43.809995+00:00,1,1,16,13,0,3,0,3,6,0.5
2026-07-01,legacy_aggregate,7887a084-3d77-59c1-8dca-983994b0cb6e,syn1-P-002,Willow Park Gardens,legacy_aggregate,1,2025-08-03,aabfb001-73bc-592e-833b-3eab1b0f7220,syn1-A-007,Willow Park C,1,47.00,50,0,0.2857,0.3333,,,ok,0,2026-08-18 12:00:43.809995+00:00,1,1,16,13,0,3,0,3,6,0.5
2026-07-02,legacy_aggregate,7887a084-3d77-59c1-8dca-983994b0cb6e,syn1-P-002,Willow Park Gardens,legacy_aggregate,1,2025-08-03,aabfb001-73bc-592e-833b-3eab1b0f7220,syn1-A-007,Willow Park C,1,47.00,50,0,0.2857,0.3000,,,ok,0,2026-08-18 12:00:43.809995+00:00,1,1,16,13,0,3,0,3,6,0.5
2026-07-03,legacy_aggregate,7887a084-3d77-59c1-8dca-983994b0cb6e,syn1-P-002,Willow Park Gardens,legacy_aggregate,1,2025-08-03,aabfb001-73bc-592e-833b-3eab1b0f7220,syn1-A-007,Willow Park C,1,47.00,50,0,0.2857,0.3000,,,ok,0,2026-08-18 12:00:43.809995+00:00,1,1,16,13,0,3,0,3,6,0.5
2026-07-04,legacy_aggregate,7887a084-3d77-59c1-8dca-983994b0cb6e,syn1-P-002,Willow Park Gardens,legacy_aggregate,1,2025-08-03,aabfb001-73bc-592e-833b-3eab1b0f7220,syn1-A-007,Willow Park C,1,47.00,50,0,0.2857,0.3000,,,ok,0,2026-08-18 12:00:43.809995+00:00,1,1,16,13,0,3,0,3,6,0.5
2026-07-05,legacy_aggregate,7887a084-3d77-59c1-8dca-983994b0cb6e,syn1-P-002,Willow Park Gardens,legacy_aggregate,1,2025-08-03,aabfb001-73bc-592e-833b-3eab1b0f7220,syn1-A-007,Willow Park C,1,47.00,50,0,0.2857,0.3000,,,ok,0,2026-08-18 12:00:43.809995+00:00,1,1,16,13,0,3,0,3,6,0.5
2026-07-06,legacy_aggregate,7887a084-3d77-59c1-8dca-983994b0cb6e,syn1-P-002,Willow Park Gardens,legacy_aggregate,1,2025-08-03,aabfb001-73bc-592e-833b-3eab1b0f7220,syn1-A-007,Willow Park C,1,47.00,50,0,0.2857,0.3000,,,ok,0,2026-08-18 12:00:43.809995+00:00,1,1,16,13,0,3,0,3,6,0.5
2026-07-07,legacy_aggregate,7887a084-3d77-59c1-8dca-983994b0cb6e,syn1-P-002,Willow Park Gardens,legacy_aggregate,1,2025-08-03,aabfb001-73bc-592e-833b-3eab1b0f7220,syn1-A-007,Willow Park C,1,47.00,50,1,0.1429,0.3333,,,ok,1,2026-08-18 12:00:43.809995+00:00,1,1,16,13,0,3,0,3,6,0.5
2026-07-08,legacy_aggregate,7887a084-3d77-59c1-8dca-983994b0cb6e,syn1-P-002,Willow Park Gardens,legacy_aggregate,1,2025-08-03,aabfb001-73bc-592e-833b-3eab1b0f7220,syn1-A-007,Willow Park C,1,47.00,50,0,0.1429,0.3333,,,ok,0,2026-08-18 12:00:43.809995+00:00,1,1,16,13,0,3,0,3,6,0.5
2026-07-09,legacy_aggregate,7887a084-3d77-59c1-8dca-983994b0cb6e,syn1-P-002,Willow Park Gardens,legacy_aggregate,1,2025-08-03,aabfb001-73bc-592e-833b-3eab1b0f7220,syn1-A-007,Willow Park C,1,47.00,50,0,0.1429,0.2667,,,ok,0,2026-08-18 12:00:43.809995+00:00,1,1,16,13,0,3,0,3,6,0.5
2026-07-10,legacy_aggregate,7887a084-3d77-59c1-8dca-983994b0cb6e,syn1-P-002,Willow Park Gardens,legacy_aggregate,1,2025-08-03,aabfb001-73bc-592e-833b-3eab1b0f7220,syn1-A-007,Willow Park C,1,47.00,50,0,0.1429,0.2667,,,ok,0,2026-08-18 12:00:43.809995+00:00,1,1,16,13,0,3,0,3,6,0.5
2026-07-11,legacy_aggregate,7887a084-3d77-59c1-8dca-983994b0cb6e,syn1-P-002,Willow Park Gardens,legacy_aggregate,1,2025-08-03,aabfb001-73bc-592e-833b-3eab1b0f7220,syn1-A-007,Willow Park C,1,47.00,50,0,0.1429,0.2667,,,ok,0,2026-08-18 12:00:43.809995+00:00,1,1,16,13,0,3,0,3,6,0.5
2026-07-12,legacy_aggregate,7887a084-3d77-59c1-8dca-983994b0cb6e,syn1-P-002,Willow Park Gardens,legacy_aggregate,1,2025-08-03,aabfb001-73bc-592e-833b-3eab1b0f7220,syn1-A-007,Willow Park C,1,47.00,50,0,0.1429,0.2667,,,ok,0,2026-08-18 12:00:43.809995+00:00,1,1,16,13,0,3,0,3,6,0.5
2026-07-13,legacy_aggregate,7887a084-3d77-59c1-8dca-983994b0cb6e,syn1-P-002,Willow Park Gardens,legacy_aggregate,1,2025-08-03,aabfb001-73bc-592e-833b-3eab1b0f7220,syn1-A-007,Willow Park C,1,47.00,50,0,0.1429,0.2667,,,ok,0,2026-08-18 12:00:43.809995+00:00,1,1,16,13,0,3,0,3,6,0.5
2026-07-14,legacy_aggregate,7887a084-3d77-59c1-8dca-983994b0cb6e,syn1-P-002,Willow Park Gardens,legacy_aggregate,1,2025-08-03,aabfb001-73bc-592e-833b-3eab1b0f7220,syn1-A-007,Willow Park C,1,47.00,50,4,0.5714,0.4000,,,ok,1,2026-08-18 12:00:43.809995+00:00,1,1,16,13,0,3,0,3,6,0.5
2026-07-15,legacy_aggregate,7887a084-3d77-59c1-8dca-983994b0cb6e,syn1-P-002,Willow Park Gardens,legacy_aggregate,1,2025-08-03,aabfb001-73bc-592e-833b-3eab1b0f7220,syn1-A-007,Willow Park C,1,47.00,50,0,0.5714,0.4000,,,ok,0,2026-08-18 12:00:43.809995+00:00,1,1,16,13,0,3,0,3,6,0.5
2026-07-16,legacy_aggregate,7887a084-3d77-59c1-8dca-983994b0cb6e,syn1-P-002,Willow Park Gardens,legacy_aggregate,1,2025-08-03,aabfb001-73bc-592e-833b-3eab1b0f7220,syn1-A-007,Willow Park C,1,47.00,50,0,0.5714,0.3667,,,ok,0,2026-08-18 12:00:43.809995+00:00,1,1,16,13,0,3,0,3,6,0.5
2026-07-17,legacy_aggregate,7887a084-3d77-59c1-8dca-983994b0cb6e,syn1-P-002,Willow Park Gardens,legacy_aggregate,1,2025-08-03,aabfb001-73bc-592e-833b-3eab1b0f7220,syn1-A-007,Willow Park C,1,47.00,50,0,0.5714,0.3667,,,ok,0,2026-08-18 12:00:43.809995+00:00,1,1,16,13,0,3,0,3,6,0.5
2026-07-18,legacy_aggregate,7887a084-3d77-59c1-8dca-983994b0cb6e,syn1-P-002,Willow Park Gardens,legacy_aggregate,1,2025-08-03,aabfb001-73bc-592e-833b-3eab1b0f7220,syn1-A-007,Willow Park C,1,47.00,50,0,0.5714,0.3667,,,ok,0,2026-08-18 12:00:43.809995+00:00,1,1,16,13,0,3,0,3,6,0.5
2026-07-19,legacy_aggregate,7887a084-3d77-59c1-8dca-983994b0cb6e,syn1-P-002,Willow Park Gardens,legacy_aggregate,1,2025-08-03,aabfb001-73bc-592e-833b-3eab1b0f7220,syn1-A-007,Willow Park C,1,47.00,50,0,0.5714,0.3667,,,ok,0,2026-08-18 12:00:43.809995+00:00,1,1,16,13,0,3,0,3,6,0.5
2026-07-20,legacy_aggregate,7887a084-3d77-59c1-8dca-983994b0cb6e,syn1-P-002,Willow Park Gardens,legacy_aggregate,1,2025-08-03,aabfb001-73bc-592e-833b-3eab1b0f7220,syn1-A-007,Willow Park C,1,47.00,50,0,0.5714,0.3667,,,ok,0,2026-08-18 12:00:43.809995+00:00,1,1,16,13,0,3,0,3,6,0.5
2026-07-21,legacy_aggregate,7887a084-3d77-59c1-8dca-983994b0cb6e,syn1-P-002,Willow Park Gardens,legacy_aggregate,1,2025-08-03,aabfb001-73bc-592e-833b-3eab1b0f7220,syn1-A-007,Willow Park C,1,47.00,50,2,0.2857,0.4333,,,ok,1,2026-08-18 12:00:43.809995+00:00,1,1,16,13,0,3,0,3,6,0.5
2026-07-22,legacy_aggregate,7887a084-3d77-59c1-8dca-983994b0cb6e,syn1-P-002,Willow Park Gardens,legacy_aggregate,1,2025-08-03,aabfb001-73bc-592e-833b-3eab1b0f7220,syn1-A-007,Willow Park C,1,47.00,50,0,0.2857,0.4333,,,ok,0,2026-08-18 12:00:43.809995+00:00,1,1,16,13,0,3,0,3,6,0.5
2026-07-23,legacy_aggregate,7887a084-3d77-59c1-8dca-983994b0cb6e,syn1-P-002,Willow Park Gardens,legacy_aggregate,1,2025-08-03,aabfb001-73bc-592e-833b-3eab1b0f7220,syn1-A-007,Willow Park C,1,47.00,50,0,0.2857,0.3000,,,ok,0,2026-08-18 12:00:43.809995+00:00,1,1,16,13,0,3,0,3,6,0.5
2026-07-24,legacy_aggregate,7887a084-3d77-59c1-8dca-983994b0cb6e,syn1-P-002,Willow Park Gardens,legacy_aggregate,1,2025-08-03,aabfb001-73bc-592e-833b-3eab1b0f7220,syn1-A-007,Willow Park C,1,47.00,50,0,0.2857,0.3000,,,ok,0,2026-08-18 12:00:43.809995+00:00,1,1,16,13,0,3,0,3,6,0.5
2026-07-25,legacy_aggregate,7887a084-3d77-59c1-8dca-983994b0cb6e,syn1-P-002,Willow Park Gardens,legacy_aggregate,1,2025-08-03,aabfb001-73bc-592e-833b-3eab1b0f7220,syn1-A-007,Willow Park C,1,47.00,50,0,0.2857,0.3000,,,ok,0,2026-08-18 12:00:43.809995+00:00,1,1,16,13,0,3,0,3,6,0.5
2026-07-26,legacy_aggregate,7887a084-3d77-59c1-8dca-983994b0cb6e,syn1-P-002,Willow Park Gardens,legacy_aggregate,1,2025-08-03,aabfb001-73bc-592e-833b-3eab1b0f7220,syn1-A-007,Willow Park C,1,47.00,50,0,0.2857,0.3000,,,ok,0,2026-08-18 12:00:43.809995+00:00,1,1,16,13,0,3,0,3,6,0.5
2026-07-27,legacy_aggregate,7887a084-3d77-59c1-8dca-983994b0cb6e,syn1-P-002,Willow Park Gardens,legacy_aggregate,1,2025-08-03,aabfb001-73bc-592e-833b-3eab1b0f7220,syn1-A-007,Willow Park C,1,47.00,50,0,0.2857,0.3000,,,ok,0,2026-08-18 12:00:43.809995+00:00,1,1,16,13,0,3,0,3,6,0.5
2026-07-28,legacy_aggregate,7887a084-3d77-59c1-8dca-983994b0cb6e,syn1-P-002,Willow Park Gardens,legacy_aggregate,1,2025-08-03,aabfb001-73bc-592e-833b-3eab1b0f7220,syn1-A-007,Willow Park C,1,47.00,50,1,0.1429,0.3333,,,ok,1,2026-08-18 12:00:43.809995+00:00,1,1,16,13,0,3,0,3,6,0.5
2026-07-29,legacy_aggregate,7887a084-3d77-59c1-8dca-983994b0cb6e,syn1-P-002,Willow Park Gardens,legacy_aggregate,1,2025-08-03,aabfb001-73bc-592e-833b-3eab1b0f7220,syn1-A-007,Willow Park C,1,47.00,50,0,0.1429,0.3333,,,ok,0,2026-08-18 12:00:43.809995+00:00,1,1,16,13,0,3,0,3,6,0.5
2026-07-30,legacy_aggregate,7887a084-3d77-59c1-8dca-983994b0cb6e,syn1-P-002,Willow Park Gardens,legacy_aggregate,1,2025-08-03,aabfb001-73bc-592e-833b-3eab1b0f7220,syn1-A-007,Willow Park C,1,47.00,50,0,0.1429,0.2667,,,ok,0,2026-08-18 12:00:43.809995+00:00,1,1,16,13,0,3,0,3,6,0.5
2026-07-31,legacy_aggregate,7887a084-3d77-59c1-8dca-983994b0cb6e,syn1-P-002,Willow Park Gardens,legacy_aggregate,1,2025-08-03,aabfb001-73bc-592e-833b-3eab1b0f7220,syn1-A-007,Willow Park C,1,47.00,50,0,0.1429,0.2667,,,ok,0,2026-08-18 12:00:43.809995+00:00,1,1,16,13,0,3,0,3,6,0.5
2026-08-01,legacy_aggregate,7887a084-3d77-59c1-8dca-983994b0cb6e,syn1-P-002,Willow Park Gardens,legacy_aggregate,1,2025-08-03,aabfb001-73bc-592e-833b-3eab1b0f7220,syn1-A-007,Willow Park C,1,47.00,50,0,0.1429,0.2667,,,ok,0,2026-08-18 12:00:43.809995+00:00,1,1,16,13,0,3,0,3,6,0.5
2026-08-02,legacy_aggregate,7887a084-3d77-59c1-8dca-983994b0cb6e,syn1-P-002,Willow Park Gardens,legacy_aggregate,1,2025-08-03,aabfb001-73bc-592e-833b-3eab1b0f7220,syn1-A-007,Willow Park C,1,47.00,50,0,0.1429,0.2667,,,ok,0,2026-08-18 12:00:43.809995+00:00,1,1,16,13,0,3,0,3,6,0.5
2026-08-03,legacy_aggregate,7887a084-3d77-59c1-8dca-983994b0cb6e,syn1-P-002,Willow Park Gardens,legacy_aggregate,1,2025-08-03,aabfb001-73bc-592e-833b-3eab1b0f7220,syn1-A-007,Willow Park C,1,47.00,50,0,0.1429,0.2667,,,ok,0,2026-08-18 12:00:43.809995+00:00,1,1,16,13,0,3,0,3,6,0.5
2026-08-04,legacy_aggregate,7887a084-3d77-59c1-8dca-983994b0cb6e,syn1-P-002,Willow Park Gardens,legacy_aggregate,1,2025-08-03,aabfb001-73bc-592e-833b-3eab1b0f7220,syn1-A-007,Willow Park C,1,47.00,50,4,0.5714,0.4000,,,ok,1,2026-08-18 12:00:43.809995+00:00,1,1,16,13,0,3,0,3,6,0.5
2026-08-05,legacy_aggregate,7887a084-3d77-59c1-8dca-983994b0cb6e,syn1-P-002,Willow Park Gardens,legacy_aggregate,1,2025-08-03,aabfb001-73bc-592e-833b-3eab1b0f7220,syn1-A-007,Willow Park C,1,47.00,50,0,0.5714,0.4000,,,ok,0,2026-08-18 12:00:43.809995+00:00,1,1,16,13,0,3,0,3,6,0.5
2026-08-06,legacy_aggregate,7887a084-3d77-59c1-8dca-983994b0cb6e,syn1-P-002,Willow Park Gardens,legacy_aggregate,1,2025-08-03,aabfb001-73bc-592e-833b-3eab1b0f7220,syn1-A-007,Willow Park C,1,47.00,50,0,0.5714,0.3667,,,ok,0,2026-08-18 12:00:43.809995+00:00,1,1,16,13,0,3,0,3,6,0.5
2026-08-07,legacy_aggregate,7887a084-3d77-59c1-8dca-983994b0cb6e,syn1-P-002,Willow Park Gardens,legacy_aggregate,1,2025-08-03,aabfb001-73bc-592e-833b-3eab1b0f7220,syn1-A-007,Willow Park C,1,47.00,50,0,0.5714,0.3667,,,ok,0,2026-08-18 12:00:43.809995+00:00,1,1,16,13,0,3,0,3,6,0.5
2026-08-08,legacy_aggregate,7887a084-3d77-59c1-8dca-983994b0cb6e,syn1-P-002,Willow Park Gardens,legacy_aggregate,1,2025-08-03,aabfb001-73bc-592e-833b-3eab1b0f7220,syn1-A-007,Willow Park C,1,47.00,50,0,0.5714,0.3667,,,ok,0,2026-08-18 12:00:43.809995+00:00,1,1,16,13,0,3,0,3,6,0.5
2026-08-09,legacy_aggregate,7887a084-3d77-59c1-8dca-983994b0cb6e,syn1-P-002,Willow Park Gardens,legacy_aggregate,1,2025-08-03,aabfb001-73bc-592e-833b-3eab1b0f7220,syn1-A-007,Willow Park C,1,47.00,50,0,0.5714,0.3667,,,ok,0,2026-08-18 12:00:43.809995+00:00,1,1,16,13,0,3,0,3,6,0.5
2026-08-10,legacy_aggregate,7887a084-3d77-59c1-8dca-983994b0cb6e,syn1-P-002,Willow Park Gardens,legacy_aggregate,1,2025-08-03,aabfb001-73bc-592e-833b-3eab1b0f7220,syn1-A-007,Willow Park C,1,47.00,50,0,0.5714,0.3667,,,ok,0,2026-08-18 12:00:43.809995+00:00,1,1,16,13,0,3,0,3,6,0.5
2026-08-11,legacy_aggregate,7887a084-3d77-59c1-8dca-983994b0cb6e,syn1-P-002,Willow Park Gardens,legacy_aggregate,1,2025-08-03,aabfb001-73bc-592e-833b-3eab1b0f7220,syn1-A-007,Willow Park C,1,47.00,50,4,0.5714,0.5000,,,ok,1,2026-08-18 12:00:43.809995+00:00,1,1,16,13,0,3,0,3,6,0.5
2026-07-14,domain_units_deals,0fa6dc5b-1574-5004-b44a-e74d1b8695d2,syn1-P-003,Quarry Fields Commons,domain_units_deals,1,2025-08-03,f7f1e08d-c907-50c0-929f-bbc3efa871e2,,Quarry Fields Legacy,2,64.00,30,1,1.0000,1.0000,9,0,warning,1,2026-08-18 12:00:44.335488+00:00,0,0,10,9,0,1,0,1,3,0.3333333333333333333333333333
2026-07-14,domain_units_deals,0fa6dc5b-1574-5004-b44a-e74d1b8695d2,syn1-P-003,Quarry Fields Commons,domain_units_deals,1,2025-08-03,3552b1b8-b749-5851-a3b1-1b295129cff8,syn1-A-008,Quarry Fields North,2,66.00,40,1,1.0000,1.0000,12,1,warning,1,2026-08-18 12:00:44.335488+00:00,0,0,18,10,1,3,4,3,10,0.3
2026-07-15,domain_units_deals,0fa6dc5b-1574-5004-b44a-e74d1b8695d2,syn1-P-003,Quarry Fields Commons,domain_units_deals,1,2025-08-03,3552b1b8-b749-5851-a3b1-1b295129cff8,syn1-A-008,Quarry Fields North,2,66.00,40,0,0.5000,0.5000,12,1,warning,0,2026-08-18 12:00:44.335488+00:00,0,0,18,10,1,3,4,3,10,0.3
2026-07-16,domain_units_deals,0fa6dc5b-1574-5004-b44a-e74d1b8695d2,syn1-P-003,Quarry Fields Commons,domain_units_deals,1,2025-08-03,3552b1b8-b749-5851-a3b1-1b295129cff8,syn1-A-008,Quarry Fields North,2,66.00,40,0,0.3333,0.3333,12,1,warning,0,2026-08-18 12:00:44.335488+00:00,0,0,18,10,1,3,4,3,10,0.3
2026-07-17,domain_units_deals,0fa6dc5b-1574-5004-b44a-e74d1b8695d2,syn1-P-003,Quarry Fields Commons,domain_units_deals,1,2025-08-03,3552b1b8-b749-5851-a3b1-1b295129cff8,syn1-A-008,Quarry Fields North,2,66.00,40,0,0.2500,0.2500,12,1,warning,0,2026-08-18 12:00:44.335488+00:00,0,0,18,10,1,3,4,3,10,0.3
2026-07-18,domain_units_deals,0fa6dc5b-1574-5004-b44a-e74d1b8695d2,syn1-P-003,Quarry Fields Commons,domain_units_deals,1,2025-08-03,3552b1b8-b749-5851-a3b1-1b295129cff8,syn1-A-008,Quarry Fields North,2,66.00,40,0,0.2000,0.2000,12,1,warning,0,2026-08-18 12:00:44.335488+00:00,0,0,18,10,1,3,4,3,10,0.3
2026-07-19,domain_units_deals,0fa6dc5b-1574-5004-b44a-e74d1b8695d2,syn1-P-003,Quarry Fields Commons,domain_units_deals,1,2025-08-03,3552b1b8-b749-5851-a3b1-1b295129cff8,syn1-A-008,Quarry Fields North,2,66.00,40,0,0.1667,0.1667,12,1,warning,0,2026-08-18 12:00:44.335488+00:00,0,0,18,10,1,3,4,3,10,0.3
2026-07-20,domain_units_deals,0fa6dc5b-1574-5004-b44a-e74d1b8695d2,syn1-P-003,Quarry Fields Commons,domain_units_deals,1,2025-08-03,3552b1b8-b749-5851-a3b1-1b295129cff8,syn1-A-008,Quarry Fields North,2,66.00,40,0,0.1429,0.1429,12,1,warning,0,2026-08-18 12:00:44.335488+00:00,0,0,18,10,1,3,4,3,10,0.3
2026-07-21,domain_units_deals,0fa6dc5b-1574-5004-b44a-e74d1b8695d2,syn1-P-003,Quarry Fields Commons,domain_units_deals,1,2025-08-03,3552b1b8-b749-5851-a3b1-1b295129cff8,syn1-A-008,Quarry Fields North,2,66.00,40,0,0.0000,0.1250,12,1,warning,0,2026-08-18 12:00:44.335488+00:00,0,0,18,10,1,3,4,3,10,0.3
2026-07-22,domain_units_deals,0fa6dc5b-1574-5004-b44a-e74d1b8695d2,syn1-P-003,Quarry Fields Commons,domain_units_deals,1,2025-08-03,3552b1b8-b749-5851-a3b1-1b295129cff8,syn1-A-008,Quarry Fields North,2,66.00,40,0,0.0000,0.1111,12,1,warning,0,2026-08-18 12:00:44.335488+00:00,0,0,18,10,1,3,4,3,10,0.3
2026-07-23,domain_units_deals,0fa6dc5b-1574-5004-b44a-e74d1b8695d2,syn1-P-003,Quarry Fields Commons,domain_units_deals,1,2025-08-03,3552b1b8-b749-5851-a3b1-1b295129cff8,syn1-A-008,Quarry Fields North,2,66.00,40,0,0.0000,0.1000,12,1,warning,0,2026-08-18 12:00:44.335488+00:00,0,0,18,10,1,3,4,3,10,0.3
2026-07-24,domain_units_deals,0fa6dc5b-1574-5004-b44a-e74d1b8695d2,syn1-P-003,Quarry Fields Commons,domain_units_deals,1,2025-08-03,3552b1b8-b749-5851-a3b1-1b295129cff8,syn1-A-008,Quarry Fields North,2,66.00,40,0,0.0000,0.0909,12,1,warning,0,2026-08-18 12:00:44.335488+00:00,0,0,18,10,1,3,4,3,10,0.3
2026-07-25,domain_units_deals,0fa6dc5b-1574-5004-b44a-e74d1b8695d2,syn1-P-003,Quarry Fields Commons,domain_units_deals,1,2025-08-03,3552b1b8-b749-5851-a3b1-1b295129cff8,syn1-A-008,Quarry Fields North,2,66.00,40,0,0.0000,0.0833,12,1,warning,0,2026-08-18 12:00:44.335488+00:00,0,0,18,10,1,3,4,3,10,0.3
2026-07-26,domain_units_deals,0fa6dc5b-1574-5004-b44a-e74d1b8695d2,syn1-P-003,Quarry Fields Commons,domain_units_deals,1,2025-08-03,3552b1b8-b749-5851-a3b1-1b295129cff8,syn1-A-008,Quarry Fields North,2,66.00,40,0,0.0000,0.0769,12,1,warning,0,2026-08-18 12:00:44.335488+00:00,0,0,18,10,1,3,4,3,10,0.3
2026-07-27,domain_units_deals,0fa6dc5b-1574-5004-b44a-e74d1b8695d2,syn1-P-003,Quarry Fields Commons,domain_units_deals,1,2025-08-03,3552b1b8-b749-5851-a3b1-1b295129cff8,syn1-A-008,Quarry Fields North,2,66.00,40,0,0.0000,0.0714,12,1,warning,0,2026-08-18 12:00:44.335488+00:00,0,0,18,10,1,3,4,3,10,0.3
2026-07-28,domain_units_deals,0fa6dc5b-1574-5004-b44a-e74d1b8695d2,syn1-P-003,Quarry Fields Commons,domain_units_deals,1,2025-08-03,3552b1b8-b749-5851-a3b1-1b295129cff8,syn1-A-008,Quarry Fields North,2,66.00,40,0,0.0000,0.0667,12,1,warning,0,2026-08-18 12:00:44.335488+00:00,0,0,18,10,1,3,4,3,10,0.3
2026-07-29,domain_units_deals,0fa6dc5b-1574-5004-b44a-e74d1b8695d2,syn1-P-003,Quarry Fields Commons,domain_units_deals,1,2025-08-03,3552b1b8-b749-5851-a3b1-1b295129cff8,syn1-A-008,Quarry Fields North,2,66.00,40,0,0.0000,0.0625,12,1,warning,0,2026-08-18 12:00:44.335488+00:00,0,0,18,10,1,3,4,3,10,0.3
2026-07-30,domain_units_deals,0fa6dc5b-1574-5004-b44a-e74d1b8695d2,syn1-P-003,Quarry Fields Commons,domain_units_deals,1,2025-08-03,3552b1b8-b749-5851-a3b1-1b295129cff8,syn1-A-008,Quarry Fields North,2,66.00,40,0,0.0000,0.0588,12,1,warning,0,2026-08-18 12:00:44.335488+00:00,0,0,18,10,1,3,4,3,10,0.3
2026-07-31,domain_units_deals,0fa6dc5b-1574-5004-b44a-e74d1b8695d2,syn1-P-003,Quarry Fields Commons,domain_units_deals,1,2025-08-03,3552b1b8-b749-5851-a3b1-1b295129cff8,syn1-A-008,Quarry Fields North,2,66.00,40,0,0.0000,0.0556,12,1,warning,0,2026-08-18 12:00:44.335488+00:00,0,0,18,10,1,3,4,3,10,0.3
2026-08-01,domain_units_deals,0fa6dc5b-1574-5004-b44a-e74d1b8695d2,syn1-P-003,Quarry Fields Commons,domain_units_deals,1,2025-08-03,3552b1b8-b749-5851-a3b1-1b295129cff8,syn1-A-008,Quarry Fields North,2,66.00,40,0,0.0000,0.0526,12,1,warning,0,2026-08-18 12:00:44.335488+00:00,0,0,18,10,1,3,4,3,10,0.3
2026-08-02,domain_units_deals,0fa6dc5b-1574-5004-b44a-e74d1b8695d2,syn1-P-003,Quarry Fields Commons,domain_units_deals,1,2025-08-03,3552b1b8-b749-5851-a3b1-1b295129cff8,syn1-A-008,Quarry Fields North,2,66.00,40,0,0.0000,0.0500,12,1,warning,0,2026-08-18 12:00:44.335488+00:00,0,0,18,10,1,3,4,3,10,0.3
2026-08-03,domain_units_deals,0fa6dc5b-1574-5004-b44a-e74d1b8695d2,syn1-P-003,Quarry Fields Commons,domain_units_deals,1,2025-08-03,3552b1b8-b749-5851-a3b1-1b295129cff8,syn1-A-008,Quarry Fields North,2,66.00,40,0,0.0000,0.0476,12,1,warning,0,2026-08-18 12:00:44.335488+00:00,0,0,18,10,1,3,4,3,10,0.3
2026-08-04,domain_units_deals,0fa6dc5b-1574-5004-b44a-e74d1b8695d2,syn1-P-003,Quarry Fields Commons,domain_units_deals,1,2025-08-03,3552b1b8-b749-5851-a3b1-1b295129cff8,syn1-A-008,Quarry Fields North,2,66.00,40,0,0.0000,0.0455,12,1,warning,0,2026-08-18 12:00:44.335488+00:00,0,0,18,10,1,3,4,3,10,0.3
2026-08-05,domain_units_deals,0fa6dc5b-1574-5004-b44a-e74d1b8695d2,syn1-P-003,Quarry Fields Commons,domain_units_deals,1,2025-08-03,3552b1b8-b749-5851-a3b1-1b295129cff8,syn1-A-008,Quarry Fields North,2,66.00,40,0,0.0000,0.0435,12,1,warning,0,2026-08-18 12:00:44.335488+00:00,0,0,18,10,1,3,4,3,10,0.3
2026-08-06,domain_units_deals,0fa6dc5b-1574-5004-b44a-e74d1b8695d2,syn1-P-003,Quarry Fields Commons,domain_units_deals,1,2025-08-03,3552b1b8-b749-5851-a3b1-1b295129cff8,syn1-A-008,Quarry Fields North,2,66.00,40,0,0.0000,0.0417,12,1,warning,0,2026-08-18 12:00:44.335488+00:00,0,0,18,10,1,3,4,3,10,0.3
2026-08-07,domain_units_deals,0fa6dc5b-1574-5004-b44a-e74d1b8695d2,syn1-P-003,Quarry Fields Commons,domain_units_deals,1,2025-08-03,3552b1b8-b749-5851-a3b1-1b295129cff8,syn1-A-008,Quarry Fields North,2,66.00,40,0,0.0000,0.0400,12,1,warning,0,2026-08-18 12:00:44.335488+00:00,0,0,18,10,1,3,4,3,10,0.3
2026-08-08,domain_units_deals,0fa6dc5b-1574-5004-b44a-e74d1b8695d2,syn1-P-003,Quarry Fields Commons,domain_units_deals,1,2025-08-03,3552b1b8-b749-5851-a3b1-1b295129cff8,syn1-A-008,Quarry Fields North,2,66.00,40,0,0.0000,0.0385,12,1,warning,0,2026-08-18 12:00:44.335488+00:00,0,0,18,10,1,3,4,3,10,0.3
2026-08-09,domain_units_deals,0fa6dc5b-1574-5004-b44a-e74d1b8695d2,syn1-P-003,Quarry Fields Commons,domain_units_deals,1,2025-08-03,3552b1b8-b749-5851-a3b1-1b295129cff8,syn1-A-008,Quarry Fields North,2,66.00,40,0,0.0000,0.0370,12,1,warning,0,2026-08-18 12:00:44.335488+00:00,0,0,18,10,1,3,4,3,10,0.3
2026-08-10,domain_units_deals,0fa6dc5b-1574-5004-b44a-e74d1b8695d2,syn1-P-003,Quarry Fields Commons,domain_units_deals,1,2025-08-03,3552b1b8-b749-5851-a3b1-1b295129cff8,syn1-A-008,Quarry Fields North,2,66.00,40,0,0.0000,0.0357,12,1,warning,0,2026-08-18 12:00:44.335488+00:00,0,0,18,10,1,3,4,3,10,0.3
2026-08-11,domain_units_deals,0fa6dc5b-1574-5004-b44a-e74d1b8695d2,syn1-P-003,Quarry Fields Commons,domain_units_deals,1,2025-08-03,3552b1b8-b749-5851-a3b1-1b295129cff8,syn1-A-008,Quarry Fields North,2,66.00,40,0,0.0000,0.0345,12,1,warning,0,2026-08-18 12:00:44.335488+00:00,0,0,18,10,1,3,4,3,10,0.3
2026-08-12,domain_units_deals,0fa6dc5b-1574-5004-b44a-e74d1b8695d2,syn1-P-003,Quarry Fields Commons,domain_units_deals,1,2025-08-03,3552b1b8-b749-5851-a3b1-1b295129cff8,syn1-A-008,Quarry Fields North,2,66.00,40,1,0.1429,0.0667,11,1,ok,1,2026-08-18 12:00:44.335488+00:00,0,0,18,10,1,3,4,3,10,0.3
2026-08-13,domain_units_deals,0fa6dc5b-1574-5004-b44a-e74d1b8695d2,syn1-P-003,Quarry Fields Commons,domain_units_deals,1,2025-08-03,3552b1b8-b749-5851-a3b1-1b295129cff8,syn1-A-008,Quarry Fields North,2,66.00,40,0,0.1429,0.0333,11,1,ok,0,2026-08-18 12:00:44.335488+00:00,0,0,18,10,1,3,4,3,10,0.3
2026-08-14,domain_units_deals,0fa6dc5b-1574-5004-b44a-e74d1b8695d2,syn1-P-003,Quarry Fields Commons,domain_units_deals,1,2025-08-03,3552b1b8-b749-5851-a3b1-1b295129cff8,syn1-A-008,Quarry Fields North,2,66.00,40,0,0.1429,0.0333,11,1,ok,0,2026-08-18 12:00:44.335488+00:00,0,0,18,10,1,3,4,3,10,0.3
2026-08-15,domain_units_deals,0fa6dc5b-1574-5004-b44a-e74d1b8695d2,syn1-P-003,Quarry Fields Commons,domain_units_deals,1,2025-08-03,3552b1b8-b749-5851-a3b1-1b295129cff8,syn1-A-008,Quarry Fields North,2,66.00,40,1,0.2857,0.0667,10,1,ok,1,2026-08-18 12:00:44.335488+00:00,0,0,18,10,1,3,4,3,10,0.3
