id,unit_id,area_id,project_id,ranking_run_id,config_version_id,score,rank_in_area,rank_in_project,weight_coverage,contributions,feature_freshness_at,computed_at
bd2aa47b-4733-42dd-afa8-63f7202a8d5c,a99db8bf-802a-5d8a-aaae-df9e55bd4831,3552b1b8-b749-5851-a3b1-1b295129cff8,0fa6dc5b-1574-5004-b44a-e74d1b8695d2,fc0a0274-67c9-473a-9567-d4f3444e0efb,4abcc2b8-fef0-46e7-a7ee-0566aed99f7e,0.7711,1,1,1.0000,"{""area_conversion_norm"":{""contribution"":""0.06"",""direction"":""positive"",""source"":""resolved"",""value"":""0.3"",""weight"":""0.2""},""area_velocity_norm"":{""contribution"":""0.1111111111111111111111111111"",""direction"":""positive"",""source"":""resolved"",""value"":""0.5555555555555555555555555555"",""weight"":""0.2""},""unit_available"":{""contribution"":""0.35"",""direction"":""positive"",""source"":""resolved"",""value"":""1"",""weight"":""0.35""},""unit_demand_norm"":{""contribution"":""0.25"",""direction"":""positive"",""source"":""resolved"",""value"":""1"",""weight"":""0.25""}}",2026-08-18 12:00:44.562367+00:00,2026-08-18 12:00:44.562367+00:00
022fe04f-d3e9-40e9-80c3-465b00f99d68,8ae99e89-31b5-5e17-9b3c-9176b6c38120,3552b1b8-b749-5851-a3b1-1b295129cff8,0fa6dc5b-1574-5004-b44a-e74d1b8695d2,fc0a0274-67c9-473a-9567-d4f3444e0efb,4abcc2b8-fef0-46e7-a7ee-0566aed99f7e,0.6044,2,2,1.0000,"{""area_conversion_norm"":{""contribution"":""0.06"",""direction"":""positive"",""source"":""resolved"",""value"":""0.3"",""weight"":""0.2""},""area_velocity_norm"":{""contribution"":""0.1111111111111111111111111111"",""direction"":""positive"",""source"":""resolved"",""value"":""0.5555555555555555555555555555"",""weight"":""0.2""},""unit_available"":{""contribution"":""0.35"",""direction"":""positive"",""source"":""resolved"",""value"":""1"",""weight"":""0.35""},""unit_demand_norm"":{""contribution"":""0.08333333333333333333333333332"",""direction"":""positive"",""source"":""resolved"",""value"":""0.3333333333333333333333333333"",""weight"":""0.25""}}",2026-08-18 12:00:44.562367+00:00,2026-08-18 12:00:44.562367+00:00
41a80939-1efc-4a3b-98a4-88409d67e4e4,d48e0cfe-981c-517b-8eed-eeaf785e7f23,3552b1b8-b749-5851-a3b1-1b295129cff8,0fa6dc5b-1574-5004-b44a-e74d1b8695d2,fc0a0274-67c9-473a-9567-d4f3444e0efb,4abcc2b8-fef0-46e7-a7ee-0566aed99f7e,0.5211,3,3,1.0000,"{""area_conversion_norm"":{""contribution"":""0.06"",""direction"":""positive"",""source"":""resolved"",""value"":""0.3"",""weight"":""0.2""},""area_velocity_norm"":{""contribution"":""0.1111111111111111111111111111"",""direction"":""positive"",""source"":""resolved"",""value"":""0.5555555555555555555555555555"",""weight"":""0.2""},""unit_available"":{""contribution"":""0.35"",""direction"":""positive"",""source"":""resolved"",""value"":""1"",""weight"":""0.35""},""unit_demand_norm"":{""contribution"":""0.00"",""direction"":""positive"",""source"":""resolved"",""value"":""0"",""weight"":""0.25""}}",2026-08-18 12:00:44.562367+00:00,2026-08-18 12:00:44.562367+00:00
aa208a39-55ac-41c1-ace6-5d3b8eec5aa9,89795c6c-d36c-5cfa-b7a1-6a7aa5ca37cb,3552b1b8-b749-5851-a3b1-1b295129cff8,0fa6dc5b-1574-5004-b44a-e74d1b8695d2,fc0a0274-67c9-473a-9567-d4f3444e0efb,4abcc2b8-fef0-46e7-a7ee-0566aed99f7e,0.5211,4,4,1.0000,"{""area_conversion_norm"":{""contribution"":""0.06"",""direction"":""positive"",""source"":""resolved"",""value"":""0.3"",""weight"":""0.2""},""area_velocity_norm"":{""contribution"":""0.1111111111111111111111111111"",""direction"":""positive"",""source"":""resolved"",""value"":""0.5555555555555555555555555555"",""weight"":""0.2""},""unit_available"":{""contribution"":""0.35"",""direction"":""positive"",""source"":""resolved"",""value"":""1"",""weight"":""0.35""},""unit_demand_norm"":{""contribution"":""0.00"",""direction"":""positive"",""source"":""resolved"",""value"":""0"",""weight"":""0.25""}}",2026-08-18 12:00:44.562367+00:00,2026-08-18 12:00:44.562367+00:00
ba96f86e-c29c-42a0-b57b-292b91ed1ae0,81c331e6-62e9-5f44-a806-dc71466fdc04,3552b1b8-b749-5851-a3b1-1b295129cff8,0fa6dc5b-1574-5004-b44a-e74d1b8695d2,fc0a0274-67c9-473a-9567-d4f3444e0efb,4abcc2b8-fef0-46e7-a7ee-0566aed99f7e,0.5211,5,5,1.0000,"{""area_conversion_norm"":{""contribution"":""0.06"",""direction"":""positive"",""source"":""resolved"",""value"":""0.3"",""weight"":""0.2""},""area_velocity_norm"":{""contribution"":""0.1111111111111111111111111111"",""direction"":""positive"",""source"":""resolved"",""value"":""0.5555555555555555555555555555"",""weight"":""0.2""},""unit_available"":{""contribution"":""0.35"",""direction"":""positive"",""source"":""resolved"",""value"":""1"",""weight"":""0.35""},""unit_demand_norm"":{""contribution"":""0.00"",""direction"":""positive"",""source"":""resolved"",""value"":""0"",""weight"":""0.25""}}",2026-08-18 12:00:44.562367+00:00,2026-08-18 12:00:44.562367+00:00
0a26d953-fa9e-4bc2-b6c6-637272871a5b,1375880e-b96a-5aae-abb8-be99056ae8d9,3552b1b8-b749-5851-a3b1-1b295129cff8,0fa6dc5b-1574-5004-b44a-e74d1b8695d2,fc0a0274-67c9-473a-9567-d4f3444e0efb,4abcc2b8-fef0-46e7-a7ee-0566aed99f7e,0.5211,6,6,1.0000,"{""area_conversion_norm"":{""contribution"":""0.06"",""direction"":""positive"",""source"":""resolved"",""value"":""0.3"",""weight"":""0.2""},""area_velocity_norm"":{""contribution"":""0.1111111111111111111111111111"",""direction"":""positive"",""source"":""resolved"",""value"":""0.5555555555555555555555555555"",""weight"":""0.2""},""unit_available"":{""contribution"":""0.35"",""direction"":""positive"",""source"":""resolved"",""value"":""1"",""weight"":""0.35""},""unit_demand_norm"":{""contribution"":""0.00"",""direction"":""positive"",""source"":""resolved"",""value"":""0"",""weight"":""0.25""}}",2026-08-18 12:00:44.562367+00:00,2026-08-18 12:00:44.562367+00:00
00dbf929-5edb-42df-865d-a41c6b899fa6,6ad774e9-70f5-5764-b9ff-f167278af6e7,3552b1b8-b749-5851-a3b1-1b295129cff8,0fa6dc5b-1574-5004-b44a-e74d1b8695d2,fc0a0274-67c9-473a-9567-d4f3444e0efb,4abcc2b8-fef0-46e7-a7ee-0566aed99f7e,0.5211,7,7,1.0000,"{""area_conversion_norm"":{""contribution"":""0.06"",""direction"":""positive"",""source"":""resolved"",""value"":""0.3"",""weight"":""0.2""},""area_velocity_norm"":{""contribution"":""0.1111111111111111111111111111"",""direction"":""positive"",""source"":""resolved"",""value"":""0.5555555555555555555555555555"",""weight"":""0.2""},""unit_available"":{""contribution"":""0.35"",""direction"":""positive"",""source"":""resolved"",""value"":""1"",""weight"":""0.35""},""unit_demand_norm"":{""contribution"":""0.00"",""direction"":""positive"",""source"":""resolved"",""value"":""0"",""weight"":""0.25""}}",2026-08-18 12:00:44.562367+00:00,2026-08-18 12:00:44.562367+00:00
1873cf53-a596-4648-bb38-57326daa4a3f,f298055d-998c-554c-a271-f5a044321743,3552b1b8-b749-5851-a3b1-1b295129cff8,0fa6dc5b-1574-5004-b44a-e74d1b8695d2,fc0a0274-67c9-473a-9567-d4f3444e0efb,4abcc2b8-fef0-46e7-a7ee-0566aed99f7e,0.5211,8,8,1.0000,"{""area_conversion_norm"":{""contribution"":""0.06"",""direction"":""positive"",""source"":""resolved"",""value"":""0.3"",""weight"":""0.2""},""area_velocity_norm"":{""contribution"":""0.1111111111111111111111111111"",""direction"":""positive"",""source"":""resolved"",""value"":""0.5555555555555555555555555555"",""weight"":""0.2""},""unit_available"":{""contribution"":""0.35"",""direction"":""positive"",""source"":""resolved"",""value"":""1"",""weight"":""0.35""},""unit_demand_norm"":{""contribution"":""0.00"",""direction"":""positive"",""source"":""resolved"",""value"":""0"",""weight"":""0.25""}}",2026-08-18 12:00:44.562367+00:00,2026-08-18 12:00:44.562367+00:00
a046e7b6-f475-40fa-9aa5-dabbdd297189,ffa1cf0f-ab40-5796-b3cc-ab6aa8fbfa25,3552b1b8-b749-5851-a3b1-1b295129cff8,0fa6dc5b-1574-5004-b44a-e74d1b8695d2,fc0a0274-67c9-473a-9567-d4f3444e0efb,4abcc2b8-fef0-46e7-a7ee-0566aed99f7e,0.5211,9,9,1.0000,"{""area_conversion_norm"":{""contribution"":""0.06"",""direction"":""positive"",""source"":""resolved"",""value"":""0.3"",""weight"":""0.2""},""area_velocity_norm"":{""contribution"":""0.1111111111111111111111111111"",""direction"":""positive"",""source"":""resolved"",""value"":""0.5555555555555555555555555555"",""weight"":""0.2""},""unit_available"":{""contribution"":""0.35"",""direction"":""positive"",""source"":""resolved"",""value"":""1"",""weight"":""0.35""},""unit_demand_norm"":{""contribution"":""0.00"",""direction"":""positive"",""source"":""resolved"",""value"":""0"",""weight"":""0.25""}}",2026-08-18 12:00:44.562367+00:00,2026-08-18 12:00:44.562367+00:00
ebe6dc7e-ef3f-4aa3-8363-37abeeec9961,55e0698b-d01a-557a-b419-07bb42214117,3552b1b8-b749-5851-a3b1-1b295129cff8,0fa6dc5b-1574-5004-b44a-e74d1b8695d2,fc0a0274-67c9-473a-9567-d4f3444e0efb,4abcc2b8-fef0-46e7-a7ee-0566aed99f7e,0.5211,10,10,1.0000,"{""area_conversion_norm"":{""contribution"":""0.06"",""direction"":""positive"",""source"":""resolved"",""value"":""0.3"",""weight"":""0.2""},""area_velocity_norm"":{""contribution"":""0.1111111111111111111111111111"",""direction"":""positive"",""source"":""resolved"",""value"":""0.5555555555555555555555555555"",""weight"":""0.2""},""unit_available"":{""contribution"":""0.35"",""direction"":""positive"",""source"":""resolved"",""value"":""1"",""weight"":""0.35""},""unit_demand_norm"":{""contribution"":""0.00"",""direction"":""positive"",""source"":""resolved"",""value"":""0"",""weight"":""0.25""}}",2026-08-18 12:00:44.562367+00:00,2026-08-18 12:00:44.562367+00:00
6e62ee4d-528d-4739-9d68-f453ecb5bef3,f8f202bd-3bf2-5b66-ab02-54ad8afb11d5,f7f1e08d-c907-50c0-929f-bbc3efa871e2,0fa6dc5b-1574-5004-b44a-e74d1b8695d2,fc0a0274-67c9-473a-9567-d4f3444e0efb,4abcc2b8-fef0-46e7-a7ee-0566aed99f7e,0.5000,1,11,1.0000,"{""area_conversion_norm"":{""contribution"":""0.06666666666666666666666666666"",""direction"":""positive"",""source"":""resolved"",""value"":""0.3333333333333333333333333333"",""weight"":""0.2""},""area_velocity_norm"":{""contribution"":""0E+1"",""direction"":""positive"",""source"":""resolved"",""value"":""0E+2"",""weight"":""0.2""},""unit_available"":{""contribution"":""0.35"",""direction"":""positive"",""source"":""resolved"",""value"":""1"",""weight"":""0.35""},""unit_demand_norm"":{""contribution"":""0.08333333333333333333333333332"",""direction"":""positive"",""source"":""resolved"",""value"":""0.3333333333333333333333333333"",""weight"":""0.25""}}",2026-08-18 12:00:44.562367+00:00,2026-08-18 12:00:44.562367+00:00
4e2458b3-42be-4b9e-b87a-3b7e2e27e361,d1854514-e31e-599d-a234-eaf5700fb7d5,f7f1e08d-c907-50c0-929f-bbc3efa871e2,0fa6dc5b-1574-5004-b44a-e74d1b8695d2,fc0a0274-67c9-473a-9567-d4f3444e0efb,4abcc2b8-fef0-46e7-a7ee-0566aed99f7e,0.4167,2,12,1.0000,"{""area_conversion_norm"":{""contribution"":""0.06666666666666666666666666666"",""direction"":""positive"",""source"":""resolved"",""value"":""0.3333333333333333333333333333"",""weight"":""0.2""},""area_velocity_norm"":{""contribution"":""0E+1"",""direction"":""positive"",""source"":""resolved"",""value"":""0E+2"",""weight"":""0.2""},""unit_available"":{""contribution"":""0.35"",""direction"":""positive"",""source"":""resolved"",""value"":""1"",""weight"":""0.35""},""unit_demand_norm"":{""contribution"":""0.00"",""direction"":""positive"",""source"":""resolved"",""value"":""0"",""weight"":""0.25""}}",2026-08-18 12:00:44.562367+00:00,2026-08-18 12:00:44.562367+00:00
e7fbfc0e-dc9b-4878-b23c-b74291e51060,78318d32-df39-509f-967e-be63e73250ac,f7f1e08d-c907-50c0-929f-bbc3efa871e2,0fa6dc5b-1574-5004-b44a-e74d1b8695d2,fc0a0274-67c9-473a-9567-d4f3444e0efb,4abcc2b8-fef0-46e7-a7ee-0566aed99f7e,0.4167,3,13,1.0000,"{""area_conversion_norm"":{""contribution"":""0.06666666666666666666666666666"",""direction"":""positive"",""source"":""resolved"",""value"":""0.3333333333333333333333333333"",""weight"":""0.2""},""area_velocity_norm"":{""contribution"":""0E+1"",""direction"":""positive"",""source"":""resolved"",""value"":""0E+2"",""weight"":""0.2""},""unit_available"":{""contribution"":""0.35"",""direction"":""positive"",""source"":""resolved"",""value"":""1"",""weight"":""0.35""},""unit_demand_norm"":{""contribution"":""0.00"",""direction"":""positive"",""source"":""resolved"",""value"":""0"",""weight"":""0.25""}}",2026-08-18 12:00:44.562367+00:00,2026-08-18 12:00:44.562367+00:00
d1c408a4-f325-4900-b662-ddb5588b4c1c,3dd2bf66-efc8-5b3f-8607-099eedbefafc,f7f1e08d-c907-50c0-929f-bbc3efa871e2,0fa6dc5b-1574-5004-b44a-e74d1b8695d2,fc0a0274-67c9-473a-9567-d4f3444e0efb,4abcc2b8-fef0-46e7-a7ee-0566aed99f7e,0.4167,4,14,1.0000,"{""area_conversion_norm"":{""contribution"":""0.06666666666666666666666666666"",""direction"":""positive"",""source"":""resolved"",""value"":""0.3333333333333333333333333333"",""weight"":""0.2""},""area_velocity_norm"":{""contribution"":""0E+1"",""direction"":""positive"",""source"":""resolved"",""value"":""0E+2"",""weight"":""0.2""},""unit_available"":{""contribution"":""0.35"",""direction"":""positive"",""source"":""resolved"",""value"":""1"",""weight"":""0.35""},""unit_demand_norm"":{""contribution"":""0.00"",""direction"":""positive"",""source"":""resolved"",""value"":""0"",""weight"":""0.25""}}",2026-08-18 12:00:44.562367+00:00,2026-08-18 12:00:44.562367+00:00
7d16f7d9-56c4-483a-91ef-3007e8310668,309e07de-af33-5f12-92d1-58165354ae60,f7f1e08d-c907-50c0-929f-bbc3efa871e2,0fa6dc5b-1574-5004-b44a-e74d1b8695d2,fc0a0274-67c9-473a-9567-d4f3444e0efb,4abcc2b8-fef0-46e7-a7ee-0566aed99f7e,0.4167,5,15,1.0000,"{""area_conversion_norm"":{""contribution"":""0.06666666666666666666666666666"",""direction"":""positive"",""source"":""resolved"",""value"":""0.3333333333333333333333333333"",""weight"":""0.2""},""area_velocity_norm"":{""contribution"":""0E+1"",""direction"":""positive"",""source"":""resolved"",""value"":""0E+2"",""weight"":""0.2""},""unit_available"":{""contribution"":""0.35"",""direction"":""positive"",""source"":""resolved"",""value"":""1"",""weight"":""0.35""},""unit_demand_norm"":{""contribution"":""0.00"",""direction"":""positive"",""source"":""resolved"",""value"":""0"",""weight"":""0.25""}}",2026-08-18 12:00:44.562367+00:00,2026-08-18 12:00:44.562367+00:00
724f7791-4776-40c7-b9a2-6c194a31785c,95498e33-58a0-532a-aa64-7a87b56daf4e,f7f1e08d-c907-50c0-929f-bbc3efa871e2,0fa6dc5b-1574-5004-b44a-e74d1b8695d2,fc0a0274-67c9-473a-9567-d4f3444e0efb,4abcc2b8-fef0-46e7-a7ee-0566aed99f7e,0.4167,6,16,1.0000,"{""area_conversion_norm"":{""contribution"":""0.06666666666666666666666666666"",""direction"":""positive"",""source"":""resolved"",""value"":""0.3333333333333333333333333333"",""weight"":""0.2""},""area_velocity_norm"":{""contribution"":""0E+1"",""direction"":""positive"",""source"":""resolved"",""value"":""0E+2"",""weight"":""0.2""},""unit_available"":{""contribution"":""0.35"",""direction"":""positive"",""source"":""resolved"",""value"":""1"",""weight"":""0.35""},""unit_demand_norm"":{""contribution"":""0.00"",""direction"":""positive"",""source"":""resolved"",""value"":""0"",""weight"":""0.25""}}",2026-08-18 12:00:44.562367+00:00,2026-08-18 12:00:44.562367+00:00
e6baa023-7da0-47b5-89c6-d6c24e17d2d1,a855a226-fee2-51bf-b691-9e0cd755cdbc,f7f1e08d-c907-50c0-929f-bbc3efa871e2,0fa6dc5b-1574-5004-b44a-e74d1b8695d2,fc0a0274-67c9-473a-9567-d4f3444e0efb,4abcc2b8-fef0-46e7-a7ee-0566aed99f7e,0.4167,7,17,1.0000,"{""area_conversion_norm"":{""contribution"":""0.06666666666666666666666666666"",""direction"":""positive"",""source"":""resolved"",""value"":""0.3333333333333333333333333333"",""weight"":""0.2""},""area_velocity_norm"":{""contribution"":""0E+1"",""direction"":""positive"",""source"":""resolved"",""value"":""0E+2"",""weight"":""0.2""},""unit_available"":{""contribution"":""0.35"",""direction"":""positive"",""source"":""resolved"",""value"":""1"",""weight"":""0.35""},""unit_demand_norm"":{""contribution"":""0.00"",""direction"":""positive"",""source"":""resolved"",""value"":""0"",""weight"":""0.25""}}",2026-08-18 12:00:44.562367+00:00,2026-08-18 12:00:44.562367+00:00
78eda6e5-74b9-42b3-b50b-4ac3a9e940aa,9424309c-5ce8-5823-94aa-1c06527d1ee9,f7f1e08d-c907-50c0-929f-bbc3efa871e2,0fa6dc5b-1574-5004-b44a-e74d1b8695d2,fc0a0274-67c9-473a-9567-d4f3444e0efb,4abcc2b8-fef0-46e7-a7ee-0566aed99f7e,0.4167,8,18,1.0000,"{""area_conversion_norm"":{""contribution"":""0.06666666666666666666666666666"",""direction"":""positive"",""source"":""resolved"",""value"":""0.3333333333333333333333333333"",""weight"":""0.2""},""area_velocity_norm"":{""contribution"":""0E+1"",""direction"":""positive"",""source"":""resolved"",""value"":""0E+2"",""weight"":""0.2""},""unit_available"":{""contribution"":""0.35"",""direction"":""positive"",""source"":""resolved"",""value"":""1"",""weight"":""0.35""},""unit_demand_norm"":{""contribution"":""0.00"",""direction"":""positive"",""source"":""resolved"",""value"":""0"",""weight"":""0.25""}}",2026-08-18 12:00:44.562367+00:00,2026-08-18 12:00:44.562367+00:00
7bcf698f-f538-46c5-b0b7-2d261f2c0460,a65452f2-bdad-5b12-a380-12c25113dfff,f7f1e08d-c907-50c0-929f-bbc3efa871e2,0fa6dc5b-1574-5004-b44a-e74d1b8695d2,fc0a0274-67c9-473a-9567-d4f3444e0efb,4abcc2b8-fef0-46e7-a7ee-0566aed99f7e,0.4167,9,19,1.0000,"{""area_conversion_norm"":{""contribution"":""0.06666666666666666666666666666"",""direction"":""positive"",""source"":""resolved"",""value"":""0.3333333333333333333333333333"",""weight"":""0.2""},""area_velocity_norm"":{""contribution"":""0E+1"",""direction"":""positive"",""source"":""resolved"",""value"":""0E+2"",""weight"":""0.2""},""unit_available"":{""contribution"":""0.35"",""direction"":""positive"",""source"":""resolved"",""value"":""1"",""weight"":""0.35""},""unit_demand_norm"":{""contribution"":""0.00"",""direction"":""positive"",""source"":""resolved"",""value"":""0"",""weight"":""0.25""}}",2026-08-18 12:00:44.562367+00:00,2026-08-18 12:00:44.562367+00:00
d609df41-ac55-4762-af52-a99a6ac715c3,314a047d-8a25-5883-a92d-7a5a9eeb789e,3552b1b8-b749-5851-a3b1-1b295129cff8,0fa6dc5b-1574-5004-b44a-e74d1b8695d2,fc0a0274-67c9-473a-9567-d4f3444e0efb,4abcc2b8-fef0-46e7-a7ee-0566aed99f7e,0.1711,11,20,1.0000,"{""area_conversion_norm"":{""contribution"":""0.06"",""direction"":""positive"",""source"":""resolved"",""value"":""0.3"",""weight"":""0.2""},""area_velocity_norm"":{""contribution"":""0.1111111111111111111111111111"",""direction"":""positive"",""source"":""resolved"",""value"":""0.5555555555555555555555555555"",""weight"":""0.2""},""unit_available"":{""contribution"":""0.00"",""direction"":""positive"",""source"":""resolved"",""value"":""0"",""weight"":""0.35""},""unit_demand_norm"":{""contribution"":""0.00"",""direction"":""positive"",""source"":""resolved"",""value"":""0"",""weight"":""0.25""}}",2026-08-18 12:00:44.562367+00:00,2026-08-18 12:00:44.562367+00:00
165e8e15-273c-4733-a913-4c7433884f8a,d275930c-065e-51a8-9f65-a0ec118c6f84,3552b1b8-b749-5851-a3b1-1b295129cff8,0fa6dc5b-1574-5004-b44a-e74d1b8695d2,fc0a0274-67c9-473a-9567-d4f3444e0efb,4abcc2b8-fef0-46e7-a7ee-0566aed99f7e,0.1711,12,21,1.0000,"{""area_conversion_norm"":{""contribution"":""0.06"",""direction"":""positive"",""source"":""resolved"",""value"":""0.3"",""weight"":""0.2""},""area_velocity_norm"":{""contribution"":""0.1111111111111111111111111111"",""direction"":""positive"",""source"":""resolved"",""value"":""0.5555555555555555555555555555"",""weight"":""0.2""},""unit_available"":{""contribution"":""0.00"",""direction"":""positive"",""source"":""resolved"",""value"":""0"",""weight"":""0.35""},""unit_demand_norm"":{""contribution"":""0.00"",""direction"":""positive"",""source"":""resolved"",""value"":""0"",""weight"":""0.25""}}",2026-08-18 12:00:44.562367+00:00,2026-08-18 12:00:44.562367+00:00
1512e104-0d72-4c42-8966-1f7d506541ac,812e3a55-3f82-539e-9ff5-a7b25bb3f379,3552b1b8-b749-5851-a3b1-1b295129cff8,0fa6dc5b-1574-5004-b44a-e74d1b8695d2,fc0a0274-67c9-473a-9567-d4f3444e0efb,4abcc2b8-fef0-46e7-a7ee-0566aed99f7e,0.1711,13,22,1.0000,"{""area_conversion_norm"":{""contribution"":""0.06"",""direction"":""positive"",""source"":""resolved"",""value"":""0.3"",""weight"":""0.2""},""area_velocity_norm"":{""contribution"":""0.1111111111111111111111111111"",""direction"":""positive"",""source"":""resolved"",""value"":""0.5555555555555555555555555555"",""weight"":""0.2""},""unit_available"":{""contribution"":""0.00"",""direction"":""positive"",""source"":""resolved"",""value"":""0"",""weight"":""0.35""},""unit_demand_norm"":{""contribution"":""0.00"",""direction"":""positive"",""source"":""resolved"",""value"":""0"",""weight"":""0.25""}}",2026-08-18 12:00:44.562367+00:00,2026-08-18 12:00:44.562367+00:00
44e361a6-80a0-4d89-b1a6-d0e86282b194,d5055dfd-ecaf-5b79-aa8a-9f4bae795e35,3552b1b8-b749-5851-a3b1-1b295129cff8,0fa6dc5b-1574-5004-b44a-e74d1b8695d2,fc0a0274-67c9-473a-9567-d4f3444e0efb,4abcc2b8-fef0-46e7-a7ee-0566aed99f7e,0.1711,14,23,1.0000,"{""area_conversion_norm"":{""contribution"":""0.06"",""direction"":""positive"",""source"":""resolved"",""value"":""0.3"",""weight"":""0.2""},""area_velocity_norm"":{""contribution"":""0.1111111111111111111111111111"",""direction"":""positive"",""source"":""resolved"",""value"":""0.5555555555555555555555555555"",""weight"":""0.2""},""unit_available"":{""contribution"":""0.00"",""direction"":""positive"",""source"":""resolved"",""value"":""0"",""weight"":""0.35""},""unit_demand_norm"":{""contribution"":""0.00"",""direction"":""positive"",""source"":""resolved"",""value"":""0"",""weight"":""0.25""}}",2026-08-18 12:00:44.562367+00:00,2026-08-18 12:00:44.562367+00:00
ea9659c2-b116-4670-af03-ac5f344dbacc,e7e43108-e997-5753-8235-b7198d8e2e48,3552b1b8-b749-5851-a3b1-1b295129cff8,0fa6dc5b-1574-5004-b44a-e74d1b8695d2,fc0a0274-67c9-473a-9567-d4f3444e0efb,4abcc2b8-fef0-46e7-a7ee-0566aed99f7e,0.1711,15,24,1.0000,"{""area_conversion_norm"":{""contribution"":""0.06"",""direction"":""positive"",""source"":""resolved"",""value"":""0.3"",""weight"":""0.2""},""area_velocity_norm"":{""contribution"":""0.1111111111111111111111111111"",""direction"":""positive"",""source"":""resolved"",""value"":""0.5555555555555555555555555555"",""weight"":""0.2""},""unit_available"":{""contribution"":""0.00"",""direction"":""positive"",""source"":""resolved"",""value"":""0"",""weight"":""0.35""},""unit_demand_norm"":{""contribution"":""0.00"",""direction"":""positive"",""source"":""resolved"",""value"":""0"",""weight"":""0.25""}}",2026-08-18 12:00:44.562367+00:00,2026-08-18 12:00:44.562367+00:00
ff0358a5-284e-467e-b6b4-0d5daab8ec1e,159f820b-88cb-58a6-8f2b-5262dfb8d4e1,3552b1b8-b749-5851-a3b1-1b295129cff8,0fa6dc5b-1574-5004-b44a-e74d1b8695d2,fc0a0274-67c9-473a-9567-d4f3444e0efb,4abcc2b8-fef0-46e7-a7ee-0566aed99f7e,0.1711,16,25,1.0000,"{""area_conversion_norm"":{""contribution"":""0.06"",""direction"":""positive"",""source"":""resolved"",""value"":""0.3"",""weight"":""0.2""},""area_velocity_norm"":{""contribution"":""0.1111111111111111111111111111"",""direction"":""positive"",""source"":""resolved"",""value"":""0.5555555555555555555555555555"",""weight"":""0.2""},""unit_available"":{""contribution"":""0.00"",""direction"":""positive"",""source"":""resolved"",""value"":""0"",""weight"":""0.35""},""unit_demand_norm"":{""contribution"":""0.00"",""direction"":""positive"",""source"":""resolved"",""value"":""0"",""weight"":""0.25""}}",2026-08-18 12:00:44.562367+00:00,2026-08-18 12:00:44.562367+00:00
ea259cf5-40f8-4b31-8981-513494d9cbe9,a6140525-d4fc-5841-9dbe-e10ebd165317,3552b1b8-b749-5851-a3b1-1b295129cff8,0fa6dc5b-1574-5004-b44a-e74d1b8695d2,fc0a0274-67c9-473a-9567-d4f3444e0efb,4abcc2b8-fef0-46e7-a7ee-0566aed99f7e,0.1711,17,26,1.0000,"{""area_conversion_norm"":{""contribution"":""0.06"",""direction"":""positive"",""source"":""resolved"",""value"":""0.3"",""weight"":""0.2""},""area_velocity_norm"":{""contribution"":""0.1111111111111111111111111111"",""direction"":""positive"",""source"":""resolved"",""value"":""0.5555555555555555555555555555"",""weight"":""0.2""},""unit_available"":{""contribution"":""0.00"",""direction"":""positive"",""source"":""resolved"",""value"":""0"",""weight"":""0.35""},""unit_demand_norm"":{""contribution"":""0.00"",""direction"":""positive"",""source"":""resolved"",""value"":""0"",""weight"":""0.25""}}",2026-08-18 12:00:44.562367+00:00,2026-08-18 12:00:44.562367+00:00
0c573ab2-fe89-4f8d-9863-a187229fba73,0b9ed12c-0e4b-5cf6-82b9-67a8d14bf188,3552b1b8-b749-5851-a3b1-1b295129cff8,0fa6dc5b-1574-5004-b44a-e74d1b8695d2,fc0a0274-67c9-473a-9567-d4f3444e0efb,4abcc2b8-fef0-46e7-a7ee-0566aed99f7e,0.1711,18,27,1.0000,"{""area_conversion_norm"":{""contribution"":""0.06"",""direction"":""positive"",""source"":""resolved"",""value"":""0.3"",""weight"":""0.2""},""area_velocity_norm"":{""contribution"":""0.1111111111111111111111111111"",""direction"":""positive"",""source"":""resolved"",""value"":""0.5555555555555555555555555555"",""weight"":""0.2""},""unit_available"":{""contribution"":""0.00"",""direction"":""positive"",""source"":""resolved"",""value"":""0"",""weight"":""0.35""},""unit_demand_norm"":{""contribution"":""0.00"",""direction"":""positive"",""source"":""resolved"",""value"":""0"",""weight"":""0.25""}}",2026-08-18 12:00:44.562367+00:00,2026-08-18 12:00:44.562367+00:00
505fd4f8-998e-4623-8f75-7ba8fa3ae778,d45b8099-9cca-5978-9bae-238c58eaa42c,f7f1e08d-c907-50c0-929f-bbc3efa871e2,0fa6dc5b-1574-5004-b44a-e74d1b8695d2,fc0a0274-67c9-473a-9567-d4f3444e0efb,4abcc2b8-fef0-46e7-a7ee-0566aed99f7e,0.0667,10,28,1.0000,"{""area_conversion_norm"":{""contribution"":""0.06666666666666666666666666666"",""direction"":""positive"",""source"":""resolved"",""value"":""0.3333333333333333333333333333"",""weight"":""0.2""},""area_velocity_norm"":{""contribution"":""0E+1"",""direction"":""positive"",""source"":""resolved"",""value"":""0E+2"",""weight"":""0.2""},""unit_available"":{""contribution"":""0.00"",""direction"":""positive"",""source"":""resolved"",""value"":""0"",""weight"":""0.35""},""unit_demand_norm"":{""contribution"":""0.00"",""direction"":""positive"",""source"":""resolved"",""value"":""0"",""weight"":""0.25""}}",2026-08-18 12:00:44.562367+00:00,2026-08-18 12:00:44.562367+00:00
86ee915b-eebf-4263-9d33-3dd3c265f26b,91f1455c-7b23-51a8-9aa5-9e0f75ab3192,d1c16841-dee0-58bc-aa62-67fd335b971f,7887a084-3d77-59c1-8dca-983994b0cb6e,88f9b24c-ebac-4fb4-b895-b66c1629f967,4abcc2b8-fef0-46e7-a7ee-0566aed99f7e,0.8449,1,1,1.0000,"{""area_conversion_norm"":{""contribution"":""0.07826086956521739130434782608"",""direction"":""positive"",""source"":""resolved"",""value"":""0.3913043478260869565217391304"",""weight"":""0.2""},""area_velocity_norm"":{""contribution"":""0.1666666666666666666666666667"",""direction"":""positive"",""source"":""resolved"",""value"":""0.8333333333333333333333333335"",""weight"":""0.2""},""unit_available"":{""contribution"":""0.35"",""direction"":""positive"",""source"":""resolved"",""value"":""1"",""weight"":""0.35""},""unit_demand_norm"":{""contribution"":""0.25"",""direction"":""positive"",""source"":""resolved"",""value"":""1"",""weight"":""0.25""}}",2026-08-18 12:00:43.957693+00:00,2026-08-18 12:00:43.957693+00:00
a34e4296-7606-420e-a95b-b953df5ae505,69ad4b37-f200-5ede-b0d8-bfd78baee5c5,d1c16841-dee0-58bc-aa62-67fd335b971f,7887a084-3d77-59c1-8dca-983994b0cb6e,88f9b24c-ebac-4fb4-b895-b66c1629f967,4abcc2b8-fef0-46e7-a7ee-0566aed99f7e,0.7616,2,2,1.0000,"{""area_conversion_norm"":{""contribution"":""0.07826086956521739130434782608"",""direction"":""positive"",""source"":""resolved"",""value"":""0.3913043478260869565217391304"",""weight"":""0.2""},""area_velocity_norm"":{""contribution"":""0.1666666666666666666666666667"",""direction"":""positive"",""source"":""resolved"",""value"":""0.8333333333333333333333333335"",""weight"":""0.2""},""unit_available"":{""contribution"":""0.35"",""direction"":""positive"",""source"":""resolved"",""value"":""1"",""weight"":""0.35""},""unit_demand_norm"":{""contribution"":""0.1666666666666666666666666667"",""direction"":""positive"",""source"":""resolved"",""value"":""0.6666666666666666666666666667"",""weight"":""0.25""}}",2026-08-18 12:00:43.957693+00:00,2026-08-18 12:00:43.957693+00:00
a8ecab60-a136-4efe-9fdd-2fdfedf8cbec,b82b5596-7a1f-5770-bfbd-8bc0adbc6545,d1c16841-dee0-58bc-aa62-67fd335b971f,7887a084-3d77-59c1-8dca-983994b0cb6e,88f9b24c-ebac-4fb4-b895-b66c1629f967,4abcc2b8-fef0-46e7-a7ee-0566aed99f7e,0.7616,3,3,1.0000,"{""area_conversion_norm"":{""contribution"":""0.07826086956521739130434782608"",""direction"":""positive"",""source"":""resolved"",""value"":""0.3913043478260869565217391304"",""weight"":""0.2""},""area_velocity_norm"":{""contribution"":""0.1666666666666666666666666667"",""direction"":""positive"",""source"":""resolved"",""value"":""0.8333333333333333333333333335"",""weight"":""0.2""},""unit_available"":{""contribution"":""0.35"",""direction"":""positive"",""source"":""resolved"",""value"":""1"",""weight"":""0.35""},""unit_demand_norm"":{""contribution"":""0.1666666666666666666666666667"",""direction"":""positive"",""source"":""resolved"",""value"":""0.6666666666666666666666666667"",""weight"":""0.25""}}",2026-08-18 12:00:43.957693+00:00,2026-08-18 12:00:43.957693+00:00
807df893-7b01-4477-b402-6bc768ca42ea,3ebe1b55-b105-56c3-8c6c-aaeb30b5e40f,992af92a-c20b-56be-bce2-001f0c1968e6,7887a084-3d77-59c1-8dca-983994b0cb6e,88f9b24c-ebac-4fb4-b895-b66c1629f967,4abcc2b8-fef0-46e7-a7ee-0566aed99f7e,0.6894,1,4,1.0000,"{""area_conversion_norm"":{""contribution"":""0.07272727272727272727272727272"",""direction"":""positive"",""source"":""resolved"",""value"":""0.3636363636363636363636363636"",""weight"":""0.2""},""area_velocity_norm"":{""contribution"":""0.10"",""direction"":""positive"",""source"":""resolved"",""value"":""0.5"",""weight"":""0.2""},""unit_available"":{""contribution"":""0.35"",""direction"":""positive"",""source"":""resolved"",""value"":""1"",""weight"":""0.35""},""unit_demand_norm"":{""contribution"":""0.1666666666666666666666666667"",""direction"":""positive"",""source"":""resolved"",""value"":""0.6666666666666666666666666667"",""weight"":""0.25""}}",2026-08-18 12:00:43.957693+00:00,2026-08-18 12:00:43.957693+00:00
3c25e0be-8f1a-4743-8c50-3433b9d2c2e0,a79168f3-a870-5d91-b82d-024a37762f47,d1c16841-dee0-58bc-aa62-67fd335b971f,7887a084-3d77-59c1-8dca-983994b0cb6e,88f9b24c-ebac-4fb4-b895-b66c1629f967,4abcc2b8-fef0-46e7-a7ee-0566aed99f7e,0.6783,4,5,1.0000,"{""area_conversion_norm"":{""contribution"":""0.07826086956521739130434782608"",""direction"":""positive"",""source"":""resolved"",""value"":""0.3913043478260869565217391304"",""weight"":""0.2""},""area_velocity_norm"":{""contribution"":""0.1666666666666666666666666667"",""direction"":""positive"",""source"":""resolved"",""value"":""0.8333333333333333333333333335"",""weight"":""0.2""},""unit_available"":{""contribution"":""0.35"",""direction"":""positive"",""source"":""resolved"",""value"":""1"",""weight"":""0.35""},""unit_demand_norm"":{""contribution"":""0.08333333333333333333333333332"",""direction"":""positive"",""source"":""resolved"",""value"":""0.3333333333333333333333333333"",""weight"":""0.25""}}",2026-08-18 12:00:43.957693+00:00,2026-08-18 12:00:43.957693+00:00
ef770a22-a281-4d3d-b4ee-5231aaedaaff,f0c9c605-c2ee-5214-8fd7-4039b3b91364,d1c16841-dee0-58bc-aa62-67fd335b971f,7887a084-3d77-59c1-8dca-983994b0cb6e,88f9b24c-ebac-4fb4-b895-b66c1629f967,4abcc2b8-fef0-46e7-a7ee-0566aed99f7e,0.6783,5,6,1.0000,"{""area_conversion_norm"":{""contribution"":""0.07826086956521739130434782608"",""direction"":""positive"",""source"":""resolved"",""value"":""0.3913043478260869565217391304"",""weight"":""0.2""},""area_velocity_norm"":{""contribution"":""0.1666666666666666666666666667"",""direction"":""positive"",""source"":""resolved"",""value"":""0.8333333333333333333333333335"",""weight"":""0.2""},""unit_available"":{""contribution"":""0.35"",""direction"":""positive"",""source"":""resolved"",""value"":""1"",""weight"":""0.35""},""unit_demand_norm"":{""contribution"":""0.08333333333333333333333333332"",""direction"":""positive"",""source"":""resolved"",""value"":""0.3333333333333333333333333333"",""weight"":""0.25""}}",2026-08-18 12:00:43.957693+00:00,2026-08-18 12:00:43.957693+00:00
31e824bd-3b8a-4aec-8cee-d8d23541fb8a,6fe3eb5f-cbd8-59cd-af6c-eb51ad4744d1,992af92a-c20b-56be-bce2-001f0c1968e6,7887a084-3d77-59c1-8dca-983994b0cb6e,88f9b24c-ebac-4fb4-b895-b66c1629f967,4abcc2b8-fef0-46e7-a7ee-0566aed99f7e,0.6061,2,7,1.0000,"{""area_conversion_norm"":{""contribution"":""0.07272727272727272727272727272"",""direction"":""positive"",""source"":""resolved"",""value"":""0.3636363636363636363636363636"",""weight"":""0.2""},""area_velocity_norm"":{""contribution"":""0.10"",""direction"":""positive"",""source"":""resolved"",""value"":""0.5"",""weight"":""0.2""},""unit_available"":{""contribution"":""0.35"",""direction"":""positive"",""source"":""resolved"",""value"":""1"",""weight"":""0.35""},""unit_demand_norm"":{""contribution"":""0.08333333333333333333333333332"",""direction"":""positive"",""source"":""resolved"",""value"":""0.3333333333333333333333333333"",""weight"":""0.25""}}",2026-08-18 12:00:43.957693+00:00,2026-08-18 12:00:43.957693+00:00
184333f3-f889-406a-a068-9e6417b74822,b7137581-faab-5f3b-991f-e4a0c2238f85,992af92a-c20b-56be-bce2-001f0c1968e6,7887a084-3d77-59c1-8dca-983994b0cb6e,88f9b24c-ebac-4fb4-b895-b66c1629f967,4abcc2b8-fef0-46e7-a7ee-0566aed99f7e,0.6061,3,8,1.0000,"{""area_conversion_norm"":{""contribution"":""0.07272727272727272727272727272"",""direction"":""positive"",""source"":""resolved"",""value"":""0.3636363636363636363636363636"",""weight"":""0.2""},""area_velocity_norm"":{""contribution"":""0.10"",""direction"":""positive"",""source"":""resolved"",""value"":""0.5"",""weight"":""0.2""},""unit_available"":{""contribution"":""0.35"",""direction"":""positive"",""source"":""resolved"",""value"":""1"",""weight"":""0.35""},""unit_demand_norm"":{""contribution"":""0.08333333333333333333333333332"",""direction"":""positive"",""source"":""resolved"",""value"":""0.3333333333333333333333333333"",""weight"":""0.25""}}",2026-08-18 12:00:43.957693+00:00,2026-08-18 12:00:43.957693+00:00
e19a6336-ed05-4be4-a7f1-de303b1681fc,8833ba91-4579-57cf-bd69-c7adafd6b901,aabfb001-73bc-592e-833b-3eab1b0f7220,7887a084-3d77-59c1-8dca-983994b0cb6e,88f9b24c-ebac-4fb4-b895-b66c1629f967,4abcc2b8-fef0-46e7-a7ee-0566aed99f7e,0.5958,1,9,1.0000,"{""area_conversion_norm"":{""contribution"":""0.10"",""direction"":""positive"",""source"":""resolved"",""value"":""0.5"",""weight"":""0.2""},""area_velocity_norm"":{""contribution"":""0.06250"",""direction"":""positive"",""source"":""resolved"",""value"":""0.3125"",""weight"":""0.2""},""unit_available"":{""contribution"":""0.35"",""direction"":""positive"",""source"":""resolved"",""value"":""1"",""weight"":""0.35""},""unit_demand_norm"":{""contribution"":""0.08333333333333333333333333332"",""direction"":""positive"",""source"":""resolved"",""value"":""0.3333333333333333333333333333"",""weight"":""0.25""}}",2026-08-18 12:00:43.957693+00:00,2026-08-18 12:00:43.957693+00:00
3e4d7006-c90d-45ea-8b0c-08f049c8ab7d,2992a22b-9b8a-57ee-b8e8-949a1769532f,aabfb001-73bc-592e-833b-3eab1b0f7220,7887a084-3d77-59c1-8dca-983994b0cb6e,88f9b24c-ebac-4fb4-b895-b66c1629f967,4abcc2b8-fef0-46e7-a7ee-0566aed99f7e,0.5958,2,10,1.0000,"{""area_conversion_norm"":{""contribution"":""0.10"",""direction"":""positive"",""source"":""resolved"",""value"":""0.5"",""weight"":""0.2""},""area_velocity_norm"":{""contribution"":""0.06250"",""direction"":""positive"",""source"":""resolved"",""value"":""0.3125"",""weight"":""0.2""},""unit_available"":{""contribution"":""0.35"",""direction"":""positive"",""source"":""resolved"",""value"":""1"",""weight"":""0.35""},""unit_demand_norm"":{""contribution"":""0.08333333333333333333333333332"",""direction"":""positive"",""source"":""resolved"",""value"":""0.3333333333333333333333333333"",""weight"":""0.25""}}",2026-08-18 12:00:43.957693+00:00,2026-08-18 12:00:43.957693+00:00
4256aaa5-1791-42b0-95b6-4e08d60ecbf3,eecee072-53c7-56a2-964c-1fcf5fd33835,d1c16841-dee0-58bc-aa62-67fd335b971f,7887a084-3d77-59c1-8dca-983994b0cb6e,88f9b24c-ebac-4fb4-b895-b66c1629f967,4abcc2b8-fef0-46e7-a7ee-0566aed99f7e,0.5949,6,11,1.0000,"{""area_conversion_norm"":{""contribution"":""0.07826086956521739130434782608"",""direction"":""positive"",""source"":""resolved"",""value"":""0.3913043478260869565217391304"",""weight"":""0.2""},""area_velocity_norm"":{""contribution"":""0.1666666666666666666666666667"",""direction"":""positive"",""source"":""resolved"",""value"":""0.8333333333333333333333333335"",""weight"":""0.2""},""unit_available"":{""contribution"":""0.35"",""direction"":""positive"",""source"":""resolved"",""value"":""1"",""weight"":""0.35""},""unit_demand_norm"":{""contribution"":""0.00"",""direction"":""positive"",""source"":""resolved"",""value"":""0"",""weight"":""0.25""}}",2026-08-18 12:00:43.957693+00:00,2026-08-18 12:00:43.957693+00:00
efa79c5c-2ec5-4878-9a39-374948d30c04,ae9e0f9d-0f2c-5b6d-ae5f-453fa0c9cc62,d1c16841-dee0-58bc-aa62-67fd335b971f,7887a084-3d77-59c1-8dca-983994b0cb6e,88f9b24c-ebac-4fb4-b895-b66c1629f967,4abcc2b8-fef0-46e7-a7ee-0566aed99f7e,0.5949,7,12,1.0000,"{""area_conversion_norm"":{""contribution"":""0.07826086956521739130434782608"",""direction"":""positive"",""source"":""resolved"",""value"":""0.3913043478260869565217391304"",""weight"":""0.2""},""area_velocity_norm"":{""contribution"":""0.1666666666666666666666666667"",""direction"":""positive"",""source"":""resolved"",""value"":""0.8333333333333333333333333335"",""weight"":""0.2""},""unit_available"":{""contribution"":""0.35"",""direction"":""positive"",""source"":""resolved"",""value"":""1"",""weight"":""0.35""},""unit_demand_norm"":{""contribution"":""0.00"",""direction"":""positive"",""source"":""resolved"",""value"":""0"",""weight"":""0.25""}}",2026-08-18 12:00:43.957693+00:00,2026-08-18 12:00:43.957693+00:00
8c257685-87f5-437f-a131-cc73c3590aa5,500340df-ec0e-5359-9327-989a36003fd6,d1c16841-dee0-58bc-aa62-67fd335b971f,7887a084-3d77-59c1-8dca-983994b0cb6e,88f9b24c-ebac-4fb4-b895-b66c1629f967,4abcc2b8-fef0-46e7-a7ee-0566aed99f7e,0.5949,8,13,1.0000,"{""area_conversion_norm"":{""contribution"":""0.07826086956521739130434782608"",""direction"":""positive"",""source"":""resolved"",""value"":""0.3913043478260869565217391304"",""weight"":""0.2""},""area_velocity_norm"":{""contribution"":""0.1666666666666666666666666667"",""direction"":""positive"",""source"":""resolved"",""value"":""0.8333333333333333333333333335"",""weight"":""0.2""},""unit_available"":{""contribution"":""0.35"",""direction"":""positive"",""source"":""resolved"",""value"":""1"",""weight"":""0.35""},""unit_demand_norm"":{""contribution"":""0.00"",""direction"":""positive"",""source"":""resolved"",""value"":""0"",""weight"":""0.25""}}",2026-08-18 12:00:43.957693+00:00,2026-08-18 12:00:43.957693+00:00
c816cd30-030d-4fbe-8738-9469dc7348bf,6b944b4a-0130-5eb4-8887-decca51c3e68,d1c16841-dee0-58bc-aa62-67fd335b971f,7887a084-3d77-59c1-8dca-983994b0cb6e,88f9b24c-ebac-4fb4-b895-b66c1629f967,4abcc2b8-fef0-46e7-a7ee-0566aed99f7e,0.5949,9,14,1.0000,"{""area_conversion_norm"":{""contribution"":""0.07826086956521739130434782608"",""direction"":""positive"",""source"":""resolved"",""value"":""0.3913043478260869565217391304"",""weight"":""0.2""},""area_velocity_norm"":{""contribution"":""0.1666666666666666666666666667"",""direction"":""positive"",""source"":""resolved"",""value"":""0.8333333333333333333333333335"",""weight"":""0.2""},""unit_available"":{""contribution"":""0.35"",""direction"":""positive"",""source"":""resolved"",""value"":""1"",""weight"":""0.35""},""unit_demand_norm"":{""contribution"":""0.00"",""direction"":""positive"",""source"":""resolved"",""value"":""0"",""weight"":""0.25""}}",2026-08-18 12:00:43.957693+00:00,2026-08-18 12:00:43.957693+00:00
3f080507-8f00-4ab7-8610-8942d2587f52,29c5c861-c82c-551a-8381-75274cf1f890,d1c16841-dee0-58bc-aa62-67fd335b971f,7887a084-3d77-59c1-8dca-983994b0cb6e,88f9b24c-ebac-4fb4-b895-b66c1629f967,4abcc2b8-fef0-46e7-a7ee-0566aed99f7e,0.5949,10,15,1.0000,"{""area_conversion_norm"":{""contribution"":""0.07826086956521739130434782608"",""direction"":""positive"",""source"":""resolved"",""value"":""0.3913043478260869565217391304"",""weight"":""0.2""},""area_velocity_norm"":{""contribution"":""0.1666666666666666666666666667"",""direction"":""positive"",""source"":""resolved"",""value"":""0.8333333333333333333333333335"",""weight"":""0.2""},""unit_available"":{""contribution"":""0.35"",""direction"":""positive"",""source"":""resolved"",""value"":""1"",""weight"":""0.35""},""unit_demand_norm"":{""contribution"":""0.00"",""direction"":""positive"",""source"":""resolved"",""value"":""0"",""weight"":""0.25""}}",2026-08-18 12:00:43.957693+00:00,2026-08-18 12:00:43.957693+00:00
865246b4-9407-4532-ba44-758a48ccece3,f2bd9b60-ffbf-50bb-87ee-ad02e53f6961,d1c16841-dee0-58bc-aa62-67fd335b971f,7887a084-3d77-59c1-8dca-983994b0cb6e,88f9b24c-ebac-4fb4-b895-b66c1629f967,4abcc2b8-fef0-46e7-a7ee-0566aed99f7e,0.5949,11,16,1.0000,"{""area_conversion_norm"":{""contribution"":""0.07826086956521739130434782608"",""direction"":""positive"",""source"":""resolved"",""value"":""0.3913043478260869565217391304"",""weight"":""0.2""},""area_velocity_norm"":{""contribution"":""0.1666666666666666666666666667"",""direction"":""positive"",""source"":""resolved"",""value"":""0.8333333333333333333333333335"",""weight"":""0.2""},""unit_available"":{""contribution"":""0.35"",""direction"":""positive"",""source"":""resolved"",""value"":""1"",""weight"":""0.35""},""unit_demand_norm"":{""contribution"":""0.00"",""direction"":""positive"",""source"":""resolved"",""value"":""0"",""weight"":""0.25""}}",2026-08-18 12:00:43.957693+00:00,2026-08-18 12:00:43.957693+00:00
3122c640-a6ba-40d2-b6cb-5a0e4641e62f,22fb6c9c-86cd-5e88-8032-2fed781a9ec9,d1c16841-dee0-58bc-aa62-67fd335b971f,7887a084-3d77-59c1-8dca-983994b0cb6e,88f9b24c-ebac-4fb4-b895-b66c1629f967,4abcc2b8-fef0-46e7-a7ee-0566aed99f7e,0.5949,12,17,1.0000,"{""area_conversion_norm"":{""contribution"":""0.07826086956521739130434782608"",""direction"":""positive"",""source"":""resolved"",""value"":""0.3913043478260869565217391304"",""weight"":""0.2""},""area_velocity_norm"":{""contribution"":""0.1666666666666666666666666667"",""direction"":""positive"",""source"":""resolved"",""value"":""0.8333333333333333333333333335"",""weight"":""0.2""},""unit_available"":{""contribution"":""0.35"",""direction"":""positive"",""source"":""resolved"",""value"":""1"",""weight"":""0.35""},""unit_demand_norm"":{""contribution"":""0.00"",""direction"":""positive"",""source"":""resolved"",""value"":""0"",""weight"":""0.25""}}",2026-08-18 12:00:43.957693+00:00,2026-08-18 12:00:43.957693+00:00
9492b408-e984-40ac-8b6e-04d8a2344042,3fbbb8e1-4391-5e68-ae0c-a334e15d0f07,d1c16841-dee0-58bc-aa62-67fd335b971f,7887a084-3d77-59c1-8dca-983994b0cb6e,88f9b24c-ebac-4fb4-b895-b66c1629f967,4abcc2b8-fef0-46e7-a7ee-0566aed99f7e,0.5949,13,18,1.0000,"{""area_conversion_norm"":{""contribution"":""0.07826086956521739130434782608"",""direction"":""positive"",""source"":""resolved"",""value"":""0.3913043478260869565217391304"",""weight"":""0.2""},""area_velocity_norm"":{""contribution"":""0.1666666666666666666666666667"",""direction"":""positive"",""source"":""resolved"",""value"":""0.8333333333333333333333333335"",""weight"":""0.2""},""unit_available"":{""contribution"":""0.35"",""direction"":""positive"",""source"":""resolved"",""value"":""1"",""weight"":""0.35""},""unit_demand_norm"":{""contribution"":""0.00"",""direction"":""positive"",""source"":""resolved"",""value"":""0"",""weight"":""0.25""}}",2026-08-18 12:00:43.957693+00:00,2026-08-18 12:00:43.957693+00:00
ed6f468b-a2da-4aa3-9665-0a276aac05e5,aeda1dc3-c95e-533d-96f8-54eb28807b2e,d1c16841-dee0-58bc-aa62-67fd335b971f,7887a084-3d77-59c1-8dca-983994b0cb6e,88f9b24c-ebac-4fb4-b895-b66c1629f967,4abcc2b8-fef0-46e7-a7ee-0566aed99f7e,0.5949,14,19,1.0000,"{""area_conversion_norm"":{""contribution"":""0.07826086956521739130434782608"",""direction"":""positive"",""source"":""resolved"",""value"":""0.3913043478260869565217391304"",""weight"":""0.2""},""area_velocity_norm"":{""contribution"":""0.1666666666666666666666666667"",""direction"":""positive"",""source"":""resolved"",""value"":""0.8333333333333333333333333335"",""weight"":""0.2""},""unit_available"":{""contribution"":""0.35"",""direction"":""positive"",""source"":""resolved"",""value"":""1"",""weight"":""0.35""},""unit_demand_norm"":{""contribution"":""0.00"",""direction"":""positive"",""source"":""resolved"",""value"":""0"",""weight"":""0.25""}}",2026-08-18 12:00:43.957693+00:00,2026-08-18 12:00:43.957693+00:00
2d1142fa-8cda-4150-a598-992cd633d7cd,7d433467-dd48-5aa0-8a4b-16377a94b134,d1c16841-dee0-58bc-aa62-67fd335b971f,7887a084-3d77-59c1-8dca-983994b0cb6e,88f9b24c-ebac-4fb4-b895-b66c1629f967,4abcc2b8-fef0-46e7-a7ee-0566aed99f7e,0.5949,15,20,1.0000,"{""area_conversion_norm"":{""contribution"":""0.07826086956521739130434782608"",""direction"":""positive"",""source"":""resolved"",""value"":""0.3913043478260869565217391304"",""weight"":""0.2""},""area_velocity_norm"":{""contribution"":""0.1666666666666666666666666667"",""direction"":""positive"",""source"":""resolved"",""value"":""0.8333333333333333333333333335"",""weight"":""0.2""},""unit_available"":{""contribution"":""0.35"",""direction"":""positive"",""source"":""resolved"",""value"":""1"",""weight"":""0.35""},""unit_demand_norm"":{""contribution"":""0.00"",""direction"":""positive"",""source"":""resolved"",""value"":""0"",""weight"":""0.25""}}",2026-08-18 12:00:43.957693+00:00,2026-08-18 12:00:43.957693+00:00
8a5070f4-21f9-4597-819e-315be65acd07,c58c5fe8-405b-5a53-bd38-02ac639eeab5,d1c16841-dee0-58bc-aa62-67fd335b971f,7887a084-3d77-59c1-8dca-983994b0cb6e,88f9b24c-ebac-4fb4-b895-b66c1629f967,4abcc2b8-fef0-46e7-a7ee-0566aed99f7e,0.5949,16,21,1.0000,"{""area_conversion_norm"":{""contribution"":""0.07826086956521739130434782608"",""direction"":""positive"",""source"":""resolved"",""value"":""0.3913043478260869565217391304"",""weight"":""0.2""},""area_velocity_norm"":{""contribution"":""0.1666666666666666666666666667"",""direction"":""positive"",""source"":""resolved"",""value"":""0.8333333333333333333333333335"",""weight"":""0.2""},""unit_available"":{""contribution"":""0.35"",""direction"":""positive"",""source"":""resolved"",""value"":""1"",""weight"":""0.35""},""unit_demand_norm"":{""contribution"":""0.00"",""direction"":""positive"",""source"":""resolved"",""value"":""0"",""weight"":""0.25""}}",2026-08-18 12:00:43.957693+00:00,2026-08-18 12:00:43.957693+00:00
d5a68ec0-4b9d-41e6-89e1-fc11898a702d,fc7e2cc3-5789-5eb0-8772-e45c6d1a5d29,d1c16841-dee0-58bc-aa62-67fd335b971f,7887a084-3d77-59c1-8dca-983994b0cb6e,88f9b24c-ebac-4fb4-b895-b66c1629f967,4abcc2b8-fef0-46e7-a7ee-0566aed99f7e,0.5949,17,22,1.0000,"{""area_conversion_norm"":{""contribution"":""0.07826086956521739130434782608"",""direction"":""positive"",""source"":""resolved"",""value"":""0.3913043478260869565217391304"",""weight"":""0.2""},""area_velocity_norm"":{""contribution"":""0.1666666666666666666666666667"",""direction"":""positive"",""source"":""resolved"",""value"":""0.8333333333333333333333333335"",""weight"":""0.2""},""unit_available"":{""contribution"":""0.35"",""direction"":""positive"",""source"":""resolved"",""value"":""1"",""weight"":""0.35""},""unit_demand_norm"":{""contribution"":""0.00"",""direction"":""positive"",""source"":""resolved"",""value"":""0"",""weight"":""0.25""}}",2026-08-18 12:00:43.957693+00:00,2026-08-18 12:00:43.957693+00:00
03fdb23c-214c-4d42-ad0f-d26013b433a7,130a0923-6130-57a2-bd88-baf4604124be,d1c16841-dee0-58bc-aa62-67fd335b971f,7887a084-3d77-59c1-8dca-983994b0cb6e,88f9b24c-ebac-4fb4-b895-b66c1629f967,4abcc2b8-fef0-46e7-a7ee-0566aed99f7e,0.5949,18,23,1.0000,"{""area_conversion_norm"":{""contribution"":""0.07826086956521739130434782608"",""direction"":""positive"",""source"":""resolved"",""value"":""0.3913043478260869565217391304"",""weight"":""0.2""},""area_velocity_norm"":{""contribution"":""0.1666666666666666666666666667"",""direction"":""positive"",""source"":""resolved"",""value"":""0.8333333333333333333333333335"",""weight"":""0.2""},""unit_available"":{""contribution"":""0.35"",""direction"":""positive"",""source"":""resolved"",""value"":""1"",""weight"":""0.35""},""unit_demand_norm"":{""contribution"":""0.00"",""direction"":""positive"",""source"":""resolved"",""value"":""0"",""weight"":""0.25""}}",2026-08-18 12:00:43.957693+00:00,2026-08-18 12:00:43.957693+00:00
429b9ca8-c0fc-45ea-a11c-131b24345e3d,570168c7-5660-5cae-9fc7-9040cd29fca4,d1c16841-dee0-58bc-aa62-67fd335b971f,7887a084-3d77-59c1-8dca-983994b0cb6e,88f9b24c-ebac-4fb4-b895-b66c1629f967,4abcc2b8-fef0-46e7-a7ee-0566aed99f7e,0.5949,19,24,1.0000,"{""area_conversion_norm"":{""contribution"":""0.07826086956521739130434782608"",""direction"":""positive"",""source"":""resolved"",""value"":""0.3913043478260869565217391304"",""weight"":""0.2""},""area_velocity_norm"":{""contribution"":""0.1666666666666666666666666667"",""direction"":""positive"",""source"":""resolved"",""value"":""0.8333333333333333333333333335"",""weight"":""0.2""},""unit_available"":{""contribution"":""0.35"",""direction"":""positive"",""source"":""resolved"",""value"":""1"",""weight"":""0.35""},""unit_demand_norm"":{""contribution"":""0.00"",""direction"":""positive"",""source"":""resolved"",""value"":""0"",""weight"":""0.25""}}",2026-08-18 12:00:43.957693+00:00,2026-08-18 12:00:43.957693+00:00
0ad24c2a-9882-415c-8cea-f1bfc02a4a6c,fdb94762-2d81-5979-8fcc-e4e87d95f63b,992af92a-c20b-56be-bce2-001f0c1968e6,7887a084-3d77-59c1-8dca-983994b0cb6e,88f9b24c-ebac-4fb4-b895-b66c1629f967,4abcc2b8-fef0-46e7-a7ee-0566aed99f7e,0.5227,4,25,1.0000,"{""area_conversion_norm"":{""contribution"":""0.07272727272727272727272727272"",""direction"":""positive"",""source"":""resolved"",""value"":""0.3636363636363636363636363636"",""weight"":""0.2""},""area_velocity_norm"":{""contribution"":""0.10"",""direction"":""positive"",""source"":""resolved"",""value"":""0.5"",""weight"":""0.2""},""unit_available"":{""contribution"":""0.35"",""direction"":""positive"",""source"":""resolved"",""value"":""1"",""weight"":""0.35""},""unit_demand_norm"":{""contribution"":""0.00"",""direction"":""positive"",""source"":""resolved"",""value"":""0"",""weight"":""0.25""}}",2026-08-18 12:00:43.957693+00:00,2026-08-18 12:00:43.957693+00:00
168a5d0c-1c3b-486b-81da-4ee1d0661181,105a2322-c1a5-5998-83d8-29a3d71637d9,992af92a-c20b-56be-bce2-001f0c1968e6,7887a084-3d77-59c1-8dca-983994b0cb6e,88f9b24c-ebac-4fb4-b895-b66c1629f967,4abcc2b8-fef0-46e7-a7ee-0566aed99f7e,0.5227,5,26,1.0000,"{""area_conversion_norm"":{""contribution"":""0.07272727272727272727272727272"",""direction"":""positive"",""source"":""resolved"",""value"":""0.3636363636363636363636363636"",""weight"":""0.2""},""area_velocity_norm"":{""contribution"":""0.10"",""direction"":""positive"",""source"":""resolved"",""value"":""0.5"",""weight"":""0.2""},""unit_available"":{""contribution"":""0.35"",""direction"":""positive"",""source"":""resolved"",""value"":""1"",""weight"":""0.35""},""unit_demand_norm"":{""contribution"":""0.00"",""direction"":""positive"",""source"":""resolved"",""value"":""0"",""weight"":""0.25""}}",2026-08-18 12:00:43.957693+00:00,2026-08-18 12:00:43.957693+00:00
9684cd85-7365-45ce-b140-a88c1f0c55c3,1ff38629-a970-5c90-a5c4-568630751fce,992af92a-c20b-56be-bce2-001f0c1968e6,7887a084-3d77-59c1-8dca-983994b0cb6e,88f9b24c-ebac-4fb4-b895-b66c1629f967,4abcc2b8-fef0-46e7-a7ee-0566aed99f7e,0.5227,6,27,1.0000,"{""area_conversion_norm"":{""contribution"":""0.07272727272727272727272727272"",""direction"":""positive"",""source"":""resolved"",""value"":""0.3636363636363636363636363636"",""weight"":""0.2""},""area_velocity_norm"":{""contribution"":""0.10"",""direction"":""positive"",""source"":""resolved"",""value"":""0.5"",""weight"":""0.2""},""unit_available"":{""contribution"":""0.35"",""direction"":""positive"",""source"":""resolved"",""value"":""1"",""weight"":""0.35""},""unit_demand_norm"":{""contribution"":""0.00"",""direction"":""positive"",""source"":""resolved"",""value"":""0"",""weight"":""0.25""}}",2026-08-18 12:00:43.957693+00:00,2026-08-18 12:00:43.957693+00:00
665e0e6e-4142-47f2-9e53-1c7d9ecc1678,f3c1a82f-ca5e-5b3f-a923-292dc622db87,992af92a-c20b-56be-bce2-001f0c1968e6,7887a084-3d77-59c1-8dca-983994b0cb6e,88f9b24c-ebac-4fb4-b895-b66c1629f967,4abcc2b8-fef0-46e7-a7ee-0566aed99f7e,0.5227,7,28,1.0000,"{""area_conversion_norm"":{""contribution"":""0.07272727272727272727272727272"",""direction"":""positive"",""source"":""resolved"",""value"":""0.3636363636363636363636363636"",""weight"":""0.2""},""area_velocity_norm"":{""contribution"":""0.10"",""direction"":""positive"",""source"":""resolved"",""value"":""0.5"",""weight"":""0.2""},""unit_available"":{""contribution"":""0.35"",""direction"":""positive"",""source"":""resolved"",""value"":""1"",""weight"":""0.35""},""unit_demand_norm"":{""contribution"":""0.00"",""direction"":""positive"",""source"":""resolved"",""value"":""0"",""weight"":""0.25""}}",2026-08-18 12:00:43.957693+00:00,2026-08-18 12:00:43.957693+00:00
d211662e-22f1-43ba-a9fd-541703719eff,6d7bda79-544e-5886-ab36-af14df8e1b65,992af92a-c20b-56be-bce2-001f0c1968e6,7887a084-3d77-59c1-8dca-983994b0cb6e,88f9b24c-ebac-4fb4-b895-b66c1629f967,4abcc2b8-fef0-46e7-a7ee-0566aed99f7e,0.5227,8,29,1.0000,"{""area_conversion_norm"":{""contribution"":""0.07272727272727272727272727272"",""direction"":""positive"",""source"":""resolved"",""value"":""0.3636363636363636363636363636"",""weight"":""0.2""},""area_velocity_norm"":{""contribution"":""0.10"",""direction"":""positive"",""source"":""resolved"",""value"":""0.5"",""weight"":""0.2""},""unit_available"":{""contribution"":""0.35"",""direction"":""positive"",""source"":""resolved"",""value"":""1"",""weight"":""0.35""},""unit_demand_norm"":{""contribution"":""0.00"",""direction"":""positive"",""source"":""resolved"",""value"":""0"",""weight"":""0.25""}}",2026-08-18 12:00:43.957693+00:00,2026-08-18 12:00:43.957693+00:00
88763749-969e-472e-afb0-4621b1fb6e55,2e057ad0-b3af-5492-8cdc-12411a816f75,992af92a-c20b-56be-bce2-001f0c1968e6,7887a084-3d77-59c1-8dca-983994b0cb6e,88f9b24c-ebac-4fb4-b895-b66c1629f967,4abcc2b8-fef0-46e7-a7ee-0566aed99f7e,0.5227,9,30,1.0000,"{""area_conversion_norm"":{""contribution"":""0.07272727272727272727272727272"",""direction"":""positive"",""source"":""resolved"",""value"":""0.3636363636363636363636363636"",""weight"":""0.2""},""area_velocity_norm"":{""contribution"":""0.10"",""direction"":""positive"",""source"":""resolved"",""value"":""0.5"",""weight"":""0.2""},""unit_available"":{""contribution"":""0.35"",""direction"":""positive"",""source"":""resolved"",""value"":""1"",""weight"":""0.35""},""unit_demand_norm"":{""contribution"":""0.00"",""direction"":""positive"",""source"":""resolved"",""value"":""0"",""weight"":""0.25""}}",2026-08-18 12:00:43.957693+00:00,2026-08-18 12:00:43.957693+00:00
1194ed72-2ed8-4af9-8d15-f48fab782b18,616f5cc1-be55-5cc6-912a-a15a713d56d5,992af92a-c20b-56be-bce2-001f0c1968e6,7887a084-3d77-59c1-8dca-983994b0cb6e,88f9b24c-ebac-4fb4-b895-b66c1629f967,4abcc2b8-fef0-46e7-a7ee-0566aed99f7e,0.5227,10,31,1.0000,"{""area_conversion_norm"":{""contribution"":""0.07272727272727272727272727272"",""direction"":""positive"",""source"":""resolved"",""value"":""0.3636363636363636363636363636"",""weight"":""0.2""},""area_velocity_norm"":{""contribution"":""0.10"",""direction"":""positive"",""source"":""resolved"",""value"":""0.5"",""weight"":""0.2""},""unit_available"":{""contribution"":""0.35"",""direction"":""positive"",""source"":""resolved"",""value"":""1"",""weight"":""0.35""},""unit_demand_norm"":{""contribution"":""0.00"",""direction"":""positive"",""source"":""resolved"",""value"":""0"",""weight"":""0.25""}}",2026-08-18 12:00:43.957693+00:00,2026-08-18 12:00:43.957693+00:00
5cf1f9a7-1430-42c8-b71a-6f7126ee6c03,e4a45048-3315-544a-bfea-bcec3e9c263d,992af92a-c20b-56be-bce2-001f0c1968e6,7887a084-3d77-59c1-8dca-983994b0cb6e,88f9b24c-ebac-4fb4-b895-b66c1629f967,4abcc2b8-fef0-46e7-a7ee-0566aed99f7e,0.5227,11,32,1.0000,"{""area_conversion_norm"":{""contribution"":""0.07272727272727272727272727272"",""direction"":""positive"",""source"":""resolved"",""value"":""0.3636363636363636363636363636"",""weight"":""0.2""},""area_velocity_norm"":{""contribution"":""0.10"",""direction"":""positive"",""source"":""resolved"",""value"":""0.5"",""weight"":""0.2""},""unit_available"":{""contribution"":""0.35"",""direction"":""positive"",""source"":""resolved"",""value"":""1"",""weight"":""0.35""},""unit_demand_norm"":{""contribution"":""0.00"",""direction"":""positive"",""source"":""resolved"",""value"":""0"",""weight"":""0.25""}}",2026-08-18 12:00:43.957693+00:00,2026-08-18 12:00:43.957693+00:00
d2282672-b95e-4f8e-b29f-f1af468a4a28,b32ed3da-7116-585f-9ade-009501875f2f,992af92a-c20b-56be-bce2-001f0c1968e6,7887a084-3d77-59c1-8dca-983994b0cb6e,88f9b24c-ebac-4fb4-b895-b66c1629f967,4abcc2b8-fef0-46e7-a7ee-0566aed99f7e,0.5227,12,33,1.0000,"{""area_conversion_norm"":{""contribution"":""0.07272727272727272727272727272"",""direction"":""positive"",""source"":""resolved"",""value"":""0.3636363636363636363636363636"",""weight"":""0.2""},""area_velocity_norm"":{""contribution"":""0.10"",""direction"":""positive"",""source"":""resolved"",""value"":""0.5"",""weight"":""0.2""},""unit_available"":{""contribution"":""0.35"",""direction"":""positive"",""source"":""resolved"",""value"":""1"",""weight"":""0.35""},""unit_demand_norm"":{""contribution"":""0.00"",""direction"":""positive"",""source"":""resolved"",""value"":""0"",""weight"":""0.25""}}",2026-08-18 12:00:43.957693+00:00,2026-08-18 12:00:43.957693+00:00
fc277d42-1213-4083-930a-53392bfa9e0e,79db3660-17d2-5dde-bafa-3a8a815a3bb6,992af92a-c20b-56be-bce2-001f0c1968e6,7887a084-3d77-59c1-8dca-983994b0cb6e,88f9b24c-ebac-4fb4-b895-b66c1629f967,4abcc2b8-fef0-46e7-a7ee-0566aed99f7e,0.5227,13,34,1.0000,"{""area_conversion_norm"":{""contribution"":""0.07272727272727272727272727272"",""direction"":""positive"",""source"":""resolved"",""value"":""0.3636363636363636363636363636"",""weight"":""0.2""},""area_velocity_norm"":{""contribution"":""0.10"",""direction"":""positive"",""source"":""resolved"",""value"":""0.5"",""weight"":""0.2""},""unit_available"":{""contribution"":""0.35"",""direction"":""positive"",""source"":""resolved"",""value"":""1"",""weight"":""0.35""},""unit_demand_norm"":{""contribution"":""0.00"",""direction"":""positive"",""source"":""resolved"",""value"":""0"",""weight"":""0.25""}}",2026-08-18 12:00:43.957693+00:00,2026-08-18 12:00:43.957693+00:00
e656d1bc-1311-4452-aa32-2f43624dabb8,77033418-a784-59e8-bb6e-fc51d0c41cb6,992af92a-c20b-56be-bce2-001f0c1968e6,7887a084-3d77-59c1-8dca-983994b0cb6e,88f9b24c-ebac-4fb4-b895-b66c1629f967,4abcc2b8-fef0-46e7-a7ee-0566aed99f7e,0.5227,14,35,1.0000,"{""area_conversion_norm"":{""contribution"":""0.07272727272727272727272727272"",""direction"":""positive"",""source"":""resolved"",""value"":""0.3636363636363636363636363636"",""weight"":""0.2""},""area_velocity_norm"":{""contribution"":""0.10"",""direction"":""positive"",""source"":""resolved"",""value"":""0.5"",""weight"":""0.2""},""unit_available"":{""contribution"":""0.35"",""direction"":""positive"",""source"":""resolved"",""value"":""1"",""weight"":""0.35""},""unit_demand_norm"":{""contribution"":""0.00"",""direction"":""positive"",""source"":""resolved"",""value"":""0"",""weight"":""0.25""}}",2026-08-18 12:00:43.957693+00:00,2026-08-18 12:00:43.957693+00:00
1d4a8aa8-ebcd-46c5-ac16-fc457bd807d5,764ae67f-625c-58a8-bbe3-57ab59f036fa,aabfb001-73bc-592e-833b-3eab1b0f7220,7887a084-3d77-59c1-8dca-983994b0cb6e,88f9b24c-ebac-4fb4-b895-b66c1629f967,4abcc2b8-fef0-46e7-a7ee-0566aed99f7e,0.5125,3,36,1.0000,"{""area_conversion_norm"":{""contribution"":""0.10"",""direction"":""positive"",""source"":""resolved"",""value"":""0.5"",""weight"":""0.2""},""area_velocity_norm"":{""contribution"":""0.06250"",""direction"":""positive"",""source"":""resolved"",""value"":""0.3125"",""weight"":""0.2""},""unit_available"":{""contribution"":""0.35"",""direction"":""positive"",""source"":""resolved"",""value"":""1"",""weight"":""0.35""},""unit_demand_norm"":{""contribution"":""0.00"",""direction"":""positive"",""source"":""resolved"",""value"":""0"",""weight"":""0.25""}}",2026-08-18 12:00:43.957693+00:00,2026-08-18 12:00:43.957693+00:00
4270200a-2b19-4899-b017-82248b3eedb2,08b003f2-3d7e-517f-8abb-b40e2e555bcb,aabfb001-73bc-592e-833b-3eab1b0f7220,7887a084-3d77-59c1-8dca-983994b0cb6e,88f9b24c-ebac-4fb4-b895-b66c1629f967,4abcc2b8-fef0-46e7-a7ee-0566aed99f7e,0.5125,4,37,1.0000,"{""area_conversion_norm"":{""contribution"":""0.10"",""direction"":""positive"",""source"":""resolved"",""value"":""0.5"",""weight"":""0.2""},""area_velocity_norm"":{""contribution"":""0.06250"",""direction"":""positive"",""source"":""resolved"",""value"":""0.3125"",""weight"":""0.2""},""unit_available"":{""contribution"":""0.35"",""direction"":""positive"",""source"":""resolved"",""value"":""1"",""weight"":""0.35""},""unit_demand_norm"":{""contribution"":""0.00"",""direction"":""positive"",""source"":""resolved"",""value"":""0"",""weight"":""0.25""}}",2026-08-18 12:00:43.957693+00:00,2026-08-18 12:00:43.957693+00:00
e8ae6cc4-66d4-4072-8533-c817572659c6,5aeb29f0-702b-5540-aa0c-b7cd435f8141,aabfb001-73bc-592e-833b-3eab1b0f7220,7887a084-3d77-59c1-8dca-983994b0cb6e,88f9b24c-ebac-4fb4-b895-b66c1629f967,4abcc2b8-fef0-46e7-a7ee-0566aed99f7e,0.5125,5,38,1.0000,"{""area_conversion_norm"":{""contribution"":""0.10"",""direction"":""positive"",""source"":""resolved"",""value"":""0.5"",""weight"":""0.2""},""area_velocity_norm"":{""contribution"":""0.06250"",""direction"":""positive"",""source"":""resolved"",""value"":""0.3125"",""weight"":""0.2""},""unit_available"":{""contribution"":""0.35"",""direction"":""positive"",""source"":""resolved"",""value"":""1"",""weight"":""0.35""},""unit_demand_norm"":{""contribution"":""0.00"",""direction"":""positive"",""source"":""resolved"",""value"":""0"",""weight"":""0.25""}}",2026-08-18 12:00:43.957693+00:00,2026-08-18 12:00:43.957693+00:00
1a7982e2-fd55-4640-95a3-f78d1850f59c,69b70045-a604-5085-a879-01fec21365b7,aabfb001-73bc-592e-833b-3eab1b0f7220,7887a084-3d77-59c1-8dca-983994b0cb6e,88f9b24c-ebac-4fb4-b895-b66c1629f967,4abcc2b8-fef0-46e7-a7ee-0566aed99f7e,0.5125,6,39,1.0000,"{""area_conversion_norm"":{""contribution"":""0.10"",""direction"":""positive"",""source"":""resolved"",""value"":""0.5"",""weight"":""0.2""},""area_velocity_norm"":{""contribution"":""0.06250"",""direction"":""positive"",""source"":""resolved"",""value"":""0.3125"",""weight"":""0.2""},""unit_available"":{""contribution"":""0.35"",""direction"":""positive"",""source"":""resolved"",""value"":""1"",""weight"":""0.35""},""unit_demand_norm"":{""contribution"":""0.00"",""direction"":""positive"",""source"":""resolved"",""value"":""0"",""weight"":""0.25""}}",2026-08-18 12:00:43.957693+00:00,2026-08-18 12:00:43.957693+00:00
22e8f7e9-b089-4e5a-9302-ca391c6b713e,4bc00789-5fea-5758-a257-18be78d7b125,aabfb001-73bc-592e-833b-3eab1b0f7220,7887a084-3d77-59c1-8dca-983994b0cb6e,88f9b24c-ebac-4fb4-b895-b66c1629f967,4abcc2b8-fef0-46e7-a7ee-0566aed99f7e,0.5125,7,40,1.0000,"{""area_conversion_norm"":{""contribution"":""0.10"",""direction"":""positive"",""source"":""resolved"",""value"":""0.5"",""weight"":""0.2""},""area_velocity_norm"":{""contribution"":""0.06250"",""direction"":""positive"",""source"":""resolved"",""value"":""0.3125"",""weight"":""0.2""},""unit_available"":{""contribution"":""0.35"",""direction"":""positive"",""source"":""resolved"",""value"":""1"",""weight"":""0.35""},""unit_demand_norm"":{""contribution"":""0.00"",""direction"":""positive"",""source"":""resolved"",""value"":""0"",""weight"":""0.25""}}",2026-08-18 12:00:43.957693+00:00,2026-08-18 12:00:43.957693+00:00
24f318ce-641f-4c85-ae75-fa56b80b303b,87c43909-9690-5665-bbb6-0283c30db204,aabfb001-73bc-592e-833b-3eab1b0f7220,7887a084-3d77-59c1-8dca-983994b0cb6e,88f9b24c-ebac-4fb4-b895-b66c1629f967,4abcc2b8-fef0-46e7-a7ee-0566aed99f7e,0.5125,8,41,1.0000,"{""area_conversion_norm"":{""contribution"":""0.10"",""direction"":""positive"",""source"":""resolved"",""value"":""0.5"",""weight"":""0.2""},""area_velocity_norm"":{""contribution"":""0.06250"",""direction"":""positive"",""source"":""resolved"",""value"":""0.3125"",""weight"":""0.2""},""unit_available"":{""contribution"":""0.35"",""direction"":""positive"",""source"":""resolved"",""value"":""1"",""weight"":""0.35""},""unit_demand_norm"":{""contribution"":""0.00"",""direction"":""positive"",""source"":""resolved"",""value"":""0"",""weight"":""0.25""}}",2026-08-18 12:00:43.957693+00:00,2026-08-18 12:00:43.957693+00:00
b8a46c05-d806-49c6-bb66-d571eb715543,2ed07238-7792-51f5-8d96-b0ff53fc65a4,aabfb001-73bc-592e-833b-3eab1b0f7220,7887a084-3d77-59c1-8dca-983994b0cb6e,88f9b24c-ebac-4fb4-b895-b66c1629f967,4abcc2b8-fef0-46e7-a7ee-0566aed99f7e,0.5125,9,42,1.0000,"{""area_conversion_norm"":{""contribution"":""0.10"",""direction"":""positive"",""source"":""resolved"",""value"":""0.5"",""weight"":""0.2""},""area_velocity_norm"":{""contribution"":""0.06250"",""direction"":""positive"",""source"":""resolved"",""value"":""0.3125"",""weight"":""0.2""},""unit_available"":{""contribution"":""0.35"",""direction"":""positive"",""source"":""resolved"",""value"":""1"",""weight"":""0.35""},""unit_demand_norm"":{""contribution"":""0.00"",""direction"":""positive"",""source"":""resolved"",""value"":""0"",""weight"":""0.25""}}",2026-08-18 12:00:43.957693+00:00,2026-08-18 12:00:43.957693+00:00
ff2ae101-9471-4f33-a314-3342267b8082,2dfc86cf-1c11-5607-9317-37fb382f4ee6,aabfb001-73bc-592e-833b-3eab1b0f7220,7887a084-3d77-59c1-8dca-983994b0cb6e,88f9b24c-ebac-4fb4-b895-b66c1629f967,4abcc2b8-fef0-46e7-a7ee-0566aed99f7e,0.5125,10,43,1.0000,"{""area_conversion_norm"":{""contribution"":""0.10"",""direction"":""positive"",""source"":""resolved"",""value"":""0.5"",""weight"":""0.2""},""area_velocity_norm"":{""contribution"":""0.06250"",""direction"":""positive"",""source"":""resolved"",""value"":""0.3125"",""weight"":""0.2""},""unit_available"":{""contribution"":""0.35"",""direction"":""positive"",""source"":""resolved"",""value"":""1"",""weight"":""0.35""},""unit_demand_norm"":{""contribution"":""0.00"",""direction"":""positive"",""source"":""resolved"",""value"":""0"",""weight"":""0.25""}}",2026-08-18 12:00:43.957693+00:00,2026-08-18 12:00:43.957693+00:00
f7004912-815b-4c7b-b101-621e8acc0a1e,64441b8b-eb42-55ed-bfca-dc4aa0c29cdb,aabfb001-73bc-592e-833b-3eab1b0f7220,7887a084-3d77-59c1-8dca-983994b0cb6e,88f9b24c-ebac-4fb4-b895-b66c1629f967,4abcc2b8-fef0-46e7-a7ee-0566aed99f7e,0.5125,11,44,1.0000,"{""area_conversion_norm"":{""contribution"":""0.10"",""direction"":""positive"",""source"":""resolved"",""value"":""0.5"",""weight"":""0.2""},""area_velocity_norm"":{""contribution"":""0.06250"",""direction"":""positive"",""source"":""resolved"",""value"":""0.3125"",""weight"":""0.2""},""unit_available"":{""contribution"":""0.35"",""direction"":""positive"",""source"":""resolved"",""value"":""1"",""weight"":""0.35""},""unit_demand_norm"":{""contribution"":""0.00"",""direction"":""positive"",""source"":""resolved"",""value"":""0"",""weight"":""0.25""}}",2026-08-18 12:00:43.957693+00:00,2026-08-18 12:00:43.957693+00:00
85d44319-8f8c-43e7-8a8c-375ec941abf7,7f4b6fda-d947-548f-b4f8-5de81a67cafe,aabfb001-73bc-592e-833b-3eab1b0f7220,7887a084-3d77-59c1-8dca-983994b0cb6e,88f9b24c-ebac-4fb4-b895-b66c1629f967,4abcc2b8-fef0-46e7-a7ee-0566aed99f7e,0.5125,12,45,1.0000,"{""area_conversion_norm"":{""contribution"":""0.10"",""direction"":""positive"",""source"":""resolved"",""value"":""0.5"",""weight"":""0.2""},""area_velocity_norm"":{""contribution"":""0.06250"",""direction"":""positive"",""source"":""resolved"",""value"":""0.3125"",""weight"":""0.2""},""unit_available"":{""contribution"":""0.35"",""direction"":""positive"",""source"":""resolved"",""value"":""1"",""weight"":""0.35""},""unit_demand_norm"":{""contribution"":""0.00"",""direction"":""positive"",""source"":""resolved"",""value"":""0"",""weight"":""0.25""}}",2026-08-18 12:00:43.957693+00:00,2026-08-18 12:00:43.957693+00:00
ca6e7986-90c1-4de7-9281-26477d1b2661,2351819a-ad52-52e3-b8c5-4b08230429b6,aabfb001-73bc-592e-833b-3eab1b0f7220,7887a084-3d77-59c1-8dca-983994b0cb6e,88f9b24c-ebac-4fb4-b895-b66c1629f967,4abcc2b8-fef0-46e7-a7ee-0566aed99f7e,0.5125,13,46,1.0000,"{""area_conversion_norm"":{""contribution"":""0.10"",""direction"":""positive"",""source"":""resolved"",""value"":""0.5"",""weight"":""0.2""},""area_velocity_norm"":{""contribution"":""0.06250"",""direction"":""positive"",""source"":""resolved"",""value"":""0.3125"",""weight"":""0.2""},""unit_available"":{""contribution"":""0.35"",""direction"":""positive"",""source"":""resolved"",""value"":""1"",""weight"":""0.35""},""unit_demand_norm"":{""contribution"":""0.00"",""direction"":""positive"",""source"":""resolved"",""value"":""0"",""weight"":""0.25""}}",2026-08-18 12:00:43.957693+00:00,2026-08-18 12:00:43.957693+00:00
e5aa56e5-d4a7-4f5c-8704-468d2b91f4e7,438262e7-cc2c-5382-8a89-76c032a0534d,d1c16841-dee0-58bc-aa62-67fd335b971f,7887a084-3d77-59c1-8dca-983994b0cb6e,88f9b24c-ebac-4fb4-b895-b66c1629f967,4abcc2b8-fef0-46e7-a7ee-0566aed99f7e,0.2449,20,47,1.0000,"{""area_conversion_norm"":{""contribution"":""0.07826086956521739130434782608"",""direction"":""positive"",""source"":""resolved"",""value"":""0.3913043478260869565217391304"",""weight"":""0.2""},""area_velocity_norm"":{""contribution"":""0.1666666666666666666666666667"",""direction"":""positive"",""source"":""resolved"",""value"":""0.8333333333333333333333333335"",""weight"":""0.2""},""unit_available"":{""contribution"":""0.00"",""direction"":""positive"",""source"":""resolved"",""value"":""0"",""weight"":""0.35""},""unit_demand_norm"":{""contribution"":""0.00"",""direction"":""positive"",""source"":""resolved"",""value"":""0"",""weight"":""0.25""}}",2026-08-18 12:00:43.957693+00:00,2026-08-18 12:00:43.957693+00:00
56816cb2-988f-4cc6-8030-ea534ed52a0d,9cad7427-1df8-596a-baac-3fc00156be4e,d1c16841-dee0-58bc-aa62-67fd335b971f,7887a084-3d77-59c1-8dca-983994b0cb6e,88f9b24c-ebac-4fb4-b895-b66c1629f967,4abcc2b8-fef0-46e7-a7ee-0566aed99f7e,0.2449,21,48,1.0000,"{""area_conversion_norm"":{""contribution"":""0.07826086956521739130434782608"",""direction"":""positive"",""source"":""resolved"",""value"":""0.3913043478260869565217391304"",""weight"":""0.2""},""area_velocity_norm"":{""contribution"":""0.1666666666666666666666666667"",""direction"":""positive"",""source"":""resolved"",""value"":""0.8333333333333333333333333335"",""weight"":""0.2""},""unit_available"":{""contribution"":""0.00"",""direction"":""positive"",""source"":""resolved"",""value"":""0"",""weight"":""0.35""},""unit_demand_norm"":{""contribution"":""0.00"",""direction"":""positive"",""source"":""resolved"",""value"":""0"",""weight"":""0.25""}}",2026-08-18 12:00:43.957693+00:00,2026-08-18 12:00:43.957693+00:00
1c13a552-31e1-48a1-a156-2855c157a28b,b9fe7567-40c5-5124-b805-aef2b1b52efb,d1c16841-dee0-58bc-aa62-67fd335b971f,7887a084-3d77-59c1-8dca-983994b0cb6e,88f9b24c-ebac-4fb4-b895-b66c1629f967,4abcc2b8-fef0-46e7-a7ee-0566aed99f7e,0.2449,22,49,1.0000,"{""area_conversion_norm"":{""contribution"":""0.07826086956521739130434782608"",""direction"":""positive"",""source"":""resolved"",""value"":""0.3913043478260869565217391304"",""weight"":""0.2""},""area_velocity_norm"":{""contribution"":""0.1666666666666666666666666667"",""direction"":""positive"",""source"":""resolved"",""value"":""0.8333333333333333333333333335"",""weight"":""0.2""},""unit_available"":{""contribution"":""0.00"",""direction"":""positive"",""source"":""resolved"",""value"":""0"",""weight"":""0.35""},""unit_demand_norm"":{""contribution"":""0.00"",""direction"":""positive"",""source"":""resolved"",""value"":""0"",""weight"":""0.25""}}",2026-08-18 12:00:43.957693+00:00,2026-08-18 12:00:43.957693+00:00
bfe14756-fa6d-47f8-8c02-ad2e36a3ac8d,31f67f34-0bd0-5d54-b7ea-d38cff1b6d1d,d1c16841-dee0-58bc-aa62-67fd335b971f,7887a084-3d77-59c1-8dca-983994b0cb6e,88f9b24c-ebac-4fb4-b895-b66c1629f967,4abcc2b8-fef0-46e7-a7ee-0566aed99f7e,0.2449,23,50,1.0000,"{""area_conversion_norm"":{""contribution"":""0.07826086956521739130434782608"",""direction"":""positive"",""source"":""resolved"",""value"":""0.3913043478260869565217391304"",""weight"":""0.2""},""area_velocity_norm"":{""contribution"":""0.1666666666666666666666666667"",""direction"":""positive"",""source"":""resolved"",""value"":""0.8333333333333333333333333335"",""weight"":""0.2""},""unit_available"":{""contribution"":""0.00"",""direction"":""positive"",""source"":""resolved"",""value"":""0"",""weight"":""0.35""},""unit_demand_norm"":{""contribution"":""0.00"",""direction"":""positive"",""source"":""resolved"",""value"":""0"",""weight"":""0.25""}}",2026-08-18 12:00:43.957693+00:00,2026-08-18 12:00:43.957693+00:00
5102a341-4db9-4dd9-a86e-aebc2bc98e1e,141e7e5b-f024-5302-9167-c4bfad36eff7,d1c16841-dee0-58bc-aa62-67fd335b971f,7887a084-3d77-59c1-8dca-983994b0cb6e,88f9b24c-ebac-4fb4-b895-b66c1629f967,4abcc2b8-fef0-46e7-a7ee-0566aed99f7e,0.2449,24,51,1.0000,"{""area_conversion_norm"":{""contribution"":""0.07826086956521739130434782608"",""direction"":""positive"",""source"":""resolved"",""value"":""0.3913043478260869565217391304"",""weight"":""0.2""},""area_velocity_norm"":{""contribution"":""0.1666666666666666666666666667"",""direction"":""positive"",""source"":""resolved"",""value"":""0.8333333333333333333333333335"",""weight"":""0.2""},""unit_available"":{""contribution"":""0.00"",""direction"":""positive"",""source"":""resolved"",""value"":""0"",""weight"":""0.35""},""unit_demand_norm"":{""contribution"":""0.00"",""direction"":""positive"",""source"":""resolved"",""value"":""0"",""weight"":""0.25""}}",2026-08-18 12:00:43.957693+00:00,2026-08-18 12:00:43.957693+00:00
f43091d3-0104-4dda-b102-aeb5fd60dead,eb6d40af-6d60-5906-a5c6-daf8a78d2e23,d1c16841-dee0-58bc-aa62-67fd335b971f,7887a084-3d77-59c1-8dca-983994b0cb6e,88f9b24c-ebac-4fb4-b895-b66c1629f967,4abcc2b8-fef0-46e7-a7ee-0566aed99f7e,0.2449,25,52,1.0000,"{""area_conversion_norm"":{""contribution"":""0.07826086956521739130434782608"",""direction"":""positive"",""source"":""resolved"",""value"":""0.3913043478260869565217391304"",""weight"":""0.2""},""area_velocity_norm"":{""contribution"":""0.1666666666666666666666666667"",""direction"":""positive"",""source"":""resolved"",""value"":""0.8333333333333333333333333335"",""weight"":""0.2""},""unit_available"":{""contribution"":""0.00"",""direction"":""positive"",""source"":""resolved"",""value"":""0"",""weight"":""0.35""},""unit_demand_norm"":{""contribution"":""0.00"",""direction"":""positive"",""source"":""resolved"",""value"":""0"",""weight"":""0.25""}}",2026-08-18 12:00:43.957693+00:00,2026-08-18 12:00:43.957693+00:00
4b6e90f6-08ab-42db-8cc2-d0c20e65dcd6,be91ab20-665c-5ae0-8f36-6bb3b58abf65,d1c16841-dee0-58bc-aa62-67fd335b971f,7887a084-3d77-59c1-8dca-983994b0cb6e,88f9b24c-ebac-4fb4-b895-b66c1629f967,4abcc2b8-fef0-46e7-a7ee-0566aed99f7e,0.2449,26,53,1.0000,"{""area_conversion_norm"":{""contribution"":""0.07826086956521739130434782608"",""direction"":""positive"",""source"":""resolved"",""value"":""0.3913043478260869565217391304"",""weight"":""0.2""},""area_velocity_norm"":{""contribution"":""0.1666666666666666666666666667"",""direction"":""positive"",""source"":""resolved"",""value"":""0.8333333333333333333333333335"",""weight"":""0.2""},""unit_available"":{""contribution"":""0.00"",""direction"":""positive"",""source"":""resolved"",""value"":""0"",""weight"":""0.35""},""unit_demand_norm"":{""contribution"":""0.00"",""direction"":""positive"",""source"":""resolved"",""value"":""0"",""weight"":""0.25""}}",2026-08-18 12:00:43.957693+00:00,2026-08-18 12:00:43.957693+00:00
24d27a59-de52-4cf5-90a3-93fb927511fb,fbec5681-5f3e-5c11-9fec-c11be2d0cdaf,d1c16841-dee0-58bc-aa62-67fd335b971f,7887a084-3d77-59c1-8dca-983994b0cb6e,88f9b24c-ebac-4fb4-b895-b66c1629f967,4abcc2b8-fef0-46e7-a7ee-0566aed99f7e,0.2449,27,54,1.0000,"{""area_conversion_norm"":{""contribution"":""0.07826086956521739130434782608"",""direction"":""positive"",""source"":""resolved"",""value"":""0.3913043478260869565217391304"",""weight"":""0.2""},""area_velocity_norm"":{""contribution"":""0.1666666666666666666666666667"",""direction"":""positive"",""source"":""resolved"",""value"":""0.8333333333333333333333333335"",""weight"":""0.2""},""unit_available"":{""contribution"":""0.00"",""direction"":""positive"",""source"":""resolved"",""value"":""0"",""weight"":""0.35""},""unit_demand_norm"":{""contribution"":""0.00"",""direction"":""positive"",""source"":""resolved"",""value"":""0"",""weight"":""0.25""}}",2026-08-18 12:00:43.957693+00:00,2026-08-18 12:00:43.957693+00:00
2caf1fe3-92dc-4f38-922c-df3dca82b768,9a0a9151-6949-5ac1-9593-76a2205bd953,d1c16841-dee0-58bc-aa62-67fd335b971f,7887a084-3d77-59c1-8dca-983994b0cb6e,88f9b24c-ebac-4fb4-b895-b66c1629f967,4abcc2b8-fef0-46e7-a7ee-0566aed99f7e,0.2449,28,55,1.0000,"{""area_conversion_norm"":{""contribution"":""0.07826086956521739130434782608"",""direction"":""positive"",""source"":""resolved"",""value"":""0.3913043478260869565217391304"",""weight"":""0.2""},""area_velocity_norm"":{""contribution"":""0.1666666666666666666666666667"",""direction"":""positive"",""source"":""resolved"",""value"":""0.8333333333333333333333333335"",""weight"":""0.2""},""unit_available"":{""contribution"":""0.00"",""direction"":""positive"",""source"":""resolved"",""value"":""0"",""weight"":""0.35""},""unit_demand_norm"":{""contribution"":""0.00"",""direction"":""positive"",""source"":""resolved"",""value"":""0"",""weight"":""0.25""}}",2026-08-18 12:00:43.957693+00:00,2026-08-18 12:00:43.957693+00:00
104201a4-7344-4d6f-8d26-d549502bca99,14efcf2d-6dd9-5417-b57f-f07ba74e3cc1,d1c16841-dee0-58bc-aa62-67fd335b971f,7887a084-3d77-59c1-8dca-983994b0cb6e,88f9b24c-ebac-4fb4-b895-b66c1629f967,4abcc2b8-fef0-46e7-a7ee-0566aed99f7e,0.2449,29,56,1.0000,"{""area_conversion_norm"":{""contribution"":""0.07826086956521739130434782608"",""direction"":""positive"",""source"":""resolved"",""value"":""0.3913043478260869565217391304"",""weight"":""0.2""},""area_velocity_norm"":{""contribution"":""0.1666666666666666666666666667"",""direction"":""positive"",""source"":""resolved"",""value"":""0.8333333333333333333333333335"",""weight"":""0.2""},""unit_available"":{""contribution"":""0.00"",""direction"":""positive"",""source"":""resolved"",""value"":""0"",""weight"":""0.35""},""unit_demand_norm"":{""contribution"":""0.00"",""direction"":""positive"",""source"":""resolved"",""value"":""0"",""weight"":""0.25""}}",2026-08-18 12:00:43.957693+00:00,2026-08-18 12:00:43.957693+00:00
d01ba794-2ff2-42d8-8195-166ebd654063,db2bd0e2-65fc-53e9-bbac-c4964d98f0bb,d1c16841-dee0-58bc-aa62-67fd335b971f,7887a084-3d77-59c1-8dca-983994b0cb6e,88f9b24c-ebac-4fb4-b895-b66c1629f967,4abcc2b8-fef0-46e7-a7ee-0566aed99f7e,0.2449,30,57,1.0000,"{""area_conversion_norm"":{""contribution"":""0.07826086956521739130434782608"",""direction"":""positive"",""source"":""resolved"",""value"":""0.3913043478260869565217391304"",""weight"":""0.2""},""area_velocity_norm"":{""contribution"":""0.1666666666666666666666666667"",""direction"":""positive"",""source"":""resolved"",""value"":""0.8333333333333333333333333335"",""weight"":""0.2""},""unit_available"":{""contribution"":""0.00"",""direction"":""positive"",""source"":""resolved"",""value"":""0"",""weight"":""0.35""},""unit_demand_norm"":{""contribution"":""0.00"",""direction"":""positive"",""source"":""resolved"",""value"":""0"",""weight"":""0.25""}}",2026-08-18 12:00:43.957693+00:00,2026-08-18 12:00:43.957693+00:00
a9a20be3-0128-49a3-b9c4-ce603cb66592,b2368dd3-7050-50f0-9de5-0ef6229f4dea,992af92a-c20b-56be-bce2-001f0c1968e6,7887a084-3d77-59c1-8dca-983994b0cb6e,88f9b24c-ebac-4fb4-b895-b66c1629f967,4abcc2b8-fef0-46e7-a7ee-0566aed99f7e,0.1727,15,58,1.0000,"{""area_conversion_norm"":{""contribution"":""0.07272727272727272727272727272"",""direction"":""positive"",""source"":""resolved"",""value"":""0.3636363636363636363636363636"",""weight"":""0.2""},""area_velocity_norm"":{""contribution"":""0.10"",""direction"":""positive"",""source"":""resolved"",""value"":""0.5"",""weight"":""0.2""},""unit_available"":{""contribution"":""0.00"",""direction"":""positive"",""source"":""resolved"",""value"":""0"",""weight"":""0.35""},""unit_demand_norm"":{""contribution"":""0.00"",""direction"":""positive"",""source"":""resolved"",""value"":""0"",""weight"":""0.25""}}",2026-08-18 12:00:43.957693+00:00,2026-08-18 12:00:43.957693+00:00
d3ad78fd-c764-44de-b18f-f09255f70e8f,bf903984-f521-5aa8-87a0-2f78355b032b,992af92a-c20b-56be-bce2-001f0c1968e6,7887a084-3d77-59c1-8dca-983994b0cb6e,88f9b24c-ebac-4fb4-b895-b66c1629f967,4abcc2b8-fef0-46e7-a7ee-0566aed99f7e,0.1727,16,59,1.0000,"{""area_conversion_norm"":{""contribution"":""0.07272727272727272727272727272"",""direction"":""positive"",""source"":""resolved"",""value"":""0.3636363636363636363636363636"",""weight"":""0.2""},""area_velocity_norm"":{""contribution"":""0.10"",""direction"":""positive"",""source"":""resolved"",""value"":""0.5"",""weight"":""0.2""},""unit_available"":{""contribution"":""0.00"",""direction"":""positive"",""source"":""resolved"",""value"":""0"",""weight"":""0.35""},""unit_demand_norm"":{""contribution"":""0.00"",""direction"":""positive"",""source"":""resolved"",""value"":""0"",""weight"":""0.25""}}",2026-08-18 12:00:43.957693+00:00,2026-08-18 12:00:43.957693+00:00
e2a85ab7-9958-4271-b162-d36787ed9187,39d5b98c-845f-5d4e-8f3a-9dff247a31c2,992af92a-c20b-56be-bce2-001f0c1968e6,7887a084-3d77-59c1-8dca-983994b0cb6e,88f9b24c-ebac-4fb4-b895-b66c1629f967,4abcc2b8-fef0-46e7-a7ee-0566aed99f7e,0.1727,17,60,1.0000,"{""area_conversion_norm"":{""contribution"":""0.07272727272727272727272727272"",""direction"":""positive"",""source"":""resolved"",""value"":""0.3636363636363636363636363636"",""weight"":""0.2""},""area_velocity_norm"":{""contribution"":""0.10"",""direction"":""positive"",""source"":""resolved"",""value"":""0.5"",""weight"":""0.2""},""unit_available"":{""contribution"":""0.00"",""direction"":""positive"",""source"":""resolved"",""value"":""0"",""weight"":""0.35""},""unit_demand_norm"":{""contribution"":""0.00"",""direction"":""positive"",""source"":""resolved"",""value"":""0"",""weight"":""0.25""}}",2026-08-18 12:00:43.957693+00:00,2026-08-18 12:00:43.957693+00:00
116e9719-68de-47db-b032-ec8fbd98307f,da3c7d30-c9e2-5caa-ac0f-eff9b9da5894,992af92a-c20b-56be-bce2-001f0c1968e6,7887a084-3d77-59c1-8dca-983994b0cb6e,88f9b24c-ebac-4fb4-b895-b66c1629f967,4abcc2b8-fef0-46e7-a7ee-0566aed99f7e,0.1727,18,61,1.0000,"{""area_conversion_norm"":{""contribution"":""0.07272727272727272727272727272"",""direction"":""positive"",""source"":""resolved"",""value"":""0.3636363636363636363636363636"",""weight"":""0.2""},""area_velocity_norm"":{""contribution"":""0.10"",""direction"":""positive"",""source"":""resolved"",""value"":""0.5"",""weight"":""0.2""},""unit_available"":{""contribution"":""0.00"",""direction"":""positive"",""source"":""resolved"",""value"":""0"",""weight"":""0.35""},""unit_demand_norm"":{""contribution"":""0.00"",""direction"":""positive"",""source"":""resolved"",""value"":""0"",""weight"":""0.25""}}",2026-08-18 12:00:43.957693+00:00,2026-08-18 12:00:43.957693+00:00
02934ab0-2760-47ec-a0df-cae74c1b500d,ca3decf8-7751-5110-91b2-95949b0a789c,992af92a-c20b-56be-bce2-001f0c1968e6,7887a084-3d77-59c1-8dca-983994b0cb6e,88f9b24c-ebac-4fb4-b895-b66c1629f967,4abcc2b8-fef0-46e7-a7ee-0566aed99f7e,0.1727,19,62,1.0000,"{""area_conversion_norm"":{""contribution"":""0.07272727272727272727272727272"",""direction"":""positive"",""source"":""resolved"",""value"":""0.3636363636363636363636363636"",""weight"":""0.2""},""area_velocity_norm"":{""contribution"":""0.10"",""direction"":""positive"",""source"":""resolved"",""value"":""0.5"",""weight"":""0.2""},""unit_available"":{""contribution"":""0.00"",""direction"":""positive"",""source"":""resolved"",""value"":""0"",""weight"":""0.35""},""unit_demand_norm"":{""contribution"":""0.00"",""direction"":""positive"",""source"":""resolved"",""value"":""0"",""weight"":""0.25""}}",2026-08-18 12:00:43.957693+00:00,2026-08-18 12:00:43.957693+00:00
0d2ada57-ea2b-4f43-94a4-29710c2c5007,ceeafa36-ff77-5aaa-8505-b6cc5f0ed16d,992af92a-c20b-56be-bce2-001f0c1968e6,7887a084-3d77-59c1-8dca-983994b0cb6e,88f9b24c-ebac-4fb4-b895-b66c1629f967,4abcc2b8-fef0-46e7-a7ee-0566aed99f7e,0.1727,20,63,1.0000,"{""area_conversion_norm"":{""contribution"":""0.07272727272727272727272727272"",""direction"":""positive"",""source"":""resolved"",""value"":""0.3636363636363636363636363636"",""weight"":""0.2""},""area_velocity_norm"":{""contribution"":""0.10"",""direction"":""positive"",""source"":""resolved"",""value"":""0.5"",""weight"":""0.2""},""unit_available"":{""contribution"":""0.00"",""direction"":""positive"",""source"":""resolved"",""value"":""0"",""weight"":""0.35""},""unit_demand_norm"":{""contribution"":""0.00"",""direction"":""positive"",""source"":""resolved"",""value"":""0"",""weight"":""0.25""}}",2026-08-18 12:00:43.957693+00:00,2026-08-18 12:00:43.957693+00:00
da3055ca-f573-459a-aaaa-29900f44e136,5b4df318-20b0-5f13-8ef1-64e2049226f2,aabfb001-73bc-592e-833b-3eab1b0f7220,7887a084-3d77-59c1-8dca-983994b0cb6e,88f9b24c-ebac-4fb4-b895-b66c1629f967,4abcc2b8-fef0-46e7-a7ee-0566aed99f7e,0.1625,14,64,1.0000,"{""area_conversion_norm"":{""contribution"":""0.10"",""direction"":""positive"",""source"":""resolved"",""value"":""0.5"",""weight"":""0.2""},""area_velocity_norm"":{""contribution"":""0.06250"",""direction"":""positive"",""source"":""resolved"",""value"":""0.3125"",""weight"":""0.2""},""unit_available"":{""contribution"":""0.00"",""direction"":""positive"",""source"":""resolved"",""value"":""0"",""weight"":""0.35""},""unit_demand_norm"":{""contribution"":""0.00"",""direction"":""positive"",""source"":""resolved"",""value"":""0"",""weight"":""0.25""}}",2026-08-18 12:00:43.957693+00:00,2026-08-18 12:00:43.957693+00:00
2042badf-fe52-450c-a5a7-f576ce1a8225,dff36f60-672c-5ac6-ae2c-c429b9e165b5,aabfb001-73bc-592e-833b-3eab1b0f7220,7887a084-3d77-59c1-8dca-983994b0cb6e,88f9b24c-ebac-4fb4-b895-b66c1629f967,4abcc2b8-fef0-46e7-a7ee-0566aed99f7e,0.1625,15,65,1.0000,"{""area_conversion_norm"":{""contribution"":""0.10"",""direction"":""positive"",""source"":""resolved"",""value"":""0.5"",""weight"":""0.2""},""area_velocity_norm"":{""contribution"":""0.06250"",""direction"":""positive"",""source"":""resolved"",""value"":""0.3125"",""weight"":""0.2""},""unit_available"":{""contribution"":""0.00"",""direction"":""positive"",""source"":""resolved"",""value"":""0"",""weight"":""0.35""},""unit_demand_norm"":{""contribution"":""0.00"",""direction"":""positive"",""source"":""resolved"",""value"":""0"",""weight"":""0.25""}}",2026-08-18 12:00:43.957693+00:00,2026-08-18 12:00:43.957693+00:00
ec78307b-dbc7-4a33-9439-017f09160716,5ecaac22-370e-5880-b3de-08264a7405d5,aabfb001-73bc-592e-833b-3eab1b0f7220,7887a084-3d77-59c1-8dca-983994b0cb6e,88f9b24c-ebac-4fb4-b895-b66c1629f967,4abcc2b8-fef0-46e7-a7ee-0566aed99f7e,0.1625,16,66,1.0000,"{""area_conversion_norm"":{""contribution"":""0.10"",""direction"":""positive"",""source"":""resolved"",""value"":""0.5"",""weight"":""0.2""},""area_velocity_norm"":{""contribution"":""0.06250"",""direction"":""positive"",""source"":""resolved"",""value"":""0.3125"",""weight"":""0.2""},""unit_available"":{""contribution"":""0.00"",""direction"":""positive"",""source"":""resolved"",""value"":""0"",""weight"":""0.35""},""unit_demand_norm"":{""contribution"":""0.00"",""direction"":""positive"",""source"":""resolved"",""value"":""0"",""weight"":""0.25""}}",2026-08-18 12:00:43.957693+00:00,2026-08-18 12:00:43.957693+00:00
d4d99c69-cfa4-448a-b893-dda5bf2fe0ac,f1221bff-847c-5c29-96f3-d01bac80c376,bafde881-f411-5372-9d43-e72f63cd45dd,a453a5c4-63a5-5872-95b7-a3b4911aa072,f4b36522-4970-456d-8ca4-0ddb4fe8f4b9,4abcc2b8-fef0-46e7-a7ee-0566aed99f7e,0.8622,1,1,1.0000,"{""area_conversion_norm"":{""contribution"":""0.06222222222222222222222222222"",""direction"":""positive"",""source"":""resolved"",""value"":""0.3111111111111111111111111111"",""weight"":""0.2""},""area_velocity_norm"":{""contribution"":""0.2"",""direction"":""positive"",""source"":""resolved"",""value"":""1"",""weight"":""0.2""},""unit_available"":{""contribution"":""0.35"",""direction"":""positive"",""source"":""resolved"",""value"":""1"",""weight"":""0.35""},""unit_demand_norm"":{""contribution"":""0.25"",""direction"":""positive"",""source"":""resolved"",""value"":""1"",""weight"":""0.25""}}",2026-08-18 12:00:43.150408+00:00,2026-08-18 12:00:43.150408+00:00
ea120b54-5954-4978-8ea8-83f8dbde3099,6ac2c6b1-02b2-5eee-8b64-03831733da04,bafde881-f411-5372-9d43-e72f63cd45dd,a453a5c4-63a5-5872-95b7-a3b4911aa072,f4b36522-4970-456d-8ca4-0ddb4fe8f4b9,4abcc2b8-fef0-46e7-a7ee-0566aed99f7e,0.8622,2,2,1.0000,"{""area_conversion_norm"":{""contribution"":""0.06222222222222222222222222222"",""direction"":""positive"",""source"":""resolved"",""value"":""0.3111111111111111111111111111"",""weight"":""0.2""},""area_velocity_norm"":{""contribution"":""0.2"",""direction"":""positive"",""source"":""resolved"",""value"":""1"",""weight"":""0.2""},""unit_available"":{""contribution"":""0.35"",""direction"":""positive"",""source"":""resolved"",""value"":""1"",""weight"":""0.35""},""unit_demand_norm"":{""contribution"":""0.25"",""direction"":""positive"",""source"":""resolved"",""value"":""1"",""weight"":""0.25""}}",2026-08-18 12:00:43.150408+00:00,2026-08-18 12:00:43.150408+00:00
bdc34c50-1b87-4667-8807-4ba5b66daf47,ce5448f7-e1b7-56ed-9a10-b62a61c299d6,bafde881-f411-5372-9d43-e72f63cd45dd,a453a5c4-63a5-5872-95b7-a3b4911aa072,f4b36522-4970-456d-8ca4-0ddb4fe8f4b9,4abcc2b8-fef0-46e7-a7ee-0566aed99f7e,0.8622,3,3,1.0000,"{""area_conversion_norm"":{""contribution"":""0.06222222222222222222222222222"",""direction"":""positive"",""source"":""resolved"",""value"":""0.3111111111111111111111111111"",""weight"":""0.2""},""area_velocity_norm"":{""contribution"":""0.2"",""direction"":""positive"",""source"":""resolved"",""value"":""1"",""weight"":""0.2""},""unit_available"":{""contribution"":""0.35"",""direction"":""positive"",""source"":""resolved"",""value"":""1"",""weight"":""0.35""},""unit_demand_norm"":{""contribution"":""0.25"",""direction"":""positive"",""source"":""resolved"",""value"":""1"",""weight"":""0.25""}}",2026-08-18 12:00:43.150408+00:00,2026-08-18 12:00:43.150408+00:00
fb909747-79ce-4d1b-8587-ebe254c1fc62,56a5d63d-13ad-5dd3-aad0-509a289e4131,bafde881-f411-5372-9d43-e72f63cd45dd,a453a5c4-63a5-5872-95b7-a3b4911aa072,f4b36522-4970-456d-8ca4-0ddb4fe8f4b9,4abcc2b8-fef0-46e7-a7ee-0566aed99f7e,0.8622,4,4,1.0000,"{""area_conversion_norm"":{""contribution"":""0.06222222222222222222222222222"",""direction"":""positive"",""source"":""resolved"",""value"":""0.3111111111111111111111111111"",""weight"":""0.2""},""area_velocity_norm"":{""contribution"":""0.2"",""direction"":""positive"",""source"":""resolved"",""value"":""1"",""weight"":""0.2""},""unit_available"":{""contribution"":""0.35"",""direction"":""positive"",""source"":""resolved"",""value"":""1"",""weight"":""0.35""},""unit_demand_norm"":{""contribution"":""0.25"",""direction"":""positive"",""source"":""resolved"",""value"":""1"",""weight"":""0.25""}}",2026-08-18 12:00:43.150408+00:00,2026-08-18 12:00:43.150408+00:00
c4ef2ccb-010f-49c4-9a60-5bb4b0726348,53c183e8-09c8-5b7b-8617-0716330a3ea7,bafde881-f411-5372-9d43-e72f63cd45dd,a453a5c4-63a5-5872-95b7-a3b4911aa072,f4b36522-4970-456d-8ca4-0ddb4fe8f4b9,4abcc2b8-fef0-46e7-a7ee-0566aed99f7e,0.8622,5,5,1.0000,"{""area_conversion_norm"":{""contribution"":""0.06222222222222222222222222222"",""direction"":""positive"",""source"":""resolved"",""value"":""0.3111111111111111111111111111"",""weight"":""0.2""},""area_velocity_norm"":{""contribution"":""0.2"",""direction"":""positive"",""source"":""resolved"",""value"":""1"",""weight"":""0.2""},""unit_available"":{""contribution"":""0.35"",""direction"":""positive"",""source"":""resolved"",""value"":""1"",""weight"":""0.35""},""unit_demand_norm"":{""contribution"":""0.25"",""direction"":""positive"",""source"":""resolved"",""value"":""1"",""weight"":""0.25""}}",2026-08-18 12:00:43.150408+00:00,2026-08-18 12:00:43.150408+00:00
2fa394e1-b6bd-4287-b068-d5d7b71757a9,05196bea-7e39-52fa-87fa-26ef3acfdb9e,bafde881-f411-5372-9d43-e72f63cd45dd,a453a5c4-63a5-5872-95b7-a3b4911aa072,f4b36522-4970-456d-8ca4-0ddb4fe8f4b9,4abcc2b8-fef0-46e7-a7ee-0566aed99f7e,0.7789,6,6,1.0000,"{""area_conversion_norm"":{""contribution"":""0.06222222222222222222222222222"",""direction"":""positive"",""source"":""resolved"",""value"":""0.3111111111111111111111111111"",""weight"":""0.2""},""area_velocity_norm"":{""contribution"":""0.2"",""direction"":""positive"",""source"":""resolved"",""value"":""1"",""weight"":""0.2""},""unit_available"":{""contribution"":""0.35"",""direction"":""positive"",""source"":""resolved"",""value"":""1"",""weight"":""0.35""},""unit_demand_norm"":{""contribution"":""0.1666666666666666666666666667"",""direction"":""positive"",""source"":""resolved"",""value"":""0.6666666666666666666666666667"",""weight"":""0.25""}}",2026-08-18 12:00:43.150408+00:00,2026-08-18 12:00:43.150408+00:00
ec92bcf1-e900-471f-a656-d9fa3c7a3a53,7d081ad3-c5fc-5bc0-8a36-46882204674e,bafde881-f411-5372-9d43-e72f63cd45dd,a453a5c4-63a5-5872-95b7-a3b4911aa072,f4b36522-4970-456d-8ca4-0ddb4fe8f4b9,4abcc2b8-fef0-46e7-a7ee-0566aed99f7e,0.7789,7,7,1.0000,"{""area_conversion_norm"":{""contribution"":""0.06222222222222222222222222222"",""direction"":""positive"",""source"":""resolved"",""value"":""0.3111111111111111111111111111"",""weight"":""0.2""},""area_velocity_norm"":{""contribution"":""0.2"",""direction"":""positive"",""source"":""resolved"",""value"":""1"",""weight"":""0.2""},""unit_available"":{""contribution"":""0.35"",""direction"":""positive"",""source"":""resolved"",""value"":""1"",""weight"":""0.35""},""unit_demand_norm"":{""contribution"":""0.1666666666666666666666666667"",""direction"":""positive"",""source"":""resolved"",""value"":""0.6666666666666666666666666667"",""weight"":""0.25""}}",2026-08-18 12:00:43.150408+00:00,2026-08-18 12:00:43.150408+00:00
2ed32f50-2dc9-44da-b8dc-ec7d051ee166,77b12036-607d-5368-b5f4-49906a09c4fc,bafde881-f411-5372-9d43-e72f63cd45dd,a453a5c4-63a5-5872-95b7-a3b4911aa072,f4b36522-4970-456d-8ca4-0ddb4fe8f4b9,4abcc2b8-fef0-46e7-a7ee-0566aed99f7e,0.6956,8,8,1.0000,"{""area_conversion_norm"":{""contribution"":""0.06222222222222222222222222222"",""direction"":""positive"",""source"":""resolved"",""value"":""0.3111111111111111111111111111"",""weight"":""0.2""},""area_velocity_norm"":{""contribution"":""0.2"",""direction"":""positive"",""source"":""resolved"",""value"":""1"",""weight"":""0.2""},""unit_available"":{""contribution"":""0.35"",""direction"":""positive"",""source"":""resolved"",""value"":""1"",""weight"":""0.35""},""unit_demand_norm"":{""contribution"":""0.08333333333333333333333333332"",""direction"":""positive"",""source"":""resolved"",""value"":""0.3333333333333333333333333333"",""weight"":""0.25""}}",2026-08-18 12:00:43.150408+00:00,2026-08-18 12:00:43.150408+00:00
0e00f627-f854-4a3a-a324-7d4dcebb0c49,ddc96666-b1d2-5989-a4f7-9629a2005e86,bafde881-f411-5372-9d43-e72f63cd45dd,a453a5c4-63a5-5872-95b7-a3b4911aa072,f4b36522-4970-456d-8ca4-0ddb4fe8f4b9,4abcc2b8-fef0-46e7-a7ee-0566aed99f7e,0.6956,9,9,1.0000,"{""area_conversion_norm"":{""contribution"":""0.06222222222222222222222222222"",""direction"":""positive"",""source"":""resolved"",""value"":""0.3111111111111111111111111111"",""weight"":""0.2""},""area_velocity_norm"":{""contribution"":""0.2"",""direction"":""positive"",""source"":""resolved"",""value"":""1"",""weight"":""0.2""},""unit_available"":{""contribution"":""0.35"",""direction"":""positive"",""source"":""resolved"",""value"":""1"",""weight"":""0.35""},""unit_demand_norm"":{""contribution"":""0.08333333333333333333333333332"",""direction"":""positive"",""source"":""resolved"",""value"":""0.3333333333333333333333333333"",""weight"":""0.25""}}",2026-08-18 12:00:43.150408+00:00,2026-08-18 12:00:43.150408+00:00
f1e7ecd7-d4b3-44b1-ae29-2a7d11002b48,357191c0-8f53-56dc-8354-5b2acf2ed9b0,bafde881-f411-5372-9d43-e72f63cd45dd,a453a5c4-63a5-5872-95b7-a3b4911aa072,f4b36522-4970-456d-8ca4-0ddb4fe8f4b9,4abcc2b8-fef0-46e7-a7ee-0566aed99f7e,0.6956,10,10,1.0000,"{""area_conversion_norm"":{""contribution"":""0.06222222222222222222222222222"",""direction"":""positive"",""source"":""resolved"",""value"":""0.3111111111111111111111111111"",""weight"":""0.2""},""area_velocity_norm"":{""contribution"":""0.2"",""direction"":""positive"",""source"":""resolved"",""value"":""1"",""weight"":""0.2""},""unit_available"":{""contribution"":""0.35"",""direction"":""positive"",""source"":""resolved"",""value"":""1"",""weight"":""0.35""},""unit_demand_norm"":{""contribution"":""0.08333333333333333333333333332"",""direction"":""positive"",""source"":""resolved"",""value"":""0.3333333333333333333333333333"",""weight"":""0.25""}}",2026-08-18 12:00:43.150408+00:00,2026-08-18 12:00:43.150408+00:00
78507b63-9adb-4b1b-8c82-73c8a7063ff6,30b77e1b-947b-5356-baab-ef990bed7875,595d9f18-8f5d-5c43-8866-791052463081,a453a5c4-63a5-5872-95b7-a3b4911aa072,f4b36522-4970-456d-8ca4-0ddb4fe8f4b9,4abcc2b8-fef0-46e7-a7ee-0566aed99f7e,0.6767,1,11,1.0000,"{""area_conversion_norm"":{""contribution"":""0.06"",""direction"":""positive"",""source"":""resolved"",""value"":""0.3"",""weight"":""0.2""},""area_velocity_norm"":{""contribution"":""0.10"",""direction"":""positive"",""source"":""resolved"",""value"":""0.5"",""weight"":""0.2""},""unit_available"":{""contribution"":""0.35"",""direction"":""positive"",""source"":""resolved"",""value"":""1"",""weight"":""0.35""},""unit_demand_norm"":{""contribution"":""0.1666666666666666666666666667"",""direction"":""positive"",""source"":""resolved"",""value"":""0.6666666666666666666666666667"",""weight"":""0.25""}}",2026-08-18 12:00:43.150408+00:00,2026-08-18 12:00:43.150408+00:00
a6cae6b0-ee28-4b89-bcbd-041d9fbbc769,6bf831ba-6665-5639-b0a9-8041b261268a,595d9f18-8f5d-5c43-8866-791052463081,a453a5c4-63a5-5872-95b7-a3b4911aa072,f4b36522-4970-456d-8ca4-0ddb4fe8f4b9,4abcc2b8-fef0-46e7-a7ee-0566aed99f7e,0.6767,2,12,1.0000,"{""area_conversion_norm"":{""contribution"":""0.06"",""direction"":""positive"",""source"":""resolved"",""value"":""0.3"",""weight"":""0.2""},""area_velocity_norm"":{""contribution"":""0.10"",""direction"":""positive"",""source"":""resolved"",""value"":""0.5"",""weight"":""0.2""},""unit_available"":{""contribution"":""0.35"",""direction"":""positive"",""source"":""resolved"",""value"":""1"",""weight"":""0.35""},""unit_demand_norm"":{""contribution"":""0.1666666666666666666666666667"",""direction"":""positive"",""source"":""resolved"",""value"":""0.6666666666666666666666666667"",""weight"":""0.25""}}",2026-08-18 12:00:43.150408+00:00,2026-08-18 12:00:43.150408+00:00
e783f07d-b8be-4b01-a146-6840c06ceb8d,7dd56198-3051-52dd-9c67-0753c025a9e0,bafde881-f411-5372-9d43-e72f63cd45dd,a453a5c4-63a5-5872-95b7-a3b4911aa072,f4b36522-4970-456d-8ca4-0ddb4fe8f4b9,4abcc2b8-fef0-46e7-a7ee-0566aed99f7e,0.6122,11,13,1.0000,"{""area_conversion_norm"":{""contribution"":""0.06222222222222222222222222222"",""direction"":""positive"",""source"":""resolved"",""value"":""0.3111111111111111111111111111"",""weight"":""0.2""},""area_velocity_norm"":{""contribution"":""0.2"",""direction"":""positive"",""source"":""resolved"",""value"":""1"",""weight"":""0.2""},""unit_available"":{""contribution"":""0.35"",""direction"":""positive"",""source"":""resolved"",""value"":""1"",""weight"":""0.35""},""unit_demand_norm"":{""contribution"":""0.00"",""direction"":""positive"",""source"":""resolved"",""value"":""0"",""weight"":""0.25""}}",2026-08-18 12:00:43.150408+00:00,2026-08-18 12:00:43.150408+00:00
4cd764ad-dc2d-4df2-9417-5b64e80b5b95,5733a6d1-d098-584b-9ced-50927ed484d4,bafde881-f411-5372-9d43-e72f63cd45dd,a453a5c4-63a5-5872-95b7-a3b4911aa072,f4b36522-4970-456d-8ca4-0ddb4fe8f4b9,4abcc2b8-fef0-46e7-a7ee-0566aed99f7e,0.6122,12,14,1.0000,"{""area_conversion_norm"":{""contribution"":""0.06222222222222222222222222222"",""direction"":""positive"",""source"":""resolved"",""value"":""0.3111111111111111111111111111"",""weight"":""0.2""},""area_velocity_norm"":{""contribution"":""0.2"",""direction"":""positive"",""source"":""resolved"",""value"":""1"",""weight"":""0.2""},""unit_available"":{""contribution"":""0.35"",""direction"":""positive"",""source"":""resolved"",""value"":""1"",""weight"":""0.35""},""unit_demand_norm"":{""contribution"":""0.00"",""direction"":""positive"",""source"":""resolved"",""value"":""0"",""weight"":""0.25""}}",2026-08-18 12:00:43.150408+00:00,2026-08-18 12:00:43.150408+00:00
2e37e8e5-985d-4576-9ff7-2122d62ff6b3,d4e881ca-814b-5018-8e1b-0c4021b307f7,bafde881-f411-5372-9d43-e72f63cd45dd,a453a5c4-63a5-5872-95b7-a3b4911aa072,f4b36522-4970-456d-8ca4-0ddb4fe8f4b9,4abcc2b8-fef0-46e7-a7ee-0566aed99f7e,0.6122,13,15,1.0000,"{""area_conversion_norm"":{""contribution"":""0.06222222222222222222222222222"",""direction"":""positive"",""source"":""resolved"",""value"":""0.3111111111111111111111111111"",""weight"":""0.2""},""area_velocity_norm"":{""contribution"":""0.2"",""direction"":""positive"",""source"":""resolved"",""value"":""1"",""weight"":""0.2""},""unit_available"":{""contribution"":""0.35"",""direction"":""positive"",""source"":""resolved"",""value"":""1"",""weight"":""0.35""},""unit_demand_norm"":{""contribution"":""0.00"",""direction"":""positive"",""source"":""resolved"",""value"":""0"",""weight"":""0.25""}}",2026-08-18 12:00:43.150408+00:00,2026-08-18 12:00:43.150408+00:00
febc5e15-0fc5-4482-8a29-9788ec02ee7e,a88ca88b-e79b-5ad0-851b-ce2523bf58cd,bafde881-f411-5372-9d43-e72f63cd45dd,a453a5c4-63a5-5872-95b7-a3b4911aa072,f4b36522-4970-456d-8ca4-0ddb4fe8f4b9,4abcc2b8-fef0-46e7-a7ee-0566aed99f7e,0.6122,14,16,1.0000,"{""area_conversion_norm"":{""contribution"":""0.06222222222222222222222222222"",""direction"":""positive"",""source"":""resolved"",""value"":""0.3111111111111111111111111111"",""weight"":""0.2""},""area_velocity_norm"":{""contribution"":""0.2"",""direction"":""positive"",""source"":""resolved"",""value"":""1"",""weight"":""0.2""},""unit_available"":{""contribution"":""0.35"",""direction"":""positive"",""source"":""resolved"",""value"":""1"",""weight"":""0.35""},""unit_demand_norm"":{""contribution"":""0.00"",""direction"":""positive"",""source"":""resolved"",""value"":""0"",""weight"":""0.25""}}",2026-08-18 12:00:43.150408+00:00,2026-08-18 12:00:43.150408+00:00
88cad91a-2d79-4d89-ac17-9154b9c86b38,5ddebad4-107c-5105-8071-7f2c5fca7275,bafde881-f411-5372-9d43-e72f63cd45dd,a453a5c4-63a5-5872-95b7-a3b4911aa072,f4b36522-4970-456d-8ca4-0ddb4fe8f4b9,4abcc2b8-fef0-46e7-a7ee-0566aed99f7e,0.6122,15,17,1.0000,"{""area_conversion_norm"":{""contribution"":""0.06222222222222222222222222222"",""direction"":""positive"",""source"":""resolved"",""value"":""0.3111111111111111111111111111"",""weight"":""0.2""},""area_velocity_norm"":{""contribution"":""0.2"",""direction"":""positive"",""source"":""resolved"",""value"":""1"",""weight"":""0.2""},""unit_available"":{""contribution"":""0.35"",""direction"":""positive"",""source"":""resolved"",""value"":""1"",""weight"":""0.35""},""unit_demand_norm"":{""contribution"":""0.00"",""direction"":""positive"",""source"":""resolved"",""value"":""0"",""weight"":""0.25""}}",2026-08-18 12:00:43.150408+00:00,2026-08-18 12:00:43.150408+00:00
64c5a44d-f89b-45d4-9fbc-7a6b0795ed7f,3796c2f0-957b-508a-a68f-5c4e2bba23c9,bafde881-f411-5372-9d43-e72f63cd45dd,a453a5c4-63a5-5872-95b7-a3b4911aa072,f4b36522-4970-456d-8ca4-0ddb4fe8f4b9,4abcc2b8-fef0-46e7-a7ee-0566aed99f7e,0.6122,16,18,1.0000,"{""area_conversion_norm"":{""contribution"":""0.06222222222222222222222222222"",""direction"":""positive"",""source"":""resolved"",""value"":""0.3111111111111111111111111111"",""weight"":""0.2""},""area_velocity_norm"":{""contribution"":""0.2"",""direction"":""positive"",""source"":""resolved"",""value"":""1"",""weight"":""0.2""},""unit_available"":{""contribution"":""0.35"",""direction"":""positive"",""source"":""resolved"",""value"":""1"",""weight"":""0.35""},""unit_demand_norm"":{""contribution"":""0.00"",""direction"":""positive"",""source"":""resolved"",""value"":""0"",""weight"":""0.25""}}",2026-08-18 12:00:43.150408+00:00,2026-08-18 12:00:43.150408+00:00
b41abb7b-5108-4cb1-a58c-bd4a074a08e8,badbd280-db9e-57fc-a1a6-cec28b4e2dd3,bafde881-f411-5372-9d43-e72f63cd45dd,a453a5c4-63a5-5872-95b7-a3b4911aa072,f4b36522-4970-456d-8ca4-0ddb4fe8f4b9,4abcc2b8-fef0-46e7-a7ee-0566aed99f7e,0.6122,17,19,1.0000,"{""area_conversion_norm"":{""contribution"":""0.06222222222222222222222222222"",""direction"":""positive"",""source"":""resolved"",""value"":""0.3111111111111111111111111111"",""weight"":""0.2""},""area_velocity_norm"":{""contribution"":""0.2"",""direction"":""positive"",""source"":""resolved"",""value"":""1"",""weight"":""0.2""},""unit_available"":{""contribution"":""0.35"",""direction"":""positive"",""source"":""resolved"",""value"":""1"",""weight"":""0.35""},""unit_demand_norm"":{""contribution"":""0.00"",""direction"":""positive"",""source"":""resolved"",""value"":""0"",""weight"":""0.25""}}",2026-08-18 12:00:43.150408+00:00,2026-08-18 12:00:43.150408+00:00
e76da8f2-342b-46a1-aafc-43c02d82c188,26241edf-da92-5b1c-965a-532c83be078a,bafde881-f411-5372-9d43-e72f63cd45dd,a453a5c4-63a5-5872-95b7-a3b4911aa072,f4b36522-4970-456d-8ca4-0ddb4fe8f4b9,4abcc2b8-fef0-46e7-a7ee-0566aed99f7e,0.6122,18,20,1.0000,"{""area_conversion_norm"":{""contribution"":""0.06222222222222222222222222222"",""direction"":""positive"",""source"":""resolved"",""value"":""0.3111111111111111111111111111"",""weight"":""0.2""},""area_velocity_norm"":{""contribution"":""0.2"",""direction"":""positive"",""source"":""resolved"",""value"":""1"",""weight"":""0.2""},""unit_available"":{""contribution"":""0.35"",""direction"":""positive"",""source"":""resolved"",""value"":""1"",""weight"":""0.35""},""unit_demand_norm"":{""contribution"":""0.00"",""direction"":""positive"",""source"":""resolved"",""value"":""0"",""weight"":""0.25""}}",2026-08-18 12:00:43.150408+00:00,2026-08-18 12:00:43.150408+00:00
a7a797c1-5816-46e7-b69d-3c93f5c7d150,acf5057c-25b9-50d3-9dde-babe92315649,bafde881-f411-5372-9d43-e72f63cd45dd,a453a5c4-63a5-5872-95b7-a3b4911aa072,f4b36522-4970-456d-8ca4-0ddb4fe8f4b9,4abcc2b8-fef0-46e7-a7ee-0566aed99f7e,0.6122,19,21,1.0000,"{""area_conversion_norm"":{""contribution"":""0.06222222222222222222222222222"",""direction"":""positive"",""source"":""resolved"",""value"":""0.3111111111111111111111111111"",""weight"":""0.2""},""area_velocity_norm"":{""contribution"":""0.2"",""direction"":""positive"",""source"":""resolved"",""value"":""1"",""weight"":""0.2""},""unit_available"":{""contribution"":""0.35"",""direction"":""positive"",""source"":""resolved"",""value"":""1"",""weight"":""0.35""},""unit_demand_norm"":{""contribution"":""0.00"",""direction"":""positive"",""source"":""resolved"",""value"":""0"",""weight"":""0.25""}}",2026-08-18 12:00:43.150408+00:00,2026-08-18 12:00:43.150408+00:00
f3fca77c-8490-45f7-acf7-b098b9d0a02c,513c770f-0ea0-5e9f-b918-0a5d41041c3d,bafde881-f411-5372-9d43-e72f63cd45dd,a453a5c4-63a5-5872-95b7-a3b4911aa072,f4b36522-4970-456d-8ca4-0ddb4fe8f4b9,4abcc2b8-fef0-46e7-a7ee-0566aed99f7e,0.6122,20,22,1.0000,"{""area_conversion_norm"":{""contribution"":""0.06222222222222222222222222222"",""direction"":""positive"",""source"":""resolved"",""value"":""0.3111111111111111111111111111"",""weight"":""0.2""},""area_velocity_norm"":{""contribution"":""0.2"",""direction"":""positive"",""source"":""resolved"",""value"":""1"",""weight"":""0.2""},""unit_available"":{""contribution"":""0.35"",""direction"":""positive"",""source"":""resolved"",""value"":""1"",""weight"":""0.35""},""unit_demand_norm"":{""contribution"":""0.00"",""direction"":""positive"",""source"":""resolved"",""value"":""0"",""weight"":""0.25""}}",2026-08-18 12:00:43.150408+00:00,2026-08-18 12:00:43.150408+00:00
cc756539-c4eb-4571-bee2-e569e957fa20,3b5789cf-d7d1-5b1e-9a66-0c829e11da4b,bafde881-f411-5372-9d43-e72f63cd45dd,a453a5c4-63a5-5872-95b7-a3b4911aa072,f4b36522-4970-456d-8ca4-0ddb4fe8f4b9,4abcc2b8-fef0-46e7-a7ee-0566aed99f7e,0.6122,21,23,1.0000,"{""area_conversion_norm"":{""contribution"":""0.06222222222222222222222222222"",""direction"":""positive"",""source"":""resolved"",""value"":""0.3111111111111111111111111111"",""weight"":""0.2""},""area_velocity_norm"":{""contribution"":""0.2"",""direction"":""positive"",""source"":""resolved"",""value"":""1"",""weight"":""0.2""},""unit_available"":{""contribution"":""0.35"",""direction"":""positive"",""source"":""resolved"",""value"":""1"",""weight"":""0.35""},""unit_demand_norm"":{""contribution"":""0.00"",""direction"":""positive"",""source"":""resolved"",""value"":""0"",""weight"":""0.25""}}",2026-08-18 12:00:43.150408+00:00,2026-08-18 12:00:43.150408+00:00
a6a75ccb-95e7-4647-a2ed-b6484ca2a282,b6c0db28-d24b-5e1b-b61c-fec0cbfab748,bafde881-f411-5372-9d43-e72f63cd45dd,a453a5c4-63a5-5872-95b7-a3b4911aa072,f4b36522-4970-456d-8ca4-0ddb4fe8f4b9,4abcc2b8-fef0-46e7-a7ee-0566aed99f7e,0.6122,22,24,1.0000,"{""area_conversion_norm"":{""contribution"":""0.06222222222222222222222222222"",""direction"":""positive"",""source"":""resolved"",""value"":""0.3111111111111111111111111111"",""weight"":""0.2""},""area_velocity_norm"":{""contribution"":""0.2"",""direction"":""positive"",""source"":""resolved"",""value"":""1"",""weight"":""0.2""},""unit_available"":{""contribution"":""0.35"",""direction"":""positive"",""source"":""resolved"",""value"":""1"",""weight"":""0.35""},""unit_demand_norm"":{""contribution"":""0.00"",""direction"":""positive"",""source"":""resolved"",""value"":""0"",""weight"":""0.25""}}",2026-08-18 12:00:43.150408+00:00,2026-08-18 12:00:43.150408+00:00
0441d203-be36-4974-994f-b81c38fd4772,81149377-dfcb-5142-9a5a-9e6857ef5360,bafde881-f411-5372-9d43-e72f63cd45dd,a453a5c4-63a5-5872-95b7-a3b4911aa072,f4b36522-4970-456d-8ca4-0ddb4fe8f4b9,4abcc2b8-fef0-46e7-a7ee-0566aed99f7e,0.6122,23,25,1.0000,"{""area_conversion_norm"":{""contribution"":""0.06222222222222222222222222222"",""direction"":""positive"",""source"":""resolved"",""value"":""0.3111111111111111111111111111"",""weight"":""0.2""},""area_velocity_norm"":{""contribution"":""0.2"",""direction"":""positive"",""source"":""resolved"",""value"":""1"",""weight"":""0.2""},""unit_available"":{""contribution"":""0.35"",""direction"":""positive"",""source"":""resolved"",""value"":""1"",""weight"":""0.35""},""unit_demand_norm"":{""contribution"":""0.00"",""direction"":""positive"",""source"":""resolved"",""value"":""0"",""weight"":""0.25""}}",2026-08-18 12:00:43.150408+00:00,2026-08-18 12:00:43.150408+00:00
832aa93e-7cb9-41ea-8060-34bceba27924,060c67e3-52f0-5741-8e76-04e5f0159831,595d9f18-8f5d-5c43-8866-791052463081,a453a5c4-63a5-5872-95b7-a3b4911aa072,f4b36522-4970-456d-8ca4-0ddb4fe8f4b9,4abcc2b8-fef0-46e7-a7ee-0566aed99f7e,0.5933,3,26,1.0000,"{""area_conversion_norm"":{""contribution"":""0.06"",""direction"":""positive"",""source"":""resolved"",""value"":""0.3"",""weight"":""0.2""},""area_velocity_norm"":{""contribution"":""0.10"",""direction"":""positive"",""source"":""resolved"",""value"":""0.5"",""weight"":""0.2""},""unit_available"":{""contribution"":""0.35"",""direction"":""positive"",""source"":""resolved"",""value"":""1"",""weight"":""0.35""},""unit_demand_norm"":{""contribution"":""0.08333333333333333333333333332"",""direction"":""positive"",""source"":""resolved"",""value"":""0.3333333333333333333333333333"",""weight"":""0.25""}}",2026-08-18 12:00:43.150408+00:00,2026-08-18 12:00:43.150408+00:00
a86f2c67-7688-4c90-a564-79ea4e601115,8f6e12f4-6df1-5c72-8b5b-c7359a7bd302,595d9f18-8f5d-5c43-8866-791052463081,a453a5c4-63a5-5872-95b7-a3b4911aa072,f4b36522-4970-456d-8ca4-0ddb4fe8f4b9,4abcc2b8-fef0-46e7-a7ee-0566aed99f7e,0.5933,4,27,1.0000,"{""area_conversion_norm"":{""contribution"":""0.06"",""direction"":""positive"",""source"":""resolved"",""value"":""0.3"",""weight"":""0.2""},""area_velocity_norm"":{""contribution"":""0.10"",""direction"":""positive"",""source"":""resolved"",""value"":""0.5"",""weight"":""0.2""},""unit_available"":{""contribution"":""0.35"",""direction"":""positive"",""source"":""resolved"",""value"":""1"",""weight"":""0.35""},""unit_demand_norm"":{""contribution"":""0.08333333333333333333333333332"",""direction"":""positive"",""source"":""resolved"",""value"":""0.3333333333333333333333333333"",""weight"":""0.25""}}",2026-08-18 12:00:43.150408+00:00,2026-08-18 12:00:43.150408+00:00
19a1865d-4854-4053-855c-911f4df1c288,f67ec08e-7ef2-5b34-be64-71ca4c6d4616,595d9f18-8f5d-5c43-8866-791052463081,a453a5c4-63a5-5872-95b7-a3b4911aa072,f4b36522-4970-456d-8ca4-0ddb4fe8f4b9,4abcc2b8-fef0-46e7-a7ee-0566aed99f7e,0.5933,5,28,1.0000,"{""area_conversion_norm"":{""contribution"":""0.06"",""direction"":""positive"",""source"":""resolved"",""value"":""0.3"",""weight"":""0.2""},""area_velocity_norm"":{""contribution"":""0.10"",""direction"":""positive"",""source"":""resolved"",""value"":""0.5"",""weight"":""0.2""},""unit_available"":{""contribution"":""0.35"",""direction"":""positive"",""source"":""resolved"",""value"":""1"",""weight"":""0.35""},""unit_demand_norm"":{""contribution"":""0.08333333333333333333333333332"",""direction"":""positive"",""source"":""resolved"",""value"":""0.3333333333333333333333333333"",""weight"":""0.25""}}",2026-08-18 12:00:43.150408+00:00,2026-08-18 12:00:43.150408+00:00
5745eed1-b625-4d30-845c-a32d64c5b1f0,302e87d5-c4f4-5a69-8dd4-c1d1a0204b2b,595d9f18-8f5d-5c43-8866-791052463081,a453a5c4-63a5-5872-95b7-a3b4911aa072,f4b36522-4970-456d-8ca4-0ddb4fe8f4b9,4abcc2b8-fef0-46e7-a7ee-0566aed99f7e,0.5933,6,29,1.0000,"{""area_conversion_norm"":{""contribution"":""0.06"",""direction"":""positive"",""source"":""resolved"",""value"":""0.3"",""weight"":""0.2""},""area_velocity_norm"":{""contribution"":""0.10"",""direction"":""positive"",""source"":""resolved"",""value"":""0.5"",""weight"":""0.2""},""unit_available"":{""contribution"":""0.35"",""direction"":""positive"",""source"":""resolved"",""value"":""1"",""weight"":""0.35""},""unit_demand_norm"":{""contribution"":""0.08333333333333333333333333332"",""direction"":""positive"",""source"":""resolved"",""value"":""0.3333333333333333333333333333"",""weight"":""0.25""}}",2026-08-18 12:00:43.150408+00:00,2026-08-18 12:00:43.150408+00:00
16c65bfd-d1f1-4af8-bd31-30cd833cb2bc,4096cc34-230a-5496-8ce8-fb663c83f260,fefccc58-d625-539e-a48e-d38ba602c0b4,a453a5c4-63a5-5872-95b7-a3b4911aa072,f4b36522-4970-456d-8ca4-0ddb4fe8f4b9,4abcc2b8-fef0-46e7-a7ee-0566aed99f7e,0.5500,1,30,1.0000,"{""area_conversion_norm"":{""contribution"":""0.10"",""direction"":""positive"",""source"":""missing_defaulted"",""value"":""0.5"",""weight"":""0.2""},""area_velocity_norm"":{""contribution"":""0.10"",""direction"":""positive"",""source"":""missing_defaulted"",""value"":""0.5"",""weight"":""0.2""},""unit_available"":{""contribution"":""0.35"",""direction"":""positive"",""source"":""resolved"",""value"":""1"",""weight"":""0.35""},""unit_demand_norm"":{""contribution"":""0.00"",""direction"":""positive"",""source"":""resolved"",""value"":""0"",""weight"":""0.25""}}",2026-08-18 12:00:43.150408+00:00,2026-08-18 12:00:43.150408+00:00
53dc33df-7f7b-4089-8312-8f6c1891a037,17bdfad5-8781-54f1-8ec4-ef53a692fc56,fefccc58-d625-539e-a48e-d38ba602c0b4,a453a5c4-63a5-5872-95b7-a3b4911aa072,f4b36522-4970-456d-8ca4-0ddb4fe8f4b9,4abcc2b8-fef0-46e7-a7ee-0566aed99f7e,0.5500,2,31,1.0000,"{""area_conversion_norm"":{""contribution"":""0.10"",""direction"":""positive"",""source"":""missing_defaulted"",""value"":""0.5"",""weight"":""0.2""},""area_velocity_norm"":{""contribution"":""0.10"",""direction"":""positive"",""source"":""missing_defaulted"",""value"":""0.5"",""weight"":""0.2""},""unit_available"":{""contribution"":""0.35"",""direction"":""positive"",""source"":""resolved"",""value"":""1"",""weight"":""0.35""},""unit_demand_norm"":{""contribution"":""0.00"",""direction"":""positive"",""source"":""resolved"",""value"":""0"",""weight"":""0.25""}}",2026-08-18 12:00:43.150408+00:00,2026-08-18 12:00:43.150408+00:00
4ac585c3-1fec-435f-8f4f-b965d53344f9,d98ee9ff-f083-5516-8a7b-cb2bc7fb2638,fefccc58-d625-539e-a48e-d38ba602c0b4,a453a5c4-63a5-5872-95b7-a3b4911aa072,f4b36522-4970-456d-8ca4-0ddb4fe8f4b9,4abcc2b8-fef0-46e7-a7ee-0566aed99f7e,0.5500,3,32,1.0000,"{""area_conversion_norm"":{""contribution"":""0.10"",""direction"":""positive"",""source"":""missing_defaulted"",""value"":""0.5"",""weight"":""0.2""},""area_velocity_norm"":{""contribution"":""0.10"",""direction"":""positive"",""source"":""missing_defaulted"",""value"":""0.5"",""weight"":""0.2""},""unit_available"":{""contribution"":""0.35"",""direction"":""positive"",""source"":""resolved"",""value"":""1"",""weight"":""0.35""},""unit_demand_norm"":{""contribution"":""0.00"",""direction"":""positive"",""source"":""resolved"",""value"":""0"",""weight"":""0.25""}}",2026-08-18 12:00:43.150408+00:00,2026-08-18 12:00:43.150408+00:00
4df278ce-c339-4286-bbdb-8fcfc505b9c5,aa134901-9326-5876-8a3f-870497903c4d,fefccc58-d625-539e-a48e-d38ba602c0b4,a453a5c4-63a5-5872-95b7-a3b4911aa072,f4b36522-4970-456d-8ca4-0ddb4fe8f4b9,4abcc2b8-fef0-46e7-a7ee-0566aed99f7e,0.5500,4,33,1.0000,"{""area_conversion_norm"":{""contribution"":""0.10"",""direction"":""positive"",""source"":""missing_defaulted"",""value"":""0.5"",""weight"":""0.2""},""area_velocity_norm"":{""contribution"":""0.10"",""direction"":""positive"",""source"":""missing_defaulted"",""value"":""0.5"",""weight"":""0.2""},""unit_available"":{""contribution"":""0.35"",""direction"":""positive"",""source"":""resolved"",""value"":""1"",""weight"":""0.35""},""unit_demand_norm"":{""contribution"":""0.00"",""direction"":""positive"",""source"":""resolved"",""value"":""0"",""weight"":""0.25""}}",2026-08-18 12:00:43.150408+00:00,2026-08-18 12:00:43.150408+00:00
958e71eb-54f8-4ae6-bd6f-7ebd90c6870f,d08bf07b-1ee3-551a-8f10-3cd023ece270,fefccc58-d625-539e-a48e-d38ba602c0b4,a453a5c4-63a5-5872-95b7-a3b4911aa072,f4b36522-4970-456d-8ca4-0ddb4fe8f4b9,4abcc2b8-fef0-46e7-a7ee-0566aed99f7e,0.5500,5,34,1.0000,"{""area_conversion_norm"":{""contribution"":""0.10"",""direction"":""positive"",""source"":""missing_defaulted"",""value"":""0.5"",""weight"":""0.2""},""area_velocity_norm"":{""contribution"":""0.10"",""direction"":""positive"",""source"":""missing_defaulted"",""value"":""0.5"",""weight"":""0.2""},""unit_available"":{""contribution"":""0.35"",""direction"":""positive"",""source"":""resolved"",""value"":""1"",""weight"":""0.35""},""unit_demand_norm"":{""contribution"":""0.00"",""direction"":""positive"",""source"":""resolved"",""value"":""0"",""weight"":""0.25""}}",2026-08-18 12:00:43.150408+00:00,2026-08-18 12:00:43.150408+00:00
e2fcba7c-33ea-4638-a037-2a93a70300c7,63b70c7c-fbec-51c9-8985-f11c2d8c0a51,fefccc58-d625-539e-a48e-d38ba602c0b4,a453a5c4-63a5-5872-95b7-a3b4911aa072,f4b36522-4970-456d-8ca4-0ddb4fe8f4b9,4abcc2b8-fef0-46e7-a7ee-0566aed99f7e,0.5500,6,35,1.0000,"{""area_conversion_norm"":{""contribution"":""0.10"",""direction"":""positive"",""source"":""missing_defaulted"",""value"":""0.5"",""weight"":""0.2""},""area_velocity_norm"":{""contribution"":""0.10"",""direction"":""positive"",""source"":""missing_defaulted"",""value"":""0.5"",""weight"":""0.2""},""unit_available"":{""contribution"":""0.35"",""direction"":""positive"",""source"":""resolved"",""value"":""1"",""weight"":""0.35""},""unit_demand_norm"":{""contribution"":""0.00"",""direction"":""positive"",""source"":""resolved"",""value"":""0"",""weight"":""0.25""}}",2026-08-18 12:00:43.150408+00:00,2026-08-18 12:00:43.150408+00:00
95bd9457-67e6-4851-bb70-d3f763b896b1,4f26d9f6-8355-5324-851a-5ee28dff13c7,fefccc58-d625-539e-a48e-d38ba602c0b4,a453a5c4-63a5-5872-95b7-a3b4911aa072,f4b36522-4970-456d-8ca4-0ddb4fe8f4b9,4abcc2b8-fef0-46e7-a7ee-0566aed99f7e,0.5500,7,36,1.0000,"{""area_conversion_norm"":{""contribution"":""0.10"",""direction"":""positive"",""source"":""missing_defaulted"",""value"":""0.5"",""weight"":""0.2""},""area_velocity_norm"":{""contribution"":""0.10"",""direction"":""positive"",""source"":""missing_defaulted"",""value"":""0.5"",""weight"":""0.2""},""unit_available"":{""contribution"":""0.35"",""direction"":""positive"",""source"":""resolved"",""value"":""1"",""weight"":""0.35""},""unit_demand_norm"":{""contribution"":""0.00"",""direction"":""positive"",""source"":""resolved"",""value"":""0"",""weight"":""0.25""}}",2026-08-18 12:00:43.150408+00:00,2026-08-18 12:00:43.150408+00:00
8ac8b8a5-9da9-4ec8-9ff7-3580e8d92e80,15a4da7a-9c45-57ed-9955-e22b27ccc3c8,fefccc58-d625-539e-a48e-d38ba602c0b4,a453a5c4-63a5-5872-95b7-a3b4911aa072,f4b36522-4970-456d-8ca4-0ddb4fe8f4b9,4abcc2b8-fef0-46e7-a7ee-0566aed99f7e,0.5500,8,37,1.0000,"{""area_conversion_norm"":{""contribution"":""0.10"",""direction"":""positive"",""source"":""missing_defaulted"",""value"":""0.5"",""weight"":""0.2""},""area_velocity_norm"":{""contribution"":""0.10"",""direction"":""positive"",""source"":""missing_defaulted"",""value"":""0.5"",""weight"":""0.2""},""unit_available"":{""contribution"":""0.35"",""direction"":""positive"",""source"":""resolved"",""value"":""1"",""weight"":""0.35""},""unit_demand_norm"":{""contribution"":""0.00"",""direction"":""positive"",""source"":""resolved"",""value"":""0"",""weight"":""0.25""}}",2026-08-18 12:00:43.150408+00:00,2026-08-18 12:00:43.150408+00:00
31ce37a6-c47b-4752-a932-3e2f9893076e,e22ed85e-8930-553e-b1d3-e19d208bbc0f,fefccc58-d625-539e-a48e-d38ba602c0b4,a453a5c4-63a5-5872-95b7-a3b4911aa072,f4b36522-4970-456d-8ca4-0ddb4fe8f4b9,4abcc2b8-fef0-46e7-a7ee-0566aed99f7e,0.5500,9,38,1.0000,"{""area_conversion_norm"":{""contribution"":""0.10"",""direction"":""positive"",""source"":""missing_defaulted"",""value"":""0.5"",""weight"":""0.2""},""area_velocity_norm"":{""contribution"":""0.10"",""direction"":""positive"",""source"":""missing_defaulted"",""value"":""0.5"",""weight"":""0.2""},""unit_available"":{""contribution"":""0.35"",""direction"":""positive"",""source"":""resolved"",""value"":""1"",""weight"":""0.35""},""unit_demand_norm"":{""contribution"":""0.00"",""direction"":""positive"",""source"":""resolved"",""value"":""0"",""weight"":""0.25""}}",2026-08-18 12:00:43.150408+00:00,2026-08-18 12:00:43.150408+00:00
2038519d-e19f-45f5-8f46-621f2538e4b7,f304f728-5b33-5eb0-b63d-db7be51a7943,fefccc58-d625-539e-a48e-d38ba602c0b4,a453a5c4-63a5-5872-95b7-a3b4911aa072,f4b36522-4970-456d-8ca4-0ddb4fe8f4b9,4abcc2b8-fef0-46e7-a7ee-0566aed99f7e,0.5500,10,39,1.0000,"{""area_conversion_norm"":{""contribution"":""0.10"",""direction"":""positive"",""source"":""missing_defaulted"",""value"":""0.5"",""weight"":""0.2""},""area_velocity_norm"":{""contribution"":""0.10"",""direction"":""positive"",""source"":""missing_defaulted"",""value"":""0.5"",""weight"":""0.2""},""unit_available"":{""contribution"":""0.35"",""direction"":""positive"",""source"":""resolved"",""value"":""1"",""weight"":""0.35""},""unit_demand_norm"":{""contribution"":""0.00"",""direction"":""positive"",""source"":""resolved"",""value"":""0"",""weight"":""0.25""}}",2026-08-18 12:00:43.150408+00:00,2026-08-18 12:00:43.150408+00:00
cd987806-873d-4896-a7b2-d11306870cef,71cba36e-b084-513d-9838-385f00d52bdd,595d9f18-8f5d-5c43-8866-791052463081,a453a5c4-63a5-5872-95b7-a3b4911aa072,f4b36522-4970-456d-8ca4-0ddb4fe8f4b9,4abcc2b8-fef0-46e7-a7ee-0566aed99f7e,0.5100,7,40,1.0000,"{""area_conversion_norm"":{""contribution"":""0.06"",""direction"":""positive"",""source"":""resolved"",""value"":""0.3"",""weight"":""0.2""},""area_velocity_norm"":{""contribution"":""0.10"",""direction"":""positive"",""source"":""resolved"",""value"":""0.5"",""weight"":""0.2""},""unit_available"":{""contribution"":""0.35"",""direction"":""positive"",""source"":""resolved"",""value"":""1"",""weight"":""0.35""},""unit_demand_norm"":{""contribution"":""0.00"",""direction"":""positive"",""source"":""resolved"",""value"":""0"",""weight"":""0.25""}}",2026-08-18 12:00:43.150408+00:00,2026-08-18 12:00:43.150408+00:00
7bda2d23-7aab-43aa-b306-a31a6956f40c,e3c11e4a-0d75-5ea2-9964-e04a404ed119,595d9f18-8f5d-5c43-8866-791052463081,a453a5c4-63a5-5872-95b7-a3b4911aa072,f4b36522-4970-456d-8ca4-0ddb4fe8f4b9,4abcc2b8-fef0-46e7-a7ee-0566aed99f7e,0.5100,8,41,1.0000,"{""area_conversion_norm"":{""contribution"":""0.06"",""direction"":""positive"",""source"":""resolved"",""value"":""0.3"",""weight"":""0.2""},""area_velocity_norm"":{""contribution"":""0.10"",""direction"":""positive"",""source"":""resolved"",""value"":""0.5"",""weight"":""0.2""},""unit_available"":{""contribution"":""0.35"",""direction"":""positive"",""source"":""resolved"",""value"":""1"",""weight"":""0.35""},""unit_demand_norm"":{""contribution"":""0.00"",""direction"":""positive"",""source"":""resolved"",""value"":""0"",""weight"":""0.25""}}",2026-08-18 12:00:43.150408+00:00,2026-08-18 12:00:43.150408+00:00
c5662837-9489-4c4c-a30e-dba31d3c561f,a922d929-89ed-5fd5-a37f-2a9c0df3c1f0,595d9f18-8f5d-5c43-8866-791052463081,a453a5c4-63a5-5872-95b7-a3b4911aa072,f4b36522-4970-456d-8ca4-0ddb4fe8f4b9,4abcc2b8-fef0-46e7-a7ee-0566aed99f7e,0.5100,9,42,1.0000,"{""area_conversion_norm"":{""contribution"":""0.06"",""direction"":""positive"",""source"":""resolved"",""value"":""0.3"",""weight"":""0.2""},""area_velocity_norm"":{""contribution"":""0.10"",""direction"":""positive"",""source"":""resolved"",""value"":""0.5"",""weight"":""0.2""},""unit_available"":{""contribution"":""0.35"",""direction"":""positive"",""source"":""resolved"",""value"":""1"",""weight"":""0.35""},""unit_demand_norm"":{""contribution"":""0.00"",""direction"":""positive"",""source"":""resolved"",""value"":""0"",""weight"":""0.25""}}",2026-08-18 12:00:43.150408+00:00,2026-08-18 12:00:43.150408+00:00
b04d7cac-075d-4cb6-bd39-15f271b6a10f,b72ce10a-7e99-5408-b17c-453a0458312a,595d9f18-8f5d-5c43-8866-791052463081,a453a5c4-63a5-5872-95b7-a3b4911aa072,f4b36522-4970-456d-8ca4-0ddb4fe8f4b9,4abcc2b8-fef0-46e7-a7ee-0566aed99f7e,0.5100,10,43,1.0000,"{""area_conversion_norm"":{""contribution"":""0.06"",""direction"":""positive"",""source"":""resolved"",""value"":""0.3"",""weight"":""0.2""},""area_velocity_norm"":{""contribution"":""0.10"",""direction"":""positive"",""source"":""resolved"",""value"":""0.5"",""weight"":""0.2""},""unit_available"":{""contribution"":""0.35"",""direction"":""positive"",""source"":""resolved"",""value"":""1"",""weight"":""0.35""},""unit_demand_norm"":{""contribution"":""0.00"",""direction"":""positive"",""source"":""resolved"",""value"":""0"",""weight"":""0.25""}}",2026-08-18 12:00:43.150408+00:00,2026-08-18 12:00:43.150408+00:00
91ba2a8e-1da2-4455-b9e6-fde53be251a1,c328f15a-0f84-545d-99ce-5d15ebf04c40,595d9f18-8f5d-5c43-8866-791052463081,a453a5c4-63a5-5872-95b7-a3b4911aa072,f4b36522-4970-456d-8ca4-0ddb4fe8f4b9,4abcc2b8-fef0-46e7-a7ee-0566aed99f7e,0.5100,11,44,1.0000,"{""area_conversion_norm"":{""contribution"":""0.06"",""direction"":""positive"",""source"":""resolved"",""value"":""0.3"",""weight"":""0.2""},""area_velocity_norm"":{""contribution"":""0.10"",""direction"":""positive"",""source"":""resolved"",""value"":""0.5"",""weight"":""0.2""},""unit_available"":{""contribution"":""0.35"",""direction"":""positive"",""source"":""resolved"",""value"":""1"",""weight"":""0.35""},""unit_demand_norm"":{""contribution"":""0.00"",""direction"":""positive"",""source"":""resolved"",""value"":""0"",""weight"":""0.25""}}",2026-08-18 12:00:43.150408+00:00,2026-08-18 12:00:43.150408+00:00
f4855d49-29c4-4bb4-9734-b2e223f03e41,6dab61bf-4ea4-52a1-8ca2-c1a228b0e103,595d9f18-8f5d-5c43-8866-791052463081,a453a5c4-63a5-5872-95b7-a3b4911aa072,f4b36522-4970-456d-8ca4-0ddb4fe8f4b9,4abcc2b8-fef0-46e7-a7ee-0566aed99f7e,0.5100,12,45,1.0000,"{""area_conversion_norm"":{""contribution"":""0.06"",""direction"":""positive"",""source"":""resolved"",""value"":""0.3"",""weight"":""0.2""},""area_velocity_norm"":{""contribution"":""0.10"",""direction"":""positive"",""source"":""resolved"",""value"":""0.5"",""weight"":""0.2""},""unit_available"":{""contribution"":""0.35"",""direction"":""positive"",""source"":""resolved"",""value"":""1"",""weight"":""0.35""},""unit_demand_norm"":{""contribution"":""0.00"",""direction"":""positive"",""source"":""resolved"",""value"":""0"",""weight"":""0.25""}}",2026-08-18 12:00:43.150408+00:00,2026-08-18 12:00:43.150408+00:00
c387b375-7571-4dfb-b831-69ad28227fee,d2b8d3d2-c3e5-5cb4-8ab1-ac5ffb2db77b,595d9f18-8f5d-5c43-8866-791052463081,a453a5c4-63a5-5872-95b7-a3b4911aa072,f4b36522-4970-456d-8ca4-0ddb4fe8f4b9,4abcc2b8-fef0-46e7-a7ee-0566aed99f7e,0.5100,13,46,1.0000,"{""area_conversion_norm"":{""contribution"":""0.06"",""direction"":""positive"",""source"":""resolved"",""value"":""0.3"",""weight"":""0.2""},""area_velocity_norm"":{""contribution"":""0.10"",""direction"":""positive"",""source"":""resolved"",""value"":""0.5"",""weight"":""0.2""},""unit_available"":{""contribution"":""0.35"",""direction"":""positive"",""source"":""resolved"",""value"":""1"",""weight"":""0.35""},""unit_demand_norm"":{""contribution"":""0.00"",""direction"":""positive"",""source"":""resolved"",""value"":""0"",""weight"":""0.25""}}",2026-08-18 12:00:43.150408+00:00,2026-08-18 12:00:43.150408+00:00
3bc72333-032e-4937-8608-aac96f31faf8,5988a9fa-0219-5301-96cd-ddb98570ae97,595d9f18-8f5d-5c43-8866-791052463081,a453a5c4-63a5-5872-95b7-a3b4911aa072,f4b36522-4970-456d-8ca4-0ddb4fe8f4b9,4abcc2b8-fef0-46e7-a7ee-0566aed99f7e,0.5100,14,47,1.0000,"{""area_conversion_norm"":{""contribution"":""0.06"",""direction"":""positive"",""source"":""resolved"",""value"":""0.3"",""weight"":""0.2""},""area_velocity_norm"":{""contribution"":""0.10"",""direction"":""positive"",""source"":""resolved"",""value"":""0.5"",""weight"":""0.2""},""unit_available"":{""contribution"":""0.35"",""direction"":""positive"",""source"":""resolved"",""value"":""1"",""weight"":""0.35""},""unit_demand_norm"":{""contribution"":""0.00"",""direction"":""positive"",""source"":""resolved"",""value"":""0"",""weight"":""0.25""}}",2026-08-18 12:00:43.150408+00:00,2026-08-18 12:00:43.150408+00:00
53a20509-180a-4c82-aefc-954f0936d4ac,b574a371-5c05-52cb-90d6-f9f0e92d72f0,595d9f18-8f5d-5c43-8866-791052463081,a453a5c4-63a5-5872-95b7-a3b4911aa072,f4b36522-4970-456d-8ca4-0ddb4fe8f4b9,4abcc2b8-fef0-46e7-a7ee-0566aed99f7e,0.5100,15,48,1.0000,"{""area_conversion_norm"":{""contribution"":""0.06"",""direction"":""positive"",""source"":""resolved"",""value"":""0.3"",""weight"":""0.2""},""area_velocity_norm"":{""contribution"":""0.10"",""direction"":""positive"",""source"":""resolved"",""value"":""0.5"",""weight"":""0.2""},""unit_available"":{""contribution"":""0.35"",""direction"":""positive"",""source"":""resolved"",""value"":""1"",""weight"":""0.35""},""unit_demand_norm"":{""contribution"":""0.00"",""direction"":""positive"",""source"":""resolved"",""value"":""0"",""weight"":""0.25""}}",2026-08-18 12:00:43.150408+00:00,2026-08-18 12:00:43.150408+00:00
4c3206c2-538d-45f9-bdb0-a64d889563a0,deac2a14-15da-59b7-8c53-9cdcfdae1dbd,595d9f18-8f5d-5c43-8866-791052463081,a453a5c4-63a5-5872-95b7-a3b4911aa072,f4b36522-4970-456d-8ca4-0ddb4fe8f4b9,4abcc2b8-fef0-46e7-a7ee-0566aed99f7e,0.5100,16,49,1.0000,"{""area_conversion_norm"":{""contribution"":""0.06"",""direction"":""positive"",""source"":""resolved"",""value"":""0.3"",""weight"":""0.2""},""area_velocity_norm"":{""contribution"":""0.10"",""direction"":""positive"",""source"":""resolved"",""value"":""0.5"",""weight"":""0.2""},""unit_available"":{""contribution"":""0.35"",""direction"":""positive"",""source"":""resolved"",""value"":""1"",""weight"":""0.35""},""unit_demand_norm"":{""contribution"":""0.00"",""direction"":""positive"",""source"":""resolved"",""value"":""0"",""weight"":""0.25""}}",2026-08-18 12:00:43.150408+00:00,2026-08-18 12:00:43.150408+00:00
45476f12-dadc-4edf-af34-6f72108b3da0,3fe26753-6fa9-5ba9-9e11-b6e6f0cf3d16,595d9f18-8f5d-5c43-8866-791052463081,a453a5c4-63a5-5872-95b7-a3b4911aa072,f4b36522-4970-456d-8ca4-0ddb4fe8f4b9,4abcc2b8-fef0-46e7-a7ee-0566aed99f7e,0.5100,17,50,1.0000,"{""area_conversion_norm"":{""contribution"":""0.06"",""direction"":""positive"",""source"":""resolved"",""value"":""0.3"",""weight"":""0.2""},""area_velocity_norm"":{""contribution"":""0.10"",""direction"":""positive"",""source"":""resolved"",""value"":""0.5"",""weight"":""0.2""},""unit_available"":{""contribution"":""0.35"",""direction"":""positive"",""source"":""resolved"",""value"":""1"",""weight"":""0.35""},""unit_demand_norm"":{""contribution"":""0.00"",""direction"":""positive"",""source"":""resolved"",""value"":""0"",""weight"":""0.25""}}",2026-08-18 12:00:43.150408+00:00,2026-08-18 12:00:43.150408+00:00
a94646e6-d766-4b60-aa90-93b255c66884,b31610c1-d386-531c-b335-8a3590f4b9c8,595d9f18-8f5d-5c43-8866-791052463081,a453a5c4-63a5-5872-95b7-a3b4911aa072,f4b36522-4970-456d-8ca4-0ddb4fe8f4b9,4abcc2b8-fef0-46e7-a7ee-0566aed99f7e,0.5100,18,51,1.0000,"{""area_conversion_norm"":{""contribution"":""0.06"",""direction"":""positive"",""source"":""resolved"",""value"":""0.3"",""weight"":""0.2""},""area_velocity_norm"":{""contribution"":""0.10"",""direction"":""positive"",""source"":""resolved"",""value"":""0.5"",""weight"":""0.2""},""unit_available"":{""contribution"":""0.35"",""direction"":""positive"",""source"":""resolved"",""value"":""1"",""weight"":""0.35""},""unit_demand_norm"":{""contribution"":""0.00"",""direction"":""positive"",""source"":""resolved"",""value"":""0"",""weight"":""0.25""}}",2026-08-18 12:00:43.150408+00:00,2026-08-18 12:00:43.150408+00:00
40dce1c0-ac1b-4f87-ace2-54d8679bbbd5,c07b9476-a607-5c68-a612-8592e6e11b0e,595d9f18-8f5d-5c43-8866-791052463081,a453a5c4-63a5-5872-95b7-a3b4911aa072,f4b36522-4970-456d-8ca4-0ddb4fe8f4b9,4abcc2b8-fef0-46e7-a7ee-0566aed99f7e,0.5100,19,52,1.0000,"{""area_conversion_norm"":{""contribution"":""0.06"",""direction"":""positive"",""source"":""resolved"",""value"":""0.3"",""weight"":""0.2""},""area_velocity_norm"":{""contribution"":""0.10"",""direction"":""positive"",""source"":""resolved"",""value"":""0.5"",""weight"":""0.2""},""unit_available"":{""contribution"":""0.35"",""direction"":""positive"",""source"":""resolved"",""value"":""1"",""weight"":""0.35""},""unit_demand_norm"":{""contribution"":""0.00"",""direction"":""positive"",""source"":""resolved"",""value"":""0"",""weight"":""0.25""}}",2026-08-18 12:00:43.150408+00:00,2026-08-18 12:00:43.150408+00:00
5ad7f523-83e1-4ed0-9156-2f285209ee6a,cc53894c-d645-54c9-8b81-762afb68f09d,595d9f18-8f5d-5c43-8866-791052463081,a453a5c4-63a5-5872-95b7-a3b4911aa072,f4b36522-4970-456d-8ca4-0ddb4fe8f4b9,4abcc2b8-fef0-46e7-a7ee-0566aed99f7e,0.5100,20,53,1.0000,"{""area_conversion_norm"":{""contribution"":""0.06"",""direction"":""positive"",""source"":""resolved"",""value"":""0.3"",""weight"":""0.2""},""area_velocity_norm"":{""contribution"":""0.10"",""direction"":""positive"",""source"":""resolved"",""value"":""0.5"",""weight"":""0.2""},""unit_available"":{""contribution"":""0.35"",""direction"":""positive"",""source"":""resolved"",""value"":""1"",""weight"":""0.35""},""unit_demand_norm"":{""contribution"":""0.00"",""direction"":""positive"",""source"":""resolved"",""value"":""0"",""weight"":""0.25""}}",2026-08-18 12:00:43.150408+00:00,2026-08-18 12:00:43.150408+00:00
90045a03-a9ba-48d9-8b82-e48053f1b721,4523f57c-fb8b-5d45-a497-2af0ee8c5706,595d9f18-8f5d-5c43-8866-791052463081,a453a5c4-63a5-5872-95b7-a3b4911aa072,f4b36522-4970-456d-8ca4-0ddb4fe8f4b9,4abcc2b8-fef0-46e7-a7ee-0566aed99f7e,0.5100,21,54,1.0000,"{""area_conversion_norm"":{""contribution"":""0.06"",""direction"":""positive"",""source"":""resolved"",""value"":""0.3"",""weight"":""0.2""},""area_velocity_norm"":{""contribution"":""0.10"",""direction"":""positive"",""source"":""resolved"",""value"":""0.5"",""weight"":""0.2""},""unit_available"":{""contribution"":""0.35"",""direction"":""positive"",""source"":""resolved"",""value"":""1"",""weight"":""0.35""},""unit_demand_norm"":{""contribution"":""0.00"",""direction"":""positive"",""source"":""resolved"",""value"":""0"",""weight"":""0.25""}}",2026-08-18 12:00:43.150408+00:00,2026-08-18 12:00:43.150408+00:00
6c4f3087-92fd-4a50-89d3-4d7bcd310e2e,f70116bd-fae7-510e-9078-3327ef3169d4,595d9f18-8f5d-5c43-8866-791052463081,a453a5c4-63a5-5872-95b7-a3b4911aa072,f4b36522-4970-456d-8ca4-0ddb4fe8f4b9,4abcc2b8-fef0-46e7-a7ee-0566aed99f7e,0.5100,22,55,1.0000,"{""area_conversion_norm"":{""contribution"":""0.06"",""direction"":""positive"",""source"":""resolved"",""value"":""0.3"",""weight"":""0.2""},""area_velocity_norm"":{""contribution"":""0.10"",""direction"":""positive"",""source"":""resolved"",""value"":""0.5"",""weight"":""0.2""},""unit_available"":{""contribution"":""0.35"",""direction"":""positive"",""source"":""resolved"",""value"":""1"",""weight"":""0.35""},""unit_demand_norm"":{""contribution"":""0.00"",""direction"":""positive"",""source"":""resolved"",""value"":""0"",""weight"":""0.25""}}",2026-08-18 12:00:43.150408+00:00,2026-08-18 12:00:43.150408+00:00
06e0f66c-83d7-4346-a65c-0bd5294a4be1,eaa48b24-1533-5f31-a1bb-4cc82be6e247,0b24d289-da6c-5de3-9062-67af2813f4ea,a453a5c4-63a5-5872-95b7-a3b4911aa072,f4b36522-4970-456d-8ca4-0ddb4fe8f4b9,4abcc2b8-fef0-46e7-a7ee-0566aed99f7e,0.4641,1,56,1.0000,"{""area_conversion_norm"":{""contribution"":""0.03076923076923076923076923076"",""direction"":""positive"",""source"":""resolved"",""value"":""0.1538461538461538461538461538"",""weight"":""0.2""},""area_velocity_norm"":{""contribution"":""0E+1"",""direction"":""positive"",""source"":""resolved"",""value"":""0E+2"",""weight"":""0.2""},""unit_available"":{""contribution"":""0.35"",""direction"":""positive"",""source"":""resolved"",""value"":""1"",""weight"":""0.35""},""unit_demand_norm"":{""contribution"":""0.08333333333333333333333333332"",""direction"":""positive"",""source"":""resolved"",""value"":""0.3333333333333333333333333333"",""weight"":""0.25""}}",2026-08-18 12:00:43.150408+00:00,2026-08-18 12:00:43.150408+00:00
7392e9a1-c026-409b-b828-56dd24b2e9bc,7f3ca7bb-482a-5cd4-9d26-283cda805690,0b24d289-da6c-5de3-9062-67af2813f4ea,a453a5c4-63a5-5872-95b7-a3b4911aa072,f4b36522-4970-456d-8ca4-0ddb4fe8f4b9,4abcc2b8-fef0-46e7-a7ee-0566aed99f7e,0.4641,2,57,1.0000,"{""area_conversion_norm"":{""contribution"":""0.03076923076923076923076923076"",""direction"":""positive"",""source"":""resolved"",""value"":""0.1538461538461538461538461538"",""weight"":""0.2""},""area_velocity_norm"":{""contribution"":""0E+1"",""direction"":""positive"",""source"":""resolved"",""value"":""0E+2"",""weight"":""0.2""},""unit_available"":{""contribution"":""0.35"",""direction"":""positive"",""source"":""resolved"",""value"":""1"",""weight"":""0.35""},""unit_demand_norm"":{""contribution"":""0.08333333333333333333333333332"",""direction"":""positive"",""source"":""resolved"",""value"":""0.3333333333333333333333333333"",""weight"":""0.25""}}",2026-08-18 12:00:43.150408+00:00,2026-08-18 12:00:43.150408+00:00
694d7e61-3c0c-4056-959d-cb2be2a0dbf6,e3e1db45-63b5-5c8e-9064-d6dc220ad4db,0b24d289-da6c-5de3-9062-67af2813f4ea,a453a5c4-63a5-5872-95b7-a3b4911aa072,f4b36522-4970-456d-8ca4-0ddb4fe8f4b9,4abcc2b8-fef0-46e7-a7ee-0566aed99f7e,0.3808,3,58,1.0000,"{""area_conversion_norm"":{""contribution"":""0.03076923076923076923076923076"",""direction"":""positive"",""source"":""resolved"",""value"":""0.1538461538461538461538461538"",""weight"":""0.2""},""area_velocity_norm"":{""contribution"":""0E+1"",""direction"":""positive"",""source"":""resolved"",""value"":""0E+2"",""weight"":""0.2""},""unit_available"":{""contribution"":""0.35"",""direction"":""positive"",""source"":""resolved"",""value"":""1"",""weight"":""0.35""},""unit_demand_norm"":{""contribution"":""0.00"",""direction"":""positive"",""source"":""resolved"",""value"":""0"",""weight"":""0.25""}}",2026-08-18 12:00:43.150408+00:00,2026-08-18 12:00:43.150408+00:00
d92f4e84-ea28-4e5b-8e89-c1f2d552ddd5,a4f8ba31-41b3-5b3a-93bc-bb957c9a6e95,0b24d289-da6c-5de3-9062-67af2813f4ea,a453a5c4-63a5-5872-95b7-a3b4911aa072,f4b36522-4970-456d-8ca4-0ddb4fe8f4b9,4abcc2b8-fef0-46e7-a7ee-0566aed99f7e,0.3808,4,59,1.0000,"{""area_conversion_norm"":{""contribution"":""0.03076923076923076923076923076"",""direction"":""positive"",""source"":""resolved"",""value"":""0.1538461538461538461538461538"",""weight"":""0.2""},""area_velocity_norm"":{""contribution"":""0E+1"",""direction"":""positive"",""source"":""resolved"",""value"":""0E+2"",""weight"":""0.2""},""unit_available"":{""contribution"":""0.35"",""direction"":""positive"",""source"":""resolved"",""value"":""1"",""weight"":""0.35""},""unit_demand_norm"":{""contribution"":""0.00"",""direction"":""positive"",""source"":""resolved"",""value"":""0"",""weight"":""0.25""}}",2026-08-18 12:00:43.150408+00:00,2026-08-18 12:00:43.150408+00:00
0d507e08-105a-4cac-8def-c45125ddff74,ff70288e-8cc8-5ee1-9902-dc6d9e0841a6,0b24d289-da6c-5de3-9062-67af2813f4ea,a453a5c4-63a5-5872-95b7-a3b4911aa072,f4b36522-4970-456d-8ca4-0ddb4fe8f4b9,4abcc2b8-fef0-46e7-a7ee-0566aed99f7e,0.3808,5,60,1.0000,"{""area_conversion_norm"":{""contribution"":""0.03076923076923076923076923076"",""direction"":""positive"",""source"":""resolved"",""value"":""0.1538461538461538461538461538"",""weight"":""0.2""},""area_velocity_norm"":{""contribution"":""0E+1"",""direction"":""positive"",""source"":""resolved"",""value"":""0E+2"",""weight"":""0.2""},""unit_available"":{""contribution"":""0.35"",""direction"":""positive"",""source"":""resolved"",""value"":""1"",""weight"":""0.35""},""unit_demand_norm"":{""contribution"":""0.00"",""direction"":""positive"",""source"":""resolved"",""value"":""0"",""weight"":""0.25""}}",2026-08-18 12:00:43.150408+00:00,2026-08-18 12:00:43.150408+00:00
a356f105-1637-492e-9860-6e1fb2a9f9a5,993ce1ea-6ac8-5140-a89b-e76c8342c75b,0b24d289-da6c-5de3-9062-67af2813f4ea,a453a5c4-63a5-5872-95b7-a3b4911aa072,f4b36522-4970-456d-8ca4-0ddb4fe8f4b9,4abcc2b8-fef0-46e7-a7ee-0566aed99f7e,0.3808,6,61,1.0000,"{""area_conversion_norm"":{""contribution"":""0.03076923076923076923076923076"",""direction"":""positive"",""source"":""resolved"",""value"":""0.1538461538461538461538461538"",""weight"":""0.2""},""area_velocity_norm"":{""contribution"":""0E+1"",""direction"":""positive"",""source"":""resolved"",""value"":""0E+2"",""weight"":""0.2""},""unit_available"":{""contribution"":""0.35"",""direction"":""positive"",""source"":""resolved"",""value"":""1"",""weight"":""0.35""},""unit_demand_norm"":{""contribution"":""0.00"",""direction"":""positive"",""source"":""resolved"",""value"":""0"",""weight"":""0.25""}}",2026-08-18 12:00:43.150408+00:00,2026-08-18 12:00:43.150408+00:00
8d82e466-ac73-4eca-9526-d05799b7df9e,74b09c92-c1e6-5cd1-9234-b17e4e00a1b9,0b24d289-da6c-5de3-9062-67af2813f4ea,a453a5c4-63a5-5872-95b7-a3b4911aa072,f4b36522-4970-456d-8ca4-0ddb4fe8f4b9,4abcc2b8-fef0-46e7-a7ee-0566aed99f7e,0.3808,7,62,1.0000,"{""area_conversion_norm"":{""contribution"":""0.03076923076923076923076923076"",""direction"":""positive"",""source"":""resolved"",""value"":""0.1538461538461538461538461538"",""weight"":""0.2""},""area_velocity_norm"":{""contribution"":""0E+1"",""direction"":""positive"",""source"":""resolved"",""value"":""0E+2"",""weight"":""0.2""},""unit_available"":{""contribution"":""0.35"",""direction"":""positive"",""source"":""resolved"",""value"":""1"",""weight"":""0.35""},""unit_demand_norm"":{""contribution"":""0.00"",""direction"":""positive"",""source"":""resolved"",""value"":""0"",""weight"":""0.25""}}",2026-08-18 12:00:43.150408+00:00,2026-08-18 12:00:43.150408+00:00
60c90ef7-5f8c-4b87-8c90-6ede23df046c,59a5716a-7211-5370-b9bf-aae13c88c0b1,0b24d289-da6c-5de3-9062-67af2813f4ea,a453a5c4-63a5-5872-95b7-a3b4911aa072,f4b36522-4970-456d-8ca4-0ddb4fe8f4b9,4abcc2b8-fef0-46e7-a7ee-0566aed99f7e,0.3808,8,63,1.0000,"{""area_conversion_norm"":{""contribution"":""0.03076923076923076923076923076"",""direction"":""positive"",""source"":""resolved"",""value"":""0.1538461538461538461538461538"",""weight"":""0.2""},""area_velocity_norm"":{""contribution"":""0E+1"",""direction"":""positive"",""source"":""resolved"",""value"":""0E+2"",""weight"":""0.2""},""unit_available"":{""contribution"":""0.35"",""direction"":""positive"",""source"":""resolved"",""value"":""1"",""weight"":""0.35""},""unit_demand_norm"":{""contribution"":""0.00"",""direction"":""positive"",""source"":""resolved"",""value"":""0"",""weight"":""0.25""}}",2026-08-18 12:00:43.150408+00:00,2026-08-18 12:00:43.150408+00:00
12b45fb8-2c92-47bd-b794-8f823e3c8edd,f08cd43f-2468-503b-a6a1-1c23818c0fb7,0b24d289-da6c-5de3-9062-67af2813f4ea,a453a5c4-63a5-5872-95b7-a3b4911aa072,f4b36522-4970-456d-8ca4-0ddb4fe8f4b9,4abcc2b8-fef0-46e7-a7ee-0566aed99f7e,0.3808,9,64,1.0000,"{""area_conversion_norm"":{""contribution"":""0.03076923076923076923076923076"",""direction"":""positive"",""source"":""resolved"",""value"":""0.1538461538461538461538461538"",""weight"":""0.2""},""area_velocity_norm"":{""contribution"":""0E+1"",""direction"":""positive"",""source"":""resolved"",""value"":""0E+2"",""weight"":""0.2""},""unit_available"":{""contribution"":""0.35"",""direction"":""positive"",""source"":""resolved"",""value"":""1"",""weight"":""0.35""},""unit_demand_norm"":{""contribution"":""0.00"",""direction"":""positive"",""source"":""resolved"",""value"":""0"",""weight"":""0.25""}}",2026-08-18 12:00:43.150408+00:00,2026-08-18 12:00:43.150408+00:00
27344f23-e7fb-403d-8565-f921274122d7,e92fdcac-c321-534f-8ccb-0b1afdf10993,0b24d289-da6c-5de3-9062-67af2813f4ea,a453a5c4-63a5-5872-95b7-a3b4911aa072,f4b36522-4970-456d-8ca4-0ddb4fe8f4b9,4abcc2b8-fef0-46e7-a7ee-0566aed99f7e,0.3808,10,65,1.0000,"{""area_conversion_norm"":{""contribution"":""0.03076923076923076923076923076"",""direction"":""positive"",""source"":""resolved"",""value"":""0.1538461538461538461538461538"",""weight"":""0.2""},""area_velocity_norm"":{""contribution"":""0E+1"",""direction"":""positive"",""source"":""resolved"",""value"":""0E+2"",""weight"":""0.2""},""unit_available"":{""contribution"":""0.35"",""direction"":""positive"",""source"":""resolved"",""value"":""1"",""weight"":""0.35""},""unit_demand_norm"":{""contribution"":""0.00"",""direction"":""positive"",""source"":""resolved"",""value"":""0"",""weight"":""0.25""}}",2026-08-18 12:00:43.150408+00:00,2026-08-18 12:00:43.150408+00:00
7297025c-e0bd-418d-8e7f-fc76ae3a7eb8,86ff17b1-71e0-5215-a615-1f888444101a,0b24d289-da6c-5de3-9062-67af2813f4ea,a453a5c4-63a5-5872-95b7-a3b4911aa072,f4b36522-4970-456d-8ca4-0ddb4fe8f4b9,4abcc2b8-fef0-46e7-a7ee-0566aed99f7e,0.3808,11,66,1.0000,"{""area_conversion_norm"":{""contribution"":""0.03076923076923076923076923076"",""direction"":""positive"",""source"":""resolved"",""value"":""0.1538461538461538461538461538"",""weight"":""0.2""},""area_velocity_norm"":{""contribution"":""0E+1"",""direction"":""positive"",""source"":""resolved"",""value"":""0E+2"",""weight"":""0.2""},""unit_available"":{""contribution"":""0.35"",""direction"":""positive"",""source"":""resolved"",""value"":""1"",""weight"":""0.35""},""unit_demand_norm"":{""contribution"":""0.00"",""direction"":""positive"",""source"":""resolved"",""value"":""0"",""weight"":""0.25""}}",2026-08-18 12:00:43.150408+00:00,2026-08-18 12:00:43.150408+00:00
a7bbc731-b944-4f63-9938-94c20742d25c,1acffca8-739f-5ffa-9d0d-f55eac5fd2ea,0b24d289-da6c-5de3-9062-67af2813f4ea,a453a5c4-63a5-5872-95b7-a3b4911aa072,f4b36522-4970-456d-8ca4-0ddb4fe8f4b9,4abcc2b8-fef0-46e7-a7ee-0566aed99f7e,0.3808,12,67,1.0000,"{""area_conversion_norm"":{""contribution"":""0.03076923076923076923076923076"",""direction"":""positive"",""source"":""resolved"",""value"":""0.1538461538461538461538461538"",""weight"":""0.2""},""area_velocity_norm"":{""contribution"":""0E+1"",""direction"":""positive"",""source"":""resolved"",""value"":""0E+2"",""weight"":""0.2""},""unit_available"":{""contribution"":""0.35"",""direction"":""positive"",""source"":""resolved"",""value"":""1"",""weight"":""0.35""},""unit_demand_norm"":{""contribution"":""0.00"",""direction"":""positive"",""source"":""resolved"",""value"":""0"",""weight"":""0.25""}}",2026-08-18 12:00:43.150408+00:00,2026-08-18 12:00:43.150408+00:00
966dda50-e903-4207-81bf-97afcdb00773,9aff6ffc-377b-52ab-acd2-3853c328e2a2,0b24d289-da6c-5de3-9062-67af2813f4ea,a453a5c4-63a5-5872-95b7-a3b4911aa072,f4b36522-4970-456d-8ca4-0ddb4fe8f4b9,4abcc2b8-fef0-46e7-a7ee-0566aed99f7e,0.3808,13,68,1.0000,"{""area_conversion_norm"":{""contribution"":""0.03076923076923076923076923076"",""direction"":""positive"",""source"":""resolved"",""value"":""0.1538461538461538461538461538"",""weight"":""0.2""},""area_velocity_norm"":{""contribution"":""0E+1"",""direction"":""positive"",""source"":""resolved"",""value"":""0E+2"",""weight"":""0.2""},""unit_available"":{""contribution"":""0.35"",""direction"":""positive"",""source"":""resolved"",""value"":""1"",""weight"":""0.35""},""unit_demand_norm"":{""contribution"":""0.00"",""direction"":""positive"",""source"":""resolved"",""value"":""0"",""weight"":""0.25""}}",2026-08-18 12:00:43.150408+00:00,2026-08-18 12:00:43.150408+00:00
12e6e447-54bb-4565-887f-c23300ccd6ac,55a1db1d-3da5-551e-b870-e49493c99476,0b24d289-da6c-5de3-9062-67af2813f4ea,a453a5c4-63a5-5872-95b7-a3b4911aa072,f4b36522-4970-456d-8ca4-0ddb4fe8f4b9,4abcc2b8-fef0-46e7-a7ee-0566aed99f7e,0.3808,14,69,1.0000,"{""area_conversion_norm"":{""contribution"":""0.03076923076923076923076923076"",""direction"":""positive"",""source"":""resolved"",""value"":""0.1538461538461538461538461538"",""weight"":""0.2""},""area_velocity_norm"":{""contribution"":""0E+1"",""direction"":""positive"",""source"":""resolved"",""value"":""0E+2"",""weight"":""0.2""},""unit_available"":{""contribution"":""0.35"",""direction"":""positive"",""source"":""resolved"",""value"":""1"",""weight"":""0.35""},""unit_demand_norm"":{""contribution"":""0.00"",""direction"":""positive"",""source"":""resolved"",""value"":""0"",""weight"":""0.25""}}",2026-08-18 12:00:43.150408+00:00,2026-08-18 12:00:43.150408+00:00
8b8029fe-b92b-4278-a861-af4784bceec7,241b97bf-895d-58cc-b2c8-0796eb8e0772,0b24d289-da6c-5de3-9062-67af2813f4ea,a453a5c4-63a5-5872-95b7-a3b4911aa072,f4b36522-4970-456d-8ca4-0ddb4fe8f4b9,4abcc2b8-fef0-46e7-a7ee-0566aed99f7e,0.3808,15,70,1.0000,"{""area_conversion_norm"":{""contribution"":""0.03076923076923076923076923076"",""direction"":""positive"",""source"":""resolved"",""value"":""0.1538461538461538461538461538"",""weight"":""0.2""},""area_velocity_norm"":{""contribution"":""0E+1"",""direction"":""positive"",""source"":""resolved"",""value"":""0E+2"",""weight"":""0.2""},""unit_available"":{""contribution"":""0.35"",""direction"":""positive"",""source"":""resolved"",""value"":""1"",""weight"":""0.35""},""unit_demand_norm"":{""contribution"":""0.00"",""direction"":""positive"",""source"":""resolved"",""value"":""0"",""weight"":""0.25""}}",2026-08-18 12:00:43.150408+00:00,2026-08-18 12:00:43.150408+00:00
023bb23a-63fd-41ec-b94d-c2c3c4ab53e8,c1653867-35c4-54b2-bf5d-f6ac6b363f41,0b24d289-da6c-5de3-9062-67af2813f4ea,a453a5c4-63a5-5872-95b7-a3b4911aa072,f4b36522-4970-456d-8ca4-0ddb4fe8f4b9,4abcc2b8-fef0-46e7-a7ee-0566aed99f7e,0.3808,16,71,1.0000,"{""area_conversion_norm"":{""contribution"":""0.03076923076923076923076923076"",""direction"":""positive"",""source"":""resolved"",""value"":""0.1538461538461538461538461538"",""weight"":""0.2""},""area_velocity_norm"":{""contribution"":""0E+1"",""direction"":""positive"",""source"":""resolved"",""value"":""0E+2"",""weight"":""0.2""},""unit_available"":{""contribution"":""0.35"",""direction"":""positive"",""source"":""resolved"",""value"":""1"",""weight"":""0.35""},""unit_demand_norm"":{""contribution"":""0.00"",""direction"":""positive"",""source"":""resolved"",""value"":""0"",""weight"":""0.25""}}",2026-08-18 12:00:43.150408+00:00,2026-08-18 12:00:43.150408+00:00
841bb1da-6fc2-491d-baf6-3971a2faf716,342b3158-88e5-5e82-b747-1b4cd955b824,0b24d289-da6c-5de3-9062-67af2813f4ea,a453a5c4-63a5-5872-95b7-a3b4911aa072,f4b36522-4970-456d-8ca4-0ddb4fe8f4b9,4abcc2b8-fef0-46e7-a7ee-0566aed99f7e,0.3808,17,72,1.0000,"{""area_conversion_norm"":{""contribution"":""0.03076923076923076923076923076"",""direction"":""positive"",""source"":""resolved"",""value"":""0.1538461538461538461538461538"",""weight"":""0.2""},""area_velocity_norm"":{""contribution"":""0E+1"",""direction"":""positive"",""source"":""resolved"",""value"":""0E+2"",""weight"":""0.2""},""unit_available"":{""contribution"":""0.35"",""direction"":""positive"",""source"":""resolved"",""value"":""1"",""weight"":""0.35""},""unit_demand_norm"":{""contribution"":""0.00"",""direction"":""positive"",""source"":""resolved"",""value"":""0"",""weight"":""0.25""}}",2026-08-18 12:00:43.150408+00:00,2026-08-18 12:00:43.150408+00:00
b979a9df-68a3-4b5c-85e8-c05b0482105e,c6cde389-3b0d-532f-82de-36ca6c74ea3a,0b24d289-da6c-5de3-9062-67af2813f4ea,a453a5c4-63a5-5872-95b7-a3b4911aa072,f4b36522-4970-456d-8ca4-0ddb4fe8f4b9,4abcc2b8-fef0-46e7-a7ee-0566aed99f7e,0.3808,18,73,1.0000,"{""area_conversion_norm"":{""contribution"":""0.03076923076923076923076923076"",""direction"":""positive"",""source"":""resolved"",""value"":""0.1538461538461538461538461538"",""weight"":""0.2""},""area_velocity_norm"":{""contribution"":""0E+1"",""direction"":""positive"",""source"":""resolved"",""value"":""0E+2"",""weight"":""0.2""},""unit_available"":{""contribution"":""0.35"",""direction"":""positive"",""source"":""resolved"",""value"":""1"",""weight"":""0.35""},""unit_demand_norm"":{""contribution"":""0.00"",""direction"":""positive"",""source"":""resolved"",""value"":""0"",""weight"":""0.25""}}",2026-08-18 12:00:43.150408+00:00,2026-08-18 12:00:43.150408+00:00
d1fe66cb-6d23-4c52-b3d6-e53fac1bbc8f,a18cb4a4-5f23-5663-a8fe-7b097bd31c57,0b24d289-da6c-5de3-9062-67af2813f4ea,a453a5c4-63a5-5872-95b7-a3b4911aa072,f4b36522-4970-456d-8ca4-0ddb4fe8f4b9,4abcc2b8-fef0-46e7-a7ee-0566aed99f7e,0.3808,19,74,1.0000,"{""area_conversion_norm"":{""contribution"":""0.03076923076923076923076923076"",""direction"":""positive"",""source"":""resolved"",""value"":""0.1538461538461538461538461538"",""weight"":""0.2""},""area_velocity_norm"":{""contribution"":""0E+1"",""direction"":""positive"",""source"":""resolved"",""value"":""0E+2"",""weight"":""0.2""},""unit_available"":{""contribution"":""0.35"",""direction"":""positive"",""source"":""resolved"",""value"":""1"",""weight"":""0.35""},""unit_demand_norm"":{""contribution"":""0.00"",""direction"":""positive"",""source"":""resolved"",""value"":""0"",""weight"":""0.25""}}",2026-08-18 12:00:43.150408+00:00,2026-08-18 12:00:43.150408+00:00
f3430bf5-4dbb-4b86-903b-fb9d669b32a6,aeb04a23-b99c-553d-a209-2aa601aefe8e,0b24d289-da6c-5de3-9062-67af2813f4ea,a453a5c4-63a5-5872-95b7-a3b4911aa072,f4b36522-4970-456d-8ca4-0ddb4fe8f4b9,4abcc2b8-fef0-46e7-a7ee-0566aed99f7e,0.3808,20,75,1.0000,"{""area_conversion_norm"":{""contribution"":""0.03076923076923076923076923076"",""direction"":""positive"",""source"":""resolved"",""value"":""0.1538461538461538461538461538"",""weight"":""0.2""},""area_velocity_norm"":{""contribution"":""0E+1"",""direction"":""positive"",""source"":""resolved"",""value"":""0E+2"",""weight"":""0.2""},""unit_available"":{""contribution"":""0.35"",""direction"":""positive"",""source"":""resolved"",""value"":""1"",""weight"":""0.35""},""unit_demand_norm"":{""contribution"":""0.00"",""direction"":""positive"",""source"":""resolved"",""value"":""0"",""weight"":""0.25""}}",2026-08-18 12:00:43.150408+00:00,2026-08-18 12:00:43.150408+00:00
ebebda8d-98b4-47a6-9dbf-ff11f6af3bfe,99d0fa9a-05a9-58eb-b7fe-c4b92dcde556,bafde881-f411-5372-9d43-e72f63cd45dd,a453a5c4-63a5-5872-95b7-a3b4911aa072,f4b36522-4970-456d-8ca4-0ddb4fe8f4b9,4abcc2b8-fef0-46e7-a7ee-0566aed99f7e,0.2622,24,76,1.0000,"{""area_conversion_norm"":{""contribution"":""0.06222222222222222222222222222"",""direction"":""positive"",""source"":""resolved"",""value"":""0.3111111111111111111111111111"",""weight"":""0.2""},""area_velocity_norm"":{""contribution"":""0.2"",""direction"":""positive"",""source"":""resolved"",""value"":""1"",""weight"":""0.2""},""unit_available"":{""contribution"":""0.00"",""direction"":""positive"",""source"":""resolved"",""value"":""0"",""weight"":""0.35""},""unit_demand_norm"":{""contribution"":""0.00"",""direction"":""positive"",""source"":""resolved"",""value"":""0"",""weight"":""0.25""}}",2026-08-18 12:00:43.150408+00:00,2026-08-18 12:00:43.150408+00:00
1f62ac91-3546-4b50-88f3-0a1c3fd20633,4001e989-17c5-56cb-a795-1bc32d17c14d,bafde881-f411-5372-9d43-e72f63cd45dd,a453a5c4-63a5-5872-95b7-a3b4911aa072,f4b36522-4970-456d-8ca4-0ddb4fe8f4b9,4abcc2b8-fef0-46e7-a7ee-0566aed99f7e,0.2622,25,77,1.0000,"{""area_conversion_norm"":{""contribution"":""0.06222222222222222222222222222"",""direction"":""positive"",""source"":""resolved"",""value"":""0.3111111111111111111111111111"",""weight"":""0.2""},""area_velocity_norm"":{""contribution"":""0.2"",""direction"":""positive"",""source"":""resolved"",""value"":""1"",""weight"":""0.2""},""unit_available"":{""contribution"":""0.00"",""direction"":""positive"",""source"":""resolved"",""value"":""0"",""weight"":""0.35""},""unit_demand_norm"":{""contribution"":""0.00"",""direction"":""positive"",""source"":""resolved"",""value"":""0"",""weight"":""0.25""}}",2026-08-18 12:00:43.150408+00:00,2026-08-18 12:00:43.150408+00:00
4c3e2371-b5b1-41d7-897d-751e4888b373,f06ea21d-9079-5536-981a-9985f505519f,bafde881-f411-5372-9d43-e72f63cd45dd,a453a5c4-63a5-5872-95b7-a3b4911aa072,f4b36522-4970-456d-8ca4-0ddb4fe8f4b9,4abcc2b8-fef0-46e7-a7ee-0566aed99f7e,0.2622,26,78,1.0000,"{""area_conversion_norm"":{""contribution"":""0.06222222222222222222222222222"",""direction"":""positive"",""source"":""resolved"",""value"":""0.3111111111111111111111111111"",""weight"":""0.2""},""area_velocity_norm"":{""contribution"":""0.2"",""direction"":""positive"",""source"":""resolved"",""value"":""1"",""weight"":""0.2""},""unit_available"":{""contribution"":""0.00"",""direction"":""positive"",""source"":""resolved"",""value"":""0"",""weight"":""0.35""},""unit_demand_norm"":{""contribution"":""0.00"",""direction"":""positive"",""source"":""resolved"",""value"":""0"",""weight"":""0.25""}}",2026-08-18 12:00:43.150408+00:00,2026-08-18 12:00:43.150408+00:00
8dcccc9f-7f8c-4353-9d76-7a24f6313643,60d41c2a-ba1f-58f7-97c4-a2349ca3b04f,bafde881-f411-5372-9d43-e72f63cd45dd,a453a5c4-63a5-5872-95b7-a3b4911aa072,f4b36522-4970-456d-8ca4-0ddb4fe8f4b9,4abcc2b8-fef0-46e7-a7ee-0566aed99f7e,0.2622,27,79,1.0000,"{""area_conversion_norm"":{""contribution"":""0.06222222222222222222222222222"",""direction"":""positive"",""source"":""resolved"",""value"":""0.3111111111111111111111111111"",""weight"":""0.2""},""area_velocity_norm"":{""contribution"":""0.2"",""direction"":""positive"",""source"":""resolved"",""value"":""1"",""weight"":""0.2""},""unit_available"":{""contribution"":""0.00"",""direction"":""positive"",""source"":""resolved"",""value"":""0"",""weight"":""0.35""},""unit_demand_norm"":{""contribution"":""0.00"",""direction"":""positive"",""source"":""resolved"",""value"":""0"",""weight"":""0.25""}}",2026-08-18 12:00:43.150408+00:00,2026-08-18 12:00:43.150408+00:00
4f0ad141-ae1e-4730-9f8a-d12a120eb5ac,3ce5ad94-2cd9-56c9-a7b2-e14d99a024ab,bafde881-f411-5372-9d43-e72f63cd45dd,a453a5c4-63a5-5872-95b7-a3b4911aa072,f4b36522-4970-456d-8ca4-0ddb4fe8f4b9,4abcc2b8-fef0-46e7-a7ee-0566aed99f7e,0.2622,28,80,1.0000,"{""area_conversion_norm"":{""contribution"":""0.06222222222222222222222222222"",""direction"":""positive"",""source"":""resolved"",""value"":""0.3111111111111111111111111111"",""weight"":""0.2""},""area_velocity_norm"":{""contribution"":""0.2"",""direction"":""positive"",""source"":""resolved"",""value"":""1"",""weight"":""0.2""},""unit_available"":{""contribution"":""0.00"",""direction"":""positive"",""source"":""resolved"",""value"":""0"",""weight"":""0.35""},""unit_demand_norm"":{""contribution"":""0.00"",""direction"":""positive"",""source"":""resolved"",""value"":""0"",""weight"":""0.25""}}",2026-08-18 12:00:43.150408+00:00,2026-08-18 12:00:43.150408+00:00
36a71dc9-d762-4057-8b05-bbb362b4fb64,2e0f43a9-d9bb-5934-bb70-5034ff6a8402,bafde881-f411-5372-9d43-e72f63cd45dd,a453a5c4-63a5-5872-95b7-a3b4911aa072,f4b36522-4970-456d-8ca4-0ddb4fe8f4b9,4abcc2b8-fef0-46e7-a7ee-0566aed99f7e,0.2622,29,81,1.0000,"{""area_conversion_norm"":{""contribution"":""0.06222222222222222222222222222"",""direction"":""positive"",""source"":""resolved"",""value"":""0.3111111111111111111111111111"",""weight"":""0.2""},""area_velocity_norm"":{""contribution"":""0.2"",""direction"":""positive"",""source"":""resolved"",""value"":""1"",""weight"":""0.2""},""unit_available"":{""contribution"":""0.00"",""direction"":""positive"",""source"":""resolved"",""value"":""0"",""weight"":""0.35""},""unit_demand_norm"":{""contribution"":""0.00"",""direction"":""positive"",""source"":""resolved"",""value"":""0"",""weight"":""0.25""}}",2026-08-18 12:00:43.150408+00:00,2026-08-18 12:00:43.150408+00:00
4426c1e2-9d9d-4d25-b85d-5e95091b6222,0ecaf8cd-a554-5046-b973-887f8e27cc5a,bafde881-f411-5372-9d43-e72f63cd45dd,a453a5c4-63a5-5872-95b7-a3b4911aa072,f4b36522-4970-456d-8ca4-0ddb4fe8f4b9,4abcc2b8-fef0-46e7-a7ee-0566aed99f7e,0.2622,30,82,1.0000,"{""area_conversion_norm"":{""contribution"":""0.06222222222222222222222222222"",""direction"":""positive"",""source"":""resolved"",""value"":""0.3111111111111111111111111111"",""weight"":""0.2""},""area_velocity_norm"":{""contribution"":""0.2"",""direction"":""positive"",""source"":""resolved"",""value"":""1"",""weight"":""0.2""},""unit_available"":{""contribution"":""0.00"",""direction"":""positive"",""source"":""resolved"",""value"":""0"",""weight"":""0.35""},""unit_demand_norm"":{""contribution"":""0.00"",""direction"":""positive"",""source"":""resolved"",""value"":""0"",""weight"":""0.25""}}",2026-08-18 12:00:43.150408+00:00,2026-08-18 12:00:43.150408+00:00
a1a9f089-81ff-490c-b371-2656964b7b6b,e89276c1-70e0-5801-a967-9d39f602f735,bafde881-f411-5372-9d43-e72f63cd45dd,a453a5c4-63a5-5872-95b7-a3b4911aa072,f4b36522-4970-456d-8ca4-0ddb4fe8f4b9,4abcc2b8-fef0-46e7-a7ee-0566aed99f7e,0.2622,31,83,1.0000,"{""area_conversion_norm"":{""contribution"":""0.06222222222222222222222222222"",""direction"":""positive"",""source"":""resolved"",""value"":""0.3111111111111111111111111111"",""weight"":""0.2""},""area_velocity_norm"":{""contribution"":""0.2"",""direction"":""positive"",""source"":""resolved"",""value"":""1"",""weight"":""0.2""},""unit_available"":{""contribution"":""0.00"",""direction"":""positive"",""source"":""resolved"",""value"":""0"",""weight"":""0.35""},""unit_demand_norm"":{""contribution"":""0.00"",""direction"":""positive"",""source"":""resolved"",""value"":""0"",""weight"":""0.25""}}",2026-08-18 12:00:43.150408+00:00,2026-08-18 12:00:43.150408+00:00
6628b9f6-cbed-454c-afda-1765b7b24367,ca993117-4b96-5e14-a653-d13d96c2fb38,bafde881-f411-5372-9d43-e72f63cd45dd,a453a5c4-63a5-5872-95b7-a3b4911aa072,f4b36522-4970-456d-8ca4-0ddb4fe8f4b9,4abcc2b8-fef0-46e7-a7ee-0566aed99f7e,0.2622,32,84,1.0000,"{""area_conversion_norm"":{""contribution"":""0.06222222222222222222222222222"",""direction"":""positive"",""source"":""resolved"",""value"":""0.3111111111111111111111111111"",""weight"":""0.2""},""area_velocity_norm"":{""contribution"":""0.2"",""direction"":""positive"",""source"":""resolved"",""value"":""1"",""weight"":""0.2""},""unit_available"":{""contribution"":""0.00"",""direction"":""positive"",""source"":""resolved"",""value"":""0"",""weight"":""0.35""},""unit_demand_norm"":{""contribution"":""0.00"",""direction"":""positive"",""source"":""resolved"",""value"":""0"",""weight"":""0.25""}}",2026-08-18 12:00:43.150408+00:00,2026-08-18 12:00:43.150408+00:00
6d1580d6-f41a-4307-95c3-f95393d8530e,5c7d9d66-e998-50ee-a4aa-540ff251cf6f,bafde881-f411-5372-9d43-e72f63cd45dd,a453a5c4-63a5-5872-95b7-a3b4911aa072,f4b36522-4970-456d-8ca4-0ddb4fe8f4b9,4abcc2b8-fef0-46e7-a7ee-0566aed99f7e,0.2622,33,85,1.0000,"{""area_conversion_norm"":{""contribution"":""0.06222222222222222222222222222"",""direction"":""positive"",""source"":""resolved"",""value"":""0.3111111111111111111111111111"",""weight"":""0.2""},""area_velocity_norm"":{""contribution"":""0.2"",""direction"":""positive"",""source"":""resolved"",""value"":""1"",""weight"":""0.2""},""unit_available"":{""contribution"":""0.00"",""direction"":""positive"",""source"":""resolved"",""value"":""0"",""weight"":""0.35""},""unit_demand_norm"":{""contribution"":""0.00"",""direction"":""positive"",""source"":""resolved"",""value"":""0"",""weight"":""0.25""}}",2026-08-18 12:00:43.150408+00:00,2026-08-18 12:00:43.150408+00:00
ba648fc3-cd83-464a-a8e1-3cbfd167fc4f,6e563075-5fa8-5785-8bab-a3c27e1450ca,bafde881-f411-5372-9d43-e72f63cd45dd,a453a5c4-63a5-5872-95b7-a3b4911aa072,f4b36522-4970-456d-8ca4-0ddb4fe8f4b9,4abcc2b8-fef0-46e7-a7ee-0566aed99f7e,0.2622,34,86,1.0000,"{""area_conversion_norm"":{""contribution"":""0.06222222222222222222222222222"",""direction"":""positive"",""source"":""resolved"",""value"":""0.3111111111111111111111111111"",""weight"":""0.2""},""area_velocity_norm"":{""contribution"":""0.2"",""direction"":""positive"",""source"":""resolved"",""value"":""1"",""weight"":""0.2""},""unit_available"":{""contribution"":""0.00"",""direction"":""positive"",""source"":""resolved"",""value"":""0"",""weight"":""0.35""},""unit_demand_norm"":{""contribution"":""0.00"",""direction"":""positive"",""source"":""resolved"",""value"":""0"",""weight"":""0.25""}}",2026-08-18 12:00:43.150408+00:00,2026-08-18 12:00:43.150408+00:00
22c89942-b7f5-499b-8a9f-9b939a668803,4e082fdd-c6b4-5372-8657-5b5213162f67,bafde881-f411-5372-9d43-e72f63cd45dd,a453a5c4-63a5-5872-95b7-a3b4911aa072,f4b36522-4970-456d-8ca4-0ddb4fe8f4b9,4abcc2b8-fef0-46e7-a7ee-0566aed99f7e,0.2622,35,87,1.0000,"{""area_conversion_norm"":{""contribution"":""0.06222222222222222222222222222"",""direction"":""positive"",""source"":""resolved"",""value"":""0.3111111111111111111111111111"",""weight"":""0.2""},""area_velocity_norm"":{""contribution"":""0.2"",""direction"":""positive"",""source"":""resolved"",""value"":""1"",""weight"":""0.2""},""unit_available"":{""contribution"":""0.00"",""direction"":""positive"",""source"":""resolved"",""value"":""0"",""weight"":""0.35""},""unit_demand_norm"":{""contribution"":""0.00"",""direction"":""positive"",""source"":""resolved"",""value"":""0"",""weight"":""0.25""}}",2026-08-18 12:00:43.150408+00:00,2026-08-18 12:00:43.150408+00:00
37379442-61af-4cc7-9f87-c079ab053a1e,f799ddd7-f070-5980-91a2-bdbb0889694a,bafde881-f411-5372-9d43-e72f63cd45dd,a453a5c4-63a5-5872-95b7-a3b4911aa072,f4b36522-4970-456d-8ca4-0ddb4fe8f4b9,4abcc2b8-fef0-46e7-a7ee-0566aed99f7e,0.2622,36,88,1.0000,"{""area_conversion_norm"":{""contribution"":""0.06222222222222222222222222222"",""direction"":""positive"",""source"":""resolved"",""value"":""0.3111111111111111111111111111"",""weight"":""0.2""},""area_velocity_norm"":{""contribution"":""0.2"",""direction"":""positive"",""source"":""resolved"",""value"":""1"",""weight"":""0.2""},""unit_available"":{""contribution"":""0.00"",""direction"":""positive"",""source"":""resolved"",""value"":""0"",""weight"":""0.35""},""unit_demand_norm"":{""contribution"":""0.00"",""direction"":""positive"",""source"":""resolved"",""value"":""0"",""weight"":""0.25""}}",2026-08-18 12:00:43.150408+00:00,2026-08-18 12:00:43.150408+00:00
7e4e6781-cb1b-4737-8cc7-b93716a8ecc1,8fcd2951-c3e3-59bb-8255-fe7b2178ed8b,bafde881-f411-5372-9d43-e72f63cd45dd,a453a5c4-63a5-5872-95b7-a3b4911aa072,f4b36522-4970-456d-8ca4-0ddb4fe8f4b9,4abcc2b8-fef0-46e7-a7ee-0566aed99f7e,0.2622,37,89,1.0000,"{""area_conversion_norm"":{""contribution"":""0.06222222222222222222222222222"",""direction"":""positive"",""source"":""resolved"",""value"":""0.3111111111111111111111111111"",""weight"":""0.2""},""area_velocity_norm"":{""contribution"":""0.2"",""direction"":""positive"",""source"":""resolved"",""value"":""1"",""weight"":""0.2""},""unit_available"":{""contribution"":""0.00"",""direction"":""positive"",""source"":""resolved"",""value"":""0"",""weight"":""0.35""},""unit_demand_norm"":{""contribution"":""0.00"",""direction"":""positive"",""source"":""resolved"",""value"":""0"",""weight"":""0.25""}}",2026-08-18 12:00:43.150408+00:00,2026-08-18 12:00:43.150408+00:00
2f10fc79-3b9a-4af7-ac58-695943112f44,bbfeb2c6-1e9e-5a44-942a-c4c5bf15b14b,bafde881-f411-5372-9d43-e72f63cd45dd,a453a5c4-63a5-5872-95b7-a3b4911aa072,f4b36522-4970-456d-8ca4-0ddb4fe8f4b9,4abcc2b8-fef0-46e7-a7ee-0566aed99f7e,0.2622,38,90,1.0000,"{""area_conversion_norm"":{""contribution"":""0.06222222222222222222222222222"",""direction"":""positive"",""source"":""resolved"",""value"":""0.3111111111111111111111111111"",""weight"":""0.2""},""area_velocity_norm"":{""contribution"":""0.2"",""direction"":""positive"",""source"":""resolved"",""value"":""1"",""weight"":""0.2""},""unit_available"":{""contribution"":""0.00"",""direction"":""positive"",""source"":""resolved"",""value"":""0"",""weight"":""0.35""},""unit_demand_norm"":{""contribution"":""0.00"",""direction"":""positive"",""source"":""resolved"",""value"":""0"",""weight"":""0.25""}}",2026-08-18 12:00:43.150408+00:00,2026-08-18 12:00:43.150408+00:00
7ca4b76a-a5c4-4ec7-b7fb-e173e527c5a6,3468da4a-1cee-5d66-9dad-9f393acc1e40,bafde881-f411-5372-9d43-e72f63cd45dd,a453a5c4-63a5-5872-95b7-a3b4911aa072,f4b36522-4970-456d-8ca4-0ddb4fe8f4b9,4abcc2b8-fef0-46e7-a7ee-0566aed99f7e,0.2622,39,91,1.0000,"{""area_conversion_norm"":{""contribution"":""0.06222222222222222222222222222"",""direction"":""positive"",""source"":""resolved"",""value"":""0.3111111111111111111111111111"",""weight"":""0.2""},""area_velocity_norm"":{""contribution"":""0.2"",""direction"":""positive"",""source"":""resolved"",""value"":""1"",""weight"":""0.2""},""unit_available"":{""contribution"":""0.00"",""direction"":""positive"",""source"":""resolved"",""value"":""0"",""weight"":""0.35""},""unit_demand_norm"":{""contribution"":""0.00"",""direction"":""positive"",""source"":""resolved"",""value"":""0"",""weight"":""0.25""}}",2026-08-18 12:00:43.150408+00:00,2026-08-18 12:00:43.150408+00:00
1d93bee7-18b3-4a51-a205-570da0fe219f,d51a1565-666d-568d-b629-f53e2358db39,bafde881-f411-5372-9d43-e72f63cd45dd,a453a5c4-63a5-5872-95b7-a3b4911aa072,f4b36522-4970-456d-8ca4-0ddb4fe8f4b9,4abcc2b8-fef0-46e7-a7ee-0566aed99f7e,0.2622,40,92,1.0000,"{""area_conversion_norm"":{""contribution"":""0.06222222222222222222222222222"",""direction"":""positive"",""source"":""resolved"",""value"":""0.3111111111111111111111111111"",""weight"":""0.2""},""area_velocity_norm"":{""contribution"":""0.2"",""direction"":""positive"",""source"":""resolved"",""value"":""1"",""weight"":""0.2""},""unit_available"":{""contribution"":""0.00"",""direction"":""positive"",""source"":""resolved"",""value"":""0"",""weight"":""0.35""},""unit_demand_norm"":{""contribution"":""0.00"",""direction"":""positive"",""source"":""resolved"",""value"":""0"",""weight"":""0.25""}}",2026-08-18 12:00:43.150408+00:00,2026-08-18 12:00:43.150408+00:00
cd6d11e7-d918-4bc3-a212-4a7e26d54d2f,a9605ba9-e720-59a3-a40f-cc4036a0f70a,fefccc58-d625-539e-a48e-d38ba602c0b4,a453a5c4-63a5-5872-95b7-a3b4911aa072,f4b36522-4970-456d-8ca4-0ddb4fe8f4b9,4abcc2b8-fef0-46e7-a7ee-0566aed99f7e,0.2000,11,93,1.0000,"{""area_conversion_norm"":{""contribution"":""0.10"",""direction"":""positive"",""source"":""missing_defaulted"",""value"":""0.5"",""weight"":""0.2""},""area_velocity_norm"":{""contribution"":""0.10"",""direction"":""positive"",""source"":""missing_defaulted"",""value"":""0.5"",""weight"":""0.2""},""unit_available"":{""contribution"":""0.00"",""direction"":""positive"",""source"":""resolved"",""value"":""0"",""weight"":""0.35""},""unit_demand_norm"":{""contribution"":""0.00"",""direction"":""positive"",""source"":""resolved"",""value"":""0"",""weight"":""0.25""}}",2026-08-18 12:00:43.150408+00:00,2026-08-18 12:00:43.150408+00:00
229792f0-51b7-4a1a-97e0-dcf33d53f3c5,50fe9dcf-c6aa-5675-a26d-5dbe1f2e8b05,fefccc58-d625-539e-a48e-d38ba602c0b4,a453a5c4-63a5-5872-95b7-a3b4911aa072,f4b36522-4970-456d-8ca4-0ddb4fe8f4b9,4abcc2b8-fef0-46e7-a7ee-0566aed99f7e,0.2000,12,94,1.0000,"{""area_conversion_norm"":{""contribution"":""0.10"",""direction"":""positive"",""source"":""missing_defaulted"",""value"":""0.5"",""weight"":""0.2""},""area_velocity_norm"":{""contribution"":""0.10"",""direction"":""positive"",""source"":""missing_defaulted"",""value"":""0.5"",""weight"":""0.2""},""unit_available"":{""contribution"":""0.00"",""direction"":""positive"",""source"":""resolved"",""value"":""0"",""weight"":""0.35""},""unit_demand_norm"":{""contribution"":""0.00"",""direction"":""positive"",""source"":""resolved"",""value"":""0"",""weight"":""0.25""}}",2026-08-18 12:00:43.150408+00:00,2026-08-18 12:00:43.150408+00:00
eaba126f-3132-4bfe-9fe7-fbac2bf334ef,779a879f-765d-5804-a9fc-c8728ab51cb9,595d9f18-8f5d-5c43-8866-791052463081,a453a5c4-63a5-5872-95b7-a3b4911aa072,f4b36522-4970-456d-8ca4-0ddb4fe8f4b9,4abcc2b8-fef0-46e7-a7ee-0566aed99f7e,0.1600,23,95,1.0000,"{""area_conversion_norm"":{""contribution"":""0.06"",""direction"":""positive"",""source"":""resolved"",""value"":""0.3"",""weight"":""0.2""},""area_velocity_norm"":{""contribution"":""0.10"",""direction"":""positive"",""source"":""resolved"",""value"":""0.5"",""weight"":""0.2""},""unit_available"":{""contribution"":""0.00"",""direction"":""positive"",""source"":""resolved"",""value"":""0"",""weight"":""0.35""},""unit_demand_norm"":{""contribution"":""0.00"",""direction"":""positive"",""source"":""resolved"",""value"":""0"",""weight"":""0.25""}}",2026-08-18 12:00:43.150408+00:00,2026-08-18 12:00:43.150408+00:00
ebbaa745-feda-4922-b5ad-bcf3ed9747e1,d66e250f-46af-59aa-adb9-95795f8ebcbe,595d9f18-8f5d-5c43-8866-791052463081,a453a5c4-63a5-5872-95b7-a3b4911aa072,f4b36522-4970-456d-8ca4-0ddb4fe8f4b9,4abcc2b8-fef0-46e7-a7ee-0566aed99f7e,0.1600,24,96,1.0000,"{""area_conversion_norm"":{""contribution"":""0.06"",""direction"":""positive"",""source"":""resolved"",""value"":""0.3"",""weight"":""0.2""},""area_velocity_norm"":{""contribution"":""0.10"",""direction"":""positive"",""source"":""resolved"",""value"":""0.5"",""weight"":""0.2""},""unit_available"":{""contribution"":""0.00"",""direction"":""positive"",""source"":""resolved"",""value"":""0"",""weight"":""0.35""},""unit_demand_norm"":{""contribution"":""0.00"",""direction"":""positive"",""source"":""resolved"",""value"":""0"",""weight"":""0.25""}}",2026-08-18 12:00:43.150408+00:00,2026-08-18 12:00:43.150408+00:00
d96a339b-5b87-47f6-a294-e66e73c4c4b5,3471d735-10fe-56ae-bb3c-eda38fab3cbb,595d9f18-8f5d-5c43-8866-791052463081,a453a5c4-63a5-5872-95b7-a3b4911aa072,f4b36522-4970-456d-8ca4-0ddb4fe8f4b9,4abcc2b8-fef0-46e7-a7ee-0566aed99f7e,0.1600,25,97,1.0000,"{""area_conversion_norm"":{""contribution"":""0.06"",""direction"":""positive"",""source"":""resolved"",""value"":""0.3"",""weight"":""0.2""},""area_velocity_norm"":{""contribution"":""0.10"",""direction"":""positive"",""source"":""resolved"",""value"":""0.5"",""weight"":""0.2""},""unit_available"":{""contribution"":""0.00"",""direction"":""positive"",""source"":""resolved"",""value"":""0"",""weight"":""0.35""},""unit_demand_norm"":{""contribution"":""0.00"",""direction"":""positive"",""source"":""resolved"",""value"":""0"",""weight"":""0.25""}}",2026-08-18 12:00:43.150408+00:00,2026-08-18 12:00:43.150408+00:00
97bdb590-9fe9-4b8d-866c-3f0e6ac72de5,4882a616-cd60-5565-ba8b-c2bd266dc715,595d9f18-8f5d-5c43-8866-791052463081,a453a5c4-63a5-5872-95b7-a3b4911aa072,f4b36522-4970-456d-8ca4-0ddb4fe8f4b9,4abcc2b8-fef0-46e7-a7ee-0566aed99f7e,0.1600,26,98,1.0000,"{""area_conversion_norm"":{""contribution"":""0.06"",""direction"":""positive"",""source"":""resolved"",""value"":""0.3"",""weight"":""0.2""},""area_velocity_norm"":{""contribution"":""0.10"",""direction"":""positive"",""source"":""resolved"",""value"":""0.5"",""weight"":""0.2""},""unit_available"":{""contribution"":""0.00"",""direction"":""positive"",""source"":""resolved"",""value"":""0"",""weight"":""0.35""},""unit_demand_norm"":{""contribution"":""0.00"",""direction"":""positive"",""source"":""resolved"",""value"":""0"",""weight"":""0.25""}}",2026-08-18 12:00:43.150408+00:00,2026-08-18 12:00:43.150408+00:00
25c1add5-8b30-41f8-a77a-a629b6a0cb2a,83fd93aa-a624-5970-b171-2ec00ff1caac,595d9f18-8f5d-5c43-8866-791052463081,a453a5c4-63a5-5872-95b7-a3b4911aa072,f4b36522-4970-456d-8ca4-0ddb4fe8f4b9,4abcc2b8-fef0-46e7-a7ee-0566aed99f7e,0.1600,27,99,1.0000,"{""area_conversion_norm"":{""contribution"":""0.06"",""direction"":""positive"",""source"":""resolved"",""value"":""0.3"",""weight"":""0.2""},""area_velocity_norm"":{""contribution"":""0.10"",""direction"":""positive"",""source"":""resolved"",""value"":""0.5"",""weight"":""0.2""},""unit_available"":{""contribution"":""0.00"",""direction"":""positive"",""source"":""resolved"",""value"":""0"",""weight"":""0.35""},""unit_demand_norm"":{""contribution"":""0.00"",""direction"":""positive"",""source"":""resolved"",""value"":""0"",""weight"":""0.25""}}",2026-08-18 12:00:43.150408+00:00,2026-08-18 12:00:43.150408+00:00
d037e732-19e9-4306-a79a-91b5f4a05103,c1d7c7d5-fbf8-5ef0-aa28-8912712f4dea,595d9f18-8f5d-5c43-8866-791052463081,a453a5c4-63a5-5872-95b7-a3b4911aa072,f4b36522-4970-456d-8ca4-0ddb4fe8f4b9,4abcc2b8-fef0-46e7-a7ee-0566aed99f7e,0.1600,28,100,1.0000,"{""area_conversion_norm"":{""contribution"":""0.06"",""direction"":""positive"",""source"":""resolved"",""value"":""0.3"",""weight"":""0.2""},""area_velocity_norm"":{""contribution"":""0.10"",""direction"":""positive"",""source"":""resolved"",""value"":""0.5"",""weight"":""0.2""},""unit_available"":{""contribution"":""0.00"",""direction"":""positive"",""source"":""resolved"",""value"":""0"",""weight"":""0.35""},""unit_demand_norm"":{""contribution"":""0.00"",""direction"":""positive"",""source"":""resolved"",""value"":""0"",""weight"":""0.25""}}",2026-08-18 12:00:43.150408+00:00,2026-08-18 12:00:43.150408+00:00
d748ed72-595f-4103-8a2c-a8f434d556ae,24c103f1-a67b-5c9e-bbd3-9734dac146a3,595d9f18-8f5d-5c43-8866-791052463081,a453a5c4-63a5-5872-95b7-a3b4911aa072,f4b36522-4970-456d-8ca4-0ddb4fe8f4b9,4abcc2b8-fef0-46e7-a7ee-0566aed99f7e,0.1600,29,101,1.0000,"{""area_conversion_norm"":{""contribution"":""0.06"",""direction"":""positive"",""source"":""resolved"",""value"":""0.3"",""weight"":""0.2""},""area_velocity_norm"":{""contribution"":""0.10"",""direction"":""positive"",""source"":""resolved"",""value"":""0.5"",""weight"":""0.2""},""unit_available"":{""contribution"":""0.00"",""direction"":""positive"",""source"":""resolved"",""value"":""0"",""weight"":""0.35""},""unit_demand_norm"":{""contribution"":""0.00"",""direction"":""positive"",""source"":""resolved"",""value"":""0"",""weight"":""0.25""}}",2026-08-18 12:00:43.150408+00:00,2026-08-18 12:00:43.150408+00:00
76183ae7-8f4e-418d-9bfd-0723db9aaa48,f0dcdeda-e7a8-5218-b5a3-64c7be186a2c,595d9f18-8f5d-5c43-8866-791052463081,a453a5c4-63a5-5872-95b7-a3b4911aa072,f4b36522-4970-456d-8ca4-0ddb4fe8f4b9,4abcc2b8-fef0-46e7-a7ee-0566aed99f7e,0.1600,30,102,1.0000,"{""area_conversion_norm"":{""contribution"":""0.06"",""direction"":""positive"",""source"":""resolved"",""value"":""0.3"",""weight"":""0.2""},""area_velocity_norm"":{""contribution"":""0.10"",""direction"":""positive"",""source"":""resolved"",""value"":""0.5"",""weight"":""0.2""},""unit_available"":{""contribution"":""0.00"",""direction"":""positive"",""source"":""resolved"",""value"":""0"",""weight"":""0.35""},""unit_demand_norm"":{""contribution"":""0.00"",""direction"":""positive"",""source"":""resolved"",""value"":""0"",""weight"":""0.25""}}",2026-08-18 12:00:43.150408+00:00,2026-08-18 12:00:43.150408+00:00
62bb331b-0a3b-42b9-9da8-5ad6084e634b,f0aee2c9-9190-52d9-87cc-92e77747261a,0b24d289-da6c-5de3-9062-67af2813f4ea,a453a5c4-63a5-5872-95b7-a3b4911aa072,f4b36522-4970-456d-8ca4-0ddb4fe8f4b9,4abcc2b8-fef0-46e7-a7ee-0566aed99f7e,0.0308,21,103,1.0000,"{""area_conversion_norm"":{""contribution"":""0.03076923076923076923076923076"",""direction"":""positive"",""source"":""resolved"",""value"":""0.1538461538461538461538461538"",""weight"":""0.2""},""area_velocity_norm"":{""contribution"":""0E+1"",""direction"":""positive"",""source"":""resolved"",""value"":""0E+2"",""weight"":""0.2""},""unit_available"":{""contribution"":""0.00"",""direction"":""positive"",""source"":""resolved"",""value"":""0"",""weight"":""0.35""},""unit_demand_norm"":{""contribution"":""0.00"",""direction"":""positive"",""source"":""resolved"",""value"":""0"",""weight"":""0.25""}}",2026-08-18 12:00:43.150408+00:00,2026-08-18 12:00:43.150408+00:00
25e7704a-6108-445f-9f7f-5a9b5888e2ff,708debdf-7b78-5f3a-8154-44a96c916d5c,0b24d289-da6c-5de3-9062-67af2813f4ea,a453a5c4-63a5-5872-95b7-a3b4911aa072,f4b36522-4970-456d-8ca4-0ddb4fe8f4b9,4abcc2b8-fef0-46e7-a7ee-0566aed99f7e,0.0308,22,104,1.0000,"{""area_conversion_norm"":{""contribution"":""0.03076923076923076923076923076"",""direction"":""positive"",""source"":""resolved"",""value"":""0.1538461538461538461538461538"",""weight"":""0.2""},""area_velocity_norm"":{""contribution"":""0E+1"",""direction"":""positive"",""source"":""resolved"",""value"":""0E+2"",""weight"":""0.2""},""unit_available"":{""contribution"":""0.00"",""direction"":""positive"",""source"":""resolved"",""value"":""0"",""weight"":""0.35""},""unit_demand_norm"":{""contribution"":""0.00"",""direction"":""positive"",""source"":""resolved"",""value"":""0"",""weight"":""0.25""}}",2026-08-18 12:00:43.150408+00:00,2026-08-18 12:00:43.150408+00:00
798cec3e-25d9-49aa-8971-9fb12fab491b,9a7c7727-b00b-5d24-8f44-048f569b48c2,0b24d289-da6c-5de3-9062-67af2813f4ea,a453a5c4-63a5-5872-95b7-a3b4911aa072,f4b36522-4970-456d-8ca4-0ddb4fe8f4b9,4abcc2b8-fef0-46e7-a7ee-0566aed99f7e,0.0308,23,105,1.0000,"{""area_conversion_norm"":{""contribution"":""0.03076923076923076923076923076"",""direction"":""positive"",""source"":""resolved"",""value"":""0.1538461538461538461538461538"",""weight"":""0.2""},""area_velocity_norm"":{""contribution"":""0E+1"",""direction"":""positive"",""source"":""resolved"",""value"":""0E+2"",""weight"":""0.2""},""unit_available"":{""contribution"":""0.00"",""direction"":""positive"",""source"":""resolved"",""value"":""0"",""weight"":""0.35""},""unit_demand_norm"":{""contribution"":""0.00"",""direction"":""positive"",""source"":""resolved"",""value"":""0"",""weight"":""0.25""}}",2026-08-18 12:00:43.150408+00:00,2026-08-18 12:00:43.150408+00:00
346c4978-b7d3-4cf2-bdc9-28b4b3d3cb75,b91e49b9-b51b-5caf-85aa-9fb439e3d04b,0b24d289-da6c-5de3-9062-67af2813f4ea,a453a5c4-63a5-5872-95b7-a3b4911aa072,f4b36522-4970-456d-8ca4-0ddb4fe8f4b9,4abcc2b8-fef0-46e7-a7ee-0566aed99f7e,0.0308,24,106,1.0000,"{""area_conversion_norm"":{""contribution"":""0.03076923076923076923076923076"",""direction"":""positive"",""source"":""resolved"",""value"":""0.1538461538461538461538461538"",""weight"":""0.2""},""area_velocity_norm"":{""contribution"":""0E+1"",""direction"":""positive"",""source"":""resolved"",""value"":""0E+2"",""weight"":""0.2""},""unit_available"":{""contribution"":""0.00"",""direction"":""positive"",""source"":""resolved"",""value"":""0"",""weight"":""0.35""},""unit_demand_norm"":{""contribution"":""0.00"",""direction"":""positive"",""source"":""resolved"",""value"":""0"",""weight"":""0.25""}}",2026-08-18 12:00:43.150408+00:00,2026-08-18 12:00:43.150408+00:00
