unit_id,external_unit_id,unit_code,project_id,project_external_id,project_name,area_id,area_external_id,area_name,unit_status,unit_type,area_bedrooms,area_sqm,area_total_units_planned,absorption_calculator,is_available,has_active_deal,deals_total,funnel_deals_total,deals_lead,deals_qualified,deals_interested,deals_viewing,deals_reserved,deals_sold,deals_lost,score,score_percent,band,rank_in_area,rank_in_project,weight_coverage,min_weight_coverage,was_skipped,ranking_config_version,ranking_run_id,ranking_trigger,ranking_computed_at,feature_freshness_at,ranking_run_finished_at,unit_created_at,unit_updated_at,unit_source_updated_at,feat_unit_available_value,feat_unit_available_weight,feat_unit_available_direction,feat_unit_available_contribution,feat_unit_available_source,feat_unit_available_is_missing,feat_unit_demand_norm_value,feat_unit_demand_norm_weight,feat_unit_demand_norm_direction,feat_unit_demand_norm_contribution,feat_unit_demand_norm_source,feat_unit_demand_norm_is_missing,feat_area_velocity_norm_value,feat_area_velocity_norm_weight,feat_area_velocity_norm_direction,feat_area_velocity_norm_contribution,feat_area_velocity_norm_source,feat_area_velocity_norm_is_missing,feat_area_conversion_norm_value,feat_area_conversion_norm_weight,feat_area_conversion_norm_direction,feat_area_conversion_norm_contribution,feat_area_conversion_norm_source,feat_area_conversion_norm_is_missing,features_missing_count,features_total_count
f1221bff-847c-5c29-96f3-d01bac80c376,syn1-U-A-001-018,HC1-018,a453a5c4-63a5-5872-95b7-a3b4911aa072,syn1-P-001,Harbor Crest Residences,bafde881-f411-5372-9d43-e72f63cd45dd,syn1-A-001,Harbor Crest 1,available,2BR,2,68.50,120,domain_units_deals,1,0,5,5,2,1,1,1,0,0,0,0.8622,86.2,high,1,1,1.0000,0.5000,0,2,f4b36522-4970-456d-8ca4-0ddb4fe8f4b9,manual,2026-08-18 12:00:43.150408+00:00,2026-08-18 12:00:43.150408+00:00,2026-08-18 12:00:43.663070+00:00,2025-08-22 00:00:00+00:00,2026-07-19 00:00:00+00:00,2026-07-19 00:00:00+00:00,1,0.35,positive,0.35,resolved,0,1,0.25,positive,0.25,resolved,0,1,0.2,positive,0.2,resolved,0,0.3111111111111111111111111111,0.2,positive,0.06222222222222222222222222222,resolved,0,0,4
6ac2c6b1-02b2-5eee-8b64-03831733da04,syn1-U-A-001-019,HC1-019,a453a5c4-63a5-5872-95b7-a3b4911aa072,syn1-P-001,Harbor Crest Residences,bafde881-f411-5372-9d43-e72f63cd45dd,syn1-A-001,Harbor Crest 1,available,2BR,2,68.50,120,domain_units_deals,1,0,5,4,1,1,1,1,0,0,1,0.8622,86.2,high,2,2,1.0000,0.5000,0,2,f4b36522-4970-456d-8ca4-0ddb4fe8f4b9,manual,2026-08-18 12:00:43.150408+00:00,2026-08-18 12:00:43.150408+00:00,2026-08-18 12:00:43.663070+00:00,2025-08-22 12:00:00+00:00,2026-07-19 00:00:00+00:00,2026-07-19 00:00:00+00:00,1,0.35,positive,0.35,resolved,0,1,0.25,positive,0.25,resolved,0,1,0.2,positive,0.2,resolved,0,0.3111111111111111111111111111,0.2,positive,0.06222222222222222222222222222,resolved,0,0,4
ce5448f7-e1b7-56ed-9a10-b62a61c299d6,syn1-U-A-001-020,HC1-020,a453a5c4-63a5-5872-95b7-a3b4911aa072,syn1-P-001,Harbor Crest Residences,bafde881-f411-5372-9d43-e72f63cd45dd,syn1-A-001,Harbor Crest 1,available,2BR,2,68.50,120,domain_units_deals,1,0,3,3,1,1,1,0,0,0,0,0.8622,86.2,high,3,3,1.0000,0.5000,0,2,f4b36522-4970-456d-8ca4-0ddb4fe8f4b9,manual,2026-08-18 12:00:43.150408+00:00,2026-08-18 12:00:43.150408+00:00,2026-08-18 12:00:43.663070+00:00,2025-08-23 00:00:00+00:00,2026-07-19 00:00:00+00:00,2026-07-19 00:00:00+00:00,1,0.35,positive,0.35,resolved,0,1,0.25,positive,0.25,resolved,0,1,0.2,positive,0.2,resolved,0,0.3111111111111111111111111111,0.2,positive,0.06222222222222222222222222222,resolved,0,0,4
56a5d63d-13ad-5dd3-aad0-509a289e4131,syn1-U-A-001-021,HC1-021,a453a5c4-63a5-5872-95b7-a3b4911aa072,syn1-P-001,Harbor Crest Residences,bafde881-f411-5372-9d43-e72f63cd45dd,syn1-A-001,Harbor Crest 1,available,2BR,2,68.50,120,domain_units_deals,1,0,3,3,1,1,1,0,0,0,0,0.8622,86.2,high,4,4,1.0000,0.5000,0,2,f4b36522-4970-456d-8ca4-0ddb4fe8f4b9,manual,2026-08-18 12:00:43.150408+00:00,2026-08-18 12:00:43.150408+00:00,2026-08-18 12:00:43.663070+00:00,2025-08-23 12:00:00+00:00,2026-07-19 00:00:00+00:00,2026-07-19 00:00:00+00:00,1,0.35,positive,0.35,resolved,0,1,0.25,positive,0.25,resolved,0,1,0.2,positive,0.2,resolved,0,0.3111111111111111111111111111,0.2,positive,0.06222222222222222222222222222,resolved,0,0,4
53c183e8-09c8-5b7b-8617-0716330a3ea7,syn1-U-A-001-022,HC1-022,a453a5c4-63a5-5872-95b7-a3b4911aa072,syn1-P-001,Harbor Crest Residences,bafde881-f411-5372-9d43-e72f63cd45dd,syn1-A-001,Harbor Crest 1,available,2BR,2,68.50,120,domain_units_deals,1,0,4,3,1,1,1,0,0,0,1,0.8622,86.2,high,5,5,1.0000,0.5000,0,2,f4b36522-4970-456d-8ca4-0ddb4fe8f4b9,manual,2026-08-18 12:00:43.150408+00:00,2026-08-18 12:00:43.150408+00:00,2026-08-18 12:00:43.663070+00:00,2025-08-24 00:00:00+00:00,2026-07-19 00:00:00+00:00,2026-07-19 00:00:00+00:00,1,0.35,positive,0.35,resolved,0,1,0.25,positive,0.25,resolved,0,1,0.2,positive,0.2,resolved,0,0.3111111111111111111111111111,0.2,positive,0.06222222222222222222222222222,resolved,0,0,4
05196bea-7e39-52fa-87fa-26ef3acfdb9e,syn1-U-A-001-023,HC1-023,a453a5c4-63a5-5872-95b7-a3b4911aa072,syn1-P-001,Harbor Crest Residences,bafde881-f411-5372-9d43-e72f63cd45dd,syn1-A-001,Harbor Crest 1,available,2BR,2,68.50,120,domain_units_deals,1,0,2,2,1,1,0,0,0,0,0,0.7789,77.9,high,6,6,1.0000,0.5000,0,2,f4b36522-4970-456d-8ca4-0ddb4fe8f4b9,manual,2026-08-18 12:00:43.150408+00:00,2026-08-18 12:00:43.150408+00:00,2026-08-18 12:00:43.663070+00:00,2025-08-24 12:00:00+00:00,2026-07-19 00:00:00+00:00,2026-07-19 00:00:00+00:00,1,0.35,positive,0.35,resolved,0,0.6666666666666666666666666667,0.25,positive,0.1666666666666666666666666667,resolved,0,1,0.2,positive,0.2,resolved,0,0.3111111111111111111111111111,0.2,positive,0.06222222222222222222222222222,resolved,0,0,4
7d081ad3-c5fc-5bc0-8a36-46882204674e,syn1-U-A-001-024,HC1-024,a453a5c4-63a5-5872-95b7-a3b4911aa072,syn1-P-001,Harbor Crest Residences,bafde881-f411-5372-9d43-e72f63cd45dd,syn1-A-001,Harbor Crest 1,available,2BR,2,68.50,120,domain_units_deals,1,0,2,2,1,1,0,0,0,0,0,0.7789,77.9,high,7,7,1.0000,0.5000,0,2,f4b36522-4970-456d-8ca4-0ddb4fe8f4b9,manual,2026-08-18 12:00:43.150408+00:00,2026-08-18 12:00:43.150408+00:00,2026-08-18 12:00:43.663070+00:00,2025-08-25 00:00:00+00:00,2026-07-19 00:00:00+00:00,2026-07-19 00:00:00+00:00,1,0.35,positive,0.35,resolved,0,0.6666666666666666666666666667,0.25,positive,0.1666666666666666666666666667,resolved,0,1,0.2,positive,0.2,resolved,0,0.3111111111111111111111111111,0.2,positive,0.06222222222222222222222222222,resolved,0,0,4
77b12036-607d-5368-b5f4-49906a09c4fc,syn1-U-A-001-025,HC1-025,a453a5c4-63a5-5872-95b7-a3b4911aa072,syn1-P-001,Harbor Crest Residences,bafde881-f411-5372-9d43-e72f63cd45dd,syn1-A-001,Harbor Crest 1,available,2BR,2,68.50,120,domain_units_deals,1,0,2,1,1,0,0,0,0,0,1,0.6956,69.6,high,8,8,1.0000,0.5000,0,2,f4b36522-4970-456d-8ca4-0ddb4fe8f4b9,manual,2026-08-18 12:00:43.150408+00:00,2026-08-18 12:00:43.150408+00:00,2026-08-18 12:00:43.663070+00:00,2025-08-25 12:00:00+00:00,2026-07-19 00:00:00+00:00,2026-07-19 00:00:00+00:00,1,0.35,positive,0.35,resolved,0,0.3333333333333333333333333333,0.25,positive,0.08333333333333333333333333332,resolved,0,1,0.2,positive,0.2,resolved,0,0.3111111111111111111111111111,0.2,positive,0.06222222222222222222222222222,resolved,0,0,4
ddc96666-b1d2-5989-a4f7-9629a2005e86,syn1-U-A-001-026,HC1-026,a453a5c4-63a5-5872-95b7-a3b4911aa072,syn1-P-001,Harbor Crest Residences,bafde881-f411-5372-9d43-e72f63cd45dd,syn1-A-001,Harbor Crest 1,available,2BR,2,68.50,120,domain_units_deals,1,0,1,1,1,0,0,0,0,0,0,0.6956,69.6,high,9,9,1.0000,0.5000,0,2,f4b36522-4970-456d-8ca4-0ddb4fe8f4b9,manual,2026-08-18 12:00:43.150408+00:00,2026-08-18 12:00:43.150408+00:00,2026-08-18 12:00:43.663070+00:00,2025-08-26 00:00:00+00:00,2026-07-19 00:00:00+00:00,2026-07-19 00:00:00+00:00,1,0.35,positive,0.35,resolved,0,0.3333333333333333333333333333,0.25,positive,0.08333333333333333333333333332,resolved,0,1,0.2,positive,0.2,resolved,0,0.3111111111111111111111111111,0.2,positive,0.06222222222222222222222222222,resolved,0,0,4
357191c0-8f53-56dc-8354-5b2acf2ed9b0,syn1-U-A-001-027,HC1-027,a453a5c4-63a5-5872-95b7-a3b4911aa072,syn1-P-001,Harbor Crest Residences,bafde881-f411-5372-9d43-e72f63cd45dd,syn1-A-001,Harbor Crest 1,available,2BR,2,68.50,120,domain_units_deals,1,0,1,1,1,0,0,0,0,0,0,0.6956,69.6,high,10,10,1.0000,0.5000,0,2,f4b36522-4970-456d-8ca4-0ddb4fe8f4b9,manual,2026-08-18 12:00:43.150408+00:00,2026-08-18 12:00:43.150408+00:00,2026-08-18 12:00:43.663070+00:00,2025-08-26 12:00:00+00:00,2026-07-19 00:00:00+00:00,2026-07-19 00:00:00+00:00,1,0.35,positive,0.35,resolved,0,0.3333333333333333333333333333,0.25,positive,0.08333333333333333333333333332,resolved,0,1,0.2,positive,0.2,resolved,0,0.3111111111111111111111111111,0.2,positive,0.06222222222222222222222222222,resolved,0,0,4
30b77e1b-947b-5356-baab-ef990bed7875,syn1-U-A-002-009,HC2-009,a453a5c4-63a5-5872-95b7-a3b4911aa072,syn1-P-001,Harbor Crest Residences,595d9f18-8f5d-5c43-8866-791052463081,syn1-A-002,Harbor Crest 2,available,3BR,3,94.00,90,domain_units_deals,1,0,2,2,1,1,0,0,0,0,0,0.6767,67.7,high,1,11,1.0000,0.5000,0,2,f4b36522-4970-456d-8ca4-0ddb4fe8f4b9,manual,2026-08-18 12:00:43.150408+00:00,2026-08-18 12:00:43.150408+00:00,2026-08-18 12:00:43.663070+00:00,2025-08-17 12:00:00+00:00,2026-07-19 00:00:00+00:00,2026-07-19 00:00:00+00:00,1,0.35,positive,0.35,resolved,0,0.6666666666666666666666666667,0.25,positive,0.1666666666666666666666666667,resolved,0,0.5,0.2,positive,0.10,resolved,0,0.3,0.2,positive,0.06,resolved,0,0,4
6bf831ba-6665-5639-b0a9-8041b261268a,syn1-U-A-002-010,HC2-010,a453a5c4-63a5-5872-95b7-a3b4911aa072,syn1-P-001,Harbor Crest Residences,595d9f18-8f5d-5c43-8866-791052463081,syn1-A-002,Harbor Crest 2,available,3BR,3,94.00,90,domain_units_deals,1,0,3,2,1,1,0,0,0,0,1,0.6767,67.7,high,2,12,1.0000,0.5000,0,2,f4b36522-4970-456d-8ca4-0ddb4fe8f4b9,manual,2026-08-18 12:00:43.150408+00:00,2026-08-18 12:00:43.150408+00:00,2026-08-18 12:00:43.663070+00:00,2025-08-18 00:00:00+00:00,2026-07-19 00:00:00+00:00,2026-07-19 00:00:00+00:00,1,0.35,positive,0.35,resolved,0,0.6666666666666666666666666667,0.25,positive,0.1666666666666666666666666667,resolved,0,0.5,0.2,positive,0.10,resolved,0,0.3,0.2,positive,0.06,resolved,0,0,4
7dd56198-3051-52dd-9c67-0753c025a9e0,syn1-U-A-001-028,HC1-028,a453a5c4-63a5-5872-95b7-a3b4911aa072,syn1-P-001,Harbor Crest Residences,bafde881-f411-5372-9d43-e72f63cd45dd,syn1-A-001,Harbor Crest 1,available,2BR,2,68.50,120,domain_units_deals,1,0,0,0,0,0,0,0,0,0,0,0.6122,61.2,medium,11,13,1.0000,0.5000,0,2,f4b36522-4970-456d-8ca4-0ddb4fe8f4b9,manual,2026-08-18 12:00:43.150408+00:00,2026-08-18 12:00:43.150408+00:00,2026-08-18 12:00:43.663070+00:00,2025-08-27 00:00:00+00:00,2026-07-19 00:00:00+00:00,2026-07-19 00:00:00+00:00,1,0.35,positive,0.35,resolved,0,0,0.25,positive,0.00,resolved,0,1,0.2,positive,0.2,resolved,0,0.3111111111111111111111111111,0.2,positive,0.06222222222222222222222222222,resolved,0,0,4
5733a6d1-d098-584b-9ced-50927ed484d4,syn1-U-A-001-029,HC1-029,a453a5c4-63a5-5872-95b7-a3b4911aa072,syn1-P-001,Harbor Crest Residences,bafde881-f411-5372-9d43-e72f63cd45dd,syn1-A-001,Harbor Crest 1,available,2BR,2,68.50,120,domain_units_deals,1,0,0,0,0,0,0,0,0,0,0,0.6122,61.2,medium,12,14,1.0000,0.5000,0,2,f4b36522-4970-456d-8ca4-0ddb4fe8f4b9,manual,2026-08-18 12:00:43.150408+00:00,2026-08-18 12:00:43.150408+00:00,2026-08-18 12:00:43.663070+00:00,2025-08-27 12:00:00+00:00,2026-07-19 00:00:00+00:00,2026-07-19 00:00:00+00:00,1,0.35,positive,0.35,resolved,0,0,0.25,positive,0.00,resolved,0,1,0.2,positive,0.2,resolved,0,0.3111111111111111111111111111,0.2,positive,0.06222222222222222222222222222,resolved,0,0,4
d4e881ca-814b-5018-8e1b-0c4021b307f7,syn1-U-A-001-030,HC1-030,a453a5c4-63a5-5872-95b7-a3b4911aa072,syn1-P-001,Harbor Crest Residences,bafde881-f411-5372-9d43-e72f63cd45dd,syn1-A-001,Harbor Crest 1,available,2BR,2,68.50,120,domain_units_deals,1,0,0,0,0,0,0,0,0,0,0,0.6122,61.2,medium,13,15,1.0000,0.5000,0,2,f4b36522-4970-456d-8ca4-0ddb4fe8f4b9,manual,2026-08-18 12:00:43.150408+00:00,2026-08-18 12:00:43.150408+00:00,2026-08-18 12:00:43.663070+00:00,2025-08-28 00:00:00+00:00,2026-07-19 00:00:00+00:00,2026-07-19 00:00:00+00:00,1,0.35,positive,0.35,resolved,0,0,0.25,positive,0.00,resolved,0,1,0.2,positive,0.2,resolved,0,0.3111111111111111111111111111,0.2,positive,0.06222222222222222222222222222,resolved,0,0,4
a88ca88b-e79b-5ad0-851b-ce2523bf58cd,syn1-U-A-001-031,HC1-031,a453a5c4-63a5-5872-95b7-a3b4911aa072,syn1-P-001,Harbor Crest Residences,bafde881-f411-5372-9d43-e72f63cd45dd,syn1-A-001,Harbor Crest 1,available,2BR,2,68.50,120,domain_units_deals,1,0,0,0,0,0,0,0,0,0,0,0.6122,61.2,medium,14,16,1.0000,0.5000,0,2,f4b36522-4970-456d-8ca4-0ddb4fe8f4b9,manual,2026-08-18 12:00:43.150408+00:00,2026-08-18 12:00:43.150408+00:00,2026-08-18 12:00:43.663070+00:00,2025-08-28 12:00:00+00:00,2026-07-19 00:00:00+00:00,2026-07-19 00:00:00+00:00,1,0.35,positive,0.35,resolved,0,0,0.25,positive,0.00,resolved,0,1,0.2,positive,0.2,resolved,0,0.3111111111111111111111111111,0.2,positive,0.06222222222222222222222222222,resolved,0,0,4
5ddebad4-107c-5105-8071-7f2c5fca7275,syn1-U-A-001-032,HC1-032,a453a5c4-63a5-5872-95b7-a3b4911aa072,syn1-P-001,Harbor Crest Residences,bafde881-f411-5372-9d43-e72f63cd45dd,syn1-A-001,Harbor Crest 1,available,2BR,2,68.50,120,domain_units_deals,1,0,0,0,0,0,0,0,0,0,0,0.6122,61.2,medium,15,17,1.0000,0.5000,0,2,f4b36522-4970-456d-8ca4-0ddb4fe8f4b9,manual,2026-08-18 12:00:43.150408+00:00,2026-08-18 12:00:43.150408+00:00,2026-08-18 12:00:43.663070+00:00,2025-08-29 00:00:00+00:00,2026-07-19 00:00:00+00:00,2026-07-19 00:00:00+00:00,1,0.35,positive,0.35,resolved,0,0,0.25,positive,0.00,resolved,0,1,0.2,positive,0.2,resolved,0,0.3111111111111111111111111111,0.2,positive,0.06222222222222222222222222222,resolved,0,0,4
3796c2f0-957b-508a-a68f-5c4e2bba23c9,syn1-U-A-001-033,HC1-033,a453a5c4-63a5-5872-95b7-a3b4911aa072,syn1-P-001,Harbor Crest Residences,bafde881-f411-5372-9d43-e72f63cd45dd,syn1-A-001,Harbor Crest 1,available,2BR,2,68.50,120,domain_units_deals,1,0,0,0,0,0,0,0,0,0,0,0.6122,61.2,medium,16,18,1.0000,0.5000,0,2,f4b36522-4970-456d-8ca4-0ddb4fe8f4b9,manual,2026-08-18 12:00:43.150408+00:00,2026-08-18 12:00:43.150408+00:00,2026-08-18 12:00:43.663070+00:00,2025-08-29 12:00:00+00:00,2026-07-19 00:00:00+00:00,2026-07-19 00:00:00+00:00,1,0.35,positive,0.35,resolved,0,0,0.25,positive,0.00,resolved,0,1,0.2,positive,0.2,resolved,0,0.3111111111111111111111111111,0.2,positive,0.06222222222222222222222222222,resolved,0,0,4
badbd280-db9e-57fc-a1a6-cec28b4e2dd3,syn1-U-A-001-034,HC1-034,a453a5c4-63a5-5872-95b7-a3b4911aa072,syn1-P-001,Harbor Crest Residences,bafde881-f411-5372-9d43-e72f63cd45dd,syn1-A-001,Harbor Crest 1,available,2BR,2,68.50,120,domain_units_deals,1,0,0,0,0,0,0,0,0,0,0,0.6122,61.2,medium,17,19,1.0000,0.5000,0,2,f4b36522-4970-456d-8ca4-0ddb4fe8f4b9,manual,2026-08-18 12:00:43.150408+00:00,2026-08-18 12:00:43.150408+00:00,2026-08-18 12:00:43.663070+00:00,2025-08-30 00:00:00+00:00,2026-07-19 00:00:00+00:00,2026-07-19 00:00:00+00:00,1,0.35,positive,0.35,resolved,0,0,0.25,positive,0.00,resolved,0,1,0.2,positive,0.2,resolved,0,0.3111111111111111111111111111,0.2,positive,0.06222222222222222222222222222,resolved,0,0,4
26241edf-da92-5b1c-965a-532c83be078a,syn1-U-A-001-035,HC1-035,a453a5c4-63a5-5872-95b7-a3b4911aa072,syn1-P-001,Harbor Crest Residences,bafde881-f411-5372-9d43-e72f63cd45dd,syn1-A-001,Harbor Crest 1,available,2BR,2,68.50,120,domain_units_deals,1,0,0,0,0,0,0,0,0,0,0,0.6122,61.2,medium,18,20,1.0000,0.5000,0,2,f4b36522-4970-456d-8ca4-0ddb4fe8f4b9,manual,2026-08-18 12:00:43.150408+00:00,2026-08-18 12:00:43.150408+00:00,2026-08-18 12:00:43.663070+00:00,2025-08-30 12:00:00+00:00,2026-07-19 00:00:00+00:00,2026-07-19 00:00:00+00:00,1,0.35,positive,0.35,resolved,0,0,0.25,positive,0.00,resolved,0,1,0.2,positive,0.2,resolved,0,0.3111111111111111111111111111,0.2,positive,0.06222222222222222222222222222,resolved,0,0,4
acf5057c-25b9-50d3-9dde-babe92315649,syn1-U-A-001-036,HC1-036,a453a5c4-63a5-5872-95b7-a3b4911aa072,syn1-P-001,Harbor Crest Residences,bafde881-f411-5372-9d43-e72f63cd45dd,syn1-A-001,Harbor Crest 1,available,2BR,2,68.50,120,domain_units_deals,1,0,0,0,0,0,0,0,0,0,0,0.6122,61.2,medium,19,21,1.0000,0.5000,0,2,f4b36522-4970-456d-8ca4-0ddb4fe8f4b9,manual,2026-08-18 12:00:43.150408+00:00,2026-08-18 12:00:43.150408+00:00,2026-08-18 12:00:43.663070+00:00,2025-08-31 00:00:00+00:00,2026-07-19 00:00:00+00:00,2026-07-19 00:00:00+00:00,1,0.35,positive,0.35,resolved,0,0,0.25,positive,0.00,resolved,0,1,0.2,positive,0.2,resolved,0,0.3111111111111111111111111111,0.2,positive,0.06222222222222222222222222222,resolved,0,0,4
513c770f-0ea0-5e9f-b918-0a5d41041c3d,syn1-U-A-001-037,HC1-037,a453a5c4-63a5-5872-95b7-a3b4911aa072,syn1-P-001,Harbor Crest Residences,bafde881-f411-5372-9d43-e72f63cd45dd,syn1-A-001,Harbor Crest 1,available,2BR,2,68.50,120,domain_units_deals,1,0,0,0,0,0,0,0,0,0,0,0.6122,61.2,medium,20,22,1.0000,0.5000,0,2,f4b36522-4970-456d-8ca4-0ddb4fe8f4b9,manual,2026-08-18 12:00:43.150408+00:00,2026-08-18 12:00:43.150408+00:00,2026-08-18 12:00:43.663070+00:00,2025-08-31 12:00:00+00:00,2026-07-19 00:00:00+00:00,2026-07-19 00:00:00+00:00,1,0.35,positive,0.35,resolved,0,0,0.25,positive,0.00,resolved,0,1,0.2,positive,0.2,resolved,0,0.3111111111111111111111111111,0.2,positive,0.06222222222222222222222222222,resolved,0,0,4
3b5789cf-d7d1-5b1e-9a66-0c829e11da4b,syn1-U-A-001-038,HC1-038,a453a5c4-63a5-5872-95b7-a3b4911aa072,syn1-P-001,Harbor Crest Residences,bafde881-f411-5372-9d43-e72f63cd45dd,syn1-A-001,Harbor Crest 1,available,2BR,2,68.50,120,domain_units_deals,1,0,0,0,0,0,0,0,0,0,0,0.6122,61.2,medium,21,23,1.0000,0.5000,0,2,f4b36522-4970-456d-8ca4-0ddb4fe8f4b9,manual,2026-08-18 12:00:43.150408+00:00,2026-08-18 12:00:43.150408+00:00,2026-08-18 12:00:43.663070+00:00,2025-09-01 00:00:00+00:00,2026-07-19 00:00:00+00:00,2026-07-19 00:00:00+00:00,1,0.35,positive,0.35,resolved,0,0,0.25,positive,0.00,resolved,0,1,0.2,positive,0.2,resolved,0,0.3111111111111111111111111111,0.2,positive,0.06222222222222222222222222222,resolved,0,0,4
b6c0db28-d24b-5e1b-b61c-fec0cbfab748,syn1-U-A-001-039,HC1-039,a453a5c4-63a5-5872-95b7-a3b4911aa072,syn1-P-001,Harbor Crest Residences,bafde881-f411-5372-9d43-e72f63cd45dd,syn1-A-001,Harbor Crest 1,available,2BR,2,68.50,120,domain_units_deals,1,0,0,0,0,0,0,0,0,0,0,0.6122,61.2,medium,22,24,1.0000,0.5000,0,2,f4b36522-4970-456d-8ca4-0ddb4fe8f4b9,manual,2026-08-18 12:00:43.150408+00:00,2026-08-18 12:00:43.150408+00:00,2026-08-18 12:00:43.663070+00:00,2025-09-01 12:00:00+00:00,2026-07-19 00:00:00+00:00,2026-07-19 00:00:00+00:00,1,0.35,positive,0.35,resolved,0,0,0.25,positive,0.00,resolved,0,1,0.2,positive,0.2,resolved,0,0.3111111111111111111111111111,0.2,positive,0.06222222222222222222222222222,resolved,0,0,4
81149377-dfcb-5142-9a5a-9e6857ef5360,syn1-U-A-001-040,HC1-040,a453a5c4-63a5-5872-95b7-a3b4911aa072,syn1-P-001,Harbor Crest Residences,bafde881-f411-5372-9d43-e72f63cd45dd,syn1-A-001,Harbor Crest 1,available,2BR,2,68.50,120,domain_units_deals,1,0,0,0,0,0,0,0,0,0,0,0.6122,61.2,medium,23,25,1.0000,0.5000,0,2,f4b36522-4970-456d-8ca4-0ddb4fe8f4b9,manual,2026-08-18 12:00:43.150408+00:00,2026-08-18 12:00:43.150408+00:00,2026-08-18 12:00:43.663070+00:00,2025-09-02 00:00:00+00:00,2026-07-19 00:00:00+00:00,2026-07-19 00:00:00+00:00,1,0.35,positive,0.35,resolved,0,0,0.25,positive,0.00,resolved,0,1,0.2,positive,0.2,resolved,0,0.3111111111111111111111111111,0.2,positive,0.06222222222222222222222222222,resolved,0,0,4
060c67e3-52f0-5741-8e76-04e5f0159831,syn1-U-A-002-011,HC2-011,a453a5c4-63a5-5872-95b7-a3b4911aa072,syn1-P-001,Harbor Crest Residences,595d9f18-8f5d-5c43-8866-791052463081,syn1-A-002,Harbor Crest 2,available,3BR,3,94.00,90,domain_units_deals,1,0,1,1,1,0,0,0,0,0,0,0.5933,59.3,medium,3,26,1.0000,0.5000,0,2,f4b36522-4970-456d-8ca4-0ddb4fe8f4b9,manual,2026-08-18 12:00:43.150408+00:00,2026-08-18 12:00:43.150408+00:00,2026-08-18 12:00:43.663070+00:00,2025-08-18 12:00:00+00:00,2026-07-19 00:00:00+00:00,2026-07-19 00:00:00+00:00,1,0.35,positive,0.35,resolved,0,0.3333333333333333333333333333,0.25,positive,0.08333333333333333333333333332,resolved,0,0.5,0.2,positive,0.10,resolved,0,0.3,0.2,positive,0.06,resolved,0,0,4
8f6e12f4-6df1-5c72-8b5b-c7359a7bd302,syn1-U-A-002-012,HC2-012,a453a5c4-63a5-5872-95b7-a3b4911aa072,syn1-P-001,Harbor Crest Residences,595d9f18-8f5d-5c43-8866-791052463081,syn1-A-002,Harbor Crest 2,available,3BR,3,94.00,90,domain_units_deals,1,0,1,1,1,0,0,0,0,0,0,0.5933,59.3,medium,4,27,1.0000,0.5000,0,2,f4b36522-4970-456d-8ca4-0ddb4fe8f4b9,manual,2026-08-18 12:00:43.150408+00:00,2026-08-18 12:00:43.150408+00:00,2026-08-18 12:00:43.663070+00:00,2025-08-19 00:00:00+00:00,2026-07-19 00:00:00+00:00,2026-07-19 00:00:00+00:00,1,0.35,positive,0.35,resolved,0,0.3333333333333333333333333333,0.25,positive,0.08333333333333333333333333332,resolved,0,0.5,0.2,positive,0.10,resolved,0,0.3,0.2,positive,0.06,resolved,0,0,4
f67ec08e-7ef2-5b34-be64-71ca4c6d4616,syn1-U-A-002-013,HC2-013,a453a5c4-63a5-5872-95b7-a3b4911aa072,syn1-P-001,Harbor Crest Residences,595d9f18-8f5d-5c43-8866-791052463081,syn1-A-002,Harbor Crest 2,available,3BR,3,94.00,90,domain_units_deals,1,0,2,1,1,0,0,0,0,0,1,0.5933,59.3,medium,5,28,1.0000,0.5000,0,2,f4b36522-4970-456d-8ca4-0ddb4fe8f4b9,manual,2026-08-18 12:00:43.150408+00:00,2026-08-18 12:00:43.150408+00:00,2026-08-18 12:00:43.663070+00:00,2025-08-19 12:00:00+00:00,2026-07-19 00:00:00+00:00,2026-07-19 00:00:00+00:00,1,0.35,positive,0.35,resolved,0,0.3333333333333333333333333333,0.25,positive,0.08333333333333333333333333332,resolved,0,0.5,0.2,positive,0.10,resolved,0,0.3,0.2,positive,0.06,resolved,0,0,4
302e87d5-c4f4-5a69-8dd4-c1d1a0204b2b,syn1-U-A-002-014,HC2-014,a453a5c4-63a5-5872-95b7-a3b4911aa072,syn1-P-001,Harbor Crest Residences,595d9f18-8f5d-5c43-8866-791052463081,syn1-A-002,Harbor Crest 2,available,3BR,3,94.00,90,domain_units_deals,1,0,1,1,1,0,0,0,0,0,0,0.5933,59.3,medium,6,29,1.0000,0.5000,0,2,f4b36522-4970-456d-8ca4-0ddb4fe8f4b9,manual,2026-08-18 12:00:43.150408+00:00,2026-08-18 12:00:43.150408+00:00,2026-08-18 12:00:43.663070+00:00,2025-08-20 00:00:00+00:00,2026-07-19 00:00:00+00:00,2026-07-19 00:00:00+00:00,1,0.35,positive,0.35,resolved,0,0.3333333333333333333333333333,0.25,positive,0.08333333333333333333333333332,resolved,0,0.5,0.2,positive,0.10,resolved,0,0.3,0.2,positive,0.06,resolved,0,0,4
4096cc34-230a-5496-8ce8-fb663c83f260,syn1-U-A-004-003,HC4-003,a453a5c4-63a5-5872-95b7-a3b4911aa072,syn1-P-001,Harbor Crest Residences,fefccc58-d625-539e-a48e-d38ba602c0b4,syn1-A-004,Harbor Crest 4,available,Studio,0,32.00,60,domain_units_deals,1,0,0,0,0,0,0,0,0,0,0,0.5500,55.0,medium,1,30,1.0000,0.5000,0,2,f4b36522-4970-456d-8ca4-0ddb4fe8f4b9,manual,2026-08-18 12:00:43.150408+00:00,2026-08-18 12:00:43.150408+00:00,2026-08-18 12:00:43.663070+00:00,2025-08-14 12:00:00+00:00,2026-07-19 00:00:00+00:00,2026-07-19 00:00:00+00:00,1,0.35,positive,0.35,resolved,0,0,0.25,positive,0.00,resolved,0,0.5,0.2,positive,0.10,missing_defaulted,1,0.5,0.2,positive,0.10,missing_defaulted,1,2,4
17bdfad5-8781-54f1-8ec4-ef53a692fc56,syn1-U-A-004-004,HC4-004,a453a5c4-63a5-5872-95b7-a3b4911aa072,syn1-P-001,Harbor Crest Residences,fefccc58-d625-539e-a48e-d38ba602c0b4,syn1-A-004,Harbor Crest 4,available,Studio,0,32.00,60,domain_units_deals,1,0,0,0,0,0,0,0,0,0,0,0.5500,55.0,medium,2,31,1.0000,0.5000,0,2,f4b36522-4970-456d-8ca4-0ddb4fe8f4b9,manual,2026-08-18 12:00:43.150408+00:00,2026-08-18 12:00:43.150408+00:00,2026-08-18 12:00:43.663070+00:00,2025-08-15 00:00:00+00:00,2026-07-19 00:00:00+00:00,2026-07-19 00:00:00+00:00,1,0.35,positive,0.35,resolved,0,0,0.25,positive,0.00,resolved,0,0.5,0.2,positive,0.10,missing_defaulted,1,0.5,0.2,positive,0.10,missing_defaulted,1,2,4
d98ee9ff-f083-5516-8a7b-cb2bc7fb2638,syn1-U-A-004-005,HC4-005,a453a5c4-63a5-5872-95b7-a3b4911aa072,syn1-P-001,Harbor Crest Residences,fefccc58-d625-539e-a48e-d38ba602c0b4,syn1-A-004,Harbor Crest 4,available,Studio,0,32.00,60,domain_units_deals,1,0,0,0,0,0,0,0,0,0,0,0.5500,55.0,medium,3,32,1.0000,0.5000,0,2,f4b36522-4970-456d-8ca4-0ddb4fe8f4b9,manual,2026-08-18 12:00:43.150408+00:00,2026-08-18 12:00:43.150408+00:00,2026-08-18 12:00:43.663070+00:00,2025-08-15 12:00:00+00:00,2026-07-19 00:00:00+00:00,2026-07-19 00:00:00+00:00,1,0.35,positive,0.35,resolved,0,0,0.25,positive,0.00,resolved,0,0.5,0.2,positive,0.10,missing_defaulted,1,0.5,0.2,positive,0.10,missing_defaulted,1,2,4
aa134901-9326-5876-8a3f-870497903c4d,syn1-U-A-004-006,HC4-006,a453a5c4-63a5-5872-95b7-a3b4911aa072,syn1-P-001,Harbor Crest Residences,fefccc58-d625-539e-a48e-d38ba602c0b4,syn1-A-004,Harbor Crest 4,available,Studio,0,32.00,60,domain_units_deals,1,0,0,0,0,0,0,0,0,0,0,0.5500,55.0,medium,4,33,1.0000,0.5000,0,2,f4b36522-4970-456d-8ca4-0ddb4fe8f4b9,manual,2026-08-18 12:00:43.150408+00:00,2026-08-18 12:00:43.150408+00:00,2026-08-18 12:00:43.663070+00:00,2025-08-16 00:00:00+00:00,2026-07-19 00:00:00+00:00,2026-07-19 00:00:00+00:00,1,0.35,positive,0.35,resolved,0,0,0.25,positive,0.00,resolved,0,0.5,0.2,positive,0.10,missing_defaulted,1,0.5,0.2,positive,0.10,missing_defaulted,1,2,4
d08bf07b-1ee3-551a-8f10-3cd023ece270,syn1-U-A-004-007,HC4-007,a453a5c4-63a5-5872-95b7-a3b4911aa072,syn1-P-001,Harbor Crest Residences,fefccc58-d625-539e-a48e-d38ba602c0b4,syn1-A-004,Harbor Crest 4,available,Studio,0,32.00,60,domain_units_deals,1,0,0,0,0,0,0,0,0,0,0,0.5500,55.0,medium,5,34,1.0000,0.5000,0,2,f4b36522-4970-456d-8ca4-0ddb4fe8f4b9,manual,2026-08-18 12:00:43.150408+00:00,2026-08-18 12:00:43.150408+00:00,2026-08-18 12:00:43.663070+00:00,2025-08-16 12:00:00+00:00,2026-07-19 00:00:00+00:00,2026-07-19 00:00:00+00:00,1,0.35,positive,0.35,resolved,0,0,0.25,positive,0.00,resolved,0,0.5,0.2,positive,0.10,missing_defaulted,1,0.5,0.2,positive,0.10,missing_defaulted,1,2,4
63b70c7c-fbec-51c9-8985-f11c2d8c0a51,syn1-U-A-004-008,HC4-008,a453a5c4-63a5-5872-95b7-a3b4911aa072,syn1-P-001,Harbor Crest Residences,fefccc58-d625-539e-a48e-d38ba602c0b4,syn1-A-004,Harbor Crest 4,available,Studio,0,32.00,60,domain_units_deals,1,0,0,0,0,0,0,0,0,0,0,0.5500,55.0,medium,6,35,1.0000,0.5000,0,2,f4b36522-4970-456d-8ca4-0ddb4fe8f4b9,manual,2026-08-18 12:00:43.150408+00:00,2026-08-18 12:00:43.150408+00:00,2026-08-18 12:00:43.663070+00:00,2025-08-17 00:00:00+00:00,2026-07-19 00:00:00+00:00,2026-07-19 00:00:00+00:00,1,0.35,positive,0.35,resolved,0,0,0.25,positive,0.00,resolved,0,0.5,0.2,positive,0.10,missing_defaulted,1,0.5,0.2,positive,0.10,missing_defaulted,1,2,4
4f26d9f6-8355-5324-851a-5ee28dff13c7,syn1-U-A-004-009,HC4-009,a453a5c4-63a5-5872-95b7-a3b4911aa072,syn1-P-001,Harbor Crest Residences,fefccc58-d625-539e-a48e-d38ba602c0b4,syn1-A-004,Harbor Crest 4,available,Studio,0,32.00,60,domain_units_deals,1,0,0,0,0,0,0,0,0,0,0,0.5500,55.0,medium,7,36,1.0000,0.5000,0,2,f4b36522-4970-456d-8ca4-0ddb4fe8f4b9,manual,2026-08-18 12:00:43.150408+00:00,2026-08-18 12:00:43.150408+00:00,2026-08-18 12:00:43.663070+00:00,2025-08-17 12:00:00+00:00,2026-07-19 00:00:00+00:00,2026-07-19 00:00:00+00:00,1,0.35,positive,0.35,resolved,0,0,0.25,positive,0.00,resolved,0,0.5,0.2,positive,0.10,missing_defaulted,1,0.5,0.2,positive,0.10,missing_defaulted,1,2,4
15a4da7a-9c45-57ed-9955-e22b27ccc3c8,syn1-U-A-004-010,HC4-010,a453a5c4-63a5-5872-95b7-a3b4911aa072,syn1-P-001,Harbor Crest Residences,fefccc58-d625-539e-a48e-d38ba602c0b4,syn1-A-004,Harbor Crest 4,available,Studio,0,32.00,60,domain_units_deals,1,0,0,0,0,0,0,0,0,0,0,0.5500,55.0,medium,8,37,1.0000,0.5000,0,2,f4b36522-4970-456d-8ca4-0ddb4fe8f4b9,manual,2026-08-18 12:00:43.150408+00:00,2026-08-18 12:00:43.150408+00:00,2026-08-18 12:00:43.663070+00:00,2025-08-18 00:00:00+00:00,2026-07-19 00:00:00+00:00,2026-07-19 00:00:00+00:00,1,0.35,positive,0.35,resolved,0,0,0.25,positive,0.00,resolved,0,0.5,0.2,positive,0.10,missing_defaulted,1,0.5,0.2,positive,0.10,missing_defaulted,1,2,4
e22ed85e-8930-553e-b1d3-e19d208bbc0f,syn1-U-A-004-011,HC4-011,a453a5c4-63a5-5872-95b7-a3b4911aa072,syn1-P-001,Harbor Crest Residences,fefccc58-d625-539e-a48e-d38ba602c0b4,syn1-A-004,Harbor Crest 4,available,Studio,0,32.00,60,domain_units_deals,1,0,0,0,0,0,0,0,0,0,0,0.5500,55.0,medium,9,38,1.0000,0.5000,0,2,f4b36522-4970-456d-8ca4-0ddb4fe8f4b9,manual,2026-08-18 12:00:43.150408+00:00,2026-08-18 12:00:43.150408+00:00,2026-08-18 12:00:43.663070+00:00,2025-08-18 12:00:00+00:00,2026-07-19 00:00:00+00:00,2026-07-19 00:00:00+00:00,1,0.35,positive,0.35,resolved,0,0,0.25,positive,0.00,resolved,0,0.5,0.2,positive,0.10,missing_defaulted,1,0.5,0.2,positive,0.10,missing_defaulted,1,2,4
f304f728-5b33-5eb0-b63d-db7be51a7943,syn1-U-A-004-012,HC4-012,a453a5c4-63a5-5872-95b7-a3b4911aa072,syn1-P-001,Harbor Crest Residences,fefccc58-d625-539e-a48e-d38ba602c0b4,syn1-A-004,Harbor Crest 4,available,Studio,0,32.00,60,domain_units_deals,1,0,0,0,0,0,0,0,0,0,0,0.5500,55.0,medium,10,39,1.0000,0.5000,0,2,f4b36522-4970-456d-8ca4-0ddb4fe8f4b9,manual,2026-08-18 12:00:43.150408+00:00,2026-08-18 12:00:43.150408+00:00,2026-08-18 12:00:43.663070+00:00,2025-08-19 00:00:00+00:00,2026-07-19 00:00:00+00:00,2026-07-19 00:00:00+00:00,1,0.35,positive,0.35,resolved,0,0,0.25,positive,0.00,resolved,0,0.5,0.2,positive,0.10,missing_defaulted,1,0.5,0.2,positive,0.10,missing_defaulted,1,2,4
71cba36e-b084-513d-9838-385f00d52bdd,syn1-U-A-002-015,HC2-015,a453a5c4-63a5-5872-95b7-a3b4911aa072,syn1-P-001,Harbor Crest Residences,595d9f18-8f5d-5c43-8866-791052463081,syn1-A-002,Harbor Crest 2,available,3BR,3,94.00,90,domain_units_deals,1,0,0,0,0,0,0,0,0,0,0,0.5100,51.0,medium,7,40,1.0000,0.5000,0,2,f4b36522-4970-456d-8ca4-0ddb4fe8f4b9,manual,2026-08-18 12:00:43.150408+00:00,2026-08-18 12:00:43.150408+00:00,2026-08-18 12:00:43.663070+00:00,2025-08-20 12:00:00+00:00,2026-07-19 00:00:00+00:00,2026-07-19 00:00:00+00:00,1,0.35,positive,0.35,resolved,0,0,0.25,positive,0.00,resolved,0,0.5,0.2,positive,0.10,resolved,0,0.3,0.2,positive,0.06,resolved,0,0,4
e3c11e4a-0d75-5ea2-9964-e04a404ed119,syn1-U-A-002-016,HC2-016,a453a5c4-63a5-5872-95b7-a3b4911aa072,syn1-P-001,Harbor Crest Residences,595d9f18-8f5d-5c43-8866-791052463081,syn1-A-002,Harbor Crest 2,available,3BR,3,94.00,90,domain_units_deals,1,0,1,0,0,0,0,0,0,0,1,0.5100,51.0,medium,8,41,1.0000,0.5000,0,2,f4b36522-4970-456d-8ca4-0ddb4fe8f4b9,manual,2026-08-18 12:00:43.150408+00:00,2026-08-18 12:00:43.150408+00:00,2026-08-18 12:00:43.663070+00:00,2025-08-21 00:00:00+00:00,2026-07-19 00:00:00+00:00,2026-07-19 00:00:00+00:00,1,0.35,positive,0.35,resolved,0,0,0.25,positive,0.00,resolved,0,0.5,0.2,positive,0.10,resolved,0,0.3,0.2,positive,0.06,resolved,0,0,4
a922d929-89ed-5fd5-a37f-2a9c0df3c1f0,syn1-U-A-002-017,HC2-017,a453a5c4-63a5-5872-95b7-a3b4911aa072,syn1-P-001,Harbor Crest Residences,595d9f18-8f5d-5c43-8866-791052463081,syn1-A-002,Harbor Crest 2,available,3BR,3,94.00,90,domain_units_deals,1,0,0,0,0,0,0,0,0,0,0,0.5100,51.0,medium,9,42,1.0000,0.5000,0,2,f4b36522-4970-456d-8ca4-0ddb4fe8f4b9,manual,2026-08-18 12:00:43.150408+00:00,2026-08-18 12:00:43.150408+00:00,2026-08-18 12:00:43.663070+00:00,2025-08-21 12:00:00+00:00,2026-07-19 00:00:00+00:00,2026-07-19 00:00:00+00:00,1,0.35,positive,0.35,resolved,0,0,0.25,positive,0.00,resolved,0,0.5,0.2,positive,0.10,resolved,0,0.3,0.2,positive,0.06,resolved,0,0,4
b72ce10a-7e99-5408-b17c-453a0458312a,syn1-U-A-002-018,HC2-018,a453a5c4-63a5-5872-95b7-a3b4911aa072,syn1-P-001,Harbor Crest Residences,595d9f18-8f5d-5c43-8866-791052463081,syn1-A-002,Harbor Crest 2,available,3BR,3,94.00,90,domain_units_deals,1,0,0,0,0,0,0,0,0,0,0,0.5100,51.0,medium,10,43,1.0000,0.5000,0,2,f4b36522-4970-456d-8ca4-0ddb4fe8f4b9,manual,2026-08-18 12:00:43.150408+00:00,2026-08-18 12:00:43.150408+00:00,2026-08-18 12:00:43.663070+00:00,2025-08-22 00:00:00+00:00,2026-07-19 00:00:00+00:00,2026-07-19 00:00:00+00:00,1,0.35,positive,0.35,resolved,0,0,0.25,positive,0.00,resolved,0,0.5,0.2,positive,0.10,resolved,0,0.3,0.2,positive,0.06,resolved,0,0,4
c328f15a-0f84-545d-99ce-5d15ebf04c40,syn1-U-A-002-019,HC2-019,a453a5c4-63a5-5872-95b7-a3b4911aa072,syn1-P-001,Harbor Crest Residences,595d9f18-8f5d-5c43-8866-791052463081,syn1-A-002,Harbor Crest 2,available,3BR,3,94.00,90,domain_units_deals,1,0,1,0,0,0,0,0,0,0,1,0.5100,51.0,medium,11,44,1.0000,0.5000,0,2,f4b36522-4970-456d-8ca4-0ddb4fe8f4b9,manual,2026-08-18 12:00:43.150408+00:00,2026-08-18 12:00:43.150408+00:00,2026-08-18 12:00:43.663070+00:00,2025-08-22 12:00:00+00:00,2026-07-19 00:00:00+00:00,2026-07-19 00:00:00+00:00,1,0.35,positive,0.35,resolved,0,0,0.25,positive,0.00,resolved,0,0.5,0.2,positive,0.10,resolved,0,0.3,0.2,positive,0.06,resolved,0,0,4
6dab61bf-4ea4-52a1-8ca2-c1a228b0e103,syn1-U-A-002-020,HC2-020,a453a5c4-63a5-5872-95b7-a3b4911aa072,syn1-P-001,Harbor Crest Residences,595d9f18-8f5d-5c43-8866-791052463081,syn1-A-002,Harbor Crest 2,available,3BR,3,94.00,90,domain_units_deals,1,0,0,0,0,0,0,0,0,0,0,0.5100,51.0,medium,12,45,1.0000,0.5000,0,2,f4b36522-4970-456d-8ca4-0ddb4fe8f4b9,manual,2026-08-18 12:00:43.150408+00:00,2026-08-18 12:00:43.150408+00:00,2026-08-18 12:00:43.663070+00:00,2025-08-23 00:00:00+00:00,2026-07-19 00:00:00+00:00,2026-07-19 00:00:00+00:00,1,0.35,positive,0.35,resolved,0,0,0.25,positive,0.00,resolved,0,0.5,0.2,positive,0.10,resolved,0,0.3,0.2,positive,0.06,resolved,0,0,4
d2b8d3d2-c3e5-5cb4-8ab1-ac5ffb2db77b,syn1-U-A-002-021,HC2-021,a453a5c4-63a5-5872-95b7-a3b4911aa072,syn1-P-001,Harbor Crest Residences,595d9f18-8f5d-5c43-8866-791052463081,syn1-A-002,Harbor Crest 2,available,3BR,3,94.00,90,domain_units_deals,1,0,0,0,0,0,0,0,0,0,0,0.5100,51.0,medium,13,46,1.0000,0.5000,0,2,f4b36522-4970-456d-8ca4-0ddb4fe8f4b9,manual,2026-08-18 12:00:43.150408+00:00,2026-08-18 12:00:43.150408+00:00,2026-08-18 12:00:43.663070+00:00,2025-08-23 12:00:00+00:00,2026-07-19 00:00:00+00:00,2026-07-19 00:00:00+00:00,1,0.35,positive,0.35,resolved,0,0,0.25,positive,0.00,resolved,0,0.5,0.2,positive,0.10,resolved,0,0.3,0.2,positive,0.06,resolved,0,0,4
5988a9fa-0219-5301-96cd-ddb98570ae97,syn1-U-A-002-022,HC2-022,a453a5c4-63a5-5872-95b7-a3b4911aa072,syn1-P-001,Harbor Crest Residences,595d9f18-8f5d-5c43-8866-791052463081,syn1-A-002,Harbor Crest 2,available,3BR,3,94.00,90,domain_units_deals,1,0,0,0,0,0,0,0,0,0,0,0.5100,51.0,medium,14,47,1.0000,0.5000,0,2,f4b36522-4970-456d-8ca4-0ddb4fe8f4b9,manual,2026-08-18 12:00:43.150408+00:00,2026-08-18 12:00:43.150408+00:00,2026-08-18 12:00:43.663070+00:00,2025-08-24 00:00:00+00:00,2026-07-19 00:00:00+00:00,2026-07-19 00:00:00+00:00,1,0.35,positive,0.35,resolved,0,0,0.25,positive,0.00,resolved,0,0.5,0.2,positive,0.10,resolved,0,0.3,0.2,positive,0.06,resolved,0,0,4
b574a371-5c05-52cb-90d6-f9f0e92d72f0,syn1-U-A-002-023,HC2-023,a453a5c4-63a5-5872-95b7-a3b4911aa072,syn1-P-001,Harbor Crest Residences,595d9f18-8f5d-5c43-8866-791052463081,syn1-A-002,Harbor Crest 2,available,3BR,3,94.00,90,domain_units_deals,1,0,0,0,0,0,0,0,0,0,0,0.5100,51.0,medium,15,48,1.0000,0.5000,0,2,f4b36522-4970-456d-8ca4-0ddb4fe8f4b9,manual,2026-08-18 12:00:43.150408+00:00,2026-08-18 12:00:43.150408+00:00,2026-08-18 12:00:43.663070+00:00,2025-08-24 12:00:00+00:00,2026-07-19 00:00:00+00:00,2026-07-19 00:00:00+00:00,1,0.35,positive,0.35,resolved,0,0,0.25,positive,0.00,resolved,0,0.5,0.2,positive,0.10,resolved,0,0.3,0.2,positive,0.06,resolved,0,0,4
deac2a14-15da-59b7-8c53-9cdcfdae1dbd,syn1-U-A-002-024,HC2-024,a453a5c4-63a5-5872-95b7-a3b4911aa072,syn1-P-001,Harbor Crest Residences,595d9f18-8f5d-5c43-8866-791052463081,syn1-A-002,Harbor Crest 2,available,3BR,3,94.00,90,domain_units_deals,1,0,0,0,0,0,0,0,0,0,0,0.5100,51.0,medium,16,49,1.0000,0.5000,0,2,f4b36522-4970-456d-8ca4-0ddb4fe8f4b9,manual,2026-08-18 12:00:43.150408+00:00,2026-08-18 12:00:43.150408+00:00,2026-08-18 12:00:43.663070+00:00,2025-08-25 00:00:00+00:00,2026-07-19 00:00:00+00:00,2026-07-19 00:00:00+00:00,1,0.35,positive,0.35,resolved,0,0,0.25,positive,0.00,resolved,0,0.5,0.2,positive,0.10,resolved,0,0.3,0.2,positive,0.06,resolved,0,0,4
3fe26753-6fa9-5ba9-9e11-b6e6f0cf3d16,syn1-U-A-002-025,HC2-025,a453a5c4-63a5-5872-95b7-a3b4911aa072,syn1-P-001,Harbor Crest Residences,595d9f18-8f5d-5c43-8866-791052463081,syn1-A-002,Harbor Crest 2,available,3BR,3,94.00,90,domain_units_deals,1,0,0,0,0,0,0,0,0,0,0,0.5100,51.0,medium,17,50,1.0000,0.5000,0,2,f4b36522-4970-456d-8ca4-0ddb4fe8f4b9,manual,2026-08-18 12:00:43.150408+00:00,2026-08-18 12:00:43.150408+00:00,2026-08-18 12:00:43.663070+00:00,2025-08-25 12:00:00+00:00,2026-07-19 00:00:00+00:00,2026-07-19 00:00:00+00:00,1,0.35,positive,0.35,resolved,0,0,0.25,positive,0.00,resolved,0,0.5,0.2,positive,0.10,resolved,0,0.3,0.2,positive,0.06,resolved,0,0,4
b31610c1-d386-531c-b335-8a3590f4b9c8,syn1-U-A-002-026,HC2-026,a453a5c4-63a5-5872-95b7-a3b4911aa072,syn1-P-001,Harbor Crest Residences,595d9f18-8f5d-5c43-8866-791052463081,syn1-A-002,Harbor Crest 2,available,3BR,3,94.00,90,domain_units_deals,1,0,0,0,0,0,0,0,0,0,0,0.5100,51.0,medium,18,51,1.0000,0.5000,0,2,f4b36522-4970-456d-8ca4-0ddb4fe8f4b9,manual,2026-08-18 12:00:43.150408+00:00,2026-08-18 12:00:43.150408+00:00,2026-08-18 12:00:43.663070+00:00,2025-08-26 00:00:00+00:00,2026-07-19 00:00:00+00:00,2026-07-19 00:00:00+00:00,1,0.35,positive,0.35,resolved,0,0,0.25,positive,0.00,resolved,0,0.5,0.2,positive,0.10,resolved,0,0.3,0.2,positive,0.06,resolved,0,0,4
c07b9476-a607-5c68-a612-8592e6e11b0e,syn1-U-A-002-027,HC2-027,a453a5c4-63a5-5872-95b7-a3b4911aa072,syn1-P-001,Harbor Crest Residences,595d9f18-8f5d-5c43-8866-791052463081,syn1-A-002,Harbor Crest 2,available,3BR,3,94.00,90,domain_units_deals,1,0,0,0,0,0,0,0,0,0,0,0.5100,51.0,medium,19,52,1.0000,0.5000,0,2,f4b36522-4970-456d-8ca4-0ddb4fe8f4b9,manual,2026-08-18 12:00:43.150408+00:00,2026-08-18 12:00:43.150408+00:00,2026-08-18 12:00:43.663070+00:00,2025-08-26 12:00:00+00:00,2026-07-19 00:00:00+00:00,2026-07-19 00:00:00+00:00,1,0.35,positive,0.35,resolved,0,0,0.25,positive,0.00,resolved,0,0.5,0.2,positive,0.10,resolved,0,0.3,0.2,positive,0.06,resolved,0,0,4
cc53894c-d645-54c9-8b81-762afb68f09d,syn1-U-A-002-028,HC2-028,a453a5c4-63a5-5872-95b7-a3b4911aa072,syn1-P-001,Harbor Crest Residences,595d9f18-8f5d-5c43-8866-791052463081,syn1-A-002,Harbor Crest 2,available,3BR,3,94.00,90,domain_units_deals,1,0,0,0,0,0,0,0,0,0,0,0.5100,51.0,medium,20,53,1.0000,0.5000,0,2,f4b36522-4970-456d-8ca4-0ddb4fe8f4b9,manual,2026-08-18 12:00:43.150408+00:00,2026-08-18 12:00:43.150408+00:00,2026-08-18 12:00:43.663070+00:00,2025-08-27 00:00:00+00:00,2026-07-19 00:00:00+00:00,2026-07-19 00:00:00+00:00,1,0.35,positive,0.35,resolved,0,0,0.25,positive,0.00,resolved,0,0.5,0.2,positive,0.10,resolved,0,0.3,0.2,positive,0.06,resolved,0,0,4
4523f57c-fb8b-5d45-a497-2af0ee8c5706,syn1-U-A-002-029,HC2-029,a453a5c4-63a5-5872-95b7-a3b4911aa072,syn1-P-001,Harbor Crest Residences,595d9f18-8f5d-5c43-8866-791052463081,syn1-A-002,Harbor Crest 2,available,3BR,3,94.00,90,domain_units_deals,1,0,0,0,0,0,0,0,0,0,0,0.5100,51.0,medium,21,54,1.0000,0.5000,0,2,f4b36522-4970-456d-8ca4-0ddb4fe8f4b9,manual,2026-08-18 12:00:43.150408+00:00,2026-08-18 12:00:43.150408+00:00,2026-08-18 12:00:43.663070+00:00,2025-08-27 12:00:00+00:00,2026-07-19 00:00:00+00:00,2026-07-19 00:00:00+00:00,1,0.35,positive,0.35,resolved,0,0,0.25,positive,0.00,resolved,0,0.5,0.2,positive,0.10,resolved,0,0.3,0.2,positive,0.06,resolved,0,0,4
f70116bd-fae7-510e-9078-3327ef3169d4,syn1-U-A-002-030,HC2-030,a453a5c4-63a5-5872-95b7-a3b4911aa072,syn1-P-001,Harbor Crest Residences,595d9f18-8f5d-5c43-8866-791052463081,syn1-A-002,Harbor Crest 2,available,3BR,3,94.00,90,domain_units_deals,1,0,0,0,0,0,0,0,0,0,0,0.5100,51.0,medium,22,55,1.0000,0.5000,0,2,f4b36522-4970-456d-8ca4-0ddb4fe8f4b9,manual,2026-08-18 12:00:43.150408+00:00,2026-08-18 12:00:43.150408+00:00,2026-08-18 12:00:43.663070+00:00,2025-08-28 00:00:00+00:00,2026-07-19 00:00:00+00:00,2026-07-19 00:00:00+00:00,1,0.35,positive,0.35,resolved,0,0,0.25,positive,0.00,resolved,0,0.5,0.2,positive,0.10,resolved,0,0.3,0.2,positive,0.06,resolved,0,0,4
eaa48b24-1533-5f31-a1bb-4cc82be6e247,syn1-U-A-003-005,HC3-005,a453a5c4-63a5-5872-95b7-a3b4911aa072,syn1-P-001,Harbor Crest Residences,0b24d289-da6c-5de3-9062-67af2813f4ea,syn1-A-003,Harbor Crest 3,available,1BR,1,45.20,80,domain_units_deals,1,0,1,1,1,0,0,0,0,0,0,0.4641,46.4,medium,1,56,1.0000,0.5000,0,2,f4b36522-4970-456d-8ca4-0ddb4fe8f4b9,manual,2026-08-18 12:00:43.150408+00:00,2026-08-18 12:00:43.150408+00:00,2026-08-18 12:00:43.663070+00:00,2025-08-15 12:00:00+00:00,2026-07-19 00:00:00+00:00,2026-07-19 00:00:00+00:00,1,0.35,positive,0.35,resolved,0,0.3333333333333333333333333333,0.25,positive,0.08333333333333333333333333332,resolved,0,0E+2,0.2,positive,0E+1,resolved,0,0.1538461538461538461538461538,0.2,positive,0.03076923076923076923076923076,resolved,0,0,4
7f3ca7bb-482a-5cd4-9d26-283cda805690,syn1-U-A-003-006,HC3-006,a453a5c4-63a5-5872-95b7-a3b4911aa072,syn1-P-001,Harbor Crest Residences,0b24d289-da6c-5de3-9062-67af2813f4ea,syn1-A-003,Harbor Crest 3,available,1BR,1,45.20,80,domain_units_deals,1,0,2,1,1,0,0,0,0,0,1,0.4641,46.4,medium,2,57,1.0000,0.5000,0,2,f4b36522-4970-456d-8ca4-0ddb4fe8f4b9,manual,2026-08-18 12:00:43.150408+00:00,2026-08-18 12:00:43.150408+00:00,2026-08-18 12:00:43.663070+00:00,2025-08-16 00:00:00+00:00,2026-07-19 00:00:00+00:00,2026-07-19 00:00:00+00:00,1,0.35,positive,0.35,resolved,0,0.3333333333333333333333333333,0.25,positive,0.08333333333333333333333333332,resolved,0,0E+2,0.2,positive,0E+1,resolved,0,0.1538461538461538461538461538,0.2,positive,0.03076923076923076923076923076,resolved,0,0,4
e3e1db45-63b5-5c8e-9064-d6dc220ad4db,syn1-U-A-003-007,HC3-007,a453a5c4-63a5-5872-95b7-a3b4911aa072,syn1-P-001,Harbor Crest Residences,0b24d289-da6c-5de3-9062-67af2813f4ea,syn1-A-003,Harbor Crest 3,available,1BR,1,45.20,80,domain_units_deals,1,0,1,0,0,0,0,0,0,0,1,0.3808,38.1,medium,3,58,1.0000,0.5000,0,2,f4b36522-4970-456d-8ca4-0ddb4fe8f4b9,manual,2026-08-18 12:00:43.150408+00:00,2026-08-18 12:00:43.150408+00:00,2026-08-18 12:00:43.663070+00:00,2025-08-16 12:00:00+00:00,2026-07-19 00:00:00+00:00,2026-07-19 00:00:00+00:00,1,0.35,positive,0.35,resolved,0,0,0.25,positive,0.00,resolved,0,0E+2,0.2,positive,0E+1,resolved,0,0.1538461538461538461538461538,0.2,positive,0.03076923076923076923076923076,resolved,0,0,4
a4f8ba31-41b3-5b3a-93bc-bb957c9a6e95,syn1-U-A-003-008,HC3-008,a453a5c4-63a5-5872-95b7-a3b4911aa072,syn1-P-001,Harbor Crest Residences,0b24d289-da6c-5de3-9062-67af2813f4ea,syn1-A-003,Harbor Crest 3,available,1BR,1,45.20,80,domain_units_deals,1,0,0,0,0,0,0,0,0,0,0,0.3808,38.1,medium,4,59,1.0000,0.5000,0,2,f4b36522-4970-456d-8ca4-0ddb4fe8f4b9,manual,2026-08-18 12:00:43.150408+00:00,2026-08-18 12:00:43.150408+00:00,2026-08-18 12:00:43.663070+00:00,2025-08-17 00:00:00+00:00,2026-07-19 00:00:00+00:00,2026-07-19 00:00:00+00:00,1,0.35,positive,0.35,resolved,0,0,0.25,positive,0.00,resolved,0,0E+2,0.2,positive,0E+1,resolved,0,0.1538461538461538461538461538,0.2,positive,0.03076923076923076923076923076,resolved,0,0,4
ff70288e-8cc8-5ee1-9902-dc6d9e0841a6,syn1-U-A-003-009,HC3-009,a453a5c4-63a5-5872-95b7-a3b4911aa072,syn1-P-001,Harbor Crest Residences,0b24d289-da6c-5de3-9062-67af2813f4ea,syn1-A-003,Harbor Crest 3,available,1BR,1,45.20,80,domain_units_deals,1,0,1,0,0,0,0,0,0,0,1,0.3808,38.1,medium,5,60,1.0000,0.5000,0,2,f4b36522-4970-456d-8ca4-0ddb4fe8f4b9,manual,2026-08-18 12:00:43.150408+00:00,2026-08-18 12:00:43.150408+00:00,2026-08-18 12:00:43.663070+00:00,2025-08-17 12:00:00+00:00,2026-07-19 00:00:00+00:00,2026-07-19 00:00:00+00:00,1,0.35,positive,0.35,resolved,0,0,0.25,positive,0.00,resolved,0,0E+2,0.2,positive,0E+1,resolved,0,0.1538461538461538461538461538,0.2,positive,0.03076923076923076923076923076,resolved,0,0,4
993ce1ea-6ac8-5140-a89b-e76c8342c75b,syn1-U-A-003-010,HC3-010,a453a5c4-63a5-5872-95b7-a3b4911aa072,syn1-P-001,Harbor Crest Residences,0b24d289-da6c-5de3-9062-67af2813f4ea,syn1-A-003,Harbor Crest 3,available,1BR,1,45.20,80,domain_units_deals,1,0,0,0,0,0,0,0,0,0,0,0.3808,38.1,medium,6,61,1.0000,0.5000,0,2,f4b36522-4970-456d-8ca4-0ddb4fe8f4b9,manual,2026-08-18 12:00:43.150408+00:00,2026-08-18 12:00:43.150408+00:00,2026-08-18 12:00:43.663070+00:00,2025-08-18 00:00:00+00:00,2026-07-19 00:00:00+00:00,2026-07-19 00:00:00+00:00,1,0.35,positive,0.35,resolved,0,0,0.25,positive,0.00,resolved,0,0E+2,0.2,positive,0E+1,resolved,0,0.1538461538461538461538461538,0.2,positive,0.03076923076923076923076923076,resolved,0,0,4
74b09c92-c1e6-5cd1-9234-b17e4e00a1b9,syn1-U-A-003-011,HC3-011,a453a5c4-63a5-5872-95b7-a3b4911aa072,syn1-P-001,Harbor Crest Residences,0b24d289-da6c-5de3-9062-67af2813f4ea,syn1-A-003,Harbor Crest 3,available,1BR,1,45.20,80,domain_units_deals,1,0,0,0,0,0,0,0,0,0,0,0.3808,38.1,medium,7,62,1.0000,0.5000,0,2,f4b36522-4970-456d-8ca4-0ddb4fe8f4b9,manual,2026-08-18 12:00:43.150408+00:00,2026-08-18 12:00:43.150408+00:00,2026-08-18 12:00:43.663070+00:00,2025-08-18 12:00:00+00:00,2026-07-19 00:00:00+00:00,2026-07-19 00:00:00+00:00,1,0.35,positive,0.35,resolved,0,0,0.25,positive,0.00,resolved,0,0E+2,0.2,positive,0E+1,resolved,0,0.1538461538461538461538461538,0.2,positive,0.03076923076923076923076923076,resolved,0,0,4
59a5716a-7211-5370-b9bf-aae13c88c0b1,syn1-U-A-003-012,HC3-012,a453a5c4-63a5-5872-95b7-a3b4911aa072,syn1-P-001,Harbor Crest Residences,0b24d289-da6c-5de3-9062-67af2813f4ea,syn1-A-003,Harbor Crest 3,available,1BR,1,45.20,80,domain_units_deals,1,0,1,0,0,0,0,0,0,0,1,0.3808,38.1,medium,8,63,1.0000,0.5000,0,2,f4b36522-4970-456d-8ca4-0ddb4fe8f4b9,manual,2026-08-18 12:00:43.150408+00:00,2026-08-18 12:00:43.150408+00:00,2026-08-18 12:00:43.663070+00:00,2025-08-19 00:00:00+00:00,2026-07-19 00:00:00+00:00,2026-07-19 00:00:00+00:00,1,0.35,positive,0.35,resolved,0,0,0.25,positive,0.00,resolved,0,0E+2,0.2,positive,0E+1,resolved,0,0.1538461538461538461538461538,0.2,positive,0.03076923076923076923076923076,resolved,0,0,4
f08cd43f-2468-503b-a6a1-1c23818c0fb7,syn1-U-A-003-013,HC3-013,a453a5c4-63a5-5872-95b7-a3b4911aa072,syn1-P-001,Harbor Crest Residences,0b24d289-da6c-5de3-9062-67af2813f4ea,syn1-A-003,Harbor Crest 3,available,1BR,1,45.20,80,domain_units_deals,1,0,0,0,0,0,0,0,0,0,0,0.3808,38.1,medium,9,64,1.0000,0.5000,0,2,f4b36522-4970-456d-8ca4-0ddb4fe8f4b9,manual,2026-08-18 12:00:43.150408+00:00,2026-08-18 12:00:43.150408+00:00,2026-08-18 12:00:43.663070+00:00,2025-08-19 12:00:00+00:00,2026-07-19 00:00:00+00:00,2026-07-19 00:00:00+00:00,1,0.35,positive,0.35,resolved,0,0,0.25,positive,0.00,resolved,0,0E+2,0.2,positive,0E+1,resolved,0,0.1538461538461538461538461538,0.2,positive,0.03076923076923076923076923076,resolved,0,0,4
e92fdcac-c321-534f-8ccb-0b1afdf10993,syn1-U-A-003-014,HC3-014,a453a5c4-63a5-5872-95b7-a3b4911aa072,syn1-P-001,Harbor Crest Residences,0b24d289-da6c-5de3-9062-67af2813f4ea,syn1-A-003,Harbor Crest 3,available,1BR,1,45.20,80,domain_units_deals,1,0,0,0,0,0,0,0,0,0,0,0.3808,38.1,medium,10,65,1.0000,0.5000,0,2,f4b36522-4970-456d-8ca4-0ddb4fe8f4b9,manual,2026-08-18 12:00:43.150408+00:00,2026-08-18 12:00:43.150408+00:00,2026-08-18 12:00:43.663070+00:00,2025-08-20 00:00:00+00:00,2026-07-19 00:00:00+00:00,2026-07-19 00:00:00+00:00,1,0.35,positive,0.35,resolved,0,0,0.25,positive,0.00,resolved,0,0E+2,0.2,positive,0E+1,resolved,0,0.1538461538461538461538461538,0.2,positive,0.03076923076923076923076923076,resolved,0,0,4
86ff17b1-71e0-5215-a615-1f888444101a,syn1-U-A-003-015,HC3-015,a453a5c4-63a5-5872-95b7-a3b4911aa072,syn1-P-001,Harbor Crest Residences,0b24d289-da6c-5de3-9062-67af2813f4ea,syn1-A-003,Harbor Crest 3,available,1BR,1,45.20,80,domain_units_deals,1,0,1,0,0,0,0,0,0,0,1,0.3808,38.1,medium,11,66,1.0000,0.5000,0,2,f4b36522-4970-456d-8ca4-0ddb4fe8f4b9,manual,2026-08-18 12:00:43.150408+00:00,2026-08-18 12:00:43.150408+00:00,2026-08-18 12:00:43.663070+00:00,2025-08-20 12:00:00+00:00,2026-07-19 00:00:00+00:00,2026-07-19 00:00:00+00:00,1,0.35,positive,0.35,resolved,0,0,0.25,positive,0.00,resolved,0,0E+2,0.2,positive,0E+1,resolved,0,0.1538461538461538461538461538,0.2,positive,0.03076923076923076923076923076,resolved,0,0,4
1acffca8-739f-5ffa-9d0d-f55eac5fd2ea,syn1-U-A-003-016,HC3-016,a453a5c4-63a5-5872-95b7-a3b4911aa072,syn1-P-001,Harbor Crest Residences,0b24d289-da6c-5de3-9062-67af2813f4ea,syn1-A-003,Harbor Crest 3,available,1BR,1,45.20,80,domain_units_deals,1,0,0,0,0,0,0,0,0,0,0,0.3808,38.1,medium,12,67,1.0000,0.5000,0,2,f4b36522-4970-456d-8ca4-0ddb4fe8f4b9,manual,2026-08-18 12:00:43.150408+00:00,2026-08-18 12:00:43.150408+00:00,2026-08-18 12:00:43.663070+00:00,2025-08-21 00:00:00+00:00,2026-07-19 00:00:00+00:00,2026-07-19 00:00:00+00:00,1,0.35,positive,0.35,resolved,0,0,0.25,positive,0.00,resolved,0,0E+2,0.2,positive,0E+1,resolved,0,0.1538461538461538461538461538,0.2,positive,0.03076923076923076923076923076,resolved,0,0,4
9aff6ffc-377b-52ab-acd2-3853c328e2a2,syn1-U-A-003-017,HC3-017,a453a5c4-63a5-5872-95b7-a3b4911aa072,syn1-P-001,Harbor Crest Residences,0b24d289-da6c-5de3-9062-67af2813f4ea,syn1-A-003,Harbor Crest 3,available,1BR,1,45.20,80,domain_units_deals,1,0,0,0,0,0,0,0,0,0,0,0.3808,38.1,medium,13,68,1.0000,0.5000,0,2,f4b36522-4970-456d-8ca4-0ddb4fe8f4b9,manual,2026-08-18 12:00:43.150408+00:00,2026-08-18 12:00:43.150408+00:00,2026-08-18 12:00:43.663070+00:00,2025-08-21 12:00:00+00:00,2026-07-19 00:00:00+00:00,2026-07-19 00:00:00+00:00,1,0.35,positive,0.35,resolved,0,0,0.25,positive,0.00,resolved,0,0E+2,0.2,positive,0E+1,resolved,0,0.1538461538461538461538461538,0.2,positive,0.03076923076923076923076923076,resolved,0,0,4
55a1db1d-3da5-551e-b870-e49493c99476,syn1-U-A-003-018,HC3-018,a453a5c4-63a5-5872-95b7-a3b4911aa072,syn1-P-001,Harbor Crest Residences,0b24d289-da6c-5de3-9062-67af2813f4ea,syn1-A-003,Harbor Crest 3,available,1BR,1,45.20,80,domain_units_deals,1,0,1,0,0,0,0,0,0,0,1,0.3808,38.1,medium,14,69,1.0000,0.5000,0,2,f4b36522-4970-456d-8ca4-0ddb4fe8f4b9,manual,2026-08-18 12:00:43.150408+00:00,2026-08-18 12:00:43.150408+00:00,2026-08-18 12:00:43.663070+00:00,2025-08-22 00:00:00+00:00,2026-07-19 00:00:00+00:00,2026-07-19 00:00:00+00:00,1,0.35,positive,0.35,resolved,0,0,0.25,positive,0.00,resolved,0,0E+2,0.2,positive,0E+1,resolved,0,0.1538461538461538461538461538,0.2,positive,0.03076923076923076923076923076,resolved,0,0,4
241b97bf-895d-58cc-b2c8-0796eb8e0772,syn1-U-A-003-019,HC3-019,a453a5c4-63a5-5872-95b7-a3b4911aa072,syn1-P-001,Harbor Crest Residences,0b24d289-da6c-5de3-9062-67af2813f4ea,syn1-A-003,Harbor Crest 3,available,1BR,1,45.20,80,domain_units_deals,1,0,0,0,0,0,0,0,0,0,0,0.3808,38.1,medium,15,70,1.0000,0.5000,0,2,f4b36522-4970-456d-8ca4-0ddb4fe8f4b9,manual,2026-08-18 12:00:43.150408+00:00,2026-08-18 12:00:43.150408+00:00,2026-08-18 12:00:43.663070+00:00,2025-08-22 12:00:00+00:00,2026-07-19 00:00:00+00:00,2026-07-19 00:00:00+00:00,1,0.35,positive,0.35,resolved,0,0,0.25,positive,0.00,resolved,0,0E+2,0.2,positive,0E+1,resolved,0,0.1538461538461538461538461538,0.2,positive,0.03076923076923076923076923076,resolved,0,0,4
c1653867-35c4-54b2-bf5d-f6ac6b363f41,syn1-U-A-003-020,HC3-020,a453a5c4-63a5-5872-95b7-a3b4911aa072,syn1-P-001,Harbor Crest Residences,0b24d289-da6c-5de3-9062-67af2813f4ea,syn1-A-003,Harbor Crest 3,available,1BR,1,45.20,80,domain_units_deals,1,0,0,0,0,0,0,0,0,0,0,0.3808,38.1,medium,16,71,1.0000,0.5000,0,2,f4b36522-4970-456d-8ca4-0ddb4fe8f4b9,manual,2026-08-18 12:00:43.150408+00:00,2026-08-18 12:00:43.150408+00:00,2026-08-18 12:00:43.663070+00:00,2025-08-23 00:00:00+00:00,2026-07-19 00:00:00+00:00,2026-07-19 00:00:00+00:00,1,0.35,positive,0.35,resolved,0,0,0.25,positive,0.00,resolved,0,0E+2,0.2,positive,0E+1,resolved,0,0.1538461538461538461538461538,0.2,positive,0.03076923076923076923076923076,resolved,0,0,4
342b3158-88e5-5e82-b747-1b4cd955b824,syn1-U-A-003-021,HC3-021,a453a5c4-63a5-5872-95b7-a3b4911aa072,syn1-P-001,Harbor Crest Residences,0b24d289-da6c-5de3-9062-67af2813f4ea,syn1-A-003,Harbor Crest 3,available,1BR,1,45.20,80,domain_units_deals,1,0,1,0,0,0,0,0,0,0,1,0.3808,38.1,medium,17,72,1.0000,0.5000,0,2,f4b36522-4970-456d-8ca4-0ddb4fe8f4b9,manual,2026-08-18 12:00:43.150408+00:00,2026-08-18 12:00:43.150408+00:00,2026-08-18 12:00:43.663070+00:00,2025-08-23 12:00:00+00:00,2026-07-19 00:00:00+00:00,2026-07-19 00:00:00+00:00,1,0.35,positive,0.35,resolved,0,0,0.25,positive,0.00,resolved,0,0E+2,0.2,positive,0E+1,resolved,0,0.1538461538461538461538461538,0.2,positive,0.03076923076923076923076923076,resolved,0,0,4
c6cde389-3b0d-532f-82de-36ca6c74ea3a,syn1-U-A-003-022,HC3-022,a453a5c4-63a5-5872-95b7-a3b4911aa072,syn1-P-001,Harbor Crest Residences,0b24d289-da6c-5de3-9062-67af2813f4ea,syn1-A-003,Harbor Crest 3,available,1BR,1,45.20,80,domain_units_deals,1,0,0,0,0,0,0,0,0,0,0,0.3808,38.1,medium,18,73,1.0000,0.5000,0,2,f4b36522-4970-456d-8ca4-0ddb4fe8f4b9,manual,2026-08-18 12:00:43.150408+00:00,2026-08-18 12:00:43.150408+00:00,2026-08-18 12:00:43.663070+00:00,2025-08-24 00:00:00+00:00,2026-07-19 00:00:00+00:00,2026-07-19 00:00:00+00:00,1,0.35,positive,0.35,resolved,0,0,0.25,positive,0.00,resolved,0,0E+2,0.2,positive,0E+1,resolved,0,0.1538461538461538461538461538,0.2,positive,0.03076923076923076923076923076,resolved,0,0,4
a18cb4a4-5f23-5663-a8fe-7b097bd31c57,syn1-U-A-003-023,HC3-023,a453a5c4-63a5-5872-95b7-a3b4911aa072,syn1-P-001,Harbor Crest Residences,0b24d289-da6c-5de3-9062-67af2813f4ea,syn1-A-003,Harbor Crest 3,available,1BR,1,45.20,80,domain_units_deals,1,0,0,0,0,0,0,0,0,0,0,0.3808,38.1,medium,19,74,1.0000,0.5000,0,2,f4b36522-4970-456d-8ca4-0ddb4fe8f4b9,manual,2026-08-18 12:00:43.150408+00:00,2026-08-18 12:00:43.150408+00:00,2026-08-18 12:00:43.663070+00:00,2025-08-24 12:00:00+00:00,2026-07-19 00:00:00+00:00,2026-07-19 00:00:00+00:00,1,0.35,positive,0.35,resolved,0,0,0.25,positive,0.00,resolved,0,0E+2,0.2,positive,0E+1,resolved,0,0.1538461538461538461538461538,0.2,positive,0.03076923076923076923076923076,resolved,0,0,4
aeb04a23-b99c-553d-a209-2aa601aefe8e,syn1-U-A-003-024,HC3-024,a453a5c4-63a5-5872-95b7-a3b4911aa072,syn1-P-001,Harbor Crest Residences,0b24d289-da6c-5de3-9062-67af2813f4ea,syn1-A-003,Harbor Crest 3,available,1BR,1,45.20,80,domain_units_deals,1,0,1,0,0,0,0,0,0,0,1,0.3808,38.1,medium,20,75,1.0000,0.5000,0,2,f4b36522-4970-456d-8ca4-0ddb4fe8f4b9,manual,2026-08-18 12:00:43.150408+00:00,2026-08-18 12:00:43.150408+00:00,2026-08-18 12:00:43.663070+00:00,2025-08-25 00:00:00+00:00,2026-07-19 00:00:00+00:00,2026-07-19 00:00:00+00:00,1,0.35,positive,0.35,resolved,0,0,0.25,positive,0.00,resolved,0,0E+2,0.2,positive,0E+1,resolved,0,0.1538461538461538461538461538,0.2,positive,0.03076923076923076923076923076,resolved,0,0,4
99d0fa9a-05a9-58eb-b7fe-c4b92dcde556,syn1-U-A-001-001,HC1-001,a453a5c4-63a5-5872-95b7-a3b4911aa072,syn1-P-001,Harbor Crest Residences,bafde881-f411-5372-9d43-e72f63cd45dd,syn1-A-001,Harbor Crest 1,sold,2BR,2,68.50,120,domain_units_deals,0,1,1,0,0,0,0,0,0,1,0,0.2622,26.2,low,24,76,1.0000,0.5000,0,2,f4b36522-4970-456d-8ca4-0ddb4fe8f4b9,manual,2026-08-18 12:00:43.150408+00:00,2026-08-18 12:00:43.150408+00:00,2026-08-18 12:00:43.663070+00:00,2025-08-13 12:00:00+00:00,2026-07-19 00:00:00+00:00,2026-07-19 00:00:00+00:00,0,0.35,positive,0.00,resolved,0,0,0.25,positive,0.00,resolved,0,1,0.2,positive,0.2,resolved,0,0.3111111111111111111111111111,0.2,positive,0.06222222222222222222222222222,resolved,0,0,4
4001e989-17c5-56cb-a795-1bc32d17c14d,syn1-U-A-001-002,HC1-002,a453a5c4-63a5-5872-95b7-a3b4911aa072,syn1-P-001,Harbor Crest Residences,bafde881-f411-5372-9d43-e72f63cd45dd,syn1-A-001,Harbor Crest 1,sold,2BR,2,68.50,120,domain_units_deals,0,1,1,0,0,0,0,0,0,1,0,0.2622,26.2,low,25,77,1.0000,0.5000,0,2,f4b36522-4970-456d-8ca4-0ddb4fe8f4b9,manual,2026-08-18 12:00:43.150408+00:00,2026-08-18 12:00:43.150408+00:00,2026-08-18 12:00:43.663070+00:00,2025-08-14 00:00:00+00:00,2026-07-19 00:00:00+00:00,2026-07-19 00:00:00+00:00,0,0.35,positive,0.00,resolved,0,0,0.25,positive,0.00,resolved,0,1,0.2,positive,0.2,resolved,0,0.3111111111111111111111111111,0.2,positive,0.06222222222222222222222222222,resolved,0,0,4
f06ea21d-9079-5536-981a-9985f505519f,syn1-U-A-001-003,HC1-003,a453a5c4-63a5-5872-95b7-a3b4911aa072,syn1-P-001,Harbor Crest Residences,bafde881-f411-5372-9d43-e72f63cd45dd,syn1-A-001,Harbor Crest 1,sold,2BR,2,68.50,120,domain_units_deals,0,1,1,0,0,0,0,0,0,1,0,0.2622,26.2,low,26,78,1.0000,0.5000,0,2,f4b36522-4970-456d-8ca4-0ddb4fe8f4b9,manual,2026-08-18 12:00:43.150408+00:00,2026-08-18 12:00:43.150408+00:00,2026-08-18 12:00:43.663070+00:00,2025-08-14 12:00:00+00:00,2026-07-19 00:00:00+00:00,2026-07-19 00:00:00+00:00,0,0.35,positive,0.00,resolved,0,0,0.25,positive,0.00,resolved,0,1,0.2,positive,0.2,resolved,0,0.3111111111111111111111111111,0.2,positive,0.06222222222222222222222222222,resolved,0,0,4
60d41c2a-ba1f-58f7-97c4-a2349ca3b04f,syn1-U-A-001-004,HC1-004,a453a5c4-63a5-5872-95b7-a3b4911aa072,syn1-P-001,Harbor Crest Residences,bafde881-f411-5372-9d43-e72f63cd45dd,syn1-A-001,Harbor Crest 1,sold,2BR,2,68.50,120,domain_units_deals,0,1,1,0,0,0,0,0,0,1,0,0.2622,26.2,low,27,79,1.0000,0.5000,0,2,f4b36522-4970-456d-8ca4-0ddb4fe8f4b9,manual,2026-08-18 12:00:43.150408+00:00,2026-08-18 12:00:43.150408+00:00,2026-08-18 12:00:43.663070+00:00,2025-08-15 00:00:00+00:00,2026-07-19 00:00:00+00:00,2026-07-19 00:00:00+00:00,0,0.35,positive,0.00,resolved,0,0,0.25,positive,0.00,resolved,0,1,0.2,positive,0.2,resolved,0,0.3111111111111111111111111111,0.2,positive,0.06222222222222222222222222222,resolved,0,0,4
3ce5ad94-2cd9-56c9-a7b2-e14d99a024ab,syn1-U-A-001-005,HC1-005,a453a5c4-63a5-5872-95b7-a3b4911aa072,syn1-P-001,Harbor Crest Residences,bafde881-f411-5372-9d43-e72f63cd45dd,syn1-A-001,Harbor Crest 1,sold,2BR,2,68.50,120,domain_units_deals,0,1,1,0,0,0,0,0,0,1,0,0.2622,26.2,low,28,80,1.0000,0.5000,0,2,f4b36522-4970-456d-8ca4-0ddb4fe8f4b9,manual,2026-08-18 12:00:43.150408+00:00,2026-08-18 12:00:43.150408+00:00,2026-08-18 12:00:43.663070+00:00,2025-08-15 12:00:00+00:00,2026-07-19 00:00:00+00:00,2026-07-19 00:00:00+00:00,0,0.35,positive,0.00,resolved,0,0,0.25,positive,0.00,resolved,0,1,0.2,positive,0.2,resolved,0,0.3111111111111111111111111111,0.2,positive,0.06222222222222222222222222222,resolved,0,0,4
2e0f43a9-d9bb-5934-bb70-5034ff6a8402,syn1-U-A-001-006,HC1-006,a453a5c4-63a5-5872-95b7-a3b4911aa072,syn1-P-001,Harbor Crest Residences,bafde881-f411-5372-9d43-e72f63cd45dd,syn1-A-001,Harbor Crest 1,sold,2BR,2,68.50,120,domain_units_deals,0,1,1,0,0,0,0,0,0,1,0,0.2622,26.2,low,29,81,1.0000,0.5000,0,2,f4b36522-4970-456d-8ca4-0ddb4fe8f4b9,manual,2026-08-18 12:00:43.150408+00:00,2026-08-18 12:00:43.150408+00:00,2026-08-18 12:00:43.663070+00:00,2025-08-16 00:00:00+00:00,2026-07-19 00:00:00+00:00,2026-07-19 00:00:00+00:00,0,0.35,positive,0.00,resolved,0,0,0.25,positive,0.00,resolved,0,1,0.2,positive,0.2,resolved,0,0.3111111111111111111111111111,0.2,positive,0.06222222222222222222222222222,resolved,0,0,4
0ecaf8cd-a554-5046-b973-887f8e27cc5a,syn1-U-A-001-007,HC1-007,a453a5c4-63a5-5872-95b7-a3b4911aa072,syn1-P-001,Harbor Crest Residences,bafde881-f411-5372-9d43-e72f63cd45dd,syn1-A-001,Harbor Crest 1,sold,2BR,2,68.50,120,domain_units_deals,0,1,1,0,0,0,0,0,0,1,0,0.2622,26.2,low,30,82,1.0000,0.5000,0,2,f4b36522-4970-456d-8ca4-0ddb4fe8f4b9,manual,2026-08-18 12:00:43.150408+00:00,2026-08-18 12:00:43.150408+00:00,2026-08-18 12:00:43.663070+00:00,2025-08-16 12:00:00+00:00,2026-07-19 00:00:00+00:00,2026-07-19 00:00:00+00:00,0,0.35,positive,0.00,resolved,0,0,0.25,positive,0.00,resolved,0,1,0.2,positive,0.2,resolved,0,0.3111111111111111111111111111,0.2,positive,0.06222222222222222222222222222,resolved,0,0,4
e89276c1-70e0-5801-a967-9d39f602f735,syn1-U-A-001-008,HC1-008,a453a5c4-63a5-5872-95b7-a3b4911aa072,syn1-P-001,Harbor Crest Residences,bafde881-f411-5372-9d43-e72f63cd45dd,syn1-A-001,Harbor Crest 1,sold,2BR,2,68.50,120,domain_units_deals,0,1,1,0,0,0,0,0,0,1,0,0.2622,26.2,low,31,83,1.0000,0.5000,0,2,f4b36522-4970-456d-8ca4-0ddb4fe8f4b9,manual,2026-08-18 12:00:43.150408+00:00,2026-08-18 12:00:43.150408+00:00,2026-08-18 12:00:43.663070+00:00,2025-08-17 00:00:00+00:00,2026-07-19 00:00:00+00:00,2026-07-19 00:00:00+00:00,0,0.35,positive,0.00,resolved,0,0,0.25,positive,0.00,resolved,0,1,0.2,positive,0.2,resolved,0,0.3111111111111111111111111111,0.2,positive,0.06222222222222222222222222222,resolved,0,0,4
ca993117-4b96-5e14-a653-d13d96c2fb38,syn1-U-A-001-009,HC1-009,a453a5c4-63a5-5872-95b7-a3b4911aa072,syn1-P-001,Harbor Crest Residences,bafde881-f411-5372-9d43-e72f63cd45dd,syn1-A-001,Harbor Crest 1,sold,2BR,2,68.50,120,domain_units_deals,0,1,1,0,0,0,0,0,0,1,0,0.2622,26.2,low,32,84,1.0000,0.5000,0,2,f4b36522-4970-456d-8ca4-0ddb4fe8f4b9,manual,2026-08-18 12:00:43.150408+00:00,2026-08-18 12:00:43.150408+00:00,2026-08-18 12:00:43.663070+00:00,2025-08-17 12:00:00+00:00,2026-07-19 00:00:00+00:00,2026-07-19 00:00:00+00:00,0,0.35,positive,0.00,resolved,0,0,0.25,positive,0.00,resolved,0,1,0.2,positive,0.2,resolved,0,0.3111111111111111111111111111,0.2,positive,0.06222222222222222222222222222,resolved,0,0,4
5c7d9d66-e998-50ee-a4aa-540ff251cf6f,syn1-U-A-001-010,HC1-010,a453a5c4-63a5-5872-95b7-a3b4911aa072,syn1-P-001,Harbor Crest Residences,bafde881-f411-5372-9d43-e72f63cd45dd,syn1-A-001,Harbor Crest 1,sold,2BR,2,68.50,120,domain_units_deals,0,1,1,0,0,0,0,0,0,1,0,0.2622,26.2,low,33,85,1.0000,0.5000,0,2,f4b36522-4970-456d-8ca4-0ddb4fe8f4b9,manual,2026-08-18 12:00:43.150408+00:00,2026-08-18 12:00:43.150408+00:00,2026-08-18 12:00:43.663070+00:00,2025-08-18 00:00:00+00:00,2026-07-19 00:00:00+00:00,2026-07-19 00:00:00+00:00,0,0.35,positive,0.00,resolved,0,0,0.25,positive,0.00,resolved,0,1,0.2,positive,0.2,resolved,0,0.3111111111111111111111111111,0.2,positive,0.06222222222222222222222222222,resolved,0,0,4
6e563075-5fa8-5785-8bab-a3c27e1450ca,syn1-U-A-001-011,HC1-011,a453a5c4-63a5-5872-95b7-a3b4911aa072,syn1-P-001,Harbor Crest Residences,bafde881-f411-5372-9d43-e72f63cd45dd,syn1-A-001,Harbor Crest 1,sold,2BR,2,68.50,120,domain_units_deals,0,1,1,0,0,0,0,0,0,1,0,0.2622,26.2,low,34,86,1.0000,0.5000,0,2,f4b36522-4970-456d-8ca4-0ddb4fe8f4b9,manual,2026-08-18 12:00:43.150408+00:00,2026-08-18 12:00:43.150408+00:00,2026-08-18 12:00:43.663070+00:00,2025-08-18 12:00:00+00:00,2026-07-19 00:00:00+00:00,2026-07-19 00:00:00+00:00,0,0.35,positive,0.00,resolved,0,0,0.25,positive,0.00,resolved,0,1,0.2,positive,0.2,resolved,0,0.3111111111111111111111111111,0.2,positive,0.06222222222222222222222222222,resolved,0,0,4
4e082fdd-c6b4-5372-8657-5b5213162f67,syn1-U-A-001-012,HC1-012,a453a5c4-63a5-5872-95b7-a3b4911aa072,syn1-P-001,Harbor Crest Residences,bafde881-f411-5372-9d43-e72f63cd45dd,syn1-A-001,Harbor Crest 1,sold,2BR,2,68.50,120,domain_units_deals,0,1,1,0,0,0,0,0,0,1,0,0.2622,26.2,low,35,87,1.0000,0.5000,0,2,f4b36522-4970-456d-8ca4-0ddb4fe8f4b9,manual,2026-08-18 12:00:43.150408+00:00,2026-08-18 12:00:43.150408+00:00,2026-08-18 12:00:43.663070+00:00,2025-08-19 00:00:00+00:00,2026-07-19 00:00:00+00:00,2026-07-19 00:00:00+00:00,0,0.35,positive,0.00,resolved,0,0,0.25,positive,0.00,resolved,0,1,0.2,positive,0.2,resolved,0,0.3111111111111111111111111111,0.2,positive,0.06222222222222222222222222222,resolved,0,0,4
f799ddd7-f070-5980-91a2-bdbb0889694a,syn1-U-A-001-013,HC1-013,a453a5c4-63a5-5872-95b7-a3b4911aa072,syn1-P-001,Harbor Crest Residences,bafde881-f411-5372-9d43-e72f63cd45dd,syn1-A-001,Harbor Crest 1,sold,2BR,2,68.50,120,domain_units_deals,0,1,1,0,0,0,0,0,0,1,0,0.2622,26.2,low,36,88,1.0000,0.5000,0,2,f4b36522-4970-456d-8ca4-0ddb4fe8f4b9,manual,2026-08-18 12:00:43.150408+00:00,2026-08-18 12:00:43.150408+00:00,2026-08-18 12:00:43.663070+00:00,2025-08-19 12:00:00+00:00,2026-07-19 00:00:00+00:00,2026-07-19 00:00:00+00:00,0,0.35,positive,0.00,resolved,0,0,0.25,positive,0.00,resolved,0,1,0.2,positive,0.2,resolved,0,0.3111111111111111111111111111,0.2,positive,0.06222222222222222222222222222,resolved,0,0,4
8fcd2951-c3e3-59bb-8255-fe7b2178ed8b,syn1-U-A-001-014,HC1-014,a453a5c4-63a5-5872-95b7-a3b4911aa072,syn1-P-001,Harbor Crest Residences,bafde881-f411-5372-9d43-e72f63cd45dd,syn1-A-001,Harbor Crest 1,sold,2BR,2,68.50,120,domain_units_deals,0,1,1,0,0,0,0,0,0,1,0,0.2622,26.2,low,37,89,1.0000,0.5000,0,2,f4b36522-4970-456d-8ca4-0ddb4fe8f4b9,manual,2026-08-18 12:00:43.150408+00:00,2026-08-18 12:00:43.150408+00:00,2026-08-18 12:00:43.663070+00:00,2025-08-20 00:00:00+00:00,2026-07-19 00:00:00+00:00,2026-07-19 00:00:00+00:00,0,0.35,positive,0.00,resolved,0,0,0.25,positive,0.00,resolved,0,1,0.2,positive,0.2,resolved,0,0.3111111111111111111111111111,0.2,positive,0.06222222222222222222222222222,resolved,0,0,4
bbfeb2c6-1e9e-5a44-942a-c4c5bf15b14b,syn1-U-A-001-015,HC1-015,a453a5c4-63a5-5872-95b7-a3b4911aa072,syn1-P-001,Harbor Crest Residences,bafde881-f411-5372-9d43-e72f63cd45dd,syn1-A-001,Harbor Crest 1,reserved,2BR,2,68.50,120,domain_units_deals,0,1,1,0,0,0,0,0,1,0,0,0.2622,26.2,low,38,90,1.0000,0.5000,0,2,f4b36522-4970-456d-8ca4-0ddb4fe8f4b9,manual,2026-08-18 12:00:43.150408+00:00,2026-08-18 12:00:43.150408+00:00,2026-08-18 12:00:43.663070+00:00,2025-08-20 12:00:00+00:00,2026-07-19 00:00:00+00:00,2026-07-19 00:00:00+00:00,0,0.35,positive,0.00,resolved,0,0,0.25,positive,0.00,resolved,0,1,0.2,positive,0.2,resolved,0,0.3111111111111111111111111111,0.2,positive,0.06222222222222222222222222222,resolved,0,0,4
3468da4a-1cee-5d66-9dad-9f393acc1e40,syn1-U-A-001-016,HC1-016,a453a5c4-63a5-5872-95b7-a3b4911aa072,syn1-P-001,Harbor Crest Residences,bafde881-f411-5372-9d43-e72f63cd45dd,syn1-A-001,Harbor Crest 1,reserved,2BR,2,68.50,120,domain_units_deals,0,1,1,0,0,0,0,0,1,0,0,0.2622,26.2,low,39,91,1.0000,0.5000,0,2,f4b36522-4970-456d-8ca4-0ddb4fe8f4b9,manual,2026-08-18 12:00:43.150408+00:00,2026-08-18 12:00:43.150408+00:00,2026-08-18 12:00:43.663070+00:00,2025-08-21 00:00:00+00:00,2026-07-19 00:00:00+00:00,2026-07-19 00:00:00+00:00,0,0.35,positive,0.00,resolved,0,0,0.25,positive,0.00,resolved,0,1,0.2,positive,0.2,resolved,0,0.3111111111111111111111111111,0.2,positive,0.06222222222222222222222222222,resolved,0,0,4
d51a1565-666d-568d-b629-f53e2358db39,syn1-U-A-001-017,HC1-017,a453a5c4-63a5-5872-95b7-a3b4911aa072,syn1-P-001,Harbor Crest Residences,bafde881-f411-5372-9d43-e72f63cd45dd,syn1-A-001,Harbor Crest 1,reserved,2BR,2,68.50,120,domain_units_deals,0,1,1,0,0,0,0,0,1,0,0,0.2622,26.2,low,40,92,1.0000,0.5000,0,2,f4b36522-4970-456d-8ca4-0ddb4fe8f4b9,manual,2026-08-18 12:00:43.150408+00:00,2026-08-18 12:00:43.150408+00:00,2026-08-18 12:00:43.663070+00:00,2025-08-21 12:00:00+00:00,2026-07-19 00:00:00+00:00,2026-07-19 00:00:00+00:00,0,0.35,positive,0.00,resolved,0,0,0.25,positive,0.00,resolved,0,1,0.2,positive,0.2,resolved,0,0.3111111111111111111111111111,0.2,positive,0.06222222222222222222222222222,resolved,0,0,4
a9605ba9-e720-59a3-a40f-cc4036a0f70a,syn1-U-A-004-001,HC4-001,a453a5c4-63a5-5872-95b7-a3b4911aa072,syn1-P-001,Harbor Crest Residences,fefccc58-d625-539e-a48e-d38ba602c0b4,syn1-A-004,Harbor Crest 4,blocked,Studio,0,32.00,60,domain_units_deals,0,0,0,0,0,0,0,0,0,0,0,0.2000,20.0,low,11,93,1.0000,0.5000,0,2,f4b36522-4970-456d-8ca4-0ddb4fe8f4b9,manual,2026-08-18 12:00:43.150408+00:00,2026-08-18 12:00:43.150408+00:00,2026-08-18 12:00:43.663070+00:00,2025-08-13 12:00:00+00:00,2026-07-19 00:00:00+00:00,2026-07-19 00:00:00+00:00,0,0.35,positive,0.00,resolved,0,0,0.25,positive,0.00,resolved,0,0.5,0.2,positive,0.10,missing_defaulted,1,0.5,0.2,positive,0.10,missing_defaulted,1,2,4
50fe9dcf-c6aa-5675-a26d-5dbe1f2e8b05,syn1-U-A-004-002,HC4-002,a453a5c4-63a5-5872-95b7-a3b4911aa072,syn1-P-001,Harbor Crest Residences,fefccc58-d625-539e-a48e-d38ba602c0b4,syn1-A-004,Harbor Crest 4,blocked,Studio,0,32.00,60,domain_units_deals,0,0,0,0,0,0,0,0,0,0,0,0.2000,20.0,low,12,94,1.0000,0.5000,0,2,f4b36522-4970-456d-8ca4-0ddb4fe8f4b9,manual,2026-08-18 12:00:43.150408+00:00,2026-08-18 12:00:43.150408+00:00,2026-08-18 12:00:43.663070+00:00,2025-08-14 00:00:00+00:00,2026-07-19 00:00:00+00:00,2026-07-19 00:00:00+00:00,0,0.35,positive,0.00,resolved,0,0,0.25,positive,0.00,resolved,0,0.5,0.2,positive,0.10,missing_defaulted,1,0.5,0.2,positive,0.10,missing_defaulted,1,2,4
779a879f-765d-5804-a9fc-c8728ab51cb9,syn1-U-A-002-001,HC2-001,a453a5c4-63a5-5872-95b7-a3b4911aa072,syn1-P-001,Harbor Crest Residences,595d9f18-8f5d-5c43-8866-791052463081,syn1-A-002,Harbor Crest 2,sold,3BR,3,94.00,90,domain_units_deals,0,1,1,0,0,0,0,0,0,1,0,0.1600,16.0,low,23,95,1.0000,0.5000,0,2,f4b36522-4970-456d-8ca4-0ddb4fe8f4b9,manual,2026-08-18 12:00:43.150408+00:00,2026-08-18 12:00:43.150408+00:00,2026-08-18 12:00:43.663070+00:00,2025-08-13 12:00:00+00:00,2026-07-19 00:00:00+00:00,2026-07-19 00:00:00+00:00,0,0.35,positive,0.00,resolved,0,0,0.25,positive,0.00,resolved,0,0.5,0.2,positive,0.10,resolved,0,0.3,0.2,positive,0.06,resolved,0,0,4
d66e250f-46af-59aa-adb9-95795f8ebcbe,syn1-U-A-002-002,HC2-002,a453a5c4-63a5-5872-95b7-a3b4911aa072,syn1-P-001,Harbor Crest Residences,595d9f18-8f5d-5c43-8866-791052463081,syn1-A-002,Harbor Crest 2,sold,3BR,3,94.00,90,domain_units_deals,0,1,1,0,0,0,0,0,0,1,0,0.1600,16.0,low,24,96,1.0000,0.5000,0,2,f4b36522-4970-456d-8ca4-0ddb4fe8f4b9,manual,2026-08-18 12:00:43.150408+00:00,2026-08-18 12:00:43.150408+00:00,2026-08-18 12:00:43.663070+00:00,2025-08-14 00:00:00+00:00,2026-07-19 00:00:00+00:00,2026-07-19 00:00:00+00:00,0,0.35,positive,0.00,resolved,0,0,0.25,positive,0.00,resolved,0,0.5,0.2,positive,0.10,resolved,0,0.3,0.2,positive,0.06,resolved,0,0,4
3471d735-10fe-56ae-bb3c-eda38fab3cbb,syn1-U-A-002-003,HC2-003,a453a5c4-63a5-5872-95b7-a3b4911aa072,syn1-P-001,Harbor Crest Residences,595d9f18-8f5d-5c43-8866-791052463081,syn1-A-002,Harbor Crest 2,sold,3BR,3,94.00,90,domain_units_deals,0,1,1,0,0,0,0,0,0,1,0,0.1600,16.0,low,25,97,1.0000,0.5000,0,2,f4b36522-4970-456d-8ca4-0ddb4fe8f4b9,manual,2026-08-18 12:00:43.150408+00:00,2026-08-18 12:00:43.150408+00:00,2026-08-18 12:00:43.663070+00:00,2025-08-14 12:00:00+00:00,2026-07-19 00:00:00+00:00,2026-07-19 00:00:00+00:00,0,0.35,positive,0.00,resolved,0,0,0.25,positive,0.00,resolved,0,0.5,0.2,positive,0.10,resolved,0,0.3,0.2,positive,0.06,resolved,0,0,4
4882a616-cd60-5565-ba8b-c2bd266dc715,syn1-U-A-002-004,HC2-004,a453a5c4-63a5-5872-95b7-a3b4911aa072,syn1-P-001,Harbor Crest Residences,595d9f18-8f5d-5c43-8866-791052463081,syn1-A-002,Harbor Crest 2,sold,3BR,3,94.00,90,domain_units_deals,0,1,1,0,0,0,0,0,0,1,0,0.1600,16.0,low,26,98,1.0000,0.5000,0,2,f4b36522-4970-456d-8ca4-0ddb4fe8f4b9,manual,2026-08-18 12:00:43.150408+00:00,2026-08-18 12:00:43.150408+00:00,2026-08-18 12:00:43.663070+00:00,2025-08-15 00:00:00+00:00,2026-07-19 00:00:00+00:00,2026-07-19 00:00:00+00:00,0,0.35,positive,0.00,resolved,0,0,0.25,positive,0.00,resolved,0,0.5,0.2,positive,0.10,resolved,0,0.3,0.2,positive,0.06,resolved,0,0,4
83fd93aa-a624-5970-b171-2ec00ff1caac,syn1-U-A-002-005,HC2-005,a453a5c4-63a5-5872-95b7-a3b4911aa072,syn1-P-001,Harbor Crest Residences,595d9f18-8f5d-5c43-8866-791052463081,syn1-A-002,Harbor Crest 2,sold,3BR,3,94.00,90,domain_units_deals,0,1,1,0,0,0,0,0,0,1,0,0.1600,16.0,low,27,99,1.0000,0.5000,0,2,f4b36522-4970-456d-8ca4-0ddb4fe8f4b9,manual,2026-08-18 12:00:43.150408+00:00,2026-08-18 12:00:43.150408+00:00,2026-08-18 12:00:43.663070+00:00,2025-08-15 12:00:00+00:00,2026-07-19 00:00:00+00:00,2026-07-19 00:00:00+00:00,0,0.35,positive,0.00,resolved,0,0,0.25,positive,0.00,resolved,0,0.5,0.2,positive,0.10,resolved,0,0.3,0.2,positive,0.06,resolved,0,0,4
c1d7c7d5-fbf8-5ef0-aa28-8912712f4dea,syn1-U-A-002-006,HC2-006,a453a5c4-63a5-5872-95b7-a3b4911aa072,syn1-P-001,Harbor Crest Residences,595d9f18-8f5d-5c43-8866-791052463081,syn1-A-002,Harbor Crest 2,sold,3BR,3,94.00,90,domain_units_deals,0,1,1,0,0,0,0,0,0,1,0,0.1600,16.0,low,28,100,1.0000,0.5000,0,2,f4b36522-4970-456d-8ca4-0ddb4fe8f4b9,manual,2026-08-18 12:00:43.150408+00:00,2026-08-18 12:00:43.150408+00:00,2026-08-18 12:00:43.663070+00:00,2025-08-16 00:00:00+00:00,2026-07-19 00:00:00+00:00,2026-07-19 00:00:00+00:00,0,0.35,positive,0.00,resolved,0,0,0.25,positive,0.00,resolved,0,0.5,0.2,positive,0.10,resolved,0,0.3,0.2,positive,0.06,resolved,0,0,4
24c103f1-a67b-5c9e-bbd3-9734dac146a3,syn1-U-A-002-007,HC2-007,a453a5c4-63a5-5872-95b7-a3b4911aa072,syn1-P-001,Harbor Crest Residences,595d9f18-8f5d-5c43-8866-791052463081,syn1-A-002,Harbor Crest 2,reserved,3BR,3,94.00,90,domain_units_deals,0,1,1,0,0,0,0,0,1,0,0,0.1600,16.0,low,29,101,1.0000,0.5000,0,2,f4b36522-4970-456d-8ca4-0ddb4fe8f4b9,manual,2026-08-18 12:00:43.150408+00:00,2026-08-18 12:00:43.150408+00:00,2026-08-18 12:00:43.663070+00:00,2025-08-16 12:00:00+00:00,2026-07-19 00:00:00+00:00,2026-07-19 00:00:00+00:00,0,0.35,positive,0.00,resolved,0,0,0.25,positive,0.00,resolved,0,0.5,0.2,positive,0.10,resolved,0,0.3,0.2,positive,0.06,resolved,0,0,4
f0dcdeda-e7a8-5218-b5a3-64c7be186a2c,syn1-U-A-002-008,HC2-008,a453a5c4-63a5-5872-95b7-a3b4911aa072,syn1-P-001,Harbor Crest Residences,595d9f18-8f5d-5c43-8866-791052463081,syn1-A-002,Harbor Crest 2,reserved,3BR,3,94.00,90,domain_units_deals,0,1,1,0,0,0,0,0,1,0,0,0.1600,16.0,low,30,102,1.0000,0.5000,0,2,f4b36522-4970-456d-8ca4-0ddb4fe8f4b9,manual,2026-08-18 12:00:43.150408+00:00,2026-08-18 12:00:43.150408+00:00,2026-08-18 12:00:43.663070+00:00,2025-08-17 00:00:00+00:00,2026-07-19 00:00:00+00:00,2026-07-19 00:00:00+00:00,0,0.35,positive,0.00,resolved,0,0,0.25,positive,0.00,resolved,0,0.5,0.2,positive,0.10,resolved,0,0.3,0.2,positive,0.06,resolved,0,0,4
f0aee2c9-9190-52d9-87cc-92e77747261a,syn1-U-A-003-001,HC3-001,a453a5c4-63a5-5872-95b7-a3b4911aa072,syn1-P-001,Harbor Crest Residences,0b24d289-da6c-5de3-9062-67af2813f4ea,syn1-A-003,Harbor Crest 3,sold,1BR,1,45.20,80,domain_units_deals,0,1,1,0,0,0,0,0,0,1,0,0.0308,3.1,low,21,103,1.0000,0.5000,0,2,f4b36522-4970-456d-8ca4-0ddb4fe8f4b9,manual,2026-08-18 12:00:43.150408+00:00,2026-08-18 12:00:43.150408+00:00,2026-08-18 12:00:43.663070+00:00,2025-08-13 12:00:00+00:00,2026-07-19 00:00:00+00:00,2026-07-19 00:00:00+00:00,0,0.35,positive,0.00,resolved,0,0,0.25,positive,0.00,resolved,0,0E+2,0.2,positive,0E+1,resolved,0,0.1538461538461538461538461538,0.2,positive,0.03076923076923076923076923076,resolved,0,0,4
708debdf-7b78-5f3a-8154-44a96c916d5c,syn1-U-A-003-002,HC3-002,a453a5c4-63a5-5872-95b7-a3b4911aa072,syn1-P-001,Harbor Crest Residences,0b24d289-da6c-5de3-9062-67af2813f4ea,syn1-A-003,Harbor Crest 3,sold,1BR,1,45.20,80,domain_units_deals,0,1,1,0,0,0,0,0,0,1,0,0.0308,3.1,low,22,104,1.0000,0.5000,0,2,f4b36522-4970-456d-8ca4-0ddb4fe8f4b9,manual,2026-08-18 12:00:43.150408+00:00,2026-08-18 12:00:43.150408+00:00,2026-08-18 12:00:43.663070+00:00,2025-08-14 00:00:00+00:00,2026-07-19 00:00:00+00:00,2026-07-19 00:00:00+00:00,0,0.35,positive,0.00,resolved,0,0,0.25,positive,0.00,resolved,0,0E+2,0.2,positive,0E+1,resolved,0,0.1538461538461538461538461538,0.2,positive,0.03076923076923076923076923076,resolved,0,0,4
9a7c7727-b00b-5d24-8f44-048f569b48c2,syn1-U-A-003-003,HC3-003,a453a5c4-63a5-5872-95b7-a3b4911aa072,syn1-P-001,Harbor Crest Residences,0b24d289-da6c-5de3-9062-67af2813f4ea,syn1-A-003,Harbor Crest 3,reserved,1BR,1,45.20,80,domain_units_deals,0,1,1,0,0,0,0,0,1,0,0,0.0308,3.1,low,23,105,1.0000,0.5000,0,2,f4b36522-4970-456d-8ca4-0ddb4fe8f4b9,manual,2026-08-18 12:00:43.150408+00:00,2026-08-18 12:00:43.150408+00:00,2026-08-18 12:00:43.663070+00:00,2025-08-14 12:00:00+00:00,2026-07-19 00:00:00+00:00,2026-07-19 00:00:00+00:00,0,0.35,positive,0.00,resolved,0,0,0.25,positive,0.00,resolved,0,0E+2,0.2,positive,0E+1,resolved,0,0.1538461538461538461538461538,0.2,positive,0.03076923076923076923076923076,resolved,0,0,4
b91e49b9-b51b-5caf-85aa-9fb439e3d04b,syn1-U-A-003-004,HC3-004,a453a5c4-63a5-5872-95b7-a3b4911aa072,syn1-P-001,Harbor Crest Residences,0b24d289-da6c-5de3-9062-67af2813f4ea,syn1-A-003,Harbor Crest 3,blocked,1BR,1,45.20,80,domain_units_deals,0,0,0,0,0,0,0,0,0,0,0,0.0308,3.1,low,24,106,1.0000,0.5000,0,2,f4b36522-4970-456d-8ca4-0ddb4fe8f4b9,manual,2026-08-18 12:00:43.150408+00:00,2026-08-18 12:00:43.150408+00:00,2026-08-18 12:00:43.663070+00:00,2025-08-15 00:00:00+00:00,2026-07-19 00:00:00+00:00,2026-07-19 00:00:00+00:00,0,0.35,positive,0.00,resolved,0,0,0.25,positive,0.00,resolved,0,0E+2,0.2,positive,0E+1,resolved,0,0.1538461538461538461538461538,0.2,positive,0.03076923076923076923076923076,resolved,0,0,4
91f1455c-7b23-51a8-9aa5-9e0f75ab3192,syn1-U-A-005-012,WPA-012,7887a084-3d77-59c1-8dca-983994b0cb6e,syn1-P-002,Willow Park Gardens,d1c16841-dee0-58bc-aa62-67fd335b971f,syn1-A-005,Willow Park A,available,2BR,2,70.00,100,legacy_aggregate,1,0,3,3,1,1,1,0,0,0,0,0.8449,84.5,high,1,1,1.0000,0.5000,0,2,88f9b24c-ebac-4fb4-b895-b66c1629f967,manual,2026-08-18 12:00:43.957693+00:00,2026-08-18 12:00:43.957693+00:00,2026-08-18 12:00:44.301161+00:00,2025-08-19 00:00:00+00:00,2026-07-19 00:00:00+00:00,2026-07-19 00:00:00+00:00,1,0.35,positive,0.35,resolved,0,1,0.25,positive,0.25,resolved,0,0.8333333333333333333333333335,0.2,positive,0.1666666666666666666666666667,resolved,0,0.3913043478260869565217391304,0.2,positive,0.07826086956521739130434782608,resolved,0,0,4
69ad4b37-f200-5ede-b0d8-bfd78baee5c5,syn1-U-A-005-013,WPA-013,7887a084-3d77-59c1-8dca-983994b0cb6e,syn1-P-002,Willow Park Gardens,d1c16841-dee0-58bc-aa62-67fd335b971f,syn1-A-005,Willow Park A,available,2BR,2,70.00,100,legacy_aggregate,1,0,3,2,1,1,0,0,0,0,1,0.7616,76.2,high,2,2,1.0000,0.5000,0,2,88f9b24c-ebac-4fb4-b895-b66c1629f967,manual,2026-08-18 12:00:43.957693+00:00,2026-08-18 12:00:43.957693+00:00,2026-08-18 12:00:44.301161+00:00,2025-08-19 12:00:00+00:00,2026-07-19 00:00:00+00:00,2026-07-19 00:00:00+00:00,1,0.35,positive,0.35,resolved,0,0.6666666666666666666666666667,0.25,positive,0.1666666666666666666666666667,resolved,0,0.8333333333333333333333333335,0.2,positive,0.1666666666666666666666666667,resolved,0,0.3913043478260869565217391304,0.2,positive,0.07826086956521739130434782608,resolved,0,0,4
b82b5596-7a1f-5770-bfbd-8bc0adbc6545,syn1-U-A-005-014,WPA-014,7887a084-3d77-59c1-8dca-983994b0cb6e,syn1-P-002,Willow Park Gardens,d1c16841-dee0-58bc-aa62-67fd335b971f,syn1-A-005,Willow Park A,available,2BR,2,70.00,100,legacy_aggregate,1,0,2,2,1,1,0,0,0,0,0,0.7616,76.2,high,3,3,1.0000,0.5000,0,2,88f9b24c-ebac-4fb4-b895-b66c1629f967,manual,2026-08-18 12:00:43.957693+00:00,2026-08-18 12:00:43.957693+00:00,2026-08-18 12:00:44.301161+00:00,2025-08-20 00:00:00+00:00,2026-07-19 00:00:00+00:00,2026-07-19 00:00:00+00:00,1,0.35,positive,0.35,resolved,0,0.6666666666666666666666666667,0.25,positive,0.1666666666666666666666666667,resolved,0,0.8333333333333333333333333335,0.2,positive,0.1666666666666666666666666667,resolved,0,0.3913043478260869565217391304,0.2,positive,0.07826086956521739130434782608,resolved,0,0,4
3ebe1b55-b105-56c3-8c6c-aaeb30b5e40f,syn1-U-A-006-007,WPB-007,7887a084-3d77-59c1-8dca-983994b0cb6e,syn1-P-002,Willow Park Gardens,992af92a-c20b-56be-bce2-001f0c1968e6,syn1-A-006,Willow Park B,available,3BR,3,98.75,70,legacy_aggregate,1,0,2,2,1,1,0,0,0,0,0,0.6894,68.9,high,1,4,1.0000,0.5000,0,2,88f9b24c-ebac-4fb4-b895-b66c1629f967,manual,2026-08-18 12:00:43.957693+00:00,2026-08-18 12:00:43.957693+00:00,2026-08-18 12:00:44.301161+00:00,2025-08-16 12:00:00+00:00,2026-07-19 00:00:00+00:00,2026-07-19 00:00:00+00:00,1,0.35,positive,0.35,resolved,0,0.6666666666666666666666666667,0.25,positive,0.1666666666666666666666666667,resolved,0,0.5,0.2,positive,0.10,resolved,0,0.3636363636363636363636363636,0.2,positive,0.07272727272727272727272727272,resolved,0,0,4
a79168f3-a870-5d91-b82d-024a37762f47,syn1-U-A-005-015,WPA-015,7887a084-3d77-59c1-8dca-983994b0cb6e,syn1-P-002,Willow Park Gardens,d1c16841-dee0-58bc-aa62-67fd335b971f,syn1-A-005,Willow Park A,available,2BR,2,70.00,100,legacy_aggregate,1,0,1,1,1,0,0,0,0,0,0,0.6783,67.8,high,4,5,1.0000,0.5000,0,2,88f9b24c-ebac-4fb4-b895-b66c1629f967,manual,2026-08-18 12:00:43.957693+00:00,2026-08-18 12:00:43.957693+00:00,2026-08-18 12:00:44.301161+00:00,2025-08-20 12:00:00+00:00,2026-07-19 00:00:00+00:00,2026-07-19 00:00:00+00:00,1,0.35,positive,0.35,resolved,0,0.3333333333333333333333333333,0.25,positive,0.08333333333333333333333333332,resolved,0,0.8333333333333333333333333335,0.2,positive,0.1666666666666666666666666667,resolved,0,0.3913043478260869565217391304,0.2,positive,0.07826086956521739130434782608,resolved,0,0,4
f0c9c605-c2ee-5214-8fd7-4039b3b91364,syn1-U-A-005-016,WPA-016,7887a084-3d77-59c1-8dca-983994b0cb6e,syn1-P-002,Willow Park Gardens,d1c16841-dee0-58bc-aa62-67fd335b971f,syn1-A-005,Willow Park A,available,2BR,2,70.00,100,legacy_aggregate,1,0,2,1,1,0,0,0,0,0,1,0.6783,67.8,high,5,6,1.0000,0.5000,0,2,88f9b24c-ebac-4fb4-b895-b66c1629f967,manual,2026-08-18 12:00:43.957693+00:00,2026-08-18 12:00:43.957693+00:00,2026-08-18 12:00:44.301161+00:00,2025-08-21 00:00:00+00:00,2026-07-19 00:00:00+00:00,2026-07-19 00:00:00+00:00,1,0.35,positive,0.35,resolved,0,0.3333333333333333333333333333,0.25,positive,0.08333333333333333333333333332,resolved,0,0.8333333333333333333333333335,0.2,positive,0.1666666666666666666666666667,resolved,0,0.3913043478260869565217391304,0.2,positive,0.07826086956521739130434782608,resolved,0,0,4
6fe3eb5f-cbd8-59cd-af6c-eb51ad4744d1,syn1-U-A-006-008,WPB-008,7887a084-3d77-59c1-8dca-983994b0cb6e,syn1-P-002,Willow Park Gardens,992af92a-c20b-56be-bce2-001f0c1968e6,syn1-A-006,Willow Park B,available,3BR,3,98.75,70,legacy_aggregate,1,0,2,1,1,0,0,0,0,0,1,0.6061,60.6,medium,2,7,1.0000,0.5000,0,2,88f9b24c-ebac-4fb4-b895-b66c1629f967,manual,2026-08-18 12:00:43.957693+00:00,2026-08-18 12:00:43.957693+00:00,2026-08-18 12:00:44.301161+00:00,2025-08-17 00:00:00+00:00,2026-07-19 00:00:00+00:00,2026-07-19 00:00:00+00:00,1,0.35,positive,0.35,resolved,0,0.3333333333333333333333333333,0.25,positive,0.08333333333333333333333333332,resolved,0,0.5,0.2,positive,0.10,resolved,0,0.3636363636363636363636363636,0.2,positive,0.07272727272727272727272727272,resolved,0,0,4
b7137581-faab-5f3b-991f-e4a0c2238f85,syn1-U-A-006-009,WPB-009,7887a084-3d77-59c1-8dca-983994b0cb6e,syn1-P-002,Willow Park Gardens,992af92a-c20b-56be-bce2-001f0c1968e6,syn1-A-006,Willow Park B,available,3BR,3,98.75,70,legacy_aggregate,1,0,1,1,1,0,0,0,0,0,0,0.6061,60.6,medium,3,8,1.0000,0.5000,0,2,88f9b24c-ebac-4fb4-b895-b66c1629f967,manual,2026-08-18 12:00:43.957693+00:00,2026-08-18 12:00:43.957693+00:00,2026-08-18 12:00:44.301161+00:00,2025-08-17 12:00:00+00:00,2026-07-19 00:00:00+00:00,2026-07-19 00:00:00+00:00,1,0.35,positive,0.35,resolved,0,0.3333333333333333333333333333,0.25,positive,0.08333333333333333333333333332,resolved,0,0.5,0.2,positive,0.10,resolved,0,0.3636363636363636363636363636,0.2,positive,0.07272727272727272727272727272,resolved,0,0,4
8833ba91-4579-57cf-bd69-c7adafd6b901,syn1-U-A-007-004,WPC-004,7887a084-3d77-59c1-8dca-983994b0cb6e,syn1-P-002,Willow Park Gardens,aabfb001-73bc-592e-833b-3eab1b0f7220,syn1-A-007,Willow Park C,available,1BR,1,47.00,50,legacy_aggregate,1,0,1,1,1,0,0,0,0,0,0,0.5958,59.6,medium,1,9,1.0000,0.5000,0,2,88f9b24c-ebac-4fb4-b895-b66c1629f967,manual,2026-08-18 12:00:43.957693+00:00,2026-08-18 12:00:43.957693+00:00,2026-08-18 12:00:44.301161+00:00,2025-08-15 00:00:00+00:00,2026-07-19 00:00:00+00:00,2026-07-19 00:00:00+00:00,1,0.35,positive,0.35,resolved,0,0.3333333333333333333333333333,0.25,positive,0.08333333333333333333333333332,resolved,0,0.3125,0.2,positive,0.06250,resolved,0,0.5,0.2,positive,0.10,resolved,0,0,4
2992a22b-9b8a-57ee-b8e8-949a1769532f,syn1-U-A-007-005,WPC-005,7887a084-3d77-59c1-8dca-983994b0cb6e,syn1-P-002,Willow Park Gardens,aabfb001-73bc-592e-833b-3eab1b0f7220,syn1-A-007,Willow Park C,available,1BR,1,47.00,50,legacy_aggregate,1,0,2,1,1,0,0,0,0,0,1,0.5958,59.6,medium,2,10,1.0000,0.5000,0,2,88f9b24c-ebac-4fb4-b895-b66c1629f967,manual,2026-08-18 12:00:43.957693+00:00,2026-08-18 12:00:43.957693+00:00,2026-08-18 12:00:44.301161+00:00,2025-08-15 12:00:00+00:00,2026-07-19 00:00:00+00:00,2026-07-19 00:00:00+00:00,1,0.35,positive,0.35,resolved,0,0.3333333333333333333333333333,0.25,positive,0.08333333333333333333333333332,resolved,0,0.3125,0.2,positive,0.06250,resolved,0,0.5,0.2,positive,0.10,resolved,0,0,4
eecee072-53c7-56a2-964c-1fcf5fd33835,syn1-U-A-005-017,WPA-017,7887a084-3d77-59c1-8dca-983994b0cb6e,syn1-P-002,Willow Park Gardens,d1c16841-dee0-58bc-aa62-67fd335b971f,syn1-A-005,Willow Park A,available,2BR,2,70.00,100,legacy_aggregate,1,0,0,0,0,0,0,0,0,0,0,0.5949,59.5,medium,6,11,1.0000,0.5000,0,2,88f9b24c-ebac-4fb4-b895-b66c1629f967,manual,2026-08-18 12:00:43.957693+00:00,2026-08-18 12:00:43.957693+00:00,2026-08-18 12:00:44.301161+00:00,2025-08-21 12:00:00+00:00,2026-07-19 00:00:00+00:00,2026-07-19 00:00:00+00:00,1,0.35,positive,0.35,resolved,0,0,0.25,positive,0.00,resolved,0,0.8333333333333333333333333335,0.2,positive,0.1666666666666666666666666667,resolved,0,0.3913043478260869565217391304,0.2,positive,0.07826086956521739130434782608,resolved,0,0,4
ae9e0f9d-0f2c-5b6d-ae5f-453fa0c9cc62,syn1-U-A-005-018,WPA-018,7887a084-3d77-59c1-8dca-983994b0cb6e,syn1-P-002,Willow Park Gardens,d1c16841-dee0-58bc-aa62-67fd335b971f,syn1-A-005,Willow Park A,available,2BR,2,70.00,100,legacy_aggregate,1,0,0,0,0,0,0,0,0,0,0,0.5949,59.5,medium,7,12,1.0000,0.5000,0,2,88f9b24c-ebac-4fb4-b895-b66c1629f967,manual,2026-08-18 12:00:43.957693+00:00,2026-08-18 12:00:43.957693+00:00,2026-08-18 12:00:44.301161+00:00,2025-08-22 00:00:00+00:00,2026-07-19 00:00:00+00:00,2026-07-19 00:00:00+00:00,1,0.35,positive,0.35,resolved,0,0,0.25,positive,0.00,resolved,0,0.8333333333333333333333333335,0.2,positive,0.1666666666666666666666666667,resolved,0,0.3913043478260869565217391304,0.2,positive,0.07826086956521739130434782608,resolved,0,0,4
500340df-ec0e-5359-9327-989a36003fd6,syn1-U-A-005-019,WPA-019,7887a084-3d77-59c1-8dca-983994b0cb6e,syn1-P-002,Willow Park Gardens,d1c16841-dee0-58bc-aa62-67fd335b971f,syn1-A-005,Willow Park A,available,2BR,2,70.00,100,legacy_aggregate,1,0,1,0,0,0,0,0,0,0,1,0.5949,59.5,medium,8,13,1.0000,0.5000,0,2,88f9b24c-ebac-4fb4-b895-b66c1629f967,manual,2026-08-18 12:00:43.957693+00:00,2026-08-18 12:00:43.957693+00:00,2026-08-18 12:00:44.301161+00:00,2025-08-22 12:00:00+00:00,2026-07-19 00:00:00+00:00,2026-07-19 00:00:00+00:00,1,0.35,positive,0.35,resolved,0,0,0.25,positive,0.00,resolved,0,0.8333333333333333333333333335,0.2,positive,0.1666666666666666666666666667,resolved,0,0.3913043478260869565217391304,0.2,positive,0.07826086956521739130434782608,resolved,0,0,4
6b944b4a-0130-5eb4-8887-decca51c3e68,syn1-U-A-005-020,WPA-020,7887a084-3d77-59c1-8dca-983994b0cb6e,syn1-P-002,Willow Park Gardens,d1c16841-dee0-58bc-aa62-67fd335b971f,syn1-A-005,Willow Park A,available,2BR,2,70.00,100,legacy_aggregate,1,0,0,0,0,0,0,0,0,0,0,0.5949,59.5,medium,9,14,1.0000,0.5000,0,2,88f9b24c-ebac-4fb4-b895-b66c1629f967,manual,2026-08-18 12:00:43.957693+00:00,2026-08-18 12:00:43.957693+00:00,2026-08-18 12:00:44.301161+00:00,2025-08-23 00:00:00+00:00,2026-07-19 00:00:00+00:00,2026-07-19 00:00:00+00:00,1,0.35,positive,0.35,resolved,0,0,0.25,positive,0.00,resolved,0,0.8333333333333333333333333335,0.2,positive,0.1666666666666666666666666667,resolved,0,0.3913043478260869565217391304,0.2,positive,0.07826086956521739130434782608,resolved,0,0,4
29c5c861-c82c-551a-8381-75274cf1f890,syn1-U-A-005-021,WPA-021,7887a084-3d77-59c1-8dca-983994b0cb6e,syn1-P-002,Willow Park Gardens,d1c16841-dee0-58bc-aa62-67fd335b971f,syn1-A-005,Willow Park A,available,2BR,2,70.00,100,legacy_aggregate,1,0,0,0,0,0,0,0,0,0,0,0.5949,59.5,medium,10,15,1.0000,0.5000,0,2,88f9b24c-ebac-4fb4-b895-b66c1629f967,manual,2026-08-18 12:00:43.957693+00:00,2026-08-18 12:00:43.957693+00:00,2026-08-18 12:00:44.301161+00:00,2025-08-23 12:00:00+00:00,2026-07-19 00:00:00+00:00,2026-07-19 00:00:00+00:00,1,0.35,positive,0.35,resolved,0,0,0.25,positive,0.00,resolved,0,0.8333333333333333333333333335,0.2,positive,0.1666666666666666666666666667,resolved,0,0.3913043478260869565217391304,0.2,positive,0.07826086956521739130434782608,resolved,0,0,4
f2bd9b60-ffbf-50bb-87ee-ad02e53f6961,syn1-U-A-005-022,WPA-022,7887a084-3d77-59c1-8dca-983994b0cb6e,syn1-P-002,Willow Park Gardens,d1c16841-dee0-58bc-aa62-67fd335b971f,syn1-A-005,Willow Park A,available,2BR,2,70.00,100,legacy_aggregate,1,0,0,0,0,0,0,0,0,0,0,0.5949,59.5,medium,11,16,1.0000,0.5000,0,2,88f9b24c-ebac-4fb4-b895-b66c1629f967,manual,2026-08-18 12:00:43.957693+00:00,2026-08-18 12:00:43.957693+00:00,2026-08-18 12:00:44.301161+00:00,2025-08-24 00:00:00+00:00,2026-07-19 00:00:00+00:00,2026-07-19 00:00:00+00:00,1,0.35,positive,0.35,resolved,0,0,0.25,positive,0.00,resolved,0,0.8333333333333333333333333335,0.2,positive,0.1666666666666666666666666667,resolved,0,0.3913043478260869565217391304,0.2,positive,0.07826086956521739130434782608,resolved,0,0,4
22fb6c9c-86cd-5e88-8032-2fed781a9ec9,syn1-U-A-005-023,WPA-023,7887a084-3d77-59c1-8dca-983994b0cb6e,syn1-P-002,Willow Park Gardens,d1c16841-dee0-58bc-aa62-67fd335b971f,syn1-A-005,Willow Park A,available,2BR,2,70.00,100,legacy_aggregate,1,0,0,0,0,0,0,0,0,0,0,0.5949,59.5,medium,12,17,1.0000,0.5000,0,2,88f9b24c-ebac-4fb4-b895-b66c1629f967,manual,2026-08-18 12:00:43.957693+00:00,2026-08-18 12:00:43.957693+00:00,2026-08-18 12:00:44.301161+00:00,2025-08-24 12:00:00+00:00,2026-07-19 00:00:00+00:00,2026-07-19 00:00:00+00:00,1,0.35,positive,0.35,resolved,0,0,0.25,positive,0.00,resolved,0,0.8333333333333333333333333335,0.2,positive,0.1666666666666666666666666667,resolved,0,0.3913043478260869565217391304,0.2,positive,0.07826086956521739130434782608,resolved,0,0,4
3fbbb8e1-4391-5e68-ae0c-a334e15d0f07,syn1-U-A-005-024,WPA-024,7887a084-3d77-59c1-8dca-983994b0cb6e,syn1-P-002,Willow Park Gardens,d1c16841-dee0-58bc-aa62-67fd335b971f,syn1-A-005,Willow Park A,available,2BR,2,70.00,100,legacy_aggregate,1,0,0,0,0,0,0,0,0,0,0,0.5949,59.5,medium,13,18,1.0000,0.5000,0,2,88f9b24c-ebac-4fb4-b895-b66c1629f967,manual,2026-08-18 12:00:43.957693+00:00,2026-08-18 12:00:43.957693+00:00,2026-08-18 12:00:44.301161+00:00,2025-08-25 00:00:00+00:00,2026-07-19 00:00:00+00:00,2026-07-19 00:00:00+00:00,1,0.35,positive,0.35,resolved,0,0,0.25,positive,0.00,resolved,0,0.8333333333333333333333333335,0.2,positive,0.1666666666666666666666666667,resolved,0,0.3913043478260869565217391304,0.2,positive,0.07826086956521739130434782608,resolved,0,0,4
aeda1dc3-c95e-533d-96f8-54eb28807b2e,syn1-U-A-005-025,WPA-025,7887a084-3d77-59c1-8dca-983994b0cb6e,syn1-P-002,Willow Park Gardens,d1c16841-dee0-58bc-aa62-67fd335b971f,syn1-A-005,Willow Park A,available,2BR,2,70.00,100,legacy_aggregate,1,0,0,0,0,0,0,0,0,0,0,0.5949,59.5,medium,14,19,1.0000,0.5000,0,2,88f9b24c-ebac-4fb4-b895-b66c1629f967,manual,2026-08-18 12:00:43.957693+00:00,2026-08-18 12:00:43.957693+00:00,2026-08-18 12:00:44.301161+00:00,2025-08-25 12:00:00+00:00,2026-07-19 00:00:00+00:00,2026-07-19 00:00:00+00:00,1,0.35,positive,0.35,resolved,0,0,0.25,positive,0.00,resolved,0,0.8333333333333333333333333335,0.2,positive,0.1666666666666666666666666667,resolved,0,0.3913043478260869565217391304,0.2,positive,0.07826086956521739130434782608,resolved,0,0,4
7d433467-dd48-5aa0-8a4b-16377a94b134,syn1-U-A-005-026,WPA-026,7887a084-3d77-59c1-8dca-983994b0cb6e,syn1-P-002,Willow Park Gardens,d1c16841-dee0-58bc-aa62-67fd335b971f,syn1-A-005,Willow Park A,available,2BR,2,70.00,100,legacy_aggregate,1,0,0,0,0,0,0,0,0,0,0,0.5949,59.5,medium,15,20,1.0000,0.5000,0,2,88f9b24c-ebac-4fb4-b895-b66c1629f967,manual,2026-08-18 12:00:43.957693+00:00,2026-08-18 12:00:43.957693+00:00,2026-08-18 12:00:44.301161+00:00,2025-08-26 00:00:00+00:00,2026-07-19 00:00:00+00:00,2026-07-19 00:00:00+00:00,1,0.35,positive,0.35,resolved,0,0,0.25,positive,0.00,resolved,0,0.8333333333333333333333333335,0.2,positive,0.1666666666666666666666666667,resolved,0,0.3913043478260869565217391304,0.2,positive,0.07826086956521739130434782608,resolved,0,0,4
c58c5fe8-405b-5a53-bd38-02ac639eeab5,syn1-U-A-005-027,WPA-027,7887a084-3d77-59c1-8dca-983994b0cb6e,syn1-P-002,Willow Park Gardens,d1c16841-dee0-58bc-aa62-67fd335b971f,syn1-A-005,Willow Park A,available,2BR,2,70.00,100,legacy_aggregate,1,0,0,0,0,0,0,0,0,0,0,0.5949,59.5,medium,16,21,1.0000,0.5000,0,2,88f9b24c-ebac-4fb4-b895-b66c1629f967,manual,2026-08-18 12:00:43.957693+00:00,2026-08-18 12:00:43.957693+00:00,2026-08-18 12:00:44.301161+00:00,2025-08-26 12:00:00+00:00,2026-07-19 00:00:00+00:00,2026-07-19 00:00:00+00:00,1,0.35,positive,0.35,resolved,0,0,0.25,positive,0.00,resolved,0,0.8333333333333333333333333335,0.2,positive,0.1666666666666666666666666667,resolved,0,0.3913043478260869565217391304,0.2,positive,0.07826086956521739130434782608,resolved,0,0,4
fc7e2cc3-5789-5eb0-8772-e45c6d1a5d29,syn1-U-A-005-028,WPA-028,7887a084-3d77-59c1-8dca-983994b0cb6e,syn1-P-002,Willow Park Gardens,d1c16841-dee0-58bc-aa62-67fd335b971f,syn1-A-005,Willow Park A,available,2BR,2,70.00,100,legacy_aggregate,1,0,0,0,0,0,0,0,0,0,0,0.5949,59.5,medium,17,22,1.0000,0.5000,0,2,88f9b24c-ebac-4fb4-b895-b66c1629f967,manual,2026-08-18 12:00:43.957693+00:00,2026-08-18 12:00:43.957693+00:00,2026-08-18 12:00:44.301161+00:00,2025-08-27 00:00:00+00:00,2026-07-19 00:00:00+00:00,2026-07-19 00:00:00+00:00,1,0.35,positive,0.35,resolved,0,0,0.25,positive,0.00,resolved,0,0.8333333333333333333333333335,0.2,positive,0.1666666666666666666666666667,resolved,0,0.3913043478260869565217391304,0.2,positive,0.07826086956521739130434782608,resolved,0,0,4
130a0923-6130-57a2-bd88-baf4604124be,syn1-U-A-005-029,WPA-029,7887a084-3d77-59c1-8dca-983994b0cb6e,syn1-P-002,Willow Park Gardens,d1c16841-dee0-58bc-aa62-67fd335b971f,syn1-A-005,Willow Park A,available,2BR,2,70.00,100,legacy_aggregate,1,0,0,0,0,0,0,0,0,0,0,0.5949,59.5,medium,18,23,1.0000,0.5000,0,2,88f9b24c-ebac-4fb4-b895-b66c1629f967,manual,2026-08-18 12:00:43.957693+00:00,2026-08-18 12:00:43.957693+00:00,2026-08-18 12:00:44.301161+00:00,2025-08-27 12:00:00+00:00,2026-07-19 00:00:00+00:00,2026-07-19 00:00:00+00:00,1,0.35,positive,0.35,resolved,0,0,0.25,positive,0.00,resolved,0,0.8333333333333333333333333335,0.2,positive,0.1666666666666666666666666667,resolved,0,0.3913043478260869565217391304,0.2,positive,0.07826086956521739130434782608,resolved,0,0,4
570168c7-5660-5cae-9fc7-9040cd29fca4,syn1-U-A-005-030,WPA-030,7887a084-3d77-59c1-8dca-983994b0cb6e,syn1-P-002,Willow Park Gardens,d1c16841-dee0-58bc-aa62-67fd335b971f,syn1-A-005,Willow Park A,available,2BR,2,70.00,100,legacy_aggregate,1,0,0,0,0,0,0,0,0,0,0,0.5949,59.5,medium,19,24,1.0000,0.5000,0,2,88f9b24c-ebac-4fb4-b895-b66c1629f967,manual,2026-08-18 12:00:43.957693+00:00,2026-08-18 12:00:43.957693+00:00,2026-08-18 12:00:44.301161+00:00,2025-08-28 00:00:00+00:00,2026-07-19 00:00:00+00:00,2026-07-19 00:00:00+00:00,1,0.35,positive,0.35,resolved,0,0,0.25,positive,0.00,resolved,0,0.8333333333333333333333333335,0.2,positive,0.1666666666666666666666666667,resolved,0,0.3913043478260869565217391304,0.2,positive,0.07826086956521739130434782608,resolved,0,0,4
fdb94762-2d81-5979-8fcc-e4e87d95f63b,syn1-U-A-006-010,WPB-010,7887a084-3d77-59c1-8dca-983994b0cb6e,syn1-P-002,Willow Park Gardens,992af92a-c20b-56be-bce2-001f0c1968e6,syn1-A-006,Willow Park B,available,3BR,3,98.75,70,legacy_aggregate,1,0,0,0,0,0,0,0,0,0,0,0.5227,52.3,medium,4,25,1.0000,0.5000,0,2,88f9b24c-ebac-4fb4-b895-b66c1629f967,manual,2026-08-18 12:00:43.957693+00:00,2026-08-18 12:00:43.957693+00:00,2026-08-18 12:00:44.301161+00:00,2025-08-18 00:00:00+00:00,2026-07-19 00:00:00+00:00,2026-07-19 00:00:00+00:00,1,0.35,positive,0.35,resolved,0,0,0.25,positive,0.00,resolved,0,0.5,0.2,positive,0.10,resolved,0,0.3636363636363636363636363636,0.2,positive,0.07272727272727272727272727272,resolved,0,0,4
105a2322-c1a5-5998-83d8-29a3d71637d9,syn1-U-A-006-011,WPB-011,7887a084-3d77-59c1-8dca-983994b0cb6e,syn1-P-002,Willow Park Gardens,992af92a-c20b-56be-bce2-001f0c1968e6,syn1-A-006,Willow Park B,available,3BR,3,98.75,70,legacy_aggregate,1,0,1,0,0,0,0,0,0,0,1,0.5227,52.3,medium,5,26,1.0000,0.5000,0,2,88f9b24c-ebac-4fb4-b895-b66c1629f967,manual,2026-08-18 12:00:43.957693+00:00,2026-08-18 12:00:43.957693+00:00,2026-08-18 12:00:44.301161+00:00,2025-08-18 12:00:00+00:00,2026-07-19 00:00:00+00:00,2026-07-19 00:00:00+00:00,1,0.35,positive,0.35,resolved,0,0,0.25,positive,0.00,resolved,0,0.5,0.2,positive,0.10,resolved,0,0.3636363636363636363636363636,0.2,positive,0.07272727272727272727272727272,resolved,0,0,4
1ff38629-a970-5c90-a5c4-568630751fce,syn1-U-A-006-012,WPB-012,7887a084-3d77-59c1-8dca-983994b0cb6e,syn1-P-002,Willow Park Gardens,992af92a-c20b-56be-bce2-001f0c1968e6,syn1-A-006,Willow Park B,available,3BR,3,98.75,70,legacy_aggregate,1,0,0,0,0,0,0,0,0,0,0,0.5227,52.3,medium,6,27,1.0000,0.5000,0,2,88f9b24c-ebac-4fb4-b895-b66c1629f967,manual,2026-08-18 12:00:43.957693+00:00,2026-08-18 12:00:43.957693+00:00,2026-08-18 12:00:44.301161+00:00,2025-08-19 00:00:00+00:00,2026-07-19 00:00:00+00:00,2026-07-19 00:00:00+00:00,1,0.35,positive,0.35,resolved,0,0,0.25,positive,0.00,resolved,0,0.5,0.2,positive,0.10,resolved,0,0.3636363636363636363636363636,0.2,positive,0.07272727272727272727272727272,resolved,0,0,4
f3c1a82f-ca5e-5b3f-a923-292dc622db87,syn1-U-A-006-013,WPB-013,7887a084-3d77-59c1-8dca-983994b0cb6e,syn1-P-002,Willow Park Gardens,992af92a-c20b-56be-bce2-001f0c1968e6,syn1-A-006,Willow Park B,available,3BR,3,98.75,70,legacy_aggregate,1,0,0,0,0,0,0,0,0,0,0,0.5227,52.3,medium,7,28,1.0000,0.5000,0,2,88f9b24c-ebac-4fb4-b895-b66c1629f967,manual,2026-08-18 12:00:43.957693+00:00,2026-08-18 12:00:43.957693+00:00,2026-08-18 12:00:44.301161+00:00,2025-08-19 12:00:00+00:00,2026-07-19 00:00:00+00:00,2026-07-19 00:00:00+00:00,1,0.35,positive,0.35,resolved,0,0,0.25,positive,0.00,resolved,0,0.5,0.2,positive,0.10,resolved,0,0.3636363636363636363636363636,0.2,positive,0.07272727272727272727272727272,resolved,0,0,4
6d7bda79-544e-5886-ab36-af14df8e1b65,syn1-U-A-006-014,WPB-014,7887a084-3d77-59c1-8dca-983994b0cb6e,syn1-P-002,Willow Park Gardens,992af92a-c20b-56be-bce2-001f0c1968e6,syn1-A-006,Willow Park B,available,3BR,3,98.75,70,legacy_aggregate,1,0,0,0,0,0,0,0,0,0,0,0.5227,52.3,medium,8,29,1.0000,0.5000,0,2,88f9b24c-ebac-4fb4-b895-b66c1629f967,manual,2026-08-18 12:00:43.957693+00:00,2026-08-18 12:00:43.957693+00:00,2026-08-18 12:00:44.301161+00:00,2025-08-20 00:00:00+00:00,2026-07-19 00:00:00+00:00,2026-07-19 00:00:00+00:00,1,0.35,positive,0.35,resolved,0,0,0.25,positive,0.00,resolved,0,0.5,0.2,positive,0.10,resolved,0,0.3636363636363636363636363636,0.2,positive,0.07272727272727272727272727272,resolved,0,0,4
2e057ad0-b3af-5492-8cdc-12411a816f75,syn1-U-A-006-015,WPB-015,7887a084-3d77-59c1-8dca-983994b0cb6e,syn1-P-002,Willow Park Gardens,992af92a-c20b-56be-bce2-001f0c1968e6,syn1-A-006,Willow Park B,available,3BR,3,98.75,70,legacy_aggregate,1,0,0,0,0,0,0,0,0,0,0,0.5227,52.3,medium,9,30,1.0000,0.5000,0,2,88f9b24c-ebac-4fb4-b895-b66c1629f967,manual,2026-08-18 12:00:43.957693+00:00,2026-08-18 12:00:43.957693+00:00,2026-08-18 12:00:44.301161+00:00,2025-08-20 12:00:00+00:00,2026-07-19 00:00:00+00:00,2026-07-19 00:00:00+00:00,1,0.35,positive,0.35,resolved,0,0,0.25,positive,0.00,resolved,0,0.5,0.2,positive,0.10,resolved,0,0.3636363636363636363636363636,0.2,positive,0.07272727272727272727272727272,resolved,0,0,4
616f5cc1-be55-5cc6-912a-a15a713d56d5,syn1-U-A-006-016,WPB-016,7887a084-3d77-59c1-8dca-983994b0cb6e,syn1-P-002,Willow Park Gardens,992af92a-c20b-56be-bce2-001f0c1968e6,syn1-A-006,Willow Park B,available,3BR,3,98.75,70,legacy_aggregate,1,0,0,0,0,0,0,0,0,0,0,0.5227,52.3,medium,10,31,1.0000,0.5000,0,2,88f9b24c-ebac-4fb4-b895-b66c1629f967,manual,2026-08-18 12:00:43.957693+00:00,2026-08-18 12:00:43.957693+00:00,2026-08-18 12:00:44.301161+00:00,2025-08-21 00:00:00+00:00,2026-07-19 00:00:00+00:00,2026-07-19 00:00:00+00:00,1,0.35,positive,0.35,resolved,0,0,0.25,positive,0.00,resolved,0,0.5,0.2,positive,0.10,resolved,0,0.3636363636363636363636363636,0.2,positive,0.07272727272727272727272727272,resolved,0,0,4
e4a45048-3315-544a-bfea-bcec3e9c263d,syn1-U-A-006-017,WPB-017,7887a084-3d77-59c1-8dca-983994b0cb6e,syn1-P-002,Willow Park Gardens,992af92a-c20b-56be-bce2-001f0c1968e6,syn1-A-006,Willow Park B,available,3BR,3,98.75,70,legacy_aggregate,1,0,0,0,0,0,0,0,0,0,0,0.5227,52.3,medium,11,32,1.0000,0.5000,0,2,88f9b24c-ebac-4fb4-b895-b66c1629f967,manual,2026-08-18 12:00:43.957693+00:00,2026-08-18 12:00:43.957693+00:00,2026-08-18 12:00:44.301161+00:00,2025-08-21 12:00:00+00:00,2026-07-19 00:00:00+00:00,2026-07-19 00:00:00+00:00,1,0.35,positive,0.35,resolved,0,0,0.25,positive,0.00,resolved,0,0.5,0.2,positive,0.10,resolved,0,0.3636363636363636363636363636,0.2,positive,0.07272727272727272727272727272,resolved,0,0,4
b32ed3da-7116-585f-9ade-009501875f2f,syn1-U-A-006-018,WPB-018,7887a084-3d77-59c1-8dca-983994b0cb6e,syn1-P-002,Willow Park Gardens,992af92a-c20b-56be-bce2-001f0c1968e6,syn1-A-006,Willow Park B,available,3BR,3,98.75,70,legacy_aggregate,1,0,0,0,0,0,0,0,0,0,0,0.5227,52.3,medium,12,33,1.0000,0.5000,0,2,88f9b24c-ebac-4fb4-b895-b66c1629f967,manual,2026-08-18 12:00:43.957693+00:00,2026-08-18 12:00:43.957693+00:00,2026-08-18 12:00:44.301161+00:00,2025-08-22 00:00:00+00:00,2026-07-19 00:00:00+00:00,2026-07-19 00:00:00+00:00,1,0.35,positive,0.35,resolved,0,0,0.25,positive,0.00,resolved,0,0.5,0.2,positive,0.10,resolved,0,0.3636363636363636363636363636,0.2,positive,0.07272727272727272727272727272,resolved,0,0,4
79db3660-17d2-5dde-bafa-3a8a815a3bb6,syn1-U-A-006-019,WPB-019,7887a084-3d77-59c1-8dca-983994b0cb6e,syn1-P-002,Willow Park Gardens,992af92a-c20b-56be-bce2-001f0c1968e6,syn1-A-006,Willow Park B,available,3BR,3,98.75,70,legacy_aggregate,1,0,0,0,0,0,0,0,0,0,0,0.5227,52.3,medium,13,34,1.0000,0.5000,0,2,88f9b24c-ebac-4fb4-b895-b66c1629f967,manual,2026-08-18 12:00:43.957693+00:00,2026-08-18 12:00:43.957693+00:00,2026-08-18 12:00:44.301161+00:00,2025-08-22 12:00:00+00:00,2026-07-19 00:00:00+00:00,2026-07-19 00:00:00+00:00,1,0.35,positive,0.35,resolved,0,0,0.25,positive,0.00,resolved,0,0.5,0.2,positive,0.10,resolved,0,0.3636363636363636363636363636,0.2,positive,0.07272727272727272727272727272,resolved,0,0,4
77033418-a784-59e8-bb6e-fc51d0c41cb6,syn1-U-A-006-020,WPB-020,7887a084-3d77-59c1-8dca-983994b0cb6e,syn1-P-002,Willow Park Gardens,992af92a-c20b-56be-bce2-001f0c1968e6,syn1-A-006,Willow Park B,available,3BR,3,98.75,70,legacy_aggregate,1,0,0,0,0,0,0,0,0,0,0,0.5227,52.3,medium,14,35,1.0000,0.5000,0,2,88f9b24c-ebac-4fb4-b895-b66c1629f967,manual,2026-08-18 12:00:43.957693+00:00,2026-08-18 12:00:43.957693+00:00,2026-08-18 12:00:44.301161+00:00,2025-08-23 00:00:00+00:00,2026-07-19 00:00:00+00:00,2026-07-19 00:00:00+00:00,1,0.35,positive,0.35,resolved,0,0,0.25,positive,0.00,resolved,0,0.5,0.2,positive,0.10,resolved,0,0.3636363636363636363636363636,0.2,positive,0.07272727272727272727272727272,resolved,0,0,4
764ae67f-625c-58a8-bbe3-57ab59f036fa,syn1-U-A-007-006,WPC-006,7887a084-3d77-59c1-8dca-983994b0cb6e,syn1-P-002,Willow Park Gardens,aabfb001-73bc-592e-833b-3eab1b0f7220,syn1-A-007,Willow Park C,available,1BR,1,47.00,50,legacy_aggregate,1,0,0,0,0,0,0,0,0,0,0,0.5125,51.3,medium,3,36,1.0000,0.5000,0,2,88f9b24c-ebac-4fb4-b895-b66c1629f967,manual,2026-08-18 12:00:43.957693+00:00,2026-08-18 12:00:43.957693+00:00,2026-08-18 12:00:44.301161+00:00,2025-08-16 00:00:00+00:00,2026-07-19 00:00:00+00:00,2026-07-19 00:00:00+00:00,1,0.35,positive,0.35,resolved,0,0,0.25,positive,0.00,resolved,0,0.3125,0.2,positive,0.06250,resolved,0,0.5,0.2,positive,0.10,resolved,0,0,4
08b003f2-3d7e-517f-8abb-b40e2e555bcb,syn1-U-A-007-007,WPC-007,7887a084-3d77-59c1-8dca-983994b0cb6e,syn1-P-002,Willow Park Gardens,aabfb001-73bc-592e-833b-3eab1b0f7220,syn1-A-007,Willow Park C,available,1BR,1,47.00,50,legacy_aggregate,1,0,0,0,0,0,0,0,0,0,0,0.5125,51.3,medium,4,37,1.0000,0.5000,0,2,88f9b24c-ebac-4fb4-b895-b66c1629f967,manual,2026-08-18 12:00:43.957693+00:00,2026-08-18 12:00:43.957693+00:00,2026-08-18 12:00:44.301161+00:00,2025-08-16 12:00:00+00:00,2026-07-19 00:00:00+00:00,2026-07-19 00:00:00+00:00,1,0.35,positive,0.35,resolved,0,0,0.25,positive,0.00,resolved,0,0.3125,0.2,positive,0.06250,resolved,0,0.5,0.2,positive,0.10,resolved,0,0,4
5aeb29f0-702b-5540-aa0c-b7cd435f8141,syn1-U-A-007-008,WPC-008,7887a084-3d77-59c1-8dca-983994b0cb6e,syn1-P-002,Willow Park Gardens,aabfb001-73bc-592e-833b-3eab1b0f7220,syn1-A-007,Willow Park C,available,1BR,1,47.00,50,legacy_aggregate,1,0,0,0,0,0,0,0,0,0,0,0.5125,51.3,medium,5,38,1.0000,0.5000,0,2,88f9b24c-ebac-4fb4-b895-b66c1629f967,manual,2026-08-18 12:00:43.957693+00:00,2026-08-18 12:00:43.957693+00:00,2026-08-18 12:00:44.301161+00:00,2025-08-17 00:00:00+00:00,2026-07-19 00:00:00+00:00,2026-07-19 00:00:00+00:00,1,0.35,positive,0.35,resolved,0,0,0.25,positive,0.00,resolved,0,0.3125,0.2,positive,0.06250,resolved,0,0.5,0.2,positive,0.10,resolved,0,0,4
69b70045-a604-5085-a879-01fec21365b7,syn1-U-A-007-009,WPC-009,7887a084-3d77-59c1-8dca-983994b0cb6e,syn1-P-002,Willow Park Gardens,aabfb001-73bc-592e-833b-3eab1b0f7220,syn1-A-007,Willow Park C,available,1BR,1,47.00,50,legacy_aggregate,1,0,0,0,0,0,0,0,0,0,0,0.5125,51.3,medium,6,39,1.0000,0.5000,0,2,88f9b24c-ebac-4fb4-b895-b66c1629f967,manual,2026-08-18 12:00:43.957693+00:00,2026-08-18 12:00:43.957693+00:00,2026-08-18 12:00:44.301161+00:00,2025-08-17 12:00:00+00:00,2026-07-19 00:00:00+00:00,2026-07-19 00:00:00+00:00,1,0.35,positive,0.35,resolved,0,0,0.25,positive,0.00,resolved,0,0.3125,0.2,positive,0.06250,resolved,0,0.5,0.2,positive,0.10,resolved,0,0,4
4bc00789-5fea-5758-a257-18be78d7b125,syn1-U-A-007-010,WPC-010,7887a084-3d77-59c1-8dca-983994b0cb6e,syn1-P-002,Willow Park Gardens,aabfb001-73bc-592e-833b-3eab1b0f7220,syn1-A-007,Willow Park C,available,1BR,1,47.00,50,legacy_aggregate,1,0,0,0,0,0,0,0,0,0,0,0.5125,51.3,medium,7,40,1.0000,0.5000,0,2,88f9b24c-ebac-4fb4-b895-b66c1629f967,manual,2026-08-18 12:00:43.957693+00:00,2026-08-18 12:00:43.957693+00:00,2026-08-18 12:00:44.301161+00:00,2025-08-18 00:00:00+00:00,2026-07-19 00:00:00+00:00,2026-07-19 00:00:00+00:00,1,0.35,positive,0.35,resolved,0,0,0.25,positive,0.00,resolved,0,0.3125,0.2,positive,0.06250,resolved,0,0.5,0.2,positive,0.10,resolved,0,0,4
87c43909-9690-5665-bbb6-0283c30db204,syn1-U-A-007-011,WPC-011,7887a084-3d77-59c1-8dca-983994b0cb6e,syn1-P-002,Willow Park Gardens,aabfb001-73bc-592e-833b-3eab1b0f7220,syn1-A-007,Willow Park C,available,1BR,1,47.00,50,legacy_aggregate,1,0,0,0,0,0,0,0,0,0,0,0.5125,51.3,medium,8,41,1.0000,0.5000,0,2,88f9b24c-ebac-4fb4-b895-b66c1629f967,manual,2026-08-18 12:00:43.957693+00:00,2026-08-18 12:00:43.957693+00:00,2026-08-18 12:00:44.301161+00:00,2025-08-18 12:00:00+00:00,2026-07-19 00:00:00+00:00,2026-07-19 00:00:00+00:00,1,0.35,positive,0.35,resolved,0,0,0.25,positive,0.00,resolved,0,0.3125,0.2,positive,0.06250,resolved,0,0.5,0.2,positive,0.10,resolved,0,0,4
2ed07238-7792-51f5-8d96-b0ff53fc65a4,syn1-U-A-007-012,WPC-012,7887a084-3d77-59c1-8dca-983994b0cb6e,syn1-P-002,Willow Park Gardens,aabfb001-73bc-592e-833b-3eab1b0f7220,syn1-A-007,Willow Park C,available,1BR,1,47.00,50,legacy_aggregate,1,0,0,0,0,0,0,0,0,0,0,0.5125,51.3,medium,9,42,1.0000,0.5000,0,2,88f9b24c-ebac-4fb4-b895-b66c1629f967,manual,2026-08-18 12:00:43.957693+00:00,2026-08-18 12:00:43.957693+00:00,2026-08-18 12:00:44.301161+00:00,2025-08-19 00:00:00+00:00,2026-07-19 00:00:00+00:00,2026-07-19 00:00:00+00:00,1,0.35,positive,0.35,resolved,0,0,0.25,positive,0.00,resolved,0,0.3125,0.2,positive,0.06250,resolved,0,0.5,0.2,positive,0.10,resolved,0,0,4
2dfc86cf-1c11-5607-9317-37fb382f4ee6,syn1-U-A-007-013,WPC-013,7887a084-3d77-59c1-8dca-983994b0cb6e,syn1-P-002,Willow Park Gardens,aabfb001-73bc-592e-833b-3eab1b0f7220,syn1-A-007,Willow Park C,available,1BR,1,47.00,50,legacy_aggregate,1,0,0,0,0,0,0,0,0,0,0,0.5125,51.3,medium,10,43,1.0000,0.5000,0,2,88f9b24c-ebac-4fb4-b895-b66c1629f967,manual,2026-08-18 12:00:43.957693+00:00,2026-08-18 12:00:43.957693+00:00,2026-08-18 12:00:44.301161+00:00,2025-08-19 12:00:00+00:00,2026-07-19 00:00:00+00:00,2026-07-19 00:00:00+00:00,1,0.35,positive,0.35,resolved,0,0,0.25,positive,0.00,resolved,0,0.3125,0.2,positive,0.06250,resolved,0,0.5,0.2,positive,0.10,resolved,0,0,4
64441b8b-eb42-55ed-bfca-dc4aa0c29cdb,syn1-U-A-007-014,WPC-014,7887a084-3d77-59c1-8dca-983994b0cb6e,syn1-P-002,Willow Park Gardens,aabfb001-73bc-592e-833b-3eab1b0f7220,syn1-A-007,Willow Park C,available,1BR,1,47.00,50,legacy_aggregate,1,0,0,0,0,0,0,0,0,0,0,0.5125,51.3,medium,11,44,1.0000,0.5000,0,2,88f9b24c-ebac-4fb4-b895-b66c1629f967,manual,2026-08-18 12:00:43.957693+00:00,2026-08-18 12:00:43.957693+00:00,2026-08-18 12:00:44.301161+00:00,2025-08-20 00:00:00+00:00,2026-07-19 00:00:00+00:00,2026-07-19 00:00:00+00:00,1,0.35,positive,0.35,resolved,0,0,0.25,positive,0.00,resolved,0,0.3125,0.2,positive,0.06250,resolved,0,0.5,0.2,positive,0.10,resolved,0,0,4
7f4b6fda-d947-548f-b4f8-5de81a67cafe,syn1-U-A-007-015,WPC-015,7887a084-3d77-59c1-8dca-983994b0cb6e,syn1-P-002,Willow Park Gardens,aabfb001-73bc-592e-833b-3eab1b0f7220,syn1-A-007,Willow Park C,available,1BR,1,47.00,50,legacy_aggregate,1,0,0,0,0,0,0,0,0,0,0,0.5125,51.3,medium,12,45,1.0000,0.5000,0,2,88f9b24c-ebac-4fb4-b895-b66c1629f967,manual,2026-08-18 12:00:43.957693+00:00,2026-08-18 12:00:43.957693+00:00,2026-08-18 12:00:44.301161+00:00,2025-08-20 12:00:00+00:00,2026-07-19 00:00:00+00:00,2026-07-19 00:00:00+00:00,1,0.35,positive,0.35,resolved,0,0,0.25,positive,0.00,resolved,0,0.3125,0.2,positive,0.06250,resolved,0,0.5,0.2,positive,0.10,resolved,0,0,4
2351819a-ad52-52e3-b8c5-4b08230429b6,syn1-U-A-007-016,WPC-016,7887a084-3d77-59c1-8dca-983994b0cb6e,syn1-P-002,Willow Park Gardens,aabfb001-73bc-592e-833b-3eab1b0f7220,syn1-A-007,Willow Park C,available,1BR,1,47.00,50,legacy_aggregate,1,0,0,0,0,0,0,0,0,0,0,0.5125,51.3,medium,13,46,1.0000,0.5000,0,2,88f9b24c-ebac-4fb4-b895-b66c1629f967,manual,2026-08-18 12:00:43.957693+00:00,2026-08-18 12:00:43.957693+00:00,2026-08-18 12:00:44.301161+00:00,2025-08-21 00:00:00+00:00,2026-07-19 00:00:00+00:00,2026-07-19 00:00:00+00:00,1,0.35,positive,0.35,resolved,0,0,0.25,positive,0.00,resolved,0,0.3125,0.2,positive,0.06250,resolved,0,0.5,0.2,positive,0.10,resolved,0,0,4
438262e7-cc2c-5382-8a89-76c032a0534d,syn1-U-A-005-001,WPA-001,7887a084-3d77-59c1-8dca-983994b0cb6e,syn1-P-002,Willow Park Gardens,d1c16841-dee0-58bc-aa62-67fd335b971f,syn1-A-005,Willow Park A,sold,2BR,2,70.00,100,legacy_aggregate,0,1,1,0,0,0,0,0,0,1,0,0.2449,24.5,low,20,47,1.0000,0.5000,0,2,88f9b24c-ebac-4fb4-b895-b66c1629f967,manual,2026-08-18 12:00:43.957693+00:00,2026-08-18 12:00:43.957693+00:00,2026-08-18 12:00:44.301161+00:00,2025-08-13 12:00:00+00:00,2026-07-19 00:00:00+00:00,2026-07-19 00:00:00+00:00,0,0.35,positive,0.00,resolved,0,0,0.25,positive,0.00,resolved,0,0.8333333333333333333333333335,0.2,positive,0.1666666666666666666666666667,resolved,0,0.3913043478260869565217391304,0.2,positive,0.07826086956521739130434782608,resolved,0,0,4
9cad7427-1df8-596a-baac-3fc00156be4e,syn1-U-A-005-002,WPA-002,7887a084-3d77-59c1-8dca-983994b0cb6e,syn1-P-002,Willow Park Gardens,d1c16841-dee0-58bc-aa62-67fd335b971f,syn1-A-005,Willow Park A,sold,2BR,2,70.00,100,legacy_aggregate,0,1,1,0,0,0,0,0,0,1,0,0.2449,24.5,low,21,48,1.0000,0.5000,0,2,88f9b24c-ebac-4fb4-b895-b66c1629f967,manual,2026-08-18 12:00:43.957693+00:00,2026-08-18 12:00:43.957693+00:00,2026-08-18 12:00:44.301161+00:00,2025-08-14 00:00:00+00:00,2026-07-19 00:00:00+00:00,2026-07-19 00:00:00+00:00,0,0.35,positive,0.00,resolved,0,0,0.25,positive,0.00,resolved,0,0.8333333333333333333333333335,0.2,positive,0.1666666666666666666666666667,resolved,0,0.3913043478260869565217391304,0.2,positive,0.07826086956521739130434782608,resolved,0,0,4
b9fe7567-40c5-5124-b805-aef2b1b52efb,syn1-U-A-005-003,WPA-003,7887a084-3d77-59c1-8dca-983994b0cb6e,syn1-P-002,Willow Park Gardens,d1c16841-dee0-58bc-aa62-67fd335b971f,syn1-A-005,Willow Park A,sold,2BR,2,70.00,100,legacy_aggregate,0,1,1,0,0,0,0,0,0,1,0,0.2449,24.5,low,22,49,1.0000,0.5000,0,2,88f9b24c-ebac-4fb4-b895-b66c1629f967,manual,2026-08-18 12:00:43.957693+00:00,2026-08-18 12:00:43.957693+00:00,2026-08-18 12:00:44.301161+00:00,2025-08-14 12:00:00+00:00,2026-07-19 00:00:00+00:00,2026-07-19 00:00:00+00:00,0,0.35,positive,0.00,resolved,0,0,0.25,positive,0.00,resolved,0,0.8333333333333333333333333335,0.2,positive,0.1666666666666666666666666667,resolved,0,0.3913043478260869565217391304,0.2,positive,0.07826086956521739130434782608,resolved,0,0,4
31f67f34-0bd0-5d54-b7ea-d38cff1b6d1d,syn1-U-A-005-004,WPA-004,7887a084-3d77-59c1-8dca-983994b0cb6e,syn1-P-002,Willow Park Gardens,d1c16841-dee0-58bc-aa62-67fd335b971f,syn1-A-005,Willow Park A,sold,2BR,2,70.00,100,legacy_aggregate,0,1,1,0,0,0,0,0,0,1,0,0.2449,24.5,low,23,50,1.0000,0.5000,0,2,88f9b24c-ebac-4fb4-b895-b66c1629f967,manual,2026-08-18 12:00:43.957693+00:00,2026-08-18 12:00:43.957693+00:00,2026-08-18 12:00:44.301161+00:00,2025-08-15 00:00:00+00:00,2026-07-19 00:00:00+00:00,2026-07-19 00:00:00+00:00,0,0.35,positive,0.00,resolved,0,0,0.25,positive,0.00,resolved,0,0.8333333333333333333333333335,0.2,positive,0.1666666666666666666666666667,resolved,0,0.3913043478260869565217391304,0.2,positive,0.07826086956521739130434782608,resolved,0,0,4
141e7e5b-f024-5302-9167-c4bfad36eff7,syn1-U-A-005-005,WPA-005,7887a084-3d77-59c1-8dca-983994b0cb6e,syn1-P-002,Willow Park Gardens,d1c16841-dee0-58bc-aa62-67fd335b971f,syn1-A-005,Willow Park A,sold,2BR,2,70.00,100,legacy_aggregate,0,1,1,0,0,0,0,0,0,1,0,0.2449,24.5,low,24,51,1.0000,0.5000,0,2,88f9b24c-ebac-4fb4-b895-b66c1629f967,manual,2026-08-18 12:00:43.957693+00:00,2026-08-18 12:00:43.957693+00:00,2026-08-18 12:00:44.301161+00:00,2025-08-15 12:00:00+00:00,2026-07-19 00:00:00+00:00,2026-07-19 00:00:00+00:00,0,0.35,positive,0.00,resolved,0,0,0.25,positive,0.00,resolved,0,0.8333333333333333333333333335,0.2,positive,0.1666666666666666666666666667,resolved,0,0.3913043478260869565217391304,0.2,positive,0.07826086956521739130434782608,resolved,0,0,4
eb6d40af-6d60-5906-a5c6-daf8a78d2e23,syn1-U-A-005-006,WPA-006,7887a084-3d77-59c1-8dca-983994b0cb6e,syn1-P-002,Willow Park Gardens,d1c16841-dee0-58bc-aa62-67fd335b971f,syn1-A-005,Willow Park A,sold,2BR,2,70.00,100,legacy_aggregate,0,1,1,0,0,0,0,0,0,1,0,0.2449,24.5,low,25,52,1.0000,0.5000,0,2,88f9b24c-ebac-4fb4-b895-b66c1629f967,manual,2026-08-18 12:00:43.957693+00:00,2026-08-18 12:00:43.957693+00:00,2026-08-18 12:00:44.301161+00:00,2025-08-16 00:00:00+00:00,2026-07-19 00:00:00+00:00,2026-07-19 00:00:00+00:00,0,0.35,positive,0.00,resolved,0,0,0.25,positive,0.00,resolved,0,0.8333333333333333333333333335,0.2,positive,0.1666666666666666666666666667,resolved,0,0.3913043478260869565217391304,0.2,positive,0.07826086956521739130434782608,resolved,0,0,4
be91ab20-665c-5ae0-8f36-6bb3b58abf65,syn1-U-A-005-007,WPA-007,7887a084-3d77-59c1-8dca-983994b0cb6e,syn1-P-002,Willow Park Gardens,d1c16841-dee0-58bc-aa62-67fd335b971f,syn1-A-005,Willow Park A,sold,2BR,2,70.00,100,legacy_aggregate,0,1,1,0,0,0,0,0,0,1,0,0.2449,24.5,low,26,53,1.0000,0.5000,0,2,88f9b24c-ebac-4fb4-b895-b66c1629f967,manual,2026-08-18 12:00:43.957693+00:00,2026-08-18 12:00:43.957693+00:00,2026-08-18 12:00:44.301161+00:00,2025-08-16 12:00:00+00:00,2026-07-19 00:00:00+00:00,2026-07-19 00:00:00+00:00,0,0.35,positive,0.00,resolved,0,0,0.25,positive,0.00,resolved,0,0.8333333333333333333333333335,0.2,positive,0.1666666666666666666666666667,resolved,0,0.3913043478260869565217391304,0.2,positive,0.07826086956521739130434782608,resolved,0,0,4
fbec5681-5f3e-5c11-9fec-c11be2d0cdaf,syn1-U-A-005-008,WPA-008,7887a084-3d77-59c1-8dca-983994b0cb6e,syn1-P-002,Willow Park Gardens,d1c16841-dee0-58bc-aa62-67fd335b971f,syn1-A-005,Willow Park A,sold,2BR,2,70.00,100,legacy_aggregate,0,1,1,0,0,0,0,0,0,1,0,0.2449,24.5,low,27,54,1.0000,0.5000,0,2,88f9b24c-ebac-4fb4-b895-b66c1629f967,manual,2026-08-18 12:00:43.957693+00:00,2026-08-18 12:00:43.957693+00:00,2026-08-18 12:00:44.301161+00:00,2025-08-17 00:00:00+00:00,2026-07-19 00:00:00+00:00,2026-07-19 00:00:00+00:00,0,0.35,positive,0.00,resolved,0,0,0.25,positive,0.00,resolved,0,0.8333333333333333333333333335,0.2,positive,0.1666666666666666666666666667,resolved,0,0.3913043478260869565217391304,0.2,positive,0.07826086956521739130434782608,resolved,0,0,4
9a0a9151-6949-5ac1-9593-76a2205bd953,syn1-U-A-005-009,WPA-009,7887a084-3d77-59c1-8dca-983994b0cb6e,syn1-P-002,Willow Park Gardens,d1c16841-dee0-58bc-aa62-67fd335b971f,syn1-A-005,Willow Park A,sold,2BR,2,70.00,100,legacy_aggregate,0,1,1,0,0,0,0,0,0,1,0,0.2449,24.5,low,28,55,1.0000,0.5000,0,2,88f9b24c-ebac-4fb4-b895-b66c1629f967,manual,2026-08-18 12:00:43.957693+00:00,2026-08-18 12:00:43.957693+00:00,2026-08-18 12:00:44.301161+00:00,2025-08-17 12:00:00+00:00,2026-07-19 00:00:00+00:00,2026-07-19 00:00:00+00:00,0,0.35,positive,0.00,resolved,0,0,0.25,positive,0.00,resolved,0,0.8333333333333333333333333335,0.2,positive,0.1666666666666666666666666667,resolved,0,0.3913043478260869565217391304,0.2,positive,0.07826086956521739130434782608,resolved,0,0,4
14efcf2d-6dd9-5417-b57f-f07ba74e3cc1,syn1-U-A-005-010,WPA-010,7887a084-3d77-59c1-8dca-983994b0cb6e,syn1-P-002,Willow Park Gardens,d1c16841-dee0-58bc-aa62-67fd335b971f,syn1-A-005,Willow Park A,reserved,2BR,2,70.00,100,legacy_aggregate,0,1,1,0,0,0,0,0,1,0,0,0.2449,24.5,low,29,56,1.0000,0.5000,0,2,88f9b24c-ebac-4fb4-b895-b66c1629f967,manual,2026-08-18 12:00:43.957693+00:00,2026-08-18 12:00:43.957693+00:00,2026-08-18 12:00:44.301161+00:00,2025-08-18 00:00:00+00:00,2026-07-19 00:00:00+00:00,2026-07-19 00:00:00+00:00,0,0.35,positive,0.00,resolved,0,0,0.25,positive,0.00,resolved,0,0.8333333333333333333333333335,0.2,positive,0.1666666666666666666666666667,resolved,0,0.3913043478260869565217391304,0.2,positive,0.07826086956521739130434782608,resolved,0,0,4
db2bd0e2-65fc-53e9-bbac-c4964d98f0bb,syn1-U-A-005-011,WPA-011,7887a084-3d77-59c1-8dca-983994b0cb6e,syn1-P-002,Willow Park Gardens,d1c16841-dee0-58bc-aa62-67fd335b971f,syn1-A-005,Willow Park A,reserved,2BR,2,70.00,100,legacy_aggregate,0,1,1,0,0,0,0,0,1,0,0,0.2449,24.5,low,30,57,1.0000,0.5000,0,2,88f9b24c-ebac-4fb4-b895-b66c1629f967,manual,2026-08-18 12:00:43.957693+00:00,2026-08-18 12:00:43.957693+00:00,2026-08-18 12:00:44.301161+00:00,2025-08-18 12:00:00+00:00,2026-07-19 00:00:00+00:00,2026-07-19 00:00:00+00:00,0,0.35,positive,0.00,resolved,0,0,0.25,positive,0.00,resolved,0,0.8333333333333333333333333335,0.2,positive,0.1666666666666666666666666667,resolved,0,0.3913043478260869565217391304,0.2,positive,0.07826086956521739130434782608,resolved,0,0,4
b2368dd3-7050-50f0-9de5-0ef6229f4dea,syn1-U-A-006-001,WPB-001,7887a084-3d77-59c1-8dca-983994b0cb6e,syn1-P-002,Willow Park Gardens,992af92a-c20b-56be-bce2-001f0c1968e6,syn1-A-006,Willow Park B,sold,3BR,3,98.75,70,legacy_aggregate,0,1,1,0,0,0,0,0,0,1,0,0.1727,17.3,low,15,58,1.0000,0.5000,0,2,88f9b24c-ebac-4fb4-b895-b66c1629f967,manual,2026-08-18 12:00:43.957693+00:00,2026-08-18 12:00:43.957693+00:00,2026-08-18 12:00:44.301161+00:00,2025-08-13 12:00:00+00:00,2026-07-19 00:00:00+00:00,2026-07-19 00:00:00+00:00,0,0.35,positive,0.00,resolved,0,0,0.25,positive,0.00,resolved,0,0.5,0.2,positive,0.10,resolved,0,0.3636363636363636363636363636,0.2,positive,0.07272727272727272727272727272,resolved,0,0,4
bf903984-f521-5aa8-87a0-2f78355b032b,syn1-U-A-006-002,WPB-002,7887a084-3d77-59c1-8dca-983994b0cb6e,syn1-P-002,Willow Park Gardens,992af92a-c20b-56be-bce2-001f0c1968e6,syn1-A-006,Willow Park B,sold,3BR,3,98.75,70,legacy_aggregate,0,1,1,0,0,0,0,0,0,1,0,0.1727,17.3,low,16,59,1.0000,0.5000,0,2,88f9b24c-ebac-4fb4-b895-b66c1629f967,manual,2026-08-18 12:00:43.957693+00:00,2026-08-18 12:00:43.957693+00:00,2026-08-18 12:00:44.301161+00:00,2025-08-14 00:00:00+00:00,2026-07-19 00:00:00+00:00,2026-07-19 00:00:00+00:00,0,0.35,positive,0.00,resolved,0,0,0.25,positive,0.00,resolved,0,0.5,0.2,positive,0.10,resolved,0,0.3636363636363636363636363636,0.2,positive,0.07272727272727272727272727272,resolved,0,0,4
39d5b98c-845f-5d4e-8f3a-9dff247a31c2,syn1-U-A-006-003,WPB-003,7887a084-3d77-59c1-8dca-983994b0cb6e,syn1-P-002,Willow Park Gardens,992af92a-c20b-56be-bce2-001f0c1968e6,syn1-A-006,Willow Park B,sold,3BR,3,98.75,70,legacy_aggregate,0,1,1,0,0,0,0,0,0,1,0,0.1727,17.3,low,17,60,1.0000,0.5000,0,2,88f9b24c-ebac-4fb4-b895-b66c1629f967,manual,2026-08-18 12:00:43.957693+00:00,2026-08-18 12:00:43.957693+00:00,2026-08-18 12:00:44.301161+00:00,2025-08-14 12:00:00+00:00,2026-07-19 00:00:00+00:00,2026-07-19 00:00:00+00:00,0,0.35,positive,0.00,resolved,0,0,0.25,positive,0.00,resolved,0,0.5,0.2,positive,0.10,resolved,0,0.3636363636363636363636363636,0.2,positive,0.07272727272727272727272727272,resolved,0,0,4
da3c7d30-c9e2-5caa-ac0f-eff9b9da5894,syn1-U-A-006-004,WPB-004,7887a084-3d77-59c1-8dca-983994b0cb6e,syn1-P-002,Willow Park Gardens,992af92a-c20b-56be-bce2-001f0c1968e6,syn1-A-006,Willow Park B,sold,3BR,3,98.75,70,legacy_aggregate,0,1,1,0,0,0,0,0,0,1,0,0.1727,17.3,low,18,61,1.0000,0.5000,0,2,88f9b24c-ebac-4fb4-b895-b66c1629f967,manual,2026-08-18 12:00:43.957693+00:00,2026-08-18 12:00:43.957693+00:00,2026-08-18 12:00:44.301161+00:00,2025-08-15 00:00:00+00:00,2026-07-19 00:00:00+00:00,2026-07-19 00:00:00+00:00,0,0.35,positive,0.00,resolved,0,0,0.25,positive,0.00,resolved,0,0.5,0.2,positive,0.10,resolved,0,0.3636363636363636363636363636,0.2,positive,0.07272727272727272727272727272,resolved,0,0,4
ca3decf8-7751-5110-91b2-95949b0a789c,syn1-U-A-006-005,WPB-005,7887a084-3d77-59c1-8dca-983994b0cb6e,syn1-P-002,Willow Park Gardens,992af92a-c20b-56be-bce2-001f0c1968e6,syn1-A-006,Willow Park B,reserved,3BR,3,98.75,70,legacy_aggregate,0,1,1,0,0,0,0,0,1,0,0,0.1727,17.3,low,19,62,1.0000,0.5000,0,2,88f9b24c-ebac-4fb4-b895-b66c1629f967,manual,2026-08-18 12:00:43.957693+00:00,2026-08-18 12:00:43.957693+00:00,2026-08-18 12:00:44.301161+00:00,2025-08-15 12:00:00+00:00,2026-07-19 00:00:00+00:00,2026-07-19 00:00:00+00:00,0,0.35,positive,0.00,resolved,0,0,0.25,positive,0.00,resolved,0,0.5,0.2,positive,0.10,resolved,0,0.3636363636363636363636363636,0.2,positive,0.07272727272727272727272727272,resolved,0,0,4
ceeafa36-ff77-5aaa-8505-b6cc5f0ed16d,syn1-U-A-006-006,WPB-006,7887a084-3d77-59c1-8dca-983994b0cb6e,syn1-P-002,Willow Park Gardens,992af92a-c20b-56be-bce2-001f0c1968e6,syn1-A-006,Willow Park B,blocked,3BR,3,98.75,70,legacy_aggregate,0,0,0,0,0,0,0,0,0,0,0,0.1727,17.3,low,20,63,1.0000,0.5000,0,2,88f9b24c-ebac-4fb4-b895-b66c1629f967,manual,2026-08-18 12:00:43.957693+00:00,2026-08-18 12:00:43.957693+00:00,2026-08-18 12:00:44.301161+00:00,2025-08-16 00:00:00+00:00,2026-07-19 00:00:00+00:00,2026-07-19 00:00:00+00:00,0,0.35,positive,0.00,resolved,0,0,0.25,positive,0.00,resolved,0,0.5,0.2,positive,0.10,resolved,0,0.3636363636363636363636363636,0.2,positive,0.07272727272727272727272727272,resolved,0,0,4
5b4df318-20b0-5f13-8ef1-64e2049226f2,syn1-U-A-007-001,WPC-001,7887a084-3d77-59c1-8dca-983994b0cb6e,syn1-P-002,Willow Park Gardens,aabfb001-73bc-592e-833b-3eab1b0f7220,syn1-A-007,Willow Park C,sold,1BR,1,47.00,50,legacy_aggregate,0,1,1,0,0,0,0,0,0,1,0,0.1625,16.3,low,14,64,1.0000,0.5000,0,2,88f9b24c-ebac-4fb4-b895-b66c1629f967,manual,2026-08-18 12:00:43.957693+00:00,2026-08-18 12:00:43.957693+00:00,2026-08-18 12:00:44.301161+00:00,2025-08-13 12:00:00+00:00,2026-07-19 00:00:00+00:00,2026-07-19 00:00:00+00:00,0,0.35,positive,0.00,resolved,0,0,0.25,positive,0.00,resolved,0,0.3125,0.2,positive,0.06250,resolved,0,0.5,0.2,positive,0.10,resolved,0,0,4
dff36f60-672c-5ac6-ae2c-c429b9e165b5,syn1-U-A-007-002,WPC-002,7887a084-3d77-59c1-8dca-983994b0cb6e,syn1-P-002,Willow Park Gardens,aabfb001-73bc-592e-833b-3eab1b0f7220,syn1-A-007,Willow Park C,sold,1BR,1,47.00,50,legacy_aggregate,0,1,1,0,0,0,0,0,0,1,0,0.1625,16.3,low,15,65,1.0000,0.5000,0,2,88f9b24c-ebac-4fb4-b895-b66c1629f967,manual,2026-08-18 12:00:43.957693+00:00,2026-08-18 12:00:43.957693+00:00,2026-08-18 12:00:44.301161+00:00,2025-08-14 00:00:00+00:00,2026-07-19 00:00:00+00:00,2026-07-19 00:00:00+00:00,0,0.35,positive,0.00,resolved,0,0,0.25,positive,0.00,resolved,0,0.3125,0.2,positive,0.06250,resolved,0,0.5,0.2,positive,0.10,resolved,0,0,4
5ecaac22-370e-5880-b3de-08264a7405d5,syn1-U-A-007-003,WPC-003,7887a084-3d77-59c1-8dca-983994b0cb6e,syn1-P-002,Willow Park Gardens,aabfb001-73bc-592e-833b-3eab1b0f7220,syn1-A-007,Willow Park C,sold,1BR,1,47.00,50,legacy_aggregate,0,1,1,0,0,0,0,0,0,1,0,0.1625,16.3,low,16,66,1.0000,0.5000,0,2,88f9b24c-ebac-4fb4-b895-b66c1629f967,manual,2026-08-18 12:00:43.957693+00:00,2026-08-18 12:00:43.957693+00:00,2026-08-18 12:00:44.301161+00:00,2025-08-14 12:00:00+00:00,2026-07-19 00:00:00+00:00,2026-07-19 00:00:00+00:00,0,0.35,positive,0.00,resolved,0,0,0.25,positive,0.00,resolved,0,0.3125,0.2,positive,0.06250,resolved,0,0.5,0.2,positive,0.10,resolved,0,0,4
a99db8bf-802a-5d8a-aaae-df9e55bd4831,syn1-U-A-008-009,QFN-009,0fa6dc5b-1574-5004-b44a-e74d1b8695d2,syn1-P-003,Quarry Fields Commons,3552b1b8-b749-5851-a3b1-1b295129cff8,syn1-A-008,Quarry Fields North,available,2BR,2,66.00,40,domain_units_deals,1,0,3,3,1,1,1,0,0,0,0,0.7711,77.1,high,1,1,1.0000,0.5000,0,2,fc0a0274-67c9-473a-9567-d4f3444e0efb,manual,2026-08-18 12:00:44.562367+00:00,2026-08-18 12:00:44.562367+00:00,2026-08-18 12:00:44.720528+00:00,2025-08-17 12:00:00+00:00,2026-07-19 00:00:00+00:00,2026-07-19 00:00:00+00:00,1,0.35,positive,0.35,resolved,0,1,0.25,positive,0.25,resolved,0,0.5555555555555555555555555555,0.2,positive,0.1111111111111111111111111111,resolved,0,0.3,0.2,positive,0.06,resolved,0,0,4
8ae99e89-31b5-5e17-9b3c-9176b6c38120,syn1-U-A-008-010,QFN-010,0fa6dc5b-1574-5004-b44a-e74d1b8695d2,syn1-P-003,Quarry Fields Commons,3552b1b8-b749-5851-a3b1-1b295129cff8,syn1-A-008,Quarry Fields North,available,2BR,2,66.00,40,domain_units_deals,1,0,2,1,1,0,0,0,0,0,1,0.6044,60.4,medium,2,2,1.0000,0.5000,0,2,fc0a0274-67c9-473a-9567-d4f3444e0efb,manual,2026-08-18 12:00:44.562367+00:00,2026-08-18 12:00:44.562367+00:00,2026-08-18 12:00:44.720528+00:00,2025-08-18 00:00:00+00:00,2026-07-19 00:00:00+00:00,2026-07-19 00:00:00+00:00,1,0.35,positive,0.35,resolved,0,0.3333333333333333333333333333,0.25,positive,0.08333333333333333333333333332,resolved,0,0.5555555555555555555555555555,0.2,positive,0.1111111111111111111111111111,resolved,0,0.3,0.2,positive,0.06,resolved,0,0,4
d48e0cfe-981c-517b-8eed-eeaf785e7f23,syn1-U-A-008-011,QFN-011,0fa6dc5b-1574-5004-b44a-e74d1b8695d2,syn1-P-003,Quarry Fields Commons,3552b1b8-b749-5851-a3b1-1b295129cff8,syn1-A-008,Quarry Fields North,available,2BR,2,66.00,40,domain_units_deals,1,0,0,0,0,0,0,0,0,0,0,0.5211,52.1,medium,3,3,1.0000,0.5000,0,2,fc0a0274-67c9-473a-9567-d4f3444e0efb,manual,2026-08-18 12:00:44.562367+00:00,2026-08-18 12:00:44.562367+00:00,2026-08-18 12:00:44.720528+00:00,2025-08-18 12:00:00+00:00,2026-07-19 00:00:00+00:00,2026-07-19 00:00:00+00:00,1,0.35,positive,0.35,resolved,0,0,0.25,positive,0.00,resolved,0,0.5555555555555555555555555555,0.2,positive,0.1111111111111111111111111111,resolved,0,0.3,0.2,positive,0.06,resolved,0,0,4
89795c6c-d36c-5cfa-b7a1-6a7aa5ca37cb,syn1-U-A-008-012,QFN-012,0fa6dc5b-1574-5004-b44a-e74d1b8695d2,syn1-P-003,Quarry Fields Commons,3552b1b8-b749-5851-a3b1-1b295129cff8,syn1-A-008,Quarry Fields North,available,2BR,2,66.00,40,domain_units_deals,1,0,0,0,0,0,0,0,0,0,0,0.5211,52.1,medium,4,4,1.0000,0.5000,0,2,fc0a0274-67c9-473a-9567-d4f3444e0efb,manual,2026-08-18 12:00:44.562367+00:00,2026-08-18 12:00:44.562367+00:00,2026-08-18 12:00:44.720528+00:00,2025-08-19 00:00:00+00:00,2026-07-19 00:00:00+00:00,2026-07-19 00:00:00+00:00,1,0.35,positive,0.35,resolved,0,0,0.25,positive,0.00,resolved,0,0.5555555555555555555555555555,0.2,positive,0.1111111111111111111111111111,resolved,0,0.3,0.2,positive,0.06,resolved,0,0,4
81c331e6-62e9-5f44-a806-dc71466fdc04,syn1-U-A-008-013,QFN-013,0fa6dc5b-1574-5004-b44a-e74d1b8695d2,syn1-P-003,Quarry Fields Commons,3552b1b8-b749-5851-a3b1-1b295129cff8,syn1-A-008,Quarry Fields North,available,2BR,2,66.00,40,domain_units_deals,1,0,1,0,0,0,0,0,0,0,1,0.5211,52.1,medium,5,5,1.0000,0.5000,0,2,fc0a0274-67c9-473a-9567-d4f3444e0efb,manual,2026-08-18 12:00:44.562367+00:00,2026-08-18 12:00:44.562367+00:00,2026-08-18 12:00:44.720528+00:00,2025-08-19 12:00:00+00:00,2026-07-19 00:00:00+00:00,2026-07-19 00:00:00+00:00,1,0.35,positive,0.35,resolved,0,0,0.25,positive,0.00,resolved,0,0.5555555555555555555555555555,0.2,positive,0.1111111111111111111111111111,resolved,0,0.3,0.2,positive,0.06,resolved,0,0,4
1375880e-b96a-5aae-abb8-be99056ae8d9,syn1-U-A-008-014,QFN-014,0fa6dc5b-1574-5004-b44a-e74d1b8695d2,syn1-P-003,Quarry Fields Commons,3552b1b8-b749-5851-a3b1-1b295129cff8,syn1-A-008,Quarry Fields North,available,2BR,2,66.00,40,domain_units_deals,1,0,0,0,0,0,0,0,0,0,0,0.5211,52.1,medium,6,6,1.0000,0.5000,0,2,fc0a0274-67c9-473a-9567-d4f3444e0efb,manual,2026-08-18 12:00:44.562367+00:00,2026-08-18 12:00:44.562367+00:00,2026-08-18 12:00:44.720528+00:00,2025-08-20 00:00:00+00:00,2026-07-19 00:00:00+00:00,2026-07-19 00:00:00+00:00,1,0.35,positive,0.35,resolved,0,0,0.25,positive,0.00,resolved,0,0.5555555555555555555555555555,0.2,positive,0.1111111111111111111111111111,resolved,0,0.3,0.2,positive,0.06,resolved,0,0,4
6ad774e9-70f5-5764-b9ff-f167278af6e7,syn1-U-A-008-015,QFN-015,0fa6dc5b-1574-5004-b44a-e74d1b8695d2,syn1-P-003,Quarry Fields Commons,3552b1b8-b749-5851-a3b1-1b295129cff8,syn1-A-008,Quarry Fields North,available,2BR,2,66.00,40,domain_units_deals,1,0,0,0,0,0,0,0,0,0,0,0.5211,52.1,medium,7,7,1.0000,0.5000,0,2,fc0a0274-67c9-473a-9567-d4f3444e0efb,manual,2026-08-18 12:00:44.562367+00:00,2026-08-18 12:00:44.562367+00:00,2026-08-18 12:00:44.720528+00:00,2025-08-20 12:00:00+00:00,2026-07-19 00:00:00+00:00,2026-07-19 00:00:00+00:00,1,0.35,positive,0.35,resolved,0,0,0.25,positive,0.00,resolved,0,0.5555555555555555555555555555,0.2,positive,0.1111111111111111111111111111,resolved,0,0.3,0.2,positive,0.06,resolved,0,0,4
f298055d-998c-554c-a271-f5a044321743,syn1-U-A-008-016,QFN-016,0fa6dc5b-1574-5004-b44a-e74d1b8695d2,syn1-P-003,Quarry Fields Commons,3552b1b8-b749-5851-a3b1-1b295129cff8,syn1-A-008,Quarry Fields North,available,2BR,2,66.00,40,domain_units_deals,1,0,0,0,0,0,0,0,0,0,0,0.5211,52.1,medium,8,8,1.0000,0.5000,0,2,fc0a0274-67c9-473a-9567-d4f3444e0efb,manual,2026-08-18 12:00:44.562367+00:00,2026-08-18 12:00:44.562367+00:00,2026-08-18 12:00:44.720528+00:00,2025-08-21 00:00:00+00:00,2026-07-19 00:00:00+00:00,2026-07-19 00:00:00+00:00,1,0.35,positive,0.35,resolved,0,0,0.25,positive,0.00,resolved,0,0.5555555555555555555555555555,0.2,positive,0.1111111111111111111111111111,resolved,0,0.3,0.2,positive,0.06,resolved,0,0,4
ffa1cf0f-ab40-5796-b3cc-ab6aa8fbfa25,syn1-U-A-008-017,QFN-017,0fa6dc5b-1574-5004-b44a-e74d1b8695d2,syn1-P-003,Quarry Fields Commons,3552b1b8-b749-5851-a3b1-1b295129cff8,syn1-A-008,Quarry Fields North,available,2BR,2,66.00,40,domain_units_deals,1,0,0,0,0,0,0,0,0,0,0,0.5211,52.1,medium,9,9,1.0000,0.5000,0,2,fc0a0274-67c9-473a-9567-d4f3444e0efb,manual,2026-08-18 12:00:44.562367+00:00,2026-08-18 12:00:44.562367+00:00,2026-08-18 12:00:44.720528+00:00,2025-08-21 12:00:00+00:00,2026-07-19 00:00:00+00:00,2026-07-19 00:00:00+00:00,1,0.35,positive,0.35,resolved,0,0,0.25,positive,0.00,resolved,0,0.5555555555555555555555555555,0.2,positive,0.1111111111111111111111111111,resolved,0,0.3,0.2,positive,0.06,resolved,0,0,4
55e0698b-d01a-557a-b419-07bb42214117,syn1-U-A-008-018,QFN-018,0fa6dc5b-1574-5004-b44a-e74d1b8695d2,syn1-P-003,Quarry Fields Commons,3552b1b8-b749-5851-a3b1-1b295129cff8,syn1-A-008,Quarry Fields North,available,2BR,2,66.00,40,domain_units_deals,1,0,0,0,0,0,0,0,0,0,0,0.5211,52.1,medium,10,10,1.0000,0.5000,0,2,fc0a0274-67c9-473a-9567-d4f3444e0efb,manual,2026-08-18 12:00:44.562367+00:00,2026-08-18 12:00:44.562367+00:00,2026-08-18 12:00:44.720528+00:00,2025-08-22 00:00:00+00:00,2026-07-19 00:00:00+00:00,2026-07-19 00:00:00+00:00,1,0.35,positive,0.35,resolved,0,0,0.25,positive,0.00,resolved,0,0.5555555555555555555555555555,0.2,positive,0.1111111111111111111111111111,resolved,0,0.3,0.2,positive,0.06,resolved,0,0,4
f8f202bd-3bf2-5b66-ab02-54ad8afb11d5,syn1-U-A-009-002,QFL-002,0fa6dc5b-1574-5004-b44a-e74d1b8695d2,syn1-P-003,Quarry Fields Commons,f7f1e08d-c907-50c0-929f-bbc3efa871e2,,Quarry Fields Legacy,available,2BR,2,64.00,30,domain_units_deals,1,0,1,1,1,0,0,0,0,0,0,0.5000,50.0,medium,1,11,1.0000,0.5000,0,2,fc0a0274-67c9-473a-9567-d4f3444e0efb,manual,2026-08-18 12:00:44.562367+00:00,2026-08-18 12:00:44.562367+00:00,2026-08-18 12:00:44.720528+00:00,2025-08-14 00:00:00+00:00,2026-07-19 00:00:00+00:00,2026-07-19 00:00:00+00:00,1,0.35,positive,0.35,resolved,0,0.3333333333333333333333333333,0.25,positive,0.08333333333333333333333333332,resolved,0,0E+2,0.2,positive,0E+1,resolved,0,0.3333333333333333333333333333,0.2,positive,0.06666666666666666666666666666,resolved,0,0,4
d1854514-e31e-599d-a234-eaf5700fb7d5,syn1-U-A-009-003,QFL-003,0fa6dc5b-1574-5004-b44a-e74d1b8695d2,syn1-P-003,Quarry Fields Commons,f7f1e08d-c907-50c0-929f-bbc3efa871e2,,Quarry Fields Legacy,available,2BR,2,64.00,30,domain_units_deals,1,0,1,0,0,0,0,0,0,0,1,0.4167,41.7,medium,2,12,1.0000,0.5000,0,2,fc0a0274-67c9-473a-9567-d4f3444e0efb,manual,2026-08-18 12:00:44.562367+00:00,2026-08-18 12:00:44.562367+00:00,2026-08-18 12:00:44.720528+00:00,2025-08-14 12:00:00+00:00,2026-07-19 00:00:00+00:00,2026-07-19 00:00:00+00:00,1,0.35,positive,0.35,resolved,0,0,0.25,positive,0.00,resolved,0,0E+2,0.2,positive,0E+1,resolved,0,0.3333333333333333333333333333,0.2,positive,0.06666666666666666666666666666,resolved,0,0,4
78318d32-df39-509f-967e-be63e73250ac,syn1-U-A-009-004,QFL-004,0fa6dc5b-1574-5004-b44a-e74d1b8695d2,syn1-P-003,Quarry Fields Commons,f7f1e08d-c907-50c0-929f-bbc3efa871e2,,Quarry Fields Legacy,available,2BR,2,64.00,30,domain_units_deals,1,0,0,0,0,0,0,0,0,0,0,0.4167,41.7,medium,3,13,1.0000,0.5000,0,2,fc0a0274-67c9-473a-9567-d4f3444e0efb,manual,2026-08-18 12:00:44.562367+00:00,2026-08-18 12:00:44.562367+00:00,2026-08-18 12:00:44.720528+00:00,2025-08-15 00:00:00+00:00,2026-07-19 00:00:00+00:00,2026-07-19 00:00:00+00:00,1,0.35,positive,0.35,resolved,0,0,0.25,positive,0.00,resolved,0,0E+2,0.2,positive,0E+1,resolved,0,0.3333333333333333333333333333,0.2,positive,0.06666666666666666666666666666,resolved,0,0,4
3dd2bf66-efc8-5b3f-8607-099eedbefafc,syn1-U-A-009-005,QFL-005,0fa6dc5b-1574-5004-b44a-e74d1b8695d2,syn1-P-003,Quarry Fields Commons,f7f1e08d-c907-50c0-929f-bbc3efa871e2,,Quarry Fields Legacy,available,2BR,2,64.00,30,domain_units_deals,1,0,0,0,0,0,0,0,0,0,0,0.4167,41.7,medium,4,14,1.0000,0.5000,0,2,fc0a0274-67c9-473a-9567-d4f3444e0efb,manual,2026-08-18 12:00:44.562367+00:00,2026-08-18 12:00:44.562367+00:00,2026-08-18 12:00:44.720528+00:00,2025-08-15 12:00:00+00:00,2026-07-19 00:00:00+00:00,2026-07-19 00:00:00+00:00,1,0.35,positive,0.35,resolved,0,0,0.25,positive,0.00,resolved,0,0E+2,0.2,positive,0E+1,resolved,0,0.3333333333333333333333333333,0.2,positive,0.06666666666666666666666666666,resolved,0,0,4
309e07de-af33-5f12-92d1-58165354ae60,syn1-U-A-009-006,QFL-006,0fa6dc5b-1574-5004-b44a-e74d1b8695d2,syn1-P-003,Quarry Fields Commons,f7f1e08d-c907-50c0-929f-bbc3efa871e2,,Quarry Fields Legacy,available,2BR,2,64.00,30,domain_units_deals,1,0,0,0,0,0,0,0,0,0,0,0.4167,41.7,medium,5,15,1.0000,0.5000,0,2,fc0a0274-67c9-473a-9567-d4f3444e0efb,manual,2026-08-18 12:00:44.562367+00:00,2026-08-18 12:00:44.562367+00:00,2026-08-18 12:00:44.720528+00:00,2025-08-16 00:00:00+00:00,2026-07-19 00:00:00+00:00,2026-07-19 00:00:00+00:00,1,0.35,positive,0.35,resolved,0,0,0.25,positive,0.00,resolved,0,0E+2,0.2,positive,0E+1,resolved,0,0.3333333333333333333333333333,0.2,positive,0.06666666666666666666666666666,resolved,0,0,4
95498e33-58a0-532a-aa64-7a87b56daf4e,syn1-U-A-009-007,QFL-007,0fa6dc5b-1574-5004-b44a-e74d1b8695d2,syn1-P-003,Quarry Fields Commons,f7f1e08d-c907-50c0-929f-bbc3efa871e2,,Quarry Fields Legacy,available,2BR,2,64.00,30,domain_units_deals,1,0,0,0,0,0,0,0,0,0,0,0.4167,41.7,medium,6,16,1.0000,0.5000,0,2,fc0a0274-67c9-473a-9567-d4f3444e0efb,manual,2026-08-18 12:00:44.562367+00:00,2026-08-18 12:00:44.562367+00:00,2026-08-18 12:00:44.720528+00:00,2025-08-16 12:00:00+00:00,2026-07-19 00:00:00+00:00,2026-07-19 00:00:00+00:00,1,0.35,positive,0.35,resolved,0,0,0.25,positive,0.00,resolved,0,0E+2,0.2,positive,0E+1,resolved,0,0.3333333333333333333333333333,0.2,positive,0.06666666666666666666666666666,resolved,0,0,4
a855a226-fee2-51bf-b691-9e0cd755cdbc,syn1-U-A-009-008,QFL-008,0fa6dc5b-1574-5004-b44a-e74d1b8695d2,syn1-P-003,Quarry Fields Commons,f7f1e08d-c907-50c0-929f-bbc3efa871e2,,Quarry Fields Legacy,available,2BR,2,64.00,30,domain_units_deals,1,0,0,0,0,0,0,0,0,0,0,0.4167,41.7,medium,7,17,1.0000,0.5000,0,2,fc0a0274-67c9-473a-9567-d4f3444e0efb,manual,2026-08-18 12:00:44.562367+00:00,2026-08-18 12:00:44.562367+00:00,2026-08-18 12:00:44.720528+00:00,2025-08-17 00:00:00+00:00,2026-07-19 00:00:00+00:00,2026-07-19 00:00:00+00:00,1,0.35,positive,0.35,resolved,0,0,0.25,positive,0.00,resolved,0,0E+2,0.2,positive,0E+1,resolved,0,0.3333333333333333333333333333,0.2,positive,0.06666666666666666666666666666,resolved,0,0,4
9424309c-5ce8-5823-94aa-1c06527d1ee9,syn1-U-A-009-009,QFL-009,0fa6dc5b-1574-5004-b44a-e74d1b8695d2,syn1-P-003,Quarry Fields Commons,f7f1e08d-c907-50c0-929f-bbc3efa871e2,,Quarry Fields Legacy,available,2BR,2,64.00,30,domain_units_deals,1,0,0,0,0,0,0,0,0,0,0,0.4167,41.7,medium,8,18,1.0000,0.5000,0,2,fc0a0274-67c9-473a-9567-d4f3444e0efb,manual,2026-08-18 12:00:44.562367+00:00,2026-08-18 12:00:44.562367+00:00,2026-08-18 12:00:44.720528+00:00,2025-08-17 12:00:00+00:00,2026-07-19 00:00:00+00:00,2026-07-19 00:00:00+00:00,1,0.35,positive,0.35,resolved,0,0,0.25,positive,0.00,resolved,0,0E+2,0.2,positive,0E+1,resolved,0,0.3333333333333333333333333333,0.2,positive,0.06666666666666666666666666666,resolved,0,0,4
a65452f2-bdad-5b12-a380-12c25113dfff,syn1-U-A-009-010,QFL-010,0fa6dc5b-1574-5004-b44a-e74d1b8695d2,syn1-P-003,Quarry Fields Commons,f7f1e08d-c907-50c0-929f-bbc3efa871e2,,Quarry Fields Legacy,available,2BR,2,64.00,30,domain_units_deals,1,0,0,0,0,0,0,0,0,0,0,0.4167,41.7,medium,9,19,1.0000,0.5000,0,2,fc0a0274-67c9-473a-9567-d4f3444e0efb,manual,2026-08-18 12:00:44.562367+00:00,2026-08-18 12:00:44.562367+00:00,2026-08-18 12:00:44.720528+00:00,2025-08-18 00:00:00+00:00,2026-07-19 00:00:00+00:00,2026-07-19 00:00:00+00:00,1,0.35,positive,0.35,resolved,0,0,0.25,positive,0.00,resolved,0,0E+2,0.2,positive,0E+1,resolved,0,0.3333333333333333333333333333,0.2,positive,0.06666666666666666666666666666,resolved,0,0,4
314a047d-8a25-5883-a92d-7a5a9eeb789e,syn1-U-A-008-001,QFN-001,0fa6dc5b-1574-5004-b44a-e74d1b8695d2,syn1-P-003,Quarry Fields Commons,3552b1b8-b749-5851-a3b1-1b295129cff8,syn1-A-008,Quarry Fields North,sold,2BR,2,66.00,40,domain_units_deals,0,1,1,0,0,0,0,0,0,1,0,0.1711,17.1,low,11,20,1.0000,0.5000,0,2,fc0a0274-67c9-473a-9567-d4f3444e0efb,manual,2026-08-18 12:00:44.562367+00:00,2026-08-18 12:00:44.562367+00:00,2026-08-18 12:00:44.720528+00:00,2025-08-13 12:00:00+00:00,2026-07-19 00:00:00+00:00,2026-07-19 00:00:00+00:00,0,0.35,positive,0.00,resolved,0,0,0.25,positive,0.00,resolved,0,0.5555555555555555555555555555,0.2,positive,0.1111111111111111111111111111,resolved,0,0.3,0.2,positive,0.06,resolved,0,0,4
d275930c-065e-51a8-9f65-a0ec118c6f84,syn1-U-A-008-002,QFN-002,0fa6dc5b-1574-5004-b44a-e74d1b8695d2,syn1-P-003,Quarry Fields Commons,3552b1b8-b749-5851-a3b1-1b295129cff8,syn1-A-008,Quarry Fields North,sold,2BR,2,66.00,40,domain_units_deals,0,1,1,0,0,0,0,0,0,1,0,0.1711,17.1,low,12,21,1.0000,0.5000,0,2,fc0a0274-67c9-473a-9567-d4f3444e0efb,manual,2026-08-18 12:00:44.562367+00:00,2026-08-18 12:00:44.562367+00:00,2026-08-18 12:00:44.720528+00:00,2025-08-14 00:00:00+00:00,2026-07-19 00:00:00+00:00,2026-07-19 00:00:00+00:00,0,0.35,positive,0.00,resolved,0,0,0.25,positive,0.00,resolved,0,0.5555555555555555555555555555,0.2,positive,0.1111111111111111111111111111,resolved,0,0.3,0.2,positive,0.06,resolved,0,0,4
812e3a55-3f82-539e-9ff5-a7b25bb3f379,syn1-U-A-008-003,QFN-003,0fa6dc5b-1574-5004-b44a-e74d1b8695d2,syn1-P-003,Quarry Fields Commons,3552b1b8-b749-5851-a3b1-1b295129cff8,syn1-A-008,Quarry Fields North,sold,2BR,2,66.00,40,domain_units_deals,0,1,1,0,0,0,0,0,0,1,0,0.1711,17.1,low,13,22,1.0000,0.5000,0,2,fc0a0274-67c9-473a-9567-d4f3444e0efb,manual,2026-08-18 12:00:44.562367+00:00,2026-08-18 12:00:44.562367+00:00,2026-08-18 12:00:44.720528+00:00,2025-08-14 12:00:00+00:00,2026-07-19 00:00:00+00:00,2026-07-19 00:00:00+00:00,0,0.35,positive,0.00,resolved,0,0,0.25,positive,0.00,resolved,0,0.5555555555555555555555555555,0.2,positive,0.1111111111111111111111111111,resolved,0,0.3,0.2,positive,0.06,resolved,0,0,4
d5055dfd-ecaf-5b79-aa8a-9f4bae795e35,syn1-U-A-008-004,QFN-004,0fa6dc5b-1574-5004-b44a-e74d1b8695d2,syn1-P-003,Quarry Fields Commons,3552b1b8-b749-5851-a3b1-1b295129cff8,syn1-A-008,Quarry Fields North,reserved,2BR,2,66.00,40,domain_units_deals,0,1,1,0,0,0,0,0,1,0,0,0.1711,17.1,low,14,23,1.0000,0.5000,0,2,fc0a0274-67c9-473a-9567-d4f3444e0efb,manual,2026-08-18 12:00:44.562367+00:00,2026-08-18 12:00:44.562367+00:00,2026-08-18 12:00:44.720528+00:00,2025-08-15 00:00:00+00:00,2026-07-19 00:00:00+00:00,2026-07-19 00:00:00+00:00,0,0.35,positive,0.00,resolved,0,0,0.25,positive,0.00,resolved,0,0.5555555555555555555555555555,0.2,positive,0.1111111111111111111111111111,resolved,0,0.3,0.2,positive,0.06,resolved,0,0,4
e7e43108-e997-5753-8235-b7198d8e2e48,syn1-U-A-008-005,QFN-005,0fa6dc5b-1574-5004-b44a-e74d1b8695d2,syn1-P-003,Quarry Fields Commons,3552b1b8-b749-5851-a3b1-1b295129cff8,syn1-A-008,Quarry Fields North,blocked,2BR,2,66.00,40,domain_units_deals,0,0,0,0,0,0,0,0,0,0,0,0.1711,17.1,low,15,24,1.0000,0.5000,0,2,fc0a0274-67c9-473a-9567-d4f3444e0efb,manual,2026-08-18 12:00:44.562367+00:00,2026-08-18 12:00:44.562367+00:00,2026-08-18 12:00:44.720528+00:00,2025-08-15 12:00:00+00:00,2026-07-19 00:00:00+00:00,2026-07-19 00:00:00+00:00,0,0.35,positive,0.00,resolved,0,0,0.25,positive,0.00,resolved,0,0.5555555555555555555555555555,0.2,positive,0.1111111111111111111111111111,resolved,0,0.3,0.2,positive,0.06,resolved,0,0,4
159f820b-88cb-58a6-8f2b-5262dfb8d4e1,syn1-U-A-008-006,QFN-006,0fa6dc5b-1574-5004-b44a-e74d1b8695d2,syn1-P-003,Quarry Fields Commons,3552b1b8-b749-5851-a3b1-1b295129cff8,syn1-A-008,Quarry Fields North,blocked,2BR,2,66.00,40,domain_units_deals,0,0,0,0,0,0,0,0,0,0,0,0.1711,17.1,low,16,25,1.0000,0.5000,0,2,fc0a0274-67c9-473a-9567-d4f3444e0efb,manual,2026-08-18 12:00:44.562367+00:00,2026-08-18 12:00:44.562367+00:00,2026-08-18 12:00:44.720528+00:00,2025-08-16 00:00:00+00:00,2026-07-19 00:00:00+00:00,2026-07-19 00:00:00+00:00,0,0.35,positive,0.00,resolved,0,0,0.25,positive,0.00,resolved,0,0.5555555555555555555555555555,0.2,positive,0.1111111111111111111111111111,resolved,0,0.3,0.2,positive,0.06,resolved,0,0,4
a6140525-d4fc-5841-9dbe-e10ebd165317,syn1-U-A-008-007,QFN-007,0fa6dc5b-1574-5004-b44a-e74d1b8695d2,syn1-P-003,Quarry Fields Commons,3552b1b8-b749-5851-a3b1-1b295129cff8,syn1-A-008,Quarry Fields North,blocked,2BR,2,66.00,40,domain_units_deals,0,0,0,0,0,0,0,0,0,0,0,0.1711,17.1,low,17,26,1.0000,0.5000,0,2,fc0a0274-67c9-473a-9567-d4f3444e0efb,manual,2026-08-18 12:00:44.562367+00:00,2026-08-18 12:00:44.562367+00:00,2026-08-18 12:00:44.720528+00:00,2025-08-16 12:00:00+00:00,2026-07-19 00:00:00+00:00,2026-07-19 00:00:00+00:00,0,0.35,positive,0.00,resolved,0,0,0.25,positive,0.00,resolved,0,0.5555555555555555555555555555,0.2,positive,0.1111111111111111111111111111,resolved,0,0.3,0.2,positive,0.06,resolved,0,0,4
0b9ed12c-0e4b-5cf6-82b9-67a8d14bf188,syn1-U-A-008-008,QFN-008,0fa6dc5b-1574-5004-b44a-e74d1b8695d2,syn1-P-003,Quarry Fields Commons,3552b1b8-b749-5851-a3b1-1b295129cff8,syn1-A-008,Quarry Fields North,blocked,2BR,2,66.00,40,domain_units_deals,0,0,0,0,0,0,0,0,0,0,0,0.1711,17.1,low,18,27,1.0000,0.5000,0,2,fc0a0274-67c9-473a-9567-d4f3444e0efb,manual,2026-08-18 12:00:44.562367+00:00,2026-08-18 12:00:44.562367+00:00,2026-08-18 12:00:44.720528+00:00,2025-08-17 00:00:00+00:00,2026-07-19 00:00:00+00:00,2026-07-19 00:00:00+00:00,0,0.35,positive,0.00,resolved,0,0,0.25,positive,0.00,resolved,0,0.5555555555555555555555555555,0.2,positive,0.1111111111111111111111111111,resolved,0,0.3,0.2,positive,0.06,resolved,0,0,4
d45b8099-9cca-5978-9bae-238c58eaa42c,syn1-U-A-009-001,QFL-001,0fa6dc5b-1574-5004-b44a-e74d1b8695d2,syn1-P-003,Quarry Fields Commons,f7f1e08d-c907-50c0-929f-bbc3efa871e2,,Quarry Fields Legacy,sold,2BR,2,64.00,30,domain_units_deals,0,1,1,0,0,0,0,0,0,1,0,0.0667,6.7,low,10,28,1.0000,0.5000,0,2,fc0a0274-67c9-473a-9567-d4f3444e0efb,manual,2026-08-18 12:00:44.562367+00:00,2026-08-18 12:00:44.562367+00:00,2026-08-18 12:00:44.720528+00:00,2025-08-13 12:00:00+00:00,2026-07-19 00:00:00+00:00,2026-07-19 00:00:00+00:00,0,0.35,positive,0.00,resolved,0,0,0.25,positive,0.00,resolved,0,0E+2,0.2,positive,0E+1,resolved,0,0.3333333333333333333333333333,0.2,positive,0.06666666666666666666666666666,resolved,0,0,4
